playerID,year,tmID,stint,steals_per_game,blocks_per_game,def_reb_per_game,steals_per_36,blocks_per_36,def_reb_per_36,def_reb_pct,steals_pct,blocks_pct,def_stocks,def_stocks_per_game,def_stocks_per_36,def_stocks_pct,def_versatility,def_versatility_per_game,def_versatility_per_36,def_versatility_pct,fouls_per_game,fouls_per_36,stocks_to_fouls_ratio,steals_to_fouls_ratio,minutes_per_game,games_started_pct,games_played_pct,turnovers_per_game,assist_to_steal_ratio,block_to_steal_ratio,in_team_blk_pct,in_team_stl_pct,in_team_dreb_pct,is_dpoy
abrossv01w,2,MIN,0,1.6153846153846154,0.34615384615384615,5.038461538461538,1.7872340425531916,0.3829787234042553,5.574468085106383,0.7528735199497977,0.04964538948409705,0.010638297746592225,51,1.9615384615384615,2.1702127659574466,0.060283687230689276,182,7.0,7.74468085106383,0.2151300210977539,2.6923076923076925,2.978723404255319,0.7183098591549296,0.5915492957746479,32.53846153846154,0.8846153846153846,0.7647058823529411,3.269230769230769,1.2325581395348837,0.20930232558139536,0.0703125,0.1990521327014218,0.18876080691642652,0
abrossv01w,3,MIN,0,1.5555555555555556,0.37037037037037035,3.740740740740741,1.8782608695652172,0.44720496894409933,4.516770186335404,0.6917807745355634,0.052173912395355126,0.012422360094132173,52,1.9259259259259258,2.3254658385093165,0.0645962724894873,153,5.666666666666667,6.842236024844721,0.19006210944022225,2.7037037037037037,3.2645962732919256,0.7027027027027027,0.5675675675675675,29.814814814814813,1.0,0.7941176470588235,3.4074074074074074,1.3953488372093024,0.23255813953488372,0.0970873786407767,0.18502202643171806,0.15514592933947774,0
abrossv01w,4,MIN,0,1.4666666666666666,0.36666666666666664,3.2333333333333334,2.0,0.5,4.409090909090909,0.6879432136210487,0.05555555485409653,0.013888888713524132,55,1.8333333333333333,2.5,0.06944444356762067,152,5.066666666666666,6.909090909090908,0.19191918949596984,2.6333333333333333,3.590909090909091,0.6875,0.55,26.4,0.8333333333333334,0.8823529411764706,3.0,1.8222222222222222,0.24444444444444444,0.10784313725490197,0.18106995884773663,0.1349095966620306,0
abrossv01w,5,MIN,0,1.3636363636363635,0.09090909090909091,2.590909090909091,2.3376623376623376,0.15584415584415584,4.441558441558442,0.7702701661797072,0.06493506352954408,0.004329004235302939,32,1.4545454545454546,2.4935064935064934,0.06926406776484702,89,4.045454545454546,6.935064935064935,0.1926406884709808,1.9090909090909092,3.272727272727273,0.7441860465116279,0.6976744186046512,21.0,0.5,0.6470588235294118,1.9545454545454546,1.4516129032258065,0.06451612903225806,0.014285714285714285,0.11627906976744186,0.07862068965517241,0
abrossv01w,6,MIN,0,1.5483870967741935,0.1935483870967742,2.5161290322580645,2.223938223938224,0.277992277992278,3.613899613899614,0.728971894488608,0.06177606098100308,0.007722007622625385,54,1.7419354838709677,2.501930501930502,0.06949806860362846,132,4.258064516129032,6.115830115830116,0.16988416769775846,2.774193548387097,3.9845559845559846,0.6206896551724138,0.5517241379310345,25.06451612903226,1.0,0.9117647058823529,2.5806451612903225,1.2244897959183674,0.12244897959183673,0.046875,0.18532818532818532,0.10893854748603352,0
abrossv01w,7,MIN,0,1.0,0.029411764705882353,1.8235294117647058,1.6906077348066297,0.049723756906077346,3.082872928176796,0.5849056051975844,0.04696132531821374,0.0013812154505356982,35,1.0294117647058822,1.7403314917127073,0.048342540768749435,97,2.8529411764705883,4.823204419889502,0.13397789870196272,1.9411764705882353,3.2817679558011053,0.5223880597014925,0.5074626865671642,21.294117647058822,0.058823529411764705,1.0,1.7941176470588236,1.542857142857143,0.02857142857142857,0.008771929824561403,0.17525773195876287,0.07701863354037267,0
abrossv01w,8,MIN,0,1.2941176470588236,0.11764705882352941,2.8529411764705883,1.8790035587188612,0.1708185053380783,4.142348754448399,0.6466666235555584,0.0521945426785938,0.004744958425326709,48,1.411764705882353,2.0498220640569396,0.05693950110392051,145,4.264705882352941,6.192170818505338,0.1720047429180932,2.5294117647058822,3.6725978647686834,0.5517241379310345,0.5057471264367817,24.794117647058822,0.8529411764705882,1.0,2.0,1.8888888888888888,0.08888888888888889,0.041666666666666664,0.18410041841004185,0.12340966921119594,0
abrossv01w,9,CON,0,1.3333333333333333,0.0,2.8333333333333335,2.691588785046729,0.0,5.719626168224298,0.8499995750002125,0.07476634815267774,0.0,8,1.3333333333333333,2.691588785046729,0.07476634815267774,25,4.166666666666667,8.411214953271028,0.23364483797711794,2.1666666666666665,4.373831775700935,0.5714285714285714,0.5714285714285714,17.833333333333332,0.0,0.17647058823529413,1.8333333333333333,1.3333333333333333,0.0,0.0,0.03773584905660377,0.01954022988505747,0
adamsjo01w,4,MIN,0,0.2,0.3,1.3,0.75,1.125,4.875,0.5652171455577628,0.02083333116319467,0.031249996744792004,5,0.5,1.875,0.05208332790798668,18,1.8,6.75,0.18749998046875202,1.0,3.75,0.45454545454545453,0.18181818181818182,9.6,0.0,0.29411764705882354,1.0,1.3333333333333333,1.0,0.029411764705882353,0.00823045267489712,0.01808066759388039,0
aguilel01w,3,UTA,0,0.10714285714285714,0.07142857142857142,0.39285714285714285,0.7659574468085106,0.5106382978723404,2.8085106382978724,0.9999990909099173,0.021276594235702537,0.014184396157135024,5,0.17857142857142858,1.2765957446808511,0.03546099039283756,16,0.5714285714285714,4.085106382978723,0.11347516925708019,0.17857142857142858,1.2765957446808511,0.8333333333333334,0.5,5.035714285714286,0.0,0.8235294117647058,0.39285714285714285,4.0,0.5,0.0111731843575419,0.013100436681222707,0.015235457063711912,0
ajavoma01w,9,HOU,0,0.9117647058823529,0.17647058823529413,0.7941176470588235,1.847682119205298,0.3576158940397351,1.609271523178808,0.44999992500001246,0.05132450246151486,0.009933774669970618,37,1.088235294117647,2.205298013245033,0.06125827713148548,64,1.8823529411764706,3.814569536423841,0.10596026314635326,2.5,5.066225165562914,0.43023255813953487,0.36046511627906974,17.764705882352942,0.058823529411764705,1.0,1.6176470588235294,1.84375,0.1875,0.049586776859504134,0.10472972972972973,0.033582089552238806,0
ajavoma01w,10,WAS,0,1.088235294117647,0.11764705882352941,1.088235294117647,2.269165247018739,0.2453151618398637,2.269165247018739,0.5781249096679828,0.06303236689893753,0.006814309935020274,41,1.2058823529411764,2.514480408858603,0.0698466768339578,78,2.2941176470588234,4.783645655877342,0.13287904373289533,2.4705882352941178,5.151618398637138,0.4823529411764706,0.43529411764705883,17.264705882352942,0.11764705882352941,1.0,1.4705882352941178,0.9736842105263158,0.10526315789473684,0.03361344537815126,0.11746031746031746,0.046019900497512436,0
aldrima01w,1,WAS,0,0.3103448275862069,0.13793103448275862,0.5517241379310345,1.1911764705882353,0.5294117647058824,2.1176470588235294,0.6666663888890046,0.03308823407763846,0.014705881812283758,13,0.4482758620689655,1.7205882352941175,0.04779411588992222,29,1.0,3.8382352941176467,0.10661764313905725,1.0344827586206897,3.9705882352941178,0.41935483870967744,0.2903225806451613,9.379310344827585,0.0,0.8529411764705882,0.9310344827586207,2.8,0.4,0.031496062992125984,0.036585365853658534,0.02472952086553323,0
aldrima01w,2,WAS,0,0.0,0.0,0.0,0.0,0.0,0.0,0.0,0.0,0.0,0,0.0,0.0,0.0,0,0.0,0.0,0.0,1.0,5.142857142857142,0.0,0.0,7.0,0.0,0.14705882352941177,0.8,2.0,0.0,0.0,0.0,0.0,0
alhalta01w,2,ORL,0,0.4230769230769231,0.0,0.8846153846153846,1.5714285714285714,0.0,3.2857142857142856,0.6052629986150003,0.04365079191861937,0.0,11,0.4230769230769231,1.5714285714285714,0.04365079191861937,34,1.3076923076923077,4.857142857142857,0.1349206295666417,0.7692307692307693,2.8571428571428568,0.5238095238095238,0.5238095238095238,9.692307692307692,0.038461538461538464,0.7647058823529411,1.0769230769230769,1.1666666666666667,0.0,0.0,0.03426791277258567,0.03739837398373984,0
allench01w,9,SAC,0,0.16666666666666666,0.0,0.6666666666666666,0.7346938775510203,0.0,2.9387755102040813,0.6666655555574075,0.020408159100375693,0.0,1,0.16666666666666666,0.7346938775510203,0.020408159100375693,5,0.8333333333333334,3.673469387755102,0.10204079550187846,0.8333333333333334,3.673469387755102,0.16666666666666666,0.16666666666666666,8.166666666666666,0.0,0.17647058823529413,1.0,1.5,0.0,0.0,0.003125,0.00554016620498615,0
amachma01w,2,NYL,0,0.0,0.5,0.0,0.0,12.0,0.0,0.0,0.0,0.3333322222259259,1,0.5,12.0,0.3333322222259259,1,0.5,12.0,0.3333322222259259,1.0,24.0,0.3333333333333333,0.0,1.5,0.0,0.058823529411764705,0.5,0.0,1.0,0.012048192771084338,0.0,0.0,0
amachma01w,4,SEA,0,0.7142857142857143,0.2857142857142857,1.4285714285714286,3.8297872340425534,1.5319148936170213,7.659574468085107,0.7142852040819971,0.10638295608873274,0.042553182435493095,7,1.0,5.361702127659575,0.14893613852422583,17,2.4285714285714284,13.021276595744682,0.3617020507016913,0.42857142857142855,2.2978723404255317,1.75,1.25,6.714285714285714,0.0,0.20588235294117646,1.2857142857142858,0.0,0.3333333333333333,0.014388489208633094,0.02145922746781116,0.013642564802182811,0
amachma01w,6,WAS,0,0.0,0.0,0.0,0.0,0.0,0.0,0.0,0.0,0.0,0,0.0,0.0,0.0,0,0.0,0.0,0.0,0.0,0.0,0.0,0.0,1.0,0.0,0.08823529411764706,0.0,0.0,0.0,0.0,0.0,0.0,0
ambermo01w,3,SAC,0,0.0,0.0,0.0,0.0,0.0,0.0,0.0,0.0,0.0,0,0.0,0.0,0.0,0,0.0,0.0,0.0,1.0,18.0,0.0,0.0,2.0,0.0,0.058823529411764705,0.0,0.0,0.0,0.0,0.0,0.0,0
anderam01w,7,CON,1,0.0,0.0,2.0,0.0,0.0,72.0,0.9999950000249999,0.0,0.0,0,0.0,0.0,0.0,2,2.0,72.0,1.9999800001999979,0.0,0.0,0.0,0.0,1.0,0.0,0.029411764705882353,0.0,0.0,0.0,0.0,0.0,0.002157497303128371,0
anderam01w,7,NYL,2,0.3333333333333333,0.0,0.3333333333333333,4.0,0.0,4.0,0.49999750001249993,0.11111098765445816,0.0,1,0.3333333333333333,4.0,0.11111098765445816,2,0.6666666666666666,8.0,0.22222197530891633,0.0,0.0,1.0,1.0,3.0,0.0,0.08823529411764706,0.3333333333333333,0.0,0.0,0.0,0.003952569169960474,0.0013568521031207597,0
anderch01w,4,SAC,0,0.19230769230769232,0.19230769230769232,0.6538461538461539,1.0526315789473684,1.0526315789473684,3.578947368421052,0.7083330381945674,0.029239764371943602,0.029239764371943602,10,0.38461538461538464,2.1052631578947367,0.058479528743887205,27,1.0384615384615385,5.684210526315789,0.15789472760849546,1.2692307692307692,6.947368421052631,0.29411764705882354,0.14705882352941177,6.576923076923077,0.0,0.7647058823529411,0.6538461538461539,0.8333333333333334,0.8333333333333334,0.04065040650406504,0.016778523489932886,0.02364394993045897,0
anderch01w,5,SAC,0,0.1,0.2,0.6666666666666666,0.4675324675324676,0.9350649350649352,3.1168831168831166,0.5882351211073172,0.012987012424804656,0.025974024849609312,9,0.3,1.4025974025974026,0.03896103727441397,29,0.9666666666666667,4.51948051948052,0.12554112010644503,1.5333333333333334,7.1688311688311686,0.19148936170212766,0.06382978723404255,7.7,0.0,0.8823529411764706,0.8333333333333334,1.25,1.5,0.05042016806722689,0.009523809523809525,0.031446540880503145,0
anderch01w,6,SAS,0,0.23529411764705882,0.4411764705882353,1.8235294117647058,0.4304932735426009,0.8071748878923767,3.336322869955157,0.6888888123456874,0.011958146308547888,0.02242152432852729,23,0.6764705882352942,1.2376681614349776,0.03437967063707518,85,2.5,4.573991031390134,0.1270553045283213,3.1176470588235294,5.704035874439462,0.21495327102803738,0.07476635514018691,19.676470588235293,0.5588235294117647,1.0,1.6176470588235294,1.2222222222222223,1.6666666666666667,0.16483516483516483,0.04081632653061224,0.08972503617945007,0
anderch01w,7,SAS,0,0.30434782608695654,0.43478260869565216,2.4782608695652173,0.608695652173913,0.8695652173913043,4.956521739130435,0.6705881564013934,0.016908212151975553,0.024154588788536505,17,0.7391304347826086,1.4782608695652175,0.041062800940512054,74,3.217391304347826,6.434782608695651,0.17874395703517013,3.1739130434782608,6.3478260869565215,0.22972972972972974,0.0945945945945946,18.0,0.8695652173913043,0.6764705882352942,1.2608695652173914,1.875,1.25,0.11904761904761904,0.02834008097165992,0.06993865030674846,0
anderch01w,8,SAS,0,0.09090909090909091,0.45454545454545453,1.2727272727272727,0.41860465116279066,2.0930232558139537,5.86046511627907,0.699999650000175,0.011627905624662135,0.058139528123310684,6,0.5454545454545454,2.511627906976744,0.06976743374797281,20,1.8181818181818181,8.372093023255815,0.23255811249324274,1.0,4.604651162790698,0.5,0.08333333333333333,7.818181818181818,0.09090909090909091,0.3235294117647059,0.45454545454545453,1.5,2.5,0.03816793893129771,0.0035211267605633804,0.018300653594771243,0
anderjo01w,9,CON,0,0.2916666666666667,0.041666666666666664,1.9583333333333333,0.6866485013623979,0.09809264305177111,4.610354223433243,0.8103446878716055,0.019073568962573055,0.002724795566081865,8,0.3333333333333333,0.7847411444141689,0.02179836452865492,55,2.2916666666666665,5.395095367847411,0.14986375613450256,0.7083333333333334,1.667574931880109,0.4444444444444444,0.3888888888888889,15.291666666666666,0.2916666666666667,0.7058823529411765,0.6666666666666666,3.25,0.125,0.01020408163265306,0.0330188679245283,0.054022988505747126,0
anderke01w,1,WAS,0,0.8333333333333334,0.1,1.1333333333333333,2.0737327188940093,0.2488479262672811,2.8202764976958523,0.7391302741021143,0.05760368530867085,0.006912442237040502,28,0.9333333333333333,2.32258064516129,0.06451612754571136,62,2.066666666666667,5.142857142857142,0.1428571395655037,1.7666666666666666,4.3963133640553,0.5185185185185185,0.46296296296296297,14.466666666666667,0.3,0.8823529411764706,1.5666666666666667,2.8846153846153846,0.11538461538461539,0.023622047244094488,0.1016260162601626,0.05255023183925812,0
anderke01w,2,CHA,0,0.3333333333333333,0.0,0.6666666666666666,2.1176470588235294,0.0,4.235294117647059,0.7999994666670223,0.05882352364475258,0.0,6,0.3333333333333333,2.1176470588235294,0.05882352364475258,18,1.0,6.352941176470589,0.17647057093425775,0.4444444444444444,2.8235294117647056,0.6666666666666666,0.6666666666666666,5.666666666666667,0.0,0.5294117647058824,0.9444444444444444,2.0,0.0,0.0,0.027522935779816515,0.01875,0
anderke01w,3,CHA,0,0.0,0.0,0.5714285714285714,0.0,0.0,4.64516129032258,0.6666655555574075,0.0,0.0,0,0.0,0.0,0.0,4,0.5714285714285714,4.64516129032258,0.1290322164412205,0.5714285714285714,4.64516129032258,0.0,0.0,4.428571428571429,0.0,0.20588235294117646,0.42857142857142855,5.0,0.0,0.0,0.0,0.0061162079510703364,0
andrame01w,1,CLE,0,1.28125,0.3125,1.96875,1.8519447929736512,0.451693851944793,2.8456712672521958,0.6631578249307553,0.05144291027047791,0.012547051285482419,51,1.59375,2.3036386449184443,0.06398996155596033,114,3.5625,5.14930991217064,0.14303638465449958,2.84375,4.1104140526976165,0.5543478260869565,0.44565217391304346,24.90625,0.5625,0.9411764705882353,2.03125,1.7857142857142858,0.23809523809523808,0.10869565217391304,0.1576923076923077,0.10430463576158941,0
andrame01w,2,CLE,0,1.59375,0.3125,2.0625,2.0559910414333706,0.40313549832026874,2.6606942889137737,0.758620602457402,0.05711086162249875,0.011198208161274264,61,1.90625,2.459126539753639,0.06830906978377302,127,3.96875,5.119820828667414,0.14221724364818317,2.40625,3.10414333706607,0.782051282051282,0.6538461538461539,27.90625,1.0,0.9411764705882353,1.90625,1.9230769230769231,0.19230769230769232,0.11904761904761904,0.19029850746268656,0.09954751131221719,0
andrame01w,3,CLE,0,0.90625,0.1875,1.21875,1.5699248120300753,0.324812030075188,2.1112781954887216,0.6964284470663487,0.04360902190061621,0.009022556255299906,35,1.09375,1.894736842105263,0.05263157815591612,74,2.3125,4.006015037593985,0.11127819381536551,2.5625,4.439097744360902,0.42168674698795183,0.3493975903614458,20.78125,0.5,0.9411764705882353,1.28125,2.2333333333333334,0.2,0.07142857142857142,0.13063063063063063,0.057777777777777775,0
andrame01w,5,CHA,0,0.0,0.08333333333333333,0.25,0.0,0.5538461538461539,1.6615384615384616,0.7499981250046875,0.0,0.015384613017751844,1,0.08333333333333333,0.5538461538461539,0.015384613017751844,4,0.3333333333333333,2.2153846153846155,0.061538452071007374,1.0,6.6461538461538465,0.07692307692307693,0.0,5.416666666666667,0.0,0.35294117647058826,0.25,7.0,1.0,0.007407407407407408,0.0,0.004862236628849271,0
anosini01w,9,MIN,0,2.2058823529411766,1.2647058823529411,4.5,2.9347826086956523,1.682608695652174,5.986956521739131,0.6623376336650375,0.08152173824432893,0.04673912992674859,118,3.4705882352941178,4.6173913043478265,0.1282608681710775,271,7.970588235294118,10.604347826086958,0.29456521418950854,3.676470588235294,4.891304347826087,0.9365079365079365,0.5952380952380952,27.058823529411764,1.0,1.0,1.2352941176470589,0.5921052631578947,0.5657894736842105,0.32575757575757575,0.24193548387096775,0.19293820933165196,0
anosini01w,10,MIN,0,2.7,0.9333333333333333,4.966666666666667,3.2544642857142856,1.125,5.986607142857142,0.6711711409382369,0.09040178470533723,0.031249999651227683,109,3.6333333333333333,4.379464285714286,0.12165178435656492,258,8.6,10.366071428571427,0.2879464253577408,2.933333333333333,3.5357142857142856,1.2247191011235956,0.9101123595505618,29.866666666666667,0.9666666666666667,0.8823529411764706,2.033333333333333,0.9878048780487805,0.34146341463414637,0.21705426356589147,0.2682119205298013,0.19528178243774574,0
arcaija01w,1,HOU,0,1.3125,0.09375,2.59375,1.5475946775844422,0.1105424769703173,3.0583418628454453,0.6974789329849636,0.042988740604004705,0.0030706243288574787,45,1.40625,1.6581371545547596,0.04605936493286218,128,4.0,4.7164790174002045,0.1310133046979191,2.0625,2.43193449334698,0.6716417910447762,0.6268656716417911,30.53125,1.0,0.9411764705882353,1.65625,1.3953488372093024,0.06976744186046512,0.02857142857142857,0.14736842105263157,0.11448275862068966,0
arcaija01w,2,HOU,0,1.875,0.09375,2.71875,1.8717504332755632,0.09358752166377816,2.714038128249567,0.6397058353157474,0.051993067140441364,0.002599653357022068,63,1.96875,1.9653379549393413,0.05459272049746343,150,4.6875,4.679376083188909,0.1299826678511034,2.5625,2.558058925476603,0.7590361445783133,0.7228915662650602,36.0625,1.0,0.9411764705882353,2.59375,1.540983606557377,0.04918032786885246,0.03125,0.23809523809523808,0.12236286919831224,0
arcaija01w,3,HOU,0,1.59375,0.1875,2.625,1.6451612903225807,0.19354838709677422,2.709677419354839,0.666666613756618,0.04569892432169423,0.00537634403784638,57,1.78125,1.838709677419355,0.051075268359540606,141,4.40625,4.548387096774194,0.12634408488938992,1.53125,1.5806451612903225,1.14,1.02,34.875,1.0,0.9411764705882353,2.21875,1.6538461538461537,0.11538461538461539,0.047244094488188976,0.19540229885057472,0.11948790896159317,0
arcaija01w,4,HOU,0,1.2058823529411764,0.029411764705882353,3.2941176470588234,1.2992957746478873,0.03169014084507042,3.549295774647887,0.8235293512110771,0.03609154897806735,0.0008802816823918866,42,1.2352941176470589,1.3309859154929577,0.03697183066045924,154,4.529411764705882,4.880281690140846,0.13556337908835053,1.8823529411764706,2.028169014084507,0.6461538461538462,0.6307692307692307,33.411764705882355,1.0,1.0,1.4705882352941178,1.5952380952380953,0.023809523809523808,0.007692307692307693,0.17672413793103448,0.14640522875816994,0
arcaija01w,6,HOU,0,1.6176470588235294,0.17647058823529413,2.1470588235294117,1.835032437442076,0.20018535681186284,2.4355885078776645,0.7849461521563277,0.05097312278986911,0.005560704304349358,61,1.7941176470588236,2.035217794253939,0.05653382709421847,134,3.9411764705882355,4.470806302131603,0.12418906279713565,2.5,2.8359592215013905,0.7093023255813954,0.6395348837209303,31.735294117647058,1.0,1.0,1.6470588235294117,0.9464285714285714,0.10714285714285714,0.05660377358490566,0.22267206477732793,0.10656934306569343,0
askamma01w,1,MIA,0,0.53125,0.65625,4.21875,0.7042577675489068,0.8699654775604142,5.592635212888378,0.5844155591162096,0.019562715540129855,0.024165707431925115,38,1.1875,1.574223245109321,0.043728422972054974,173,5.40625,7.166858457997698,0.199079399320145,2.96875,3.935558112773303,0.3958333333333333,0.17708333333333334,27.15625,1.0,0.9411764705882353,1.53125,1.6111111111111112,1.1666666666666667,0.23595505617977527,0.06227106227106227,0.22651006711409397,0
askamma01w,2,MIA,0,0.4,0.36666666666666664,1.7333333333333334,1.0023201856148491,0.9187935034802783,4.34338747099768,0.5977010807240137,0.027842226732198917,0.02552204117118234,23,0.7666666666666667,1.9211136890951275,0.05336426790338126,75,2.5,6.2645011600928076,0.17401391707624322,2.066666666666667,5.178654292343388,0.36507936507936506,0.19047619047619047,14.366666666666667,0.36666666666666664,0.8823529411764706,0.6333333333333333,1.1538461538461537,0.8461538461538461,0.07142857142857142,0.03986710963455149,0.07975460122699386,0
askamma01w,3,LAS,2,0.55,0.2,1.25,1.841860465116279,0.6697674418604651,4.186046511627907,0.5102039775093923,0.05116278831800985,0.018604650297458124,15,0.75,2.511627906976744,0.06976743861546797,40,2.0,6.697674418604651,0.18604650297458125,1.25,4.186046511627907,0.5769230769230769,0.4230769230769231,10.75,0.2,0.5882352941176471,0.55,0.3333333333333333,0.3333333333333333,0.024691358024691357,0.04263565891472868,0.03067484662576687,0
askamma01w,3,MIA,1,0.16666666666666666,0.16666666666666666,0.8333333333333334,0.5,0.5,2.5,0.45454504132268975,0.013888886959876811,0.013888886959876811,2,0.3333333333333333,1.0,0.027777773919753623,7,1.1666666666666667,3.5,0.09722220871913767,1.5,4.5,0.2,0.1,12.0,0.16666666666666666,0.17647058823529413,0.16666666666666666,1.5,0.5,0.010309278350515464,0.0036363636363636364,0.008710801393728223,0
atkinla01w,7,IND,0,0.5454545454545454,0.15151515151515152,1.5454545454545454,1.5539568345323742,0.4316546762589928,4.402877697841727,0.67105254328256,0.0431654665907562,0.011990407386321166,23,0.696969696969697,1.9856115107913668,0.055155873977077365,74,2.242424242424242,6.388489208633094,0.17745802931755325,0.9393939393939394,2.676258992805755,0.71875,0.5625,12.636363636363637,0.030303030303030304,0.9705882352941176,1.0303030303030303,1.1578947368421053,0.2631578947368421,0.05319148936170213,0.05070422535211268,0.06746031746031746,0
atkinla01w,8,SAC,0,0.35714285714285715,0.17857142857142858,1.1071428571428572,1.592920353982301,0.7964601769911505,4.938053097345133,0.7045452944215239,0.04424778565275285,0.022123892826376425,15,0.5357142857142857,2.3893805309734515,0.06637167847912927,46,1.6428571428571428,7.327433628318585,0.2035398140026631,0.5357142857142857,2.3893805309734515,0.9375,0.625,8.071428571428571,0.0,0.8235294117647058,1.1785714285714286,1.3636363636363635,0.45454545454545453,0.049019607843137254,0.03067484662576687,0.04281767955801105,0
atkinla01w,9,SAC,0,1.0,0.4,2.2,2.4657534246575343,0.9863013698630136,5.424657534246575,0.7857137244901968,0.06849314130230941,0.027397256520923764,7,1.4,3.4520547945205475,0.09589039782323316,18,3.6,8.876712328767123,0.24657530868831387,1.0,2.4657534246575343,1.1666666666666667,0.8333333333333334,14.6,0.2,0.14705882352941177,2.0,1.3333333333333333,0.3333333333333333,0.02564102564102564,0.015625,0.015235457063711912,0
atkinla01w,10,SEA,0,5.0,0.5,6.0,7.826086956521739,0.7826086956521738,9.391304347826086,0.6666662962965021,0.21739125708885715,0.021739125708885716,11,5.5,8.608695652173914,0.23913038279774285,23,11.5,18.0,0.49999989130437145,2.5,3.9130434782608696,1.8333333333333333,1.6666666666666667,23.0,0.5,0.058823529411764705,2.0,0.45454545454545453,0.09090909090909091,0.006622516556291391,0.036101083032490974,0.015209125475285171,0
atunrmo01w,9,SAS,0,0.48484848484848486,0.3939393939393939,0.9696969696969697,1.6551724137931034,1.3448275862068966,3.310344827586207,0.6666665277778067,0.04597701017307442,0.037356320765622966,29,0.8787878787878788,3.0,0.0833333309386974,61,1.8484848484848484,6.310344827586207,0.17528735128484624,0.6363636363636364,2.1724137931034484,1.3181818181818181,0.7272727272727273,10.545454545454545,0.0,0.9705882352941176,0.7878787878787878,1.3529411764705883,0.7647058823529411,0.08609271523178808,0.05860805860805861,0.03773584905660377,0
augusse01w,7,MIN,0,0.6176470588235294,0.5294117647058824,3.323529411764706,0.6725978647686832,0.5765124555160143,3.619217081850534,0.8828124310302788,0.018683273855131015,0.01601423473296944,39,1.1470588235294117,1.2491103202846974,0.03469750858810046,152,4.470588235294118,4.868327402135232,0.13523131552285306,1.7058823529411764,1.8576512455516014,0.6610169491525424,0.3559322033898305,33.05882352941177,1.0,1.0,2.088235294117647,2.272727272727273,0.8181818181818182,0.15789473684210525,0.10824742268041238,0.14037267080745341,0
augusse01w,8,MIN,0,1.2058823529411764,0.6176470588235294,2.911764705882353,1.3504117108874656,0.6916742909423604,3.260750228728271,0.7279411229455056,0.03751143607034368,0.019213174572615056,62,1.8235294117647058,2.0420860018298264,0.05672461064295873,161,4.735294117647059,5.302836230558097,0.14730100505671542,1.7058823529411764,1.9103385178408052,1.0508474576271187,0.6949152542372882,32.14705882352941,1.0,1.0,2.4411764705882355,1.880952380952381,0.5,0.21875,0.17154811715481172,0.12595419847328243,0
augusse01w,9,MIN,0,1.032258064516129,0.3870967741935484,2.967741935483871,1.1055662188099808,0.4145873320537428,3.1785028790786947,0.7666666027777831,0.030710172449998345,0.01151631466874938,44,1.4193548387096775,1.5201535508637236,0.04222648711874773,136,4.387096774193548,4.698656429942418,0.13051823291249298,1.4838709677419355,1.5892514395393473,0.9361702127659575,0.6808510638297872,33.61290322580645,1.0,0.9117647058823529,1.6774193548387097,2.515151515151515,0.36363636363636365,0.09090909090909091,0.1032258064516129,0.11601513240857503,0
augusse01w,10,MIN,0,2.0,0.5,3.5,2.426966292134831,0.6067415730337078,4.247191011235955,0.8399996640001344,0.06741572654967828,0.01685393163741957,15,2.5,3.033707865168539,0.08426965818709785,36,6.0,7.280898876404494,0.20224717964903485,0.8333333333333334,1.0112359550561798,2.5,2.0,29.666666666666668,1.0,0.17647058823529413,2.1666666666666665,0.6923076923076923,0.23076923076923078,0.023255813953488372,0.039735099337748346,0.027522935779816515,0
aycocan01w,1,MIN,2,0.0,0.0,1.0,0.0,0.0,18.0,0.9999966666777778,0.0,0.0,0,0.0,0.0,0.0,3,1.0,18.0,0.4999991666680556,0.3333333333333333,6.0,0.0,0.0,2.0,0.0,0.08823529411764706,0.0,4.0,0.0,0.0,0.0,0.004893964110929853,0
aycocan01w,1,SEA,1,0.0,0.0,1.0,0.0,0.0,5.142857142857142,0.49999750001249993,0.0,0.0,0,0.0,0.0,0.0,1,1.0,5.142857142857142,0.14285693877580175,2.0,10.285714285714285,0.0,0.0,7.0,0.0,0.029411764705882353,0.0,0.0,0.0,0.0,0.0,0.0018587360594795538,0
azizle01w,4,IND,0,0.0,0.5714285714285714,1.0,0.0,3.272727272727273,5.7272727272727275,0.7777769135812072,0.0,0.09090907024793857,4,0.5714285714285714,3.272727272727273,0.09090907024793857,11,1.5714285714285714,9.0,0.24999994318183108,0.7142857142857143,4.090909090909091,0.6666666666666666,0.0,6.285714285714286,0.0,0.20588235294117646,0.42857142857142855,1.0,4.0,0.03278688524590164,0.0,0.010687022900763359,0
azzije01w,1,UTA,0,0.8,0.3333333333333333,2.4,0.7728085867620751,0.3220035778175313,2.3184257602862255,0.8780485663296179,0.02146690480381208,0.008944543668255034,17,1.1333333333333333,1.0948121645796065,0.030411448472067112,53,3.533333333333333,3.4132379248658316,0.09481216288350335,2.8666666666666667,2.769230769230769,0.38636363636363635,0.2727272727272727,37.266666666666666,1.0,0.4411764705882353,1.8666666666666667,7.076923076923077,0.38461538461538464,0.03164556962025317,0.05581395348837209,0.04911323328785812,0
azzije01w,2,UTA,0,0.6875,0.3125,2.75,0.6572614107883817,0.2987551867219917,2.629045643153527,0.8979590920449906,0.01825726125927584,0.008298755117852654,32,1.0,0.9560165975103734,0.026556016377128497,120,3.75,3.5850622406639,0.09958506141423186,2.78125,2.658921161825726,0.35555555555555557,0.24444444444444444,37.65625,1.0,0.9411764705882353,2.15625,7.434782608695652,0.43478260869565216,0.06369426751592357,0.10837438423645321,0.1134020618556701,0
azzije01w,3,UTA,0,0.84375,0.4375,1.6875,0.8444830582102519,0.4378801042571677,1.6889661164205039,0.7826085822306402,0.023457862524258362,0.01216333612368952,41,1.28125,1.2823631624674197,0.03562119864794788,95,2.96875,2.9713292788879233,0.0825369236964646,3.1875,3.1902693310165073,0.39805825242718446,0.2621359223300971,35.96875,1.0,0.9411764705882353,2.09375,5.642857142857143,0.5,0.0782122905027933,0.11790393013100436,0.07479224376731301,0
azzije01w,4,SAS,0,0.7941176470588235,0.2647058823529412,2.3823529411764706,0.8556338028169014,0.2852112676056338,2.5669014084507045,0.8901097922956271,0.023767605424580937,0.007922535141526979,36,1.0588235294117647,1.1408450704225352,0.031690140566107916,117,3.4411764705882355,3.7077464788732395,0.10299295683985074,2.8823529411764706,3.105633802816901,0.36363636363636365,0.2727272727272727,33.411764705882355,1.0,1.0,1.7941176470588236,3.9642857142857144,0.32142857142857145,0.05357142857142857,0.14361702127659576,0.10175879396984924,0
badertr01w,1,CLE,0,0.68,0.04,0.36,3.044776119402985,0.1791044776119403,1.6119402985074627,0.8181810743808415,0.08457711022004427,0.004975124130590839,18,0.72,3.2238805970149254,0.0895522343506351,27,1.08,4.835820895522388,0.13432835152595266,0.64,2.8656716417910446,1.0588235294117647,1.0,8.04,0.0,0.7352941176470589,0.72,1.1666666666666667,0.05555555555555555,0.010869565217391304,0.06538461538461539,0.014900662251655629,0
badertr01w,2,CLE,0,0.2631578947368421,0.0,0.5263157894736842,1.5789473684210527,0.0,3.1578947368421053,0.8333326388894676,0.04385964527546971,0.0,5,0.2631578947368421,1.5789473684210527,0.04385964527546971,15,0.7894736842105263,4.7368421052631575,0.13157893582640914,0.3684210526315789,2.2105263157894735,0.625,0.625,6.0,0.0,0.5588235294117647,0.42105263157894735,1.8333333333333333,0.0,0.0,0.018656716417910446,0.015082956259426848,0
badertr01w,3,CLE,0,0.3333333333333333,0.05555555555555555,0.3333333333333333,1.6363636363636365,0.2727272727272727,1.6363636363636365,0.8571416326548106,0.04545454201101955,0.007575757001836591,7,0.3888888888888889,1.9090909090909092,0.053030299012856136,13,0.7222222222222222,3.5454545454545454,0.09848484102387568,0.16666666666666666,0.8181818181818182,1.75,1.5,7.333333333333333,0.0,0.5294117647058824,0.3888888888888889,2.142857142857143,0.14285714285714285,0.011904761904761904,0.02702702702702703,0.008888888888888889,0
bakersh01w,7,NYL,0,1.3529411764705883,0.058823529411764705,0.9705882352941176,2.697068403908795,0.11726384364820848,1.93485342019544,0.5892856090561412,0.07491856555507223,0.0032573289371770533,48,1.411764705882353,2.814332247557003,0.07817589449224928,81,2.3823529411764706,4.749185667752443,0.13192182195567065,2.0294117647058822,4.045602605863192,0.6857142857142857,0.6571428571428571,18.058823529411764,0.47058823529411764,1.0,1.4705882352941178,0.7446808510638298,0.0425531914893617,0.017699115044247787,0.18181818181818182,0.04477611940298507,0
bakersh01w,8,LAS,2,1.5,0.08333333333333333,2.1666666666666665,2.6341463414634143,0.14634146341463417,3.804878048780488,0.753623079185061,0.07317073022010712,0.004065040567783729,38,1.5833333333333333,2.780487804878049,0.07723577078789085,90,3.75,6.585365853658536,0.1829268255502678,2.4166666666666665,4.2439024390243905,0.6440677966101694,0.6101694915254238,20.5,0.4583333333333333,0.7058823529411765,2.7083333333333335,2.081081081081081,0.05405405405405406,0.018518518518518517,0.14634146341463414,0.0663265306122449,0
bakersh01w,8,NYL,1,0.0,0.0,0.3333333333333333,0.0,0.0,2.769230769230769,0.9999900000999989,0.0,0.0,0,0.0,0.0,0.0,1,0.3333333333333333,2.769230769230769,0.07692301775152481,0.3333333333333333,2.769230769230769,0.0,0.0,4.333333333333333,0.0,0.08823529411764706,0.0,0.0,0.0,0.0,0.0,0.0012674271229404308,0
bakersh01w,9,IND,0,0.6923076923076923,0.07692307692307693,1.1538461538461537,2.9454545454545453,0.32727272727272727,4.909090909090908,0.6818178719009673,0.08181817438016596,0.009090908264462886,10,0.7692307692307693,3.272727272727273,0.09090908264462885,25,1.9230769230769231,8.181818181818182,0.22727270661157212,1.1538461538461537,4.909090909090908,0.625,0.5625,8.461538461538462,0.0,0.38235294117647056,0.8461538461538461,1.5,0.1,0.006024096385542169,0.027692307692307693,0.019255455712451863,0
bakersh01w,10,DET,0,1.0,0.0,0.0,3.272727272727273,0.0,0.0,0.0,0.09090900826453795,0.0,1,1.0,3.272727272727273,0.09090900826453795,1,1.0,3.272727272727273,0.09090900826453795,1.0,3.272727272727273,0.5,0.5,11.0,0.0,0.029411764705882353,1.0,0.5,0.0,0.0,0.003816793893129771,0.0,0
balesal01w,8,IND,0,0.23529411764705882,0.7647058823529411,1.9411764705882353,0.8520710059171598,2.769230769230769,7.0295857988165675,0.7333331703704066,0.023668637652743334,0.07692307237141584,17,1.0,3.621301775147929,0.10059171002415916,50,2.9411764705882355,10.650887573964498,0.29585797065929165,0.8235294117647058,2.9822485207100593,1.1333333333333333,0.26666666666666666,9.941176470588236,0.0,0.5,0.4117647058823529,0.4,2.6,0.0948905109489051,0.012944983818770227,0.04059040590405904,0
balesal01w,9,ATL,2,0.8823529411764706,1.7058823529411764,4.823529411764706,1.3881748071979434,2.683804627249357,7.5886889460154245,0.8039214898116186,0.0385604103197838,0.07455012661824868,44,2.588235294117647,4.0719794344473,0.11311053693803248,126,7.411764705882353,11.660668380462724,0.32390744668618393,2.176470588235294,3.4241645244215935,1.1578947368421053,0.39473684210526316,22.88235294117647,0.5294117647058824,0.5,0.5882352941176471,0.6875,1.8125,0.20279720279720279,0.05244755244755245,0.1111111111111111,0
balesal01w,9,IND,1,0.35714285714285715,1.0,1.0714285714285714,1.4285714285714284,4.0,4.285714285714286,0.6818178719009673,0.03968253653313202,0.11111110229276966,19,1.3571428571428572,5.428571428571428,0.1507936388259017,34,2.4285714285714284,9.714285714285714,0.2698412484252977,1.2857142857142858,5.142857142857142,1.0,0.2631578947368421,9.0,0.0,0.4117647058823529,0.21428571428571427,0.3333333333333333,2.3333333333333335,0.08433734939759036,0.015384615384615385,0.019255455712451863,0
banchrh01w,1,SAC,0,0.0,0.0,0.1111111111111111,0.0,0.0,1.7142857142857142,0.3333322222259259,0.0,0.0,0,0.0,0.0,0.0,1,0.1111111111111111,1.7142857142857142,0.04761902494332146,0.3333333333333333,5.142857142857142,0.0,0.0,2.3333333333333335,0.0,0.2647058823529412,0.2222222222222222,1.0,0.0,0.0,0.0,0.0015360983102918587,0
baranel01w,2,MIA,0,1.03125,1.78125,4.71875,1.207317073170732,2.0853658536585367,5.524390243902438,0.7905758748389594,0.033536585025034704,0.0579268286796054,90,2.8125,3.292682926829268,0.0914634137046401,241,7.53125,8.817073170731707,0.24491869669798072,2.53125,2.9634146341463414,1.0975609756097562,0.4024390243902439,30.75,0.9375,0.9411764705882353,1.9375,1.8529411764705883,1.6764705882352942,0.37012987012987014,0.10963455149501661,0.23159509202453987,0
baranel01w,4,NYL,0,1.0909090909090908,1.303030303030303,4.121212121212121,1.5247058823529411,1.8211764705882354,5.76,0.7513811739568412,0.0423529406782007,0.05058823469896195,79,2.393939393939394,3.3458823529411763,0.09294117537716265,215,6.515151515151516,9.105882352941176,0.2529411734948097,2.090909090909091,2.9223529411764706,1.1285714285714286,0.5142857142857142,25.757575757575758,0.21212121212121213,0.9705882352941176,1.878787878787879,1.7297297297297298,1.162162162162162,0.3333333333333333,0.13688212927756654,0.19796215429403202,0
baranel01w,5,NYL,0,1.088235294117647,1.7058823529411764,6.264705882352941,1.2709923664122138,1.9923664122137406,7.316793893129771,0.8658536233392836,0.035305343174567336,0.055343510922294746,95,2.7941176470588234,3.263358778625954,0.09064885409686207,308,9.058823529411764,10.580152671755725,0.29389312696666864,2.588235294117647,3.0229007633587788,1.0674157303370786,0.4157303370786517,30.823529411764707,0.9705882352941176,1.0,2.3529411764705883,1.763157894736842,1.5263157894736843,0.464,0.1761904761904762,0.28706199460916443,0
baranel01w,6,NYL,0,0.7575757575757576,1.393939393939394,5.696969696969697,0.944386149003148,1.7376705141657922,7.101783840503672,0.8281937961148107,0.026232948308153745,0.04826862488700289,71,2.1515151515151514,2.6820566631689404,0.07450157319515663,259,7.848484848484849,9.783840503672613,0.27177334447247276,2.393939393939394,2.984260230849947,0.8875,0.3125,28.87878787878788,1.0,0.9705882352941176,1.7878787878787878,2.269230769230769,1.7692307692307692,0.40707964601769914,0.11627906976744186,0.25648021828103684,0
barksla01w,2,POR,0,0.4,0.0,1.0,2.057142857142857,0.0,5.142857142857142,0.8333319444467593,0.05714284081633119,0.0,2,0.4,2.057142857142857,0.05714284081633119,7,1.4,7.2,0.19999994285715916,0.6,3.085714285714286,0.5,0.5,7.0,0.0,0.14705882352941177,0.2,1.3333333333333333,0.0,0.0,0.00816326530612245,0.007173601147776184,0
barksla01w,3,POR,0,0.47058823529411764,0.4117647058823529,1.2941176470588236,1.0105263157894737,0.8842105263157894,2.778947368421053,0.5499998625000343,0.02807017445367809,0.02456140264696833,15,0.8823529411764706,1.894736842105263,0.05263157710064642,37,2.176470588235294,4.673684210526315,0.12982455684826116,1.8235294117647058,3.9157894736842107,0.46875,0.25,16.764705882352942,0.17647058823529413,0.5,1.3529411764705883,1.3333333333333333,0.7777777777777778,0.05785123966942149,0.03333333333333333,0.03426791277258567,0
barksla01w,4,SAS,0,0.038461538461538464,0.11538461538461539,0.9615384615384616,0.21428571428571427,0.6428571428571428,5.357142857142857,0.7575755280074157,0.005952380598072583,0.01785714179421775,4,0.15384615384615385,0.8571428571428571,0.023809522392290332,29,1.1153846153846154,6.214285714285714,0.17261903734410491,0.8076923076923077,4.5,0.18181818181818182,0.045454545454545456,6.461538461538462,0.0,0.7647058823529411,0.38461538461538464,2.5,1.5,0.017857142857142856,0.005319148936170213,0.031407035175879394,0
barnead01w,1,CLE,0,0.0,0.0,0.0,0.0,0.0,0.0,0.0,0.0,0.0,0,0.0,0.0,0.0,0,0.0,0.0,0.0,0.4,4.0,0.0,0.0,3.6,0.0,0.14705882352941177,0.4,4.0,0.0,0.0,0.0,0.0,0
barnead01w,2,CLE,0,0.0,0.0,0.3333333333333333,0.0,0.0,12.0,0.9999900000999989,0.0,0.0,0,0.0,0.0,0.0,1,0.3333333333333333,12.0,0.3333322222259259,0.0,0.0,0.0,0.0,1.0,0.0,0.08823529411764706,0.0,0.0,0.0,0.0,0.0,0.0015082956259426848,0
barnead01w,3,SEA,0,1.2307692307692308,0.34615384615384615,2.1923076923076925,2.336713995943205,0.6572008113590264,4.162271805273834,0.5588234746251495,0.06490872079292656,0.018255577723010594,41,1.5769230769230769,2.993914807302231,0.08316429851593715,98,3.769230769230769,7.1561866125760645,0.1987829574283376,2.4615384615384617,4.67342799188641,0.6307692307692307,0.49230769230769234,18.96153846153846,0.6538461538461539,0.7647058823529411,0.9615384615384616,0.8484848484848485,0.2727272727272727,0.05921052631578947,0.11307420494699646,0.08990536277602523,0
barnead01w,4,SEA,0,0.6875,0.4375,2.4375,1.0,0.6363636363636364,3.5454545454545454,0.5999999076923218,0.027777777076318764,0.017676767230384666,18,1.125,1.6363636363636365,0.045454544306703426,57,3.5625,5.1818181818181825,0.14393939030456085,2.25,3.272727272727273,0.4864864864864865,0.2972972972972973,24.75,1.0,0.47058823529411764,1.125,1.9166666666666667,0.5833333333333334,0.050359712230215826,0.04721030042918455,0.05320600272851296,0
barnead01w,5,SEA,0,0.6764705882352942,0.058823529411764705,0.8823529411764706,2.0597014925373136,0.1791044776119403,2.6865671641791042,0.4761904006046983,0.05721392892502665,0.004975124254350143,25,0.7352941176470589,2.238805970149254,0.06218905317937679,55,1.6176470588235294,4.925373134328358,0.13681591699462894,1.1176470588235294,3.4029850746268657,0.6410256410256411,0.5897435897435898,11.823529411764707,0.058823529411764705,1.0,0.7058823529411765,1.2916666666666667,0.08333333333333333,0.015151515151515152,0.07590759075907591,0.04225352112676056,0
barnequ01w,1,SEA,0,0.6129032258064516,1.064516129032258,1.8387096774193548,0.9702127659574469,1.6851063829787234,2.9106382978723406,0.6785713477891252,0.02695035422765455,0.04680850997434738,52,1.6774193548387097,2.65531914893617,0.07375886420200192,109,3.5161290322580645,5.565957446808511,0.15460992688496558,3.3225806451612905,5.2595744680851055,0.5,0.18269230769230768,22.741935483870968,0.7419354838709677,0.9117647058823529,2.0,1.65,1.65,0.35106382978723405,0.07421875,0.10594795539033457,0
barnequ01w,2,SEA,0,0.45,0.3,1.0,1.4148471615720524,0.9432314410480349,3.1441048034934496,0.5882351211073172,0.039301308327453786,0.026200872218302522,15,0.75,2.3580786026200875,0.06550218054575631,35,1.75,5.502183406113537,0.1528384212734314,1.45,4.558951965065502,0.5,0.3,11.45,0.15,0.5882352941176471,0.8,1.1,0.6,0.046875,0.032846715328467155,0.034129692832764506,0
barnequ01w,3,PHO,0,0.5,1.0,0.5,2.769230769230769,5.538461538461538,2.769230769230769,0.9999900000999989,0.07692301775152481,0.15384603550304962,3,1.5,8.307692307692308,0.23076905325457442,4,2.0,11.076923076923077,0.30769207100609924,0.5,2.769230769230769,1.5,0.5,6.5,0.0,0.058823529411764705,0.0,0.0,1.0,0.021052631578947368,0.0037313432835820895,0.001594896331738437,0
batkosu01w,6,SEA,0,0.5862068965517241,0.8275862068965517,2.3448275862068964,1.3275488069414316,1.8741865509761388,5.3101952277657265,0.7234041783612576,0.03687635494845217,0.05206073639781483,41,1.4137931034482758,3.2017353579175705,0.088937091346267,109,3.7586206896551726,8.511930585683297,0.2364425111400757,2.9310344827586206,6.637744034707159,0.47674418604651164,0.19767441860465115,15.89655172413793,0.0,0.8529411764705882,1.103448275862069,1.4444444444444444,1.3333333333333333,0.1509433962264151,0.08415841584158416,0.08751608751608751,0
batkosu01w,10,SEA,0,0.25,0.3,1.0,1.2244897959183674,1.4693877551020407,4.8979591836734695,0.6896549346017466,0.03401360312832632,0.04081632375399158,11,0.55,2.693877551020408,0.0748299268823179,31,1.55,7.591836734693878,0.21088433939562318,1.45,7.1020408163265305,0.36666666666666664,0.16666666666666666,7.35,0.0,0.5882352941176471,1.2,0.6666666666666666,1.0,0.039735099337748346,0.018050541516245487,0.025348542458808618,0
batteja01w,6,MIN,0,0.0,0.125,0.625,0.0,0.7826086956521738,3.9130434782608696,0.9999980000040001,0.0,0.021739125708885716,1,0.125,0.7826086956521738,0.021739125708885716,6,0.75,4.695652173913043,0.13043475425331427,0.5,3.1304347826086953,0.2,0.0,5.75,0.0,0.23529411764705882,0.375,3.0,1.0,0.0078125,0.0,0.006983240223463687,0
batteja01w,7,DET,0,0.07692307692307693,0.11538461538461539,0.46153846153846156,0.4044943820224719,0.6067415730337078,2.426966292134831,0.4799998080000768,0.01123595442494638,0.01685393163741957,5,0.19230769230769232,1.0112359550561798,0.02808988606236595,17,0.6538461538461539,3.438202247191011,0.09550561261204424,0.8076923076923077,4.247191011235955,0.22727272727272727,0.09090909090909091,6.846153846153846,0.038461538461538464,0.7647058823529411,0.15384615384615385,2.3333333333333335,1.0,0.021739130434782608,0.009345794392523364,0.01362088535754824,0
battlas01w,6,SEA,0,0.0,0.0,1.0,0.0,0.0,9.0,0.9999950000249999,0.0,0.0,0,0.0,0.0,0.0,2,1.0,9.0,0.24999968750039064,0.5,4.5,0.0,0.0,4.0,0.0,0.058823529411764705,0.5,0.0,0.0,0.0,0.0,0.002574002574002574,0
battlas01w,7,NYL,0,0.9393939393939394,0.09090909090909091,1.4848484848484849,2.4527472527472525,0.23736263736263735,3.8769230769230774,0.7903224531737978,0.06813186663446448,0.0065934064484965615,34,1.0303030303030303,2.69010989010989,0.07472527308296104,83,2.515151515151515,6.567032967032967,0.1824175784084049,0.9696969696969697,2.5318681318681318,1.0303030303030303,0.9393939393939394,13.787878787878787,0.06060606060606061,0.9705882352941176,1.1515151515151516,0.90625,0.09375,0.02654867256637168,0.1225296442687747,0.06648575305291723,0
battlas01w,8,NYL,0,1.0294117647058822,0.058823529411764705,2.764705882352941,1.6644649933949802,0.095112285336856,4.4702774108322325,0.746031686822882,0.04623513809464811,0.0026420078911227494,37,1.088235294117647,1.7595772787318362,0.04887714598577086,131,3.8529411764705883,6.2298546895640685,0.17305151686854006,1.4705882352941178,2.3778071334214004,0.7254901960784313,0.6862745098039216,22.264705882352942,0.14705882352941177,1.0,1.411764705882353,1.5555555555555556,0.05555555555555555,0.01818181818181818,0.1206896551724138,0.11913814955640051,0
battlas01w,9,NYL,0,0.4411764705882353,0.029411764705882353,1.0294117647058822,1.6071428571428572,0.10714285714285714,3.75,0.6603772338910879,0.04464285581420072,0.0029761903876133816,16,0.47058823529411764,1.7142857142857142,0.047619046201814105,51,1.5,5.4642857142857135,0.15178570976828246,0.7647058823529411,2.7857142857142856,0.5925925925925926,0.5555555555555556,9.882352941176471,0.0,1.0,0.8235294117647058,1.5,0.0625,0.00847457627118644,0.05154639175257732,0.044929396662387676,0
battlas01w,10,NYL,0,0.9117647058823529,0.058823529411764705,2.0,2.0364963503649633,0.13138686131386862,4.467153284671533,0.799999905882364,0.05656934203340617,0.0036496349698971722,33,0.9705882352941176,2.167883211678832,0.060218977003303344,101,2.9705882352941178,6.635036496350365,0.18430656597980719,1.411764705882353,3.153284671532847,0.673469387755102,0.6326530612244898,16.11764705882353,0.08823529411764706,1.0,1.5294117647058822,1.25,0.0625,0.01639344262295082,0.11191335740072202,0.08468244084682441,0
bauerca01w,1,CHA,0,0.27586206896551724,0.10344827586206896,1.2413793103448276,0.7236180904522613,0.271356783919598,3.2562814070351758,0.642857028061245,0.020100502007525077,0.007537688252821904,11,0.3793103448275862,0.9949748743718594,0.02763819026034698,47,1.6206896551724137,4.251256281407035,0.11809044929420982,2.4827586206896552,6.5125628140703515,0.1506849315068493,0.1095890410958904,13.724137931034482,0.6206896551724138,0.8529411764705882,0.9655172413793104,1.5555555555555556,0.3333333333333333,0.03296703296703297,0.03587443946188341,0.05705229793977813,0
bauerca01w,2,WAS,0,0.13333333333333333,0.06666666666666667,0.6666666666666666,0.7058823529411764,0.3529411764705882,3.5294117647058822,0.5555552469137517,0.01960784121491753,0.009803920607458765,3,0.2,1.0588235294117647,0.02941176182237629,13,0.8666666666666667,4.588235294117647,0.12745096789696392,0.8,4.235294117647059,0.23076923076923078,0.15384615384615385,6.8,0.0,0.4411764705882353,0.4,1.0,0.3333333333333333,0.0078125,0.007751937984496124,0.014285714285714285,0
bauerca01w,3,SAC,0,0.08,0.2,1.08,0.3090128755364807,0.7725321888412017,4.171673819742489,0.6585364247472134,0.008583690618725725,0.02145922654681431,7,0.28,1.0815450643776825,0.030042917165540035,34,1.36,5.253218884120172,0.1459227405183373,1.36,5.253218884120172,0.2,0.05714285714285714,9.32,0.08,0.7352941176470589,1.0,0.3333333333333333,1.6666666666666667,0.045454545454545456,0.008064516129032258,0.04160246533127889,0
beardal01w,5,WAS,0,2.0294117647058822,1.0,3.3823529411764706,2.423414634146342,1.1941463414634148,4.0390243902439025,0.8041957479583393,0.06731707251397978,0.033170731383700185,103,3.0294117647058822,3.617560975609756,0.10048780389767996,218,6.411764705882353,7.656585365853658,0.21268292475431294,2.8823529411764706,3.441951219512195,1.0404040404040404,0.696969696969697,30.147058823529413,1.0,1.0,2.3529411764705883,1.3,0.4857142857142857,0.26356589147286824,0.26953125,0.15818431911966988,0
beardal01w,6,WAS,0,1.5,0.3,3.5,1.5960591133004927,0.31921182266009857,3.7241379310344827,0.8076922455621349,0.044334974932660344,0.00886699498653207,54,1.8,1.915270935960591,0.05320196991919242,159,5.3,5.6394088669950735,0.15665024476206657,2.9,3.085714285714286,0.6136363636363636,0.5113636363636364,33.833333333333336,1.0,0.8823529411764706,2.1,1.9565217391304348,0.1956521739130435,0.11688311688311688,0.1724137931034483,0.15486725663716813,0
beardal01w,7,WAS,0,1.84375,0.78125,3.9375,2.13682092555332,0.9054325955734407,4.563380281690141,0.845637527138421,0.05935613622378133,0.025150905179568358,84,2.625,3.0422535211267605,0.08450704140334969,210,6.5625,7.605633802816901,0.2112676035083742,2.875,3.331991951710261,0.9032258064516129,0.6344086021505376,31.0625,1.0,0.9411764705882353,2.8125,1.6333333333333333,0.4166666666666667,0.21929824561403508,0.19218241042345277,0.16342412451361868,0
beardal01w,8,WAS,0,1.9393939393939394,0.7272727272727273,3.4545454545454546,1.9709153122326775,0.7390932420872541,3.510692899914457,0.8201438258889334,0.054747647093689934,0.020530367660133723,88,2.6666666666666665,2.7100085543199315,0.07527801475382366,202,6.121212121212121,6.220701454234389,0.17279726113945884,3.1818181818181817,3.2335329341317367,0.8301886792452831,0.6037735849056604,35.42424242424242,1.0,0.9705882352941176,2.8484848484848486,1.523076923076923,0.36923076923076925,0.1791044776119403,0.22614840989399293,0.14540816326530612,0
beardal01w,9,WAS,0,1.6666666666666667,0.5757575757575758,3.4545454545454546,1.8131868131868132,0.6263736263736264,3.758241758241758,0.9661016130422362,0.050366299905070515,0.01739926723993345,74,2.242424242424242,2.4395604395604393,0.06776556714500397,188,5.696969696969697,6.197802197802198,0.17216117058460467,3.3636363636363638,3.659340659340659,0.6607142857142857,0.49107142857142855,33.09090909090909,1.0,0.9705882352941176,3.212121212121212,2.0892857142857144,0.3392857142857143,0.20212765957446807,0.22727272727272727,0.14785992217898833,0
beardal01w,10,WAS,0,2.3225806451612905,0.5806451612903226,3.3548387096774195,2.6314720812182744,0.6578680203045686,3.801015228426396,0.8455283865424076,0.07309644595841172,0.01827411148960293,90,2.903225806451613,3.2893401015228427,0.09137055744801464,194,6.258064516129032,7.090355329949238,0.19695431272127603,3.129032258064516,3.545177664974619,0.9183673469387755,0.7346938775510204,31.774193548387096,0.967741935483871,0.9117647058823529,3.225806451612903,0.9315068493150684,0.2465753424657534,0.15126050420168066,0.22857142857142856,0.12935323383084577,0
beckki01w,9,SEA,0,0.23529411764705882,0.11764705882352941,0.5882352941176471,1.5483870967741937,0.7741935483870969,3.870967741935484,0.8333326388894676,0.04301074806336042,0.02150537403168021,6,0.35294117647058826,2.32258064516129,0.06451612209504064,16,0.9411764705882353,6.193548387096775,0.1720429922534417,0.4117647058823529,2.709677419354839,0.75,0.5,5.470588235294118,0.0,0.5,0.23529411764705882,1.2,0.4,0.014184397163120567,0.014814814814814815,0.012150668286755772,0
bennije01w,6,IND,0,0.1,0.1,0.3,0.6923076923076923,0.6923076923076923,2.076923076923077,0.4999991666680556,0.019230765532545088,0.019230765532545088,2,0.2,1.3846153846153846,0.038461531065090176,5,0.5,3.4615384615384617,0.09615382766272544,0.5,3.4615384615384617,0.3333333333333333,0.16666666666666666,5.2,0.0,0.29411764705882354,0.4,2.0,0.5,0.010416666666666666,0.002967359050445104,0.004464285714285714,0
berezva01w,9,SAS,0,0.0,0.0,0.0,0.0,0.0,0.0,0.0,0.0,0.0,0,0.0,0.0,0.0,0,0.0,0.0,0.0,1.0,12.0,0.0,0.0,3.0,0.0,0.058823529411764705,0.0,0.0,0.0,0.0,0.0,0.0,0
berthlu01w,3,CLE,0,0.0,0.0,0.2,0.0,0.0,2.25,0.24999937500156252,0.0,0.0,0,0.0,0.0,0.0,1,0.2,2.25,0.06249996093752441,1.0,11.25,0.0,0.0,3.2,0.0,0.14705882352941177,0.0,0.0,0.0,0.0,0.0,0.0014814814814814814,0
berthlu01w,4,CLE,0,0.45454545454545453,0.18181818181818182,1.0,1.791044776119403,0.7164179104477612,3.9402985074626864,0.5238093990930002,0.04975124130590839,0.019900496522363358,14,0.6363636363636364,2.5074626865671643,0.06965173782827175,36,1.6363636363636365,6.447761194029851,0.1791044687012702,1.7272727272727273,6.8059701492537314,0.358974358974359,0.2564102564102564,9.136363636363637,0.18181818181818182,0.6470588235294118,1.0,0.5454545454545454,0.36363636363636365,0.04597701149425287,0.04405286343612335,0.030513176144244106,0
berthlu01w,5,HOU,0,0.375,0.125,0.9375,1.6119402985074627,0.5373134328358209,4.029850746268657,0.5555553497943149,0.04477611606148388,0.014925372020494624,8,0.5,2.1492537313432836,0.0597014880819785,23,1.4375,6.17910447761194,0.17164177823568819,1.75,7.522388059701492,0.27586206896551724,0.20689655172413793,8.375,0.0,0.47058823529411764,0.5625,0.5714285714285714,0.2857142857142857,0.018518518518518517,0.024691358024691357,0.020689655172413793,0
beviltu01w,1,POR,0,1.28125,0.1875,2.375,1.8542713567839195,0.271356783919598,3.437185929648241,0.7999999157894825,0.0515075370413626,0.007537688347516478,47,1.46875,2.1256281407035176,0.05904522538887908,123,3.84375,5.562814070351759,0.1545226111240878,2.90625,4.206030150753769,0.5,0.43617021276595747,24.875,1.0,0.9411764705882353,2.0625,2.119047619047619,0.14285714285714285,0.06382978723404255,0.15413533834586465,0.12101910828025478,0
beviltu01w,2,POR,0,1.903225806451613,0.1935483870967742,1.967741935483871,2.6954314720812182,0.27411167512690354,2.786802030456853,0.6931817394111659,0.07487309549653433,0.007614213101342473,65,2.096774193548387,2.969543147208122,0.0824873085978768,126,4.064516129032258,5.756345177664975,0.15989847512819194,3.2903225806451615,4.659898477157361,0.6310679611650486,0.5728155339805825,25.419354838709676,1.0,0.9117647058823529,1.6774193548387097,1.7166666666666666,0.1,0.056074766355140186,0.24081632653061225,0.08751793400286945,0
beviltu01w,3,POR,0,0.8148148148148148,0.1111111111111111,0.9629629629629629,1.8812351543942993,0.25653206650831356,2.223277909738717,0.7878785491277123,0.05225653082526056,0.007125890567080985,25,0.9259259259259259,2.137767220902613,0.05938242139234154,51,1.8888888888888888,4.3610451306413305,0.12114013964037673,1.8148148148148149,4.190023752969121,0.5,0.44,15.592592592592593,0.7037037037037037,0.7941176470588235,1.0,1.9130434782608696,0.13043478260869565,0.024793388429752067,0.09166666666666666,0.040498442367601244,0
beviltu01w,4,SEA,0,0.45161290322580644,0.03225806451612903,0.5483870967741935,2.0,0.14285714285714285,2.4285714285714284,0.6538459023669606,0.05555555335097011,0.003968253810783579,15,0.4838709677419355,2.142857142857143,0.059523807161753685,32,1.032258064516129,4.571428571428571,0.12698412194507452,0.967741935483871,4.285714285714286,0.4838709677419355,0.45161290322580644,8.129032258064516,0.0,0.9117647058823529,0.6451612903225806,2.1333333333333333,0.06666666666666667,0.007194244604316547,0.060085836909871244,0.023192360163710776,0
beviltu01w,5,SEA,0,1.1176470588235294,0.058823529411764705,0.5882352941176471,3.82122905027933,0.2011173184357542,2.011173184357542,0.7692304733728949,0.10614524843169698,0.005586592022720893,40,1.1764705882352942,4.022346368715084,0.11173184045441788,60,1.7647058823529411,6.033519553072625,0.1675977606816268,1.411764705882353,4.826815642458101,0.8163265306122449,0.7755102040816326,10.529411764705882,0.0,1.0,0.7647058823529411,0.7435897435897436,0.05128205128205128,0.015151515151515152,0.1254125412541254,0.028169014084507043,0
beviltu01w,6,IND,0,1.935483870967742,0.0,1.6451612903225807,2.4742268041237114,0.0,2.1030927835051547,0.8095236810279871,0.06872852154950147,0.0,60,1.935483870967742,2.4742268041237114,0.06872852154950147,111,3.5806451612903225,4.577319587628866,0.12714776486657772,2.225806451612903,2.8453608247422677,0.8571428571428571,0.8571428571428571,28.161290322580644,1.0,0.9117647058823529,1.6451612903225807,1.3114754098360655,0.0,0.0,0.17804154302670624,0.07589285714285714,0
beviltu01w,7,IND,0,2.088235294117647,0.029411764705882353,1.9705882352941178,2.558558558558558,0.036036036036036036,2.4144144144144146,0.8701297571260055,0.07107107035964895,0.001001000990980971,72,2.1176470588235294,2.5945945945945947,0.07207207135062992,139,4.088235294117647,5.009009009009009,0.13913913774635497,2.1176470588235294,2.5945945945945947,0.9863013698630136,0.9726027397260274,29.38235294117647,1.0,1.0,1.588235294117647,1.0972222222222223,0.013888888888888888,0.010638297872340425,0.2,0.08862433862433862,0
beviltu01w,8,IND,0,1.6470588235294117,0.058823529411764705,1.7647058823529411,2.237513873473918,0.07991120976692564,2.3973362930077693,0.7999998933333475,0.06215316246222905,0.0022197558022224663,58,1.7058823529411764,2.317425083240843,0.06437291826445152,118,3.4705882352941178,4.714761376248613,0.1309655923311255,2.588235294117647,3.5160932297447283,0.651685393258427,0.6292134831460674,26.5,1.0,1.0,1.5588235294117647,1.6140350877192982,0.03508771929824561,0.014598540145985401,0.18122977346278318,0.07380073800738007,0
beviltu01w,9,IND,0,1.9666666666666666,0.13333333333333333,1.8666666666666667,2.4246575342465753,0.1643835616438356,2.3013698630136985,0.8235292906574572,0.06735159740466214,0.004566209993536415,63,2.1,2.5890410958904106,0.07191780739819854,119,3.966666666666667,4.89041095890411,0.13584474730770837,2.433333333333333,3.0,0.8513513513513513,0.7972972972972973,29.2,1.0,0.8823529411764706,1.1666666666666667,1.0833333333333333,0.06666666666666667,0.024096385542168676,0.18153846153846154,0.07188703465982028,0
beviltu01w,10,IND,0,1.8235294117647058,0.23529411764705882,1.9705882352941178,2.592334494773519,0.3344947735191638,2.8013937282229966,0.8481011584682078,0.07200929068514181,0.009291521378727975,70,2.0588235294117645,2.926829268292683,0.08130081206386978,137,4.029411764705882,5.7282229965156795,0.15911730361071658,2.235294117647059,3.1777003484320554,0.9090909090909091,0.8051948051948052,25.323529411764707,0.9411764705882353,1.0,1.411764705882353,1.5396825396825398,0.12698412698412698,0.06779661016949153,0.1657754010695187,0.08578745198463508,0
bibbyje01w,1,NYL,0,0.17647058823529413,0.0,0.11764705882352941,1.5652173913043477,0.0,1.0434782608695652,0.39999920000160005,0.0434782545683689,0.0,3,0.17647058823529413,1.5652173913043477,0.0434782545683689,5,0.29411764705882354,2.608695652173913,0.07246375761394817,0.5294117647058824,4.695652173913043,0.3,0.3,4.0588235294117645,0.0,0.5,0.7058823529411765,2.75,0.0,0.0,0.012145748987854251,0.0030627871362940277,0
bibrzag01w,5,SAS,0,0.875,0.2916666666666667,0.9583333333333334,1.6258064516129032,0.5419354838709678,1.7806451612903225,0.8214282780613292,0.04516128935137012,0.015053763117123375,28,1.1666666666666667,2.167741935483871,0.0602150524684935,51,2.125,3.9483870967741934,0.10967741699618459,1.5833333333333333,2.941935483870968,0.717948717948718,0.5384615384615384,19.375,0.375,0.7058823529411765,1.3333333333333333,1.8181818181818181,0.3181818181818182,0.06542056074766354,0.07692307692307693,0.03276353276353276,0
bibrzag01w,7,SAS,0,0.8125,0.375,1.75,1.2463382157123835,0.5752330226364847,2.6844207723035955,0.8484847199265575,0.03462050553101857,0.01597869486047011,38,1.1875,1.8215712383488682,0.05059920039148868,94,2.9375,4.505992010652464,0.12516644307368252,1.53125,2.3488681757656455,0.76,0.52,23.46875,0.6875,0.9411764705882353,1.46875,1.7777777777777777,0.4444444444444444,0.14285714285714285,0.10526315789473684,0.0687116564417178,0
birdsu01w,3,SEA,0,1.71875,0.09375,2.0625,1.7662801070472793,0.09634255129348795,2.119536128456735,0.7951806270866714,0.049063335869194154,0.0026761819565014992,58,1.8125,1.8626226583407672,0.05173951782569565,124,3.875,3.9821587867975023,0.11061552086872863,1.5,1.5414808206958073,1.183673469387755,1.1224489795918366,35.03125,1.0,0.9411764705882353,3.40625,3.4107142857142856,0.05357142857142857,0.019736842105263157,0.19434628975265017,0.10410094637223975,0
birdsu01w,4,SEA,0,1.411764705882353,0.029411764705882353,2.676470588235294,1.5211267605633803,0.03169014084507042,2.8838028169014085,0.8053096632469324,0.04225352075481056,0.0008802816823918866,49,1.4411764705882353,1.5528169014084505,0.04313380243720245,140,4.117647058823529,4.436619718309859,0.12323943553486412,1.3823529411764706,1.48943661971831,1.0208333333333333,1.0,33.411764705882355,1.0,1.0,3.235294117647059,4.510204081632653,0.02040816326530612,0.007194244604316547,0.20600858369098712,0.12414733969986358,0
birdsu01w,5,SEA,0,1.5,0.14705882352941177,2.4705882352941178,1.6161971830985917,0.15845070422535212,2.6619718309859155,0.7924527554289853,0.04489436580198622,0.0044014084119594335,56,1.6470588235294117,1.7746478873239435,0.04929577421394565,140,4.117647058823529,4.436619718309859,0.12323943553486412,1.411764705882353,1.5211267605633803,1.1428571428571428,1.0408163265306123,33.411764705882355,1.0,1.0,2.5588235294117645,3.5384615384615383,0.09615384615384616,0.03787878787878788,0.16831683168316833,0.11830985915492957,0
birdsu01w,6,SEA,0,0.9666666666666667,0.2,1.7,1.0235294117647058,0.21176470588235294,1.8,0.7083332349537174,0.028431372270280666,0.005882352883506344,35,1.1666666666666667,1.2352941176470589,0.03431372515378701,86,2.8666666666666667,3.035294117647059,0.08431372466359094,1.5333333333333334,1.6235294117647059,0.7446808510638298,0.6170212765957447,34.0,1.0,0.8823529411764706,2.9,5.866666666666666,0.2,0.03773584905660377,0.14356435643564355,0.06563706563706563,0
birdsu01w,7,SEA,0,1.7941176470588236,0.14705882352941177,2.2941176470588234,2.0619718309859154,0.16901408450704225,2.636619718309859,0.7647058073817836,0.057276994767352166,0.00469483563666821,66,1.9411764705882353,2.230985915492958,0.06197183040402037,144,4.235294117647059,4.867605633802817,0.13521126633604444,1.7647058823529411,2.028169014084507,1.0819672131147542,1.0,31.323529411764707,1.0,1.0,2.588235294117647,2.6129032258064515,0.08064516129032258,0.0390625,0.26180257510729615,0.0948905109489051,0
birdsu01w,8,SEA,0,1.4827586206896552,0.27586206896551724,1.6896551724137931,1.6844396082698587,0.3133841131664853,1.9194776931447224,0.8596489719914083,0.04678998860946694,0.008705114159900825,51,1.7586206896551724,1.997823721436344,0.05549510276936776,100,3.4482758620689653,3.9173014145810665,0.10881392699876032,1.5862068965517242,1.8019586507072907,1.0851063829787233,0.9148936170212766,31.689655172413794,1.0,0.8529411764705882,2.310344827586207,3.25,0.18181818181818182,0.05263157894736842,0.17695473251028807,0.05968331303288672,0
birdsu01w,9,SEA,0,1.1818181818181819,0.09090909090909091,2.121212121212121,1.2637263726372636,0.09720972097209721,2.268226822682268,0.8333332341269959,0.035103510035071915,0.0027002700026978396,42,1.2727272727272727,1.3609360936093609,0.037803780037769755,112,3.393939393939394,3.6291629162916292,0.10081008010071936,1.8484848484848484,1.9765976597659767,0.6774193548387096,0.6290322580645161,33.666666666666664,1.0,0.9705882352941176,2.6666666666666665,4.225,0.075,0.02127659574468085,0.14444444444444443,0.0850546780072904,0
birdsu01w,10,SEA,0,1.5161290322580645,0.0967741935483871,2.129032258064516,1.5367847411444142,0.09809264305177111,2.1580381471389645,0.8461537376725977,0.04268846464406481,0.002724795615578605,50,1.6129032258064515,1.6348773841961852,0.045413260259643415,116,3.7419354838709675,3.79291553133515,0.10535876380237272,1.6129032258064515,1.6348773841961852,0.9803921568627451,0.9215686274509803,35.516129032258064,1.0,0.9117647058823529,2.6129032258064515,3.7291666666666665,0.0625,0.019867549668874173,0.16967509025270758,0.08365019011406843,0
bjorkte01w,5,CHA,0,0.0,0.0,0.0,0.0,0.0,0.0,0.0,0.0,0.0,0,0.0,0.0,0.0,0,0.0,0.0,0.0,0.25,2.769230769230769,0.0,0.0,3.25,0.0,0.11764705882352941,0.25,0.0,0.0,0.0,0.0,0.0,0
blackch01w,10,CON,0,0.3939393939393939,0.8181818181818182,2.0,1.0934579439252337,2.2710280373831773,5.5514018691588785,0.6168223722595914,0.030373831066031986,0.06308411067560489,40,1.2121212121212122,3.364485981308411,0.09345794174163688,106,3.212121212121212,8.91588785046729,0.24766354561533774,1.6363636363636365,4.5420560747663545,0.7272727272727273,0.23636363636363636,12.969696969696969,0.24242424242424243,0.9705882352941176,0.7575757575757576,0.42857142857142855,1.9285714285714286,0.20610687022900764,0.05179282868525897,0.07980652962515115,0
blackde01w,1,MIA,0,1.8125,0.03125,2.15625,2.5463414634146337,0.04390243902439024,3.029268292682927,0.7499999184782697,0.07073170645449138,0.0012195121802498516,59,1.84375,2.590243902439024,0.07195121863474124,128,4.0,5.619512195121951,0.156097559071981,2.6875,3.7756097560975608,0.6781609195402298,0.6666666666666666,25.625,1.0,0.9411764705882353,1.5625,1.6610169491525424,0.01694915254237288,0.011235955056179775,0.21245421245421245,0.11577181208053691,0
blackde01w,2,MIA,0,2.5625,0.0625,2.59375,3.120507399577167,0.07610993657505286,3.1585623678646932,0.6587301064499915,0.08668076018307865,0.0021141648825141134,84,2.625,3.19661733615222,0.08879492506559276,167,5.21875,6.355179704016914,0.17653276768992845,2.15625,2.6257928118393234,1.2,1.1714285714285715,29.5625,1.0,0.9411764705882353,1.59375,1.4819277108433735,0.024096385542168676,0.012987012987012988,0.2724252491694352,0.1273006134969325,1
blackde01w,3,MIA,0,1.84375,0.15625,2.5625,2.3626251390433817,0.20022246941045607,3.2836484983314795,0.666666612466129,0.06562847535452197,0.00556173519953576,64,2.0,2.5628476084538376,0.07119021055405772,146,4.5625,5.846496106785317,0.1624026678264442,2.34375,3.0033370411568407,0.8421052631578947,0.7763157894736842,28.09375,1.0,0.9411764705882353,1.0,2.283333333333333,0.08333333333333333,0.05154639175257732,0.21454545454545454,0.14285714285714285,0
blackde01w,4,CON,0,0.5882352941176471,0.058823529411764705,1.0294117647058822,1.9302949061662198,0.193029490616622,3.3780160857908843,0.6862743752403185,0.05361930151154688,0.005361930151154688,22,0.6470588235294118,2.123324396782842,0.05898123166270157,57,1.6764705882352942,5.501340482573726,0.15281500930790862,0.9705882352941176,3.184986595174263,0.6470588235294118,0.5882352941176471,10.970588235294118,0.0,1.0,0.5294117647058824,2.1904761904761907,0.09523809523809523,0.017857142857142856,0.07380073800738007,0.045871559633027525,0
blackde01w,5,CON,0,0.6129032258064516,0.0,0.7419354838709677,1.9711815561959656,0.0,2.3861671469740635,0.6388887114198023,0.054755041649710616,0.0,19,0.6129032258064516,1.9711815561959656,0.054755041649710616,42,1.3548387096774193,4.357348703170029,0.121037460488834,1.1290322580645162,3.6311239193083575,0.5277777777777778,0.5277777777777778,11.193548387096774,0.12903225806451613,0.9117647058823529,0.4838709677419355,2.35,0.0,0.0,0.06333333333333334,0.031724137931034485,0
blodgci01w,1,SAC,0,0.4,0.05,0.4,2.1654135338345863,0.2706766917293233,2.1654135338345863,0.8888879012356653,0.06015037141726531,0.007518796427158163,9,0.45,2.43609022556391,0.06766916784442346,17,0.85,4.601503759398496,0.12781953926168876,0.45,2.43609022556391,0.9,0.8,6.65,0.0,0.5882352941176471,0.65,0.3333333333333333,0.1111111111111111,0.006329113924050633,0.024024024024024024,0.01228878648233487,0
blodgci01w,2,SAC,0,0.5454545454545454,0.09090909090909091,0.7272727272727273,3.0,0.5,4.0,0.8888879012356653,0.08333332175926086,0.013888886959876811,7,0.6363636363636364,3.5,0.09722220871913767,15,1.3636363636363635,7.5,0.20833330439815215,0.5454545454545454,3.0,1.0,0.8571428571428571,6.545454545454546,0.0,0.3235294117647059,1.0,0.8571428571428571,0.14285714285714285,0.006289308176100629,0.021660649819494584,0.011049723756906077,0
blueni01w,7,WAS,0,0.75,0.0,0.5416666666666666,3.580110497237569,0.0,2.585635359116022,0.6499996750001625,0.09944750831781722,0.0,18,0.75,3.580110497237569,0.09944750831781722,31,1.2916666666666667,6.165745856353592,0.1712707087695741,1.5,7.160220994475138,0.4864864864864865,0.4864864864864865,7.541666666666667,0.0,0.7058823529411765,0.75,1.894736842105263,0.0,0.0,0.05863192182410423,0.016861219195849545,0
blueni01w,8,WAS,0,0.7333333333333333,0.16666666666666666,1.6666666666666667,1.8857142857142857,0.42857142857142855,4.285714285714286,0.7936506676744971,0.05238095113378688,0.0119047616213152,27,0.9,2.314285714285714,0.06428571275510209,77,2.566666666666667,6.6,0.18333332896825408,1.8333333333333333,4.714285714285714,0.48214285714285715,0.39285714285714285,14.0,0.03333333333333333,0.8823529411764706,1.2333333333333334,2.0869565217391304,0.21739130434782608,0.03731343283582089,0.07773851590106007,0.06377551020408163,0
blueni01w,9,WAS,0,0.7307692307692307,0.07692307692307693,1.0,1.2737430167597765,0.1340782122905028,1.7430167597765363,0.6341461867936129,0.035381749806671324,0.0037243947164917186,21,0.8076923076923077,1.4078212290502794,0.03910614452316304,47,1.8076923076923077,3.1508379888268156,0.08752327583755538,2.269230769230769,3.955307262569832,0.35,0.31666666666666665,20.653846153846153,0.8461538461538461,0.7647058823529411,1.6153846153846154,3.65,0.1,0.02127659574468085,0.07851239669421488,0.03372243839169909,0
blueni01w,10,WAS,0,0.4375,0.0,0.5,2.769230769230769,0.0,3.164835164835165,0.7999992000008,0.07692306846999247,0.0,7,0.4375,2.769230769230769,0.07692306846999247,15,0.9375,5.934065934065934,0.16483514672141245,0.75,4.747252747252747,0.5384615384615384,0.5384615384615384,5.6875,0.0,0.47058823529411764,0.8125,1.5,0.0,0.0,0.022222222222222223,0.009950248756218905,0
blueoc01w,4,HOU,0,0.0,0.0,0.0625,0.0,0.0,0.972972972972973,0.49999750001249993,0.0,0.0,0,0.0,0.0,0.0,1,0.0625,0.972972972972973,0.0270270197224271,0.1875,2.9189189189189193,0.0,0.0,2.3125,0.0,0.47058823529411764,0.125,2.0,0.0,0.0,0.0,0.00130718954248366,0
blueoc01w,5,HOU,0,0.07692307692307693,0.0,0.6923076923076923,0.23225806451612904,0.0,2.0903225806451613,0.4285712244898931,0.006451612486992743,0.0,1,0.07692307692307693,0.23225806451612904,0.006451612486992743,10,0.7692307692307693,2.32258064516129,0.06451612486992743,0.7692307692307693,2.32258064516129,0.09090909090909091,0.09090909090909091,11.923076923076923,0.23076923076923078,0.38235294117647056,0.5384615384615384,2.5,0.0,0.0,0.00411522633744856,0.012413793103448275,0
bobbish01w,9,LAS,0,0.9615384615384616,0.038461538461538464,1.8461538461538463,1.6304347826086956,0.06521739130434782,3.1304347826086953,0.7499998828125183,0.045289854251995394,0.0018115941700798158,26,1.0,1.6956521739130435,0.04710144842207521,74,2.8461538461538463,4.826086956521739,0.13405796858590638,1.5384615384615385,2.608695652173913,0.6341463414634146,0.6097560975609756,21.23076923076923,0.6538461538461539,0.7647058823529411,2.423076923076923,3.4615384615384617,0.038461538461538464,0.004608294930875576,0.0992063492063492,0.05351170568561873,0
bobbish01w,10,LAS,0,0.45454545454545453,0.030303030303030304,0.6666666666666666,1.5297450424929178,0.1019830028328612,2.2436260623229463,0.6666664646465258,0.04249291664326015,0.002832861109550677,16,0.48484848484848486,1.6317280453257792,0.04532577775281083,38,1.1515151515151516,3.8753541076487252,0.10764872216292573,1.0303030303030303,3.4674220963172804,0.45714285714285713,0.42857142857142855,10.696969696969697,0.09090909090909091,0.9705882352941176,0.8484848484848485,2.875,0.0625,0.005988023952095809,0.06880733944954129,0.024886877828054297,0
boddiwh01w,10,SAC,0,0.25,0.0,0.0,4.0,0.0,0.0,0.0,0.11111098765445816,0.0,1,0.25,4.0,0.11111098765445816,1,0.25,4.0,0.11111098765445816,0.25,4.0,0.5,0.5,2.25,0.0,0.11764705882352941,0.25,0.0,0.0,0.0,0.0034482758620689655,0.0,0
boltoru01w,1,SAC,0,1.1724137931034482,0.034482758620689655,2.206896551724138,1.4101382488479262,0.041474654377880185,2.654377880184332,0.6037735279458936,0.039170506461169284,0.0011520737194461554,35,1.206896551724138,1.4516129032258065,0.040322580180615436,99,3.413793103448276,4.105990783410139,0.11405529822516938,2.0689655172413794,2.4884792626728114,0.5737704918032787,0.5573770491803278,29.93103448275862,1.0,0.8529411764705882,1.5517241379310345,1.6285714285714286,0.02857142857142857,0.006329113924050633,0.1021021021021021,0.09831029185867896,0
boltoru01w,2,SAC,0,0.9032258064516129,0.03225806451612903,1.903225806451613,1.731958762886598,0.061855670103092786,3.649484536082474,0.6344085339345662,0.048109964809107134,0.0017182130288966833,29,0.9354838709677419,1.7938144329896908,0.04982817783800382,88,2.838709677419355,5.443298969072164,0.15120274654290813,1.7741935483870968,3.402061855670103,0.5178571428571429,0.5,18.774193548387096,0.0,0.9117647058823529,1.2580645161290323,1.896551724137931,0.034482758620689655,0.006289308176100629,0.10108303249097472,0.08149171270718232,0
boltoru01w,3,SAC,0,1.40625,0.0625,1.96875,2.198100407055631,0.09769335142469471,3.077340569877883,0.670212694658224,0.061058343811962776,0.002713704169420568,47,1.46875,2.295793758480326,0.06377204798138333,110,3.4375,5.3731343283582085,0.14925372931813122,2.3125,3.614654002713704,0.6266666666666667,0.6,23.03125,0.03125,0.9411764705882353,1.09375,0.8043478260869565,0.043478260869565216,0.01818181818181818,0.1814516129032258,0.0970724191063174,0
boltoru01w,4,SAC,0,1.0,0.06060606060606061,1.2727272727272727,2.280230326295585,0.1381957773512476,2.9021113243762,0.7368419759926358,0.0633397300702547,0.003838771519409376,35,1.0606060606060606,2.418426103646833,0.06717850158966408,77,2.3333333333333335,5.320537428023032,0.14779270349726098,1.5757575757575757,3.5930902111324374,0.660377358490566,0.6226415094339622,15.787878787878787,0.0,0.9705882352941176,0.6363636363636364,1.0294117647058822,0.058823529411764705,0.016260162601626018,0.11073825503355705,0.0584144645340751,0
boltoru01w,5,SAC,0,0.6764705882352942,0.0,0.9411764705882353,1.7654584221748402,0.0,2.456289978678038,0.6530610912120222,0.049040510681439005,0.0,23,0.6764705882352942,1.7654584221748402,0.049040510681439005,55,1.6176470588235294,4.221748400852879,0.11727078641213676,1.3235294117647058,3.4541577825159915,0.5,0.5,13.794117647058824,0.11764705882352941,1.0,0.4411764705882353,1.2916666666666667,0.0,0.0,0.07301587301587302,0.050314465408805034,0
bondla01w,7,CHA,0,1.0294117647058822,0.23529411764705882,1.2352941176470589,2.0521172638436482,0.4690553745928339,2.462540716612378,0.857142682215779,0.05700325640059843,0.013029315748708213,43,1.2647058823529411,2.5211726384364823,0.07003257214930665,85,2.5,4.98371335504886,0.13843647983002477,2.4411764705882355,4.866449511400652,0.5119047619047619,0.4166666666666667,18.058823529411764,0.14705882352941177,1.0,2.3529411764705883,2.0277777777777777,0.2222222222222222,0.05128205128205128,0.11075949367088607,0.05614973262032086,0
bondla01w,9,IND,0,0.46875,0.125,0.75,1.6615384615384616,0.4430769230769231,2.658461538461539,0.774193298647323,0.046153844733727856,0.012307691928994096,19,0.59375,2.1046153846153848,0.058461536662721955,43,1.34375,4.763076923076923,0.13230768823668654,1.75,6.203076923076923,0.3333333333333333,0.2631578947368421,10.15625,0.03125,0.9411764705882353,1.03125,1.6875,0.25,0.024096385542168676,0.046153846153846156,0.03080872913992298,0
bonfisu01w,3,PHO,0,0.5454545454545454,0.0,0.9545454545454546,1.4117647058823528,0.0,2.4705882352941178,0.5675674141709691,0.03921568499295147,0.0,12,0.5454545454545454,1.4117647058823528,0.03921568499295147,33,1.5,3.882352941176471,0.10784313373061655,1.5909090909090908,4.117647058823529,0.3333333333333333,0.3333333333333333,13.909090909090908,0.2727272727272727,0.6470588235294118,0.8181818181818182,1.7692307692307692,0.0,0.0,0.04477611940298507,0.03349282296650718,0
bonnede01w,10,PHO,0,0.6764705882352942,0.7352941176470589,3.7058823529411766,1.143646408839779,1.2430939226519337,6.265193370165746,0.6428571100583107,0.03176795536232106,0.03453038626339246,48,1.411764705882353,2.386740331491713,0.06629834162571352,174,5.117647058823529,8.651933701657459,0.2403314883932115,2.0588235294117645,3.4806629834254146,0.676056338028169,0.323943661971831,21.294117647058822,0.0,1.0,1.0,0.5416666666666666,1.0416666666666667,0.13736263736263737,0.10176991150442478,0.13891951488423374,0
bowenli01w,8,NYL,0,0.0,0.0,0.3333333333333333,0.0,0.0,1.945945945945946,0.9999950000249999,0.0,0.0,0,0.0,0.0,0.0,2,0.3333333333333333,1.945945945945946,0.0540540394448542,0.0,0.0,0.0,0.0,6.166666666666667,0.16666666666666666,0.17647058823529413,0.6666666666666666,1.0,0.0,0.0,0.0,0.0025348542458808617,0
boydca01w,2,DET,0,0.5238095238095238,0.09523809523809523,0.7619047619047619,1.7217391304347827,0.3130434782608696,2.5043478260869567,0.6153843786983159,0.047826084877126744,0.008695651795841227,13,0.6190476190476191,2.034782608695652,0.05652173667296797,29,1.380952380952381,4.539130434782608,0.12608695103969778,1.5238095238095237,5.008695652173913,0.3939393939393939,0.3333333333333333,10.952380952380953,0.0,0.6176470588235294,0.7619047619047619,1.1666666666666667,0.16666666666666666,0.024096385542168676,0.048672566371681415,0.02572347266881029,0
braxtka01w,6,DET,0,0.5454545454545454,0.3939393939393939,1.7575757575757576,1.424175824175824,1.0285714285714285,4.589010989010989,0.5799999420000058,0.039560438690979374,0.028571427943485102,31,0.9393939393939394,2.4527472527472525,0.06813186663446448,89,2.696969696969697,7.041758241758242,0.195604391305398,2.3636363636363638,6.171428571428572,0.3924050632911392,0.22784810126582278,13.787878787878787,0.06060606060606061,0.9705882352941176,1.5757575757575757,0.7368421052631579,0.6842105263157895,0.08333333333333333,0.0743801652892562,0.07213930348258707,0
braxtka01w,7,DET,0,0.3235294117647059,0.3235294117647059,2.2058823529411766,1.1030640668523677,1.1030640668523677,7.520891364902507,0.6410255862371294,0.03064066767017639,0.03064066767017639,22,0.6470588235294118,2.2061281337047354,0.06128133534035278,97,2.8529411764705883,9.727019498607241,0.2701949785461009,2.4411764705882355,8.323119777158775,0.2619047619047619,0.13095238095238096,10.558823529411764,0.029411764705882353,1.0,1.5588235294117647,2.1666666666666665,0.9166666666666666,0.07971014492753623,0.0514018691588785,0.0851305334846765,0
braxtka01w,8,DET,0,0.45161290322580644,0.5161290322580645,3.6129032258064515,0.9247706422018349,1.0568807339449542,7.398165137614679,0.6746987545362196,0.025688072923154625,0.02935779762646243,30,0.967741935483871,1.981651376146789,0.05504587054961706,142,4.580645161290323,9.379816513761469,0.26055045393485404,2.935483870967742,6.011009174311927,0.32608695652173914,0.15217391304347827,17.580645161290324,0.6451612903225806,0.9117647058823529,2.0,1.0666666666666667,1.0666666666666667,0.13559322033898305,0.06140350877192982,0.12017167381974249,0
braxtka01w,9,DET,0,0.42424242424242425,0.7272727272727273,3.6363636363636362,0.8542372881355933,1.464406779661017,7.322033898305085,0.71428567176871,0.02372881315713876,0.04067796541223788,38,1.1515151515151516,2.31864406779661,0.06440677856937664,158,4.787878787878788,9.640677966101695,0.267796605630566,2.5454545454545454,5.125423728813559,0.4470588235294118,0.16470588235294117,17.87878787878788,0.30303030303030304,0.9705882352941176,1.6363636363636365,1.8,1.6,0.20168067226890757,0.05017921146953405,0.14218009478672985,0
braxtka01w,10,DET,0,0.6785714285714286,0.6428571428571429,3.607142857142857,1.357142857142857,1.2857142857142856,7.214285714285714,0.6047903829466836,0.037698411950428334,0.03571428500566895,37,1.3214285714285714,2.642857142857143,0.07341269695609728,138,4.928571428571429,9.857142857142858,0.2738095183767953,2.8214285714285716,5.642857142857142,0.4625,0.2375,18.0,0.07142857142857142,0.8235294117647058,1.8214285714285714,2.05,0.9,0.1836734693877551,0.07251908396946564,0.11826697892271663,0
brazian01w,1,CHA,0,0.22727272727272727,0.0,0.8181818181818182,0.8866995073891626,0.0,3.1921182266009853,0.5294116089965856,0.024630540658594057,0.0,5,0.22727272727272727,0.8866995073891626,0.024630540658594057,23,1.0454545454545454,4.078817733990148,0.11330048702953266,1.0909090909090908,4.25615763546798,0.2,0.2,9.227272727272727,0.13636363636363635,0.6470588235294118,0.7727272727272727,0.8333333333333334,0.0,0.0,0.02242152466367713,0.028526148969889066,0
brazian01w,2,IND,0,0.391304347826087,0.5652173913043478,2.4347826086956523,0.9501466275659824,1.372434017595308,5.912023460410557,0.7272726328217359,0.026392961102845718,0.03812316603744381,22,0.9565217391304348,2.32258064516129,0.06451612714028954,78,3.391304347826087,8.234604105571847,0.22873899622466287,1.173913043478261,2.8504398826979473,0.7857142857142857,0.32142857142857145,14.826086956521738,0.0,0.6764705882352942,0.8695652173913043,0.7,1.3,0.1092436974789916,0.037037037037037035,0.08615384615384615,0
bristre01w,2,CHA,0,0.0,0.0,0.0,0.0,0.0,0.0,0.0,0.0,0.0,0,0.0,0.0,0.0,0,0.0,0.0,0.0,0.0,0.0,0.0,0.0,5.0,0.0,0.029411764705882353,1.0,0.0,0.0,0.0,0.0,0.0,0
brogami01w,1,PHO,0,1.0714285714285714,0.21428571428571427,2.5357142857142856,1.489655172413793,0.29793103448275865,3.5255172413793106,0.639639582014452,0.041379309774078485,0.008275861954815698,36,1.2857142857142858,1.7875862068965516,0.049655171728894186,107,3.8214285714285716,5.313103448275862,0.14758620486087995,3.142857142857143,4.369655172413793,0.4044943820224719,0.33707865168539325,25.892857142857142,0.8214285714285714,0.8235294117647058,1.2857142857142858,1.5806451612903225,0.1935483870967742,0.06521739130434782,0.1048951048951049,0.11451612903225807,0
brondsa01w,2,MIA,0,0.9655172413793104,0.13793103448275862,1.3793103448275863,1.1858823529411766,0.16941176470588235,1.6941176470588235,0.799999840000032,0.03294117608304499,0.004705882297577855,32,1.103448275862069,1.3552941176470588,0.03764705838062284,72,2.4827586206896552,3.0494117647058823,0.0847058813564014,2.103448275862069,2.583529411764706,0.5161290322580645,0.45161290322580644,29.310344827586206,1.0,0.8529411764705882,1.2413793103448276,2.1724137931034484,0.13793103448275862,0.025974025974025976,0.09302325581395349,0.06134969325153374,0
brondsa01w,3,MIA,0,0.8666666666666667,0.13333333333333333,1.1333333333333333,1.2267365661861076,0.18872870249017037,1.6041939711664481,0.8292680904224169,0.03407601528078617,0.005242463889351718,30,1.0,1.4154652686762779,0.039318479170137886,64,2.1333333333333333,3.019659239842726,0.08387942222962749,1.3333333333333333,1.8872870249017037,0.7317073170731707,0.6341463414634146,25.433333333333334,0.7666666666666667,0.8823529411764706,1.3333333333333333,1.7037037037037037,0.14814814814814814,0.041237113402061855,0.09454545454545454,0.059233449477351915,0
brondsa01w,4,SEA,0,0.9117647058823529,0.058823529411764705,1.088235294117647,1.1446153846153846,0.07384615384615384,1.3661538461538463,0.6607141677296129,0.03179487146877055,0.002051282030243261,33,0.9705882352941176,1.2184615384615385,0.03384615349901381,70,2.0588235294117645,2.5846153846153843,0.07179487105851415,1.7058823529411764,2.1415384615384614,0.559322033898305,0.5254237288135594,28.676470588235293,1.0,1.0,1.088235294117647,2.15625,0.0625,0.014388489208633094,0.13304721030042918,0.0504774897680764,0
brownco01w,4,IND,0,0.7,0.13333333333333333,1.0,1.4482758620689655,0.27586206896551724,2.0689655172413794,0.731707138608015,0.040229884286783826,0.007662835102244539,25,0.8333333333333334,1.7241379310344829,0.047892719389028365,55,1.8333333333333333,3.793103448275862,0.1053639826558624,1.0,2.0689655172413794,0.8064516129032258,0.6774193548387096,17.4,0.06666666666666667,0.8823529411764706,1.2,1.4090909090909092,0.18181818181818182,0.03278688524590164,0.07,0.04580152671755725,0
brownco01w,5,IND,0,0.2692307692307692,0.038461538461538464,0.9230769230769231,0.6331658291457286,0.09045226130653267,2.170854271356784,0.7058821453287807,0.01758793925658444,0.0025125627509406346,8,0.3076923076923077,0.7236180904522613,0.020100502007525077,32,1.2307692307692308,2.8944723618090453,0.08040200803010031,1.1923076923076923,2.8040201005025125,0.25,0.21875,15.307692307692308,0.0,0.7647058823529411,1.1923076923076923,5.125,0.125,0.007407407407407408,0.026717557251908396,0.0339943342776204,0
brownco01w,6,IND,0,0.16666666666666666,0.0,0.3333333333333333,1.5652173913043477,0.0,3.1304347826086953,0.9999950000249999,0.043478241965981754,0.0,1,0.16666666666666666,1.5652173913043477,0.043478241965981754,3,0.5,4.695652173913043,0.13043472589794528,0.16666666666666666,1.5652173913043477,0.5,0.5,3.8333333333333335,0.0,0.17647058823529413,0.5,1.5,0.0,0.0,0.002967359050445104,0.002976190476190476,0
brownco01w,7,CHI,0,0.6666666666666666,0.0,1.2,1.4285714285714284,0.0,2.571428571428571,0.8181814462811607,0.03968253810783579,0.0,10,0.6666666666666666,1.4285714285714284,0.03968253810783579,28,1.8666666666666667,4.0,0.11111110670194022,0.8,1.7142857142857142,0.7692307692307693,0.7692307692307693,16.8,0.13333333333333333,0.4411764705882353,1.2,2.3636363636363638,0.0,0.0,0.03597122302158273,0.02643171806167401,0
browned01w,1,DET,0,0.75,0.15625,1.625,1.3957996768982228,0.29079159935379645,3.024232633279483,0.5909090237603382,0.03877221262080432,0.0080775442960009,29,0.90625,1.6865912762520194,0.04684975691680522,81,2.53125,4.710823909531503,0.1308562175952146,2.40625,4.4781906300484655,0.3717948717948718,0.3076923076923077,19.34375,0.21875,0.9411764705882353,2.125,2.88,0.2,0.056179775280898875,0.09195402298850575,0.08062015503875969,0
browned01w,2,DET,0,1.03125,0.21875,2.1875,1.485,0.31500000000000006,3.15,0.6930692383099764,0.04124999948437501,0.008749999890625002,40,1.25,1.8,0.04999999937500001,110,3.4375,4.95,0.13749999828125004,2.59375,3.735,0.47619047619047616,0.39285714285714285,25.0,0.4375,0.9411764705882353,2.125,2.5588235294117645,0.20588235294117646,0.08433734939759036,0.14601769911504425,0.11254019292604502,0
browned01w,3,DET,0,0.8928571428571429,0.25,1.8928571428571428,1.6393442622950818,0.45901639344262296,3.4754098360655736,0.646341384592514,0.04553733978984809,0.012750455141157467,32,1.1428571428571428,2.098360655737705,0.05828779493100556,85,3.0357142857142856,5.573770491803279,0.15482695528548351,2.607142857142857,4.786885245901639,0.43243243243243246,0.33783783783783783,19.607142857142858,0.25,0.8235294117647058,2.142857142857143,2.230769230769231,0.2692307692307692,0.05263157894736842,0.12376237623762376,0.07361111111111111,0
browned01w,4,PHO,0,0.8823529411764706,0.20588235294117646,1.2352941176470589,2.0610687022900764,0.4809160305343511,2.8854961832061066,0.5915492124578574,0.057251907304352916,0.01335877837101568,37,1.088235294117647,2.5419847328244276,0.0706106856753686,79,2.323529411764706,5.427480916030534,0.15076335590146267,1.2941176470588236,3.0229007633587788,0.8222222222222222,0.6666666666666666,15.411764705882353,0.17647058823529413,1.0,1.3823529411764706,2.0,0.22580645161290322,0.0625,0.09646302250803858,0.06521739130434782,0
browned01w,7,HOU,0,0.25,0.0,0.75,1.2857142857142856,0.0,3.8571428571428568,0.7499981250046875,0.03571427295918823,0.0,1,0.25,1.2857142857142856,0.03571427295918823,4,1.0,5.142857142857142,0.1428570918367529,0.5,2.571428571428571,0.3333333333333333,0.3333333333333333,7.0,0.0,0.11764705882352941,0.5,0.5,0.0,0.0,0.003952569169960474,0.0036452004860267314,0
brownki01w,3,WAS,0,0.2777777777777778,0.0,0.4444444444444444,1.6666666666666665,0.0,2.6666666666666665,0.6666661111115741,0.04629629200960259,0.0,5,0.2777777777777778,1.6666666666666665,0.04629629200960259,13,0.7222222222222222,4.333333333333333,0.12037035922496674,0.5555555555555556,3.333333333333333,0.45454545454545453,0.45454545454545453,6.0,0.0,0.5294117647058824,0.2777777777777778,1.0,0.0,0.0,0.02252252252252252,0.011283497884344146,0
brownki01w,4,WAS,0,0.48148148148148145,0.037037037037037035,0.9629629629629629,1.7397769516728625,0.13382899628252787,3.479553903345725,0.8124997460938292,0.04832713574992061,0.003717471980763124,14,0.5185185185185185,1.8736059479553904,0.052044607730683735,40,1.4814814814814814,5.353159851301116,0.14869887923052494,0.8518518518518519,3.078066914498141,0.5833333333333334,0.5416666666666666,9.962962962962964,0.0,0.7941176470588235,0.8148148148148148,2.0,0.07142857142857142,0.01,0.06074766355140187,0.036931818181818184,0
brownki01w,5,WAS,0,0.5,0.07692307692307693,1.5769230769230769,1.261455525606469,0.1940700808625337,3.9784366576819408,0.8199998360000328,0.03504043032236037,0.0053908354342092875,15,0.5769230769230769,1.4555256064690025,0.04043126575656966,56,2.1538461538461537,5.433962264150943,0.15094339215786007,0.8076923076923077,2.0377358490566038,0.6818181818181818,0.5909090909090909,14.26923076923077,0.0,0.7647058823529411,1.2692307692307692,3.0,0.14285714285714285,0.015503875968992248,0.05078125,0.05639614855570839,0
brownki01w,6,HOU,2,0.25,0.0,0.25,2.0,0.0,2.0,0.9999900000999989,0.055555524691375174,0.0,1,0.25,2.0,0.055555524691375174,2,0.5,4.0,0.11111104938275035,0.25,2.0,0.5,0.5,4.5,0.0,0.11764705882352941,0.5,1.0,0.0,0.0,0.004048582995951417,0.00145985401459854,0
brownki01w,6,WAS,1,1.0,0.0,0.0,5.142857142857142,0.0,0.0,0.0,0.1428570408163994,0.0,2,1.0,5.142857142857142,0.1428570408163994,2,1.0,5.142857142857142,0.1428570408163994,0.0,0.0,2.0,2.0,7.0,0.0,0.058823529411764705,1.0,0.0,0.0,0.0,0.007662835249042145,0.0,0
brownki01w,7,NYL,0,0.125,0.0,0.375,1.2413793103448276,0.0,3.7241379310344827,0.7499990625011719,0.03448275267538747,0.0,2,0.125,1.2413793103448276,0.03448275267538747,8,0.5,4.9655172413793105,0.13793101070154987,0.4375,4.344827586206897,0.25,0.25,3.625,0.0,0.47058823529411764,0.1875,3.0,0.0,0.0,0.007905138339920948,0.008141112618724558,0
brownki01w,8,LAS,2,0.4444444444444444,0.1111111111111111,1.1481481481481481,1.3211009174311927,0.3302752293577982,3.4128440366972477,0.7948715910585663,0.03669724658418207,0.009174311646045517,15,0.5555555555555556,1.651376146788991,0.04587155823022758,46,1.7037037037037037,5.064220183486238,0.14067277857269792,0.7777777777777778,2.3119266055045875,0.6818181818181818,0.5454545454545454,12.11111111111111,0.0,0.7941176470588235,0.9259259259259259,3.6923076923076925,0.23076923076923078,0.027777777777777776,0.04878048780487805,0.039540816326530615,0
brownki01w,8,MIN,1,0.3333333333333333,0.3333333333333333,1.0,1.2413793103448276,1.2413793103448276,3.7241379310344827,0.5999988000024,0.03448274673008733,0.03448274673008733,2,0.6666666666666666,2.4827586206896552,0.06896549346017466,5,1.6666666666666667,6.206896551724139,0.17241373365043666,1.6666666666666667,6.206896551724139,0.3333333333333333,0.16666666666666666,9.666666666666666,0.0,0.08823529411764706,0.6666666666666666,1.0,0.5,0.010416666666666666,0.0041841004184100415,0.003816793893129771,0
brownki01w,9,LAS,0,0.59375,0.0,1.59375,1.290566037735849,0.0,3.4641509433962265,0.8644066331514181,0.035849055927376305,0.0,19,0.59375,1.290566037735849,0.035849055927376305,70,2.1875,4.754716981132075,0.13207546920612323,1.28125,2.7849056603773583,0.4523809523809524,0.4523809523809524,16.5625,0.53125,0.9411764705882353,1.21875,3.3,0.0,0.0,0.07539682539682539,0.056856187290969896,0
brownki01w,10,CON,0,0.38235294117647056,0.08823529411764706,1.3529411764705883,1.1908396946564885,0.2748091603053435,4.213740458015267,0.8363634842975483,0.033078879565422915,0.007633587592020673,16,0.47058823529411764,1.4656488549618323,0.04071246715744359,62,1.8235294117647058,5.679389312977099,0.1577608102350939,1.0294117647058822,3.2061068702290076,0.4444444444444444,0.3611111111111111,11.558823529411764,0.0,1.0,0.8529411764705882,2.7142857142857144,0.21428571428571427,0.022900763358778626,0.05179282868525897,0.05562273276904474,0
brownru01w,1,CLE,0,1.2666666666666666,0.43333333333333335,2.3333333333333335,2.0147275405007363,0.6892488954344624,3.7113402061855667,0.5645160835067674,0.05596465307857654,0.019145802368986713,51,1.7,2.7039764359351985,0.07511045544756326,121,4.033333333333333,6.415316642120766,0.17820323743441477,2.7,4.294550810014727,0.6219512195121951,0.4634146341463415,22.633333333333333,0.7333333333333333,0.8823529411764706,1.9666666666666666,1.1282051282051282,0.3333333333333333,0.14130434782608695,0.14615384615384616,0.11589403973509933,0
brownru01w,2,CLE,0,1.4666666666666666,0.3333333333333333,2.7666666666666666,2.0842105263157893,0.47368421052631576,3.931578947368421,0.628787831152437,0.05789473608033242,0.013157894563711914,54,1.8,2.557894736842105,0.07105263064404434,137,4.566666666666666,6.489473684210527,0.1802631555228532,2.433333333333333,3.457894736842105,0.7297297297297297,0.5945945945945946,25.333333333333332,0.8,0.8823529411764706,1.2333333333333334,0.8222222222222222,0.2222222222222222,0.11904761904761904,0.16417910447761194,0.12518853695324283,0
brownru01w,3,CLE,0,0.75,0.2857142857142857,1.6428571428571428,1.6153846153846154,0.6153846153846154,3.5384615384615383,0.6133332515555664,0.04487179391299586,0.017094016728760326,29,1.0357142857142858,2.230769230769231,0.061965810641756186,75,2.6785714285714284,5.76923076923077,0.16025640683212808,1.9285714285714286,4.153846153846154,0.5272727272727272,0.38181818181818183,16.714285714285715,0.07142857142857142,0.8235294117647058,1.3928571428571428,1.2272727272727273,0.36363636363636365,0.09523809523809523,0.0945945945945946,0.06814814814814815,0
brownru01w,4,CHA,0,0.8529411764705882,0.29411764705882354,1.4411764705882353,2.1614906832298137,0.7453416149068323,3.6521739130434785,0.5903613746552561,0.06004140662440152,0.020703933318759145,39,1.1470588235294117,2.906832298136646,0.08074533994316067,88,2.588235294117647,6.559006211180124,0.18219461320508049,2.588235294117647,6.559006211180124,0.43820224719101125,0.3258426966292135,14.205882352941176,0.14705882352941177,1.0,1.0294117647058822,0.5333333333333333,0.3333333333333333,0.08620689655172414,0.10357142857142858,0.07777777777777778,0
brumfma01w,1,MIN,0,0.6875,0.0625,1.1875,1.292006525285481,0.11745513866231648,2.231647634584013,0.6333332277777953,0.03588906956135286,0.003262642687395715,24,0.75,1.4094616639477975,0.039151712248748576,62,1.9375,3.6411092985318105,0.10114192330926716,2.1875,4.1109298531810765,0.3380281690140845,0.30985915492957744,19.15625,0.53125,0.9411764705882353,1.25,1.826086956521739,0.08695652173913043,0.03125,0.09243697478991597,0.06199021207177814,0
brumfma01w,2,MIA,0,0.7407407407407407,0.0,0.6296296296296297,2.91497975708502,0.0,2.477732793522267,0.6799997280001088,0.08097165664082362,0.0,20,0.7407407407407407,2.91497975708502,0.08097165664082362,37,1.3703703703703705,5.392712550607287,0.1497975647855237,1.0,3.9352226720647776,0.7142857142857143,0.7142857142857143,9.148148148148149,0.0,0.7941176470588235,0.8888888888888888,1.5238095238095237,0.0,0.0,0.0664451827242525,0.02607361963190184,0
brumfma01w,4,CHA,0,0.04,0.04,0.36,0.29268292682926833,0.29268292682926833,2.6341463414634143,0.8999991000009,0.008130080639830842,0.008130080639830842,2,0.08,0.5853658536585367,0.016260161279661685,11,0.44,3.2195121951219514,0.08943088703813926,0.52,3.804878048780488,0.14285714285714285,0.07142857142857142,4.92,0.0,0.7352941176470589,0.24,7.0,0.5,0.008620689655172414,0.0035714285714285713,0.014285714285714285,0
brungje01w,5,CON,0,0.12121212121212122,0.12121212121212122,0.8181818181818182,0.4585987261146497,0.4585987261146497,3.095541401273885,0.7297295325055317,0.012738853097488756,0.012738853097488756,8,0.24242424242424243,0.9171974522292994,0.025477706194977513,35,1.0606060606060606,4.012738853503185,0.11146496460302661,0.6363636363636364,2.4076433121019107,0.36363636363636365,0.18181818181818182,9.515151515151516,0.0,0.9705882352941176,0.36363636363636365,5.4,0.8,0.041237113402061855,0.013333333333333334,0.037241379310344824,0
brungje01w,6,CON,0,0.0,0.0,0.4166666666666667,0.0,0.0,3.8297872340425534,0.8333319444467593,0.0,0.0,0,0.0,0.0,0.0,5,0.4166666666666667,3.8297872340425534,0.10638295608873274,0.3333333333333333,3.0638297872340425,0.0,0.0,3.9166666666666665,0.0,0.35294117647058826,0.16666666666666666,2.0,0.0,0.0,0.0,0.0063371356147021544,0
brungje01w,7,CON,0,0.0,0.0,0.0,0.0,0.0,0.0,0.0,0.0,0.0,0,0.0,0.0,0.0,0,0.0,0.0,0.0,0.0,0.0,0.0,0.0,1.75,0.0,0.11764705882352941,0.25,0.0,0.0,0.0,0.0,0.0,0
brunsre01w,5,SAC,0,0.6764705882352942,0.38235294117647056,2.3529411764705883,1.6761133603238867,0.9473684210526315,5.82995951417004,0.6557376511690449,0.04655870351095742,0.026315788940975932,36,1.0588235294117647,2.623481781376518,0.07287449245193335,116,3.411764705882353,8.453441295546558,0.23481780901178526,1.411764705882353,3.4979757085020244,0.7346938775510204,0.46938775510204084,14.529411764705882,0.029411764705882353,1.0,0.8529411764705882,0.7916666666666666,0.5416666666666666,0.1092436974789916,0.07301587301587302,0.12578616352201258,0
brunsre01w,6,SAC,0,0.8235294117647058,0.4411764705882353,3.2941176470588234,1.3961218836565097,0.7479224376731302,5.584487534626039,0.5989304492550562,0.038781162897767826,0.02077562298094705,43,1.2647058823529411,2.14404432132964,0.05955678587871488,155,4.5588235294117645,7.728531855955679,0.21468143746978618,1.7941176470588236,3.041551246537396,0.6935483870967742,0.45161290322580644,21.235294117647058,0.47058823529411764,1.0,1.2352941176470589,0.5517241379310345,0.5172413793103449,0.13761467889908258,0.09180327868852459,0.16592592592592592,0
brunsre01w,7,SAC,0,0.6176470588235294,0.4411764705882353,3.3529411764705883,1.2663316582914572,0.9045226130653267,6.874371859296482,0.5968586074943137,0.03517587880777422,0.02512562771983873,36,1.0588235294117647,2.170854271356784,0.06030150652761296,150,4.411764705882353,9.045226130653266,0.25125627719838733,1.911764705882353,3.919597989949749,0.5454545454545454,0.3181818181818182,17.558823529411764,0.4117647058823529,1.0,1.1764705882352942,0.7727272727272727,0.6818181818181818,0.16853932584269662,0.0634441087613293,0.15811373092926492,0
brunsre01w,8,SAC,0,1.3333333333333333,0.9393939393939394,5.0,1.699570815450644,1.1974248927038627,6.373390557939914,0.5593220149382369,0.04721029992263627,0.033261802218221004,75,2.272727272727273,2.8969957081545066,0.08047210214085727,240,7.2727272727272725,9.27038626609442,0.2575107268507433,2.3636363636363638,3.0128755364806867,0.9493670886075949,0.5569620253164557,28.242424242424242,0.8787878787878788,0.9705882352941176,1.7575757575757576,0.5333333333333333,0.6888888888888889,0.30392156862745096,0.13496932515337423,0.22790055248618785,0
brunsre01w,9,SAC,0,1.2,0.6666666666666666,4.2,1.6636713735558408,0.9242618741976893,5.822849807445443,0.5915492680023817,0.046213093116648354,0.0256739406203602,56,1.8666666666666667,2.58793324775353,0.07188703373700855,182,6.066666666666666,8.410783055198973,0.2336328596452778,2.7333333333333334,3.789473684210526,0.6746987951807228,0.43373493975903615,25.966666666666665,1.0,0.8823529411764706,1.7,0.35135135135135137,0.5405405405405406,0.2564102564102564,0.1125,0.1745152354570637,0
brunsre01w,10,SAC,0,1.4814814814814814,0.5925925925925926,4.555555555555555,2.1654135338345863,0.8661654135338346,6.658646616541354,0.6473683869806112,0.06015037503533271,0.024060150014133082,56,2.074074074074074,3.031578947368421,0.08421052504946579,179,6.62962962962963,9.690225563909774,0.26917292828311384,2.111111111111111,3.085714285714286,0.9655172413793104,0.6896551724137931,24.62962962962963,0.6296296296296297,0.7941176470588235,1.6666666666666667,0.21951219512195122,0.3902439024390244,0.16161616161616163,0.13793103448275862,0.16099476439790575,0
bullevi01w,1,WAS,0,2.0,1.46875,3.8125,2.106032906764168,1.546617915904936,4.014625228519196,0.6666666302367962,0.058500913542039186,0.042961608382435026,111,3.46875,3.6526508226691043,0.1014625219244742,233,7.28125,7.667276051188299,0.2129798883639864,2.75,2.8957952468007315,1.247191011235955,0.7191011235955056,34.1875,1.0,0.9411764705882353,1.8125,0.6461538461538462,0.7230769230769231,0.3700787401574803,0.2601626016260163,0.18856259659969088,0
bullevi01w,2,WAS,0,1.65625,1.8125,5.1875,1.7781919850885368,1.945945945945946,5.569431500465983,0.7186146875058577,0.04939422134767734,0.05405405355028841,111,3.46875,3.7241379310344827,0.10344827489796575,277,8.65625,9.293569431500465,0.2581547040246533,2.6875,2.885368126747437,1.2758620689655173,0.6091954022988506,33.53125,1.0,0.9411764705882353,1.65625,0.7592592592592593,1.0740740740740742,0.453125,0.2054263565891473,0.23714285714285716,0
bullevi01w,3,WAS,0,1.6875,1.15625,4.375,2.0398740818467997,1.3976915005246588,5.288562434417629,0.7526881315759069,0.05666316834561209,0.03882476349606754,91,2.84375,3.437565582371459,0.09548793184167963,231,7.21875,8.726128016789087,0.2423924423673406,2.625,3.1731374606505773,1.0705882352941176,0.6352941176470588,29.78125,1.0,0.9411764705882353,1.75,0.9636363636363636,0.6727272727272727,0.3894736842105263,0.24324324324324326,0.19746121297602257,0
burgean01w,2,WAS,0,0.8387096774193549,0.06451612903225806,1.5806451612903225,1.2804377564979479,0.09849521203830369,2.4131326949384406,0.6447367572714793,0.03556771497171388,0.002735978074747222,28,0.9032258064516129,1.3789329685362517,0.038303693046461106,77,2.4838709677419355,3.792065663474692,0.10533515587776805,1.4516129032258065,2.216142270861833,0.6086956521739131,0.5652173913043478,23.580645161290324,0.8709677419354839,0.9117647058823529,1.935483870967742,3.259259259259259,0.07407407407407407,0.015625,0.10077519379844961,0.07,0
burgean01w,3,WAS,0,1.3076923076923077,0.15384615384615385,1.7692307692307692,1.9367088607594938,0.22784810126582278,2.620253164556962,0.7419353642039734,0.05379746750320463,0.006329113823906427,38,1.4615384615384615,2.1645569620253164,0.06012658132711106,84,3.230769230769231,4.784810126582278,0.13291139030203497,1.5,2.2215189873417724,0.95,0.85,24.307692307692307,1.0,0.7647058823529411,1.5769230769230769,2.657142857142857,0.11428571428571428,0.042105263157894736,0.15315315315315314,0.06488011283497884,0
burgean01w,4,WAS,0,0.7941176470588235,0.029411764705882353,1.6176470588235294,1.1557669441141498,0.042806183115338875,2.3543400713436387,0.696202443518678,0.03210463695476056,0.0011890606279540948,28,0.8235294117647058,1.1985731272294888,0.03329369758271466,83,2.4411764705882355,3.5529131985731275,0.09869203212018987,1.3823529411764706,2.0118906064209274,0.5833333333333334,0.5625,24.735294117647058,0.9705882352941176,1.0,1.5294117647058822,4.0,0.03571428571428571,0.01,0.1261682242990654,0.078125,0
burgeli01w,1,SAC,0,0.2,0.0,2.0,0.8780487804878049,0.0,8.78048780487805,0.5882349480970893,0.024390237953600496,0.0,1,0.2,0.8780487804878049,0.024390237953600496,11,2.2,9.658536585365855,0.2682926174896055,1.6,7.024390243902439,0.1111111111111111,0.1111111111111111,8.2,0.0,0.14705882352941177,0.8,1.0,0.0,0.0,0.003003003003003003,0.015360983102918587,0
burraal01w,1,POR,0,0.14285714285714285,0.3333333333333333,2.5714285714285716,0.34394904458598724,0.8025477707006369,6.19108280254777,0.7297296311176174,0.009554139823116568,0.022292992920605322,10,0.47619047619047616,1.1464968152866242,0.03184713274372189,64,3.0476190476190474,7.337579617834395,0.2038216495598201,1.7142857142857142,4.127388535031847,0.2702702702702703,0.08108108108108109,14.952380952380953,0.19047619047619047,0.6176470588235294,1.7142857142857142,1.5,1.75,0.07446808510638298,0.011278195488721804,0.08598726114649681,0
burraal01w,2,POR,0,0.19230769230769232,0.11538461538461539,1.4230769230769231,0.6617647058823529,0.3970588235294118,4.897058823529411,0.6271185377765189,0.018382352265354698,0.011029411359212819,8,0.3076923076923077,1.0588235294117647,0.029411763624567516,45,1.7307692307692308,5.955882352941177,0.16544117038819228,1.1538461538461537,3.9705882352941178,0.25806451612903225,0.16129032258064516,10.461538461538462,0.038461538461538464,0.7647058823529411,1.1538461538461537,1.6666666666666667,0.5,0.028037383177570093,0.02040816326530612,0.05308464849354376,0
burraal01w,3,POR,0,0.3125,0.21875,2.96875,0.5687203791469194,0.3981042654028436,5.402843601895735,0.6462584594382,0.01579778806006654,0.011058451642046578,17,0.53125,0.966824644549763,0.026856239702113118,112,3.5,6.369668246445498,0.17693522627274524,1.8125,3.2985781990521326,0.288135593220339,0.1694915254237288,19.78125,0.75,0.9411764705882353,1.53125,0.6363636363636364,0.6363636363636364,0.05785123966942149,0.041666666666666664,0.14797507788161993,0
burraal01w,4,SEA,0,0.18518518518518517,0.18518518518518517,1.2592592592592593,0.6666666666666666,0.6666666666666666,4.533333333333333,0.5573769578070561,0.01851851783264749,0.01851851783264749,10,0.37037037037037035,1.3333333333333333,0.03703703566529498,44,1.6296296296296295,5.866666666666667,0.1629629569272979,2.1481481481481484,7.733333333333333,0.1694915254237288,0.0847457627118644,10.0,0.07407407407407407,0.7941176470588235,0.9259259259259259,0.8333333333333334,0.8333333333333334,0.03597122302158273,0.02145922746781116,0.04638472032742155,0
burseja01w,2,MIN,0,0.1,0.75,0.95,0.4260355029585799,3.195266272189349,4.047337278106509,0.4523808446712274,0.011834318826371667,0.0887573911977875,17,0.85,3.621301775147929,0.10059171002415916,36,1.8,7.668639053254438,0.21301773887469,1.0,4.260355029585798,0.8095238095238095,0.09523809523809523,8.45,0.0,0.5882352941176471,1.0,1.6666666666666667,5.0,0.1171875,0.009478672985781991,0.027377521613832854,0
burseja01w,3,MIN,0,0.22580645161290322,0.41935483870967744,1.0,0.7325581395348838,1.3604651162790697,3.2441860465116275,0.5166665805555699,0.02034883661776638,0.037790696575851844,20,0.6451612903225806,2.0930232558139537,0.058139533193618226,51,1.6451612903225807,5.337209302325582,0.14825580964372648,1.935483870967742,6.279069767441861,0.32786885245901637,0.11475409836065574,11.096774193548388,0.06451612903225806,0.9117647058823529,0.5806451612903226,0.875,1.625,0.1262135922330097,0.030837004405286344,0.047619047619047616,0
burseja01w,4,MIN,0,0.4482758620689655,0.9655172413793104,2.3448275862068964,1.0684931506849313,2.3013698630136985,5.58904109589041,0.6296295713305953,0.029680364619169758,0.06392693917975024,41,1.4137931034482758,3.36986301369863,0.09360730379892002,109,3.7586206896551726,8.95890410958904,0.2488584418068849,2.793103448275862,6.657534246575342,0.5,0.15853658536585366,15.10344827586207,0.4827586206896552,0.8529411764705882,1.4482758620689655,1.3571428571428572,2.0,0.27450980392156865,0.053497942386831275,0.09457579972183588,0
burseja01w,5,SEA,0,0.7931034482758621,1.2413793103448276,1.5517241379310345,1.6108949416342413,2.5214007782101167,3.151750972762646,0.46874995117188006,0.044747080841496485,0.07003890914321188,59,2.0344827586206895,4.1322957198443575,0.11478598998470838,104,3.586206896551724,7.284046692607004,0.20233462641372324,2.896551724137931,5.883268482490273,0.6941176470588235,0.27058823529411763,17.724137931034484,0.0,0.8529411764705882,1.4137931034482758,0.7916666666666666,1.5,0.2727272727272727,0.07590759075907591,0.06338028169014084,0
burseja01w,6,SEA,0,0.5588235294117647,1.1764705882352942,3.4705882352941178,0.7962747380675204,1.6763678696158324,4.945285215366706,0.5929647943233771,0.022118742466603697,0.046565773613902524,59,1.7352941176470589,2.472642607683353,0.06868451608050621,177,5.205882352941177,7.417927823050058,0.20605354824151864,4.088235294117647,5.825378346915018,0.42142857142857143,0.1357142857142857,25.264705882352942,1.0,1.0,2.2941176470588234,1.15,2.0,0.25157232704402516,0.09405940594059406,0.15186615186615188,0
burseja01w,7,SEA,0,0.6296296296296297,0.9259259259259259,4.2592592592592595,0.830393487109905,1.2211668928086838,5.617367706919946,0.6460673794344168,0.023066485440074825,0.033921302117757096,42,1.5555555555555556,2.051560379918589,0.056987787557831925,157,5.814814814814815,7.668928086838535,0.21302577729951455,3.3703703703703702,4.445047489823609,0.45652173913043476,0.18478260869565216,27.296296296296298,1.0,0.7941176470588235,2.037037037037037,1.2222222222222223,1.3888888888888888,0.1953125,0.07296137339055794,0.13990267639902676,0
burseja01w,8,SEA,0,0.4482758620689655,0.9655172413793104,3.0,0.6600846262341326,1.4217207334273625,4.417489421720734,0.5649350282509722,0.018335683803445926,0.039492242038191225,41,1.4137931034482758,2.081805359661495,0.05782792584163716,128,4.413793103448276,6.499294781382228,0.1805359636031599,2.9655172413793105,4.366713681241185,0.47126436781609193,0.14942528735632185,24.448275862068964,1.0,0.8529411764705882,2.0,1.5714285714285714,2.0,0.18421052631578946,0.053497942386831275,0.10596833130328867,0
burseja01w,10,SEA,0,0.6176470588235294,0.9117647058823529,2.235294117647059,1.3974121996303142,2.0628465804066543,5.057301293900185,0.7102803074504386,0.0388170048277818,0.05730129284101122,52,1.5294117647058822,3.4602587800369684,0.09611829766879303,128,3.764705882352941,8.517560073937153,0.23659888656933667,2.088235294117647,4.724584103512015,0.7222222222222222,0.2916666666666667,15.911764705882353,0.23529411764705882,1.0,1.0294117647058822,0.45454545454545453,1.4090909090909092,0.2052980132450331,0.07581227436823104,0.09632446134347275,0
buttsta01w,5,MIN,0,0.43333333333333335,0.23333333333333334,1.3666666666666667,1.1063829787234043,0.5957446808510638,3.4893617021276597,0.6612902159209328,0.030732859793549415,0.016548462965757377,20,0.6666666666666666,1.702127659574468,0.04728132275930679,61,2.033333333333333,5.1914893617021285,0.14420803441588573,1.2333333333333334,3.148936170212766,0.5263157894736842,0.34210526315789475,14.1,0.0,0.8823529411764706,0.7666666666666667,1.7857142857142858,0.5,0.05,0.050387596899224806,0.05655172413793103,0
byearla01w,1,SAC,0,0.9375,0.15625,2.5,2.0729366602687143,0.345489443378119,5.527831094049904,0.6557376511690449,0.057581572791140644,0.00959692879852344,35,1.09375,2.418426103646833,0.06717850158966408,115,3.59375,7.946257197696736,0.22072936236603913,2.25,4.975047984644914,0.4794520547945205,0.410958904109589,16.28125,0.0,0.9411764705882353,1.09375,0.6774193548387096,0.16129032258064516,0.03164556962025317,0.09009009009009009,0.1228878648233487,0
byearla01w,2,LAS,0,1.3125,0.40625,3.21875,2.0460081190798376,0.6332882273342355,5.017591339648173,0.5628414992982788,0.0568335580942685,0.017591339410130725,55,1.71875,2.679296346414073,0.07442489750439922,158,4.9375,7.6968876860622455,0.2138024328308196,3.5,5.456021650879567,0.48672566371681414,0.37168141592920356,23.09375,0.40625,0.9411764705882353,1.1875,0.6744186046511628,0.3023255813953488,0.09352517985611511,0.14893617021276595,0.13624338624338625,0
byearla01w,3,LAS,0,0.7307692307692307,0.15384615384615385,2.923076923076923,1.4074074074074074,0.29629629629629634,5.62962962962963,0.5390070539711309,0.03909464940134467,0.008230452505546245,23,0.8846153846153846,1.7037037037037037,0.04732510190689091,99,3.8076923076923075,7.333333333333333,0.20370369951226958,3.423076923076923,6.592592592592593,0.25555555555555554,0.2111111111111111,18.692307692307693,0.19230769230769232,0.7647058823529411,0.7692307692307693,0.65,0.2,0.024691358024691357,0.07364341085271318,0.09325153374233129,0
byearla01w,4,LAS,0,0.0,0.4,1.8,0.0,1.0,4.5,0.4285712244898931,0.0,0.027777773919753623,2,0.4,1.0,0.027777773919753623,11,2.2,5.5,0.15277775655864492,2.4,6.0,0.15384615384615385,0.0,14.4,0.0,0.14705882352941177,0.4,2.0,2.0,0.012345679012345678,0.0,0.011056511056511056,0
byearla01w,7,WAS,0,0.46153846153846156,0.07692307692307693,1.9230769230769231,1.309090909090909,0.21818181818181817,5.454545454545455,0.5747125776192439,0.03636363526170803,0.006060605876951337,14,0.5384615384615384,1.5272727272727273,0.04242424113865936,64,2.4615384615384617,6.9818181818181815,0.1939393880624428,2.230769230769231,6.327272727272727,0.23728813559322035,0.2033898305084746,12.692307692307692,0.0,0.7647058823529411,1.3461538461538463,0.7692307692307693,0.15384615384615385,0.017543859649122806,0.03908794788273615,0.0648508430609598,0
byearla01w,8,HOU,0,0.7666666666666667,0.16666666666666666,1.2666666666666666,2.532110091743119,0.5504587155963303,4.18348623853211,0.5066665991111201,0.07033638928634896,0.01529051941007586,28,0.9333333333333333,3.0825688073394493,0.08562690869642482,66,2.2,7.2660550458715605,0.20183485621300135,2.0,6.605504587155964,0.45901639344262296,0.3770491803278688,10.9,0.0,0.8823529411764706,1.2333333333333334,0.6666666666666666,0.20833333333333334,0.045454545454545456,0.07931034482758621,0.04928664072632944,0
byearla01w,9,HOU,0,0.2727272727272727,0.0,0.6363636363636364,2.3478260869565215,0.0,5.478260869565218,0.5833328472226273,0.06521737712665714,0.0,3,0.2727272727272727,2.3478260869565215,0.06521737712665714,10,0.9090909090909091,7.826086956521739,0.21739125708885715,1.4545454545454546,12.521739130434781,0.17647058823529413,0.17647058823529413,4.181818181818182,0.0,0.3235294117647059,0.09090909090909091,0.25,0.0,0.0,0.010135135135135136,0.008706467661691543,0
campbed01w,1,SEA,0,1.1875,0.25,1.625,1.3411764705882352,0.2823529411764706,1.8352941176470587,0.7647056574395125,0.03725490123029605,0.007843137101114958,23,1.4375,1.6235294117647059,0.04509803833141102,49,3.0625,3.458823529411765,0.09607842948865825,2.1875,2.4705882352941178,0.6388888888888888,0.5277777777777778,31.875,1.0,0.47058823529411764,2.5,1.85,0.2,0.0425531914893617,0.07421875,0.048327137546468404,0
campbed01w,2,SAC,0,0.59375,0.28125,2.3125,0.8009367681498829,0.3793911007025761,3.11943793911007,0.8705881328719843,0.022248243299200898,0.010538641562779373,28,0.875,1.180327868852459,0.032786884861980274,102,3.1875,4.299765807962529,0.11943793771149956,1.40625,1.8969555035128807,0.6086956521739131,0.41304347826086957,26.6875,1.0,0.9411764705882353,2.0,3.7,0.45,0.05660377358490566,0.06859205776173286,0.10220994475138122,0
campbed01w,3,SAC,0,1.0,0.0,1.0,3.0,0.0,3.0,0.9999900000999989,0.08333326388894677,0.0,1,1.0,3.0,0.08333326388894677,2,2.0,6.0,0.16666652777789354,0.0,0.0,1.0,1.0,12.0,0.0,0.029411764705882353,0.0,0.0,0.0,0.0,0.004032258064516129,0.0015408320493066256,0
campbed01w,4,SAC,0,0.6176470588235294,0.14705882352941177,1.5588235294117647,1.0441988950276242,0.24861878453038672,2.6353591160220993,0.7571427489796072,0.029005524461249665,0.006906077252678491,26,0.7647058823529411,1.292817679558011,0.035911601713928154,79,2.323529411764706,3.9281767955801103,0.10911602059232016,1.2352941176470589,2.0883977900552484,0.6046511627906976,0.4883720930232558,21.294117647058822,1.0,1.0,1.2647058823529411,1.9545454545454546,0.22727272727272727,0.04065040650406504,0.07046979865771812,0.0737134909596662,0
campbed01w,5,SAC,0,0.22727272727272727,0.09090909090909091,0.7272727272727273,0.5421686746987951,0.21686746987951808,1.7349397590361446,0.8421048199448317,0.01506024051023372,0.006024096204093488,7,0.3181818181818182,0.7590361445783131,0.02108433671432721,23,1.0454545454545454,2.4939759036144578,0.06927710634707511,1.0909090909090908,2.602409638554217,0.28,0.2,15.090909090909092,1.0,0.6470588235294118,0.6818181818181818,2.6666666666666665,0.3333333333333333,0.01680672268907563,0.015873015873015872,0.025157232704402517,0
campbed01w,6,SAS,0,0.25,0.0,0.42857142857142855,1.0161290322580645,0.0,1.7419354838709677,0.8571422448983965,0.028225805313475592,0.0,7,0.25,1.0161290322580645,0.028225805313475592,19,0.6785714285714286,2.7580645161290325,0.07661290013657661,0.7142857142857143,2.903225806451613,0.3333333333333333,0.3333333333333333,8.857142857142858,0.07142857142857142,0.8235294117647058,0.5357142857142857,1.75,0.0,0.0,0.03571428571428571,0.017366136034732273,0
campbmi01w,1,WAS,0,0.0,0.2,0.4,0.0,1.6363636363636365,3.272727272727273,0.9999950000249999,0.0,0.04545452479339782,1,0.2,1.6363636363636365,0.04545452479339782,3,0.6,4.909090909090908,0.13636357438019348,0.4,3.272727272727273,0.3333333333333333,0.0,4.4,0.0,0.14705882352941177,0.6,1.0,1.0,0.007874015748031496,0.0,0.0030911901081916537,0
cantydo01w,1,DET,0,1.75,0.17857142857142858,1.3928571428571428,2.25,0.22959183673469388,1.7908163265306123,0.5571427775510317,0.062499999202806134,0.00637755093906185,54,1.9285714285714286,2.4795918367346936,0.06887755014186799,93,3.3214285714285716,4.270408163265307,0.11862244746655042,2.2857142857142856,2.9387755102040813,0.8307692307692308,0.7538461538461538,28.0,0.9642857142857143,0.8235294117647058,1.8214285714285714,1.64,0.1,0.056179775280898875,0.18773946360153257,0.06046511627906977,0
cantydo01w,2,DET,0,0.96875,0.03125,1.1875,1.7855999999999999,0.057600000000000005,2.1888,0.4578312701408108,0.049599999206400014,0.0015999999744000005,32,1.0,1.8432000000000002,0.05119999918080002,70,2.1875,4.032,0.11199999820800004,2.15625,3.9744,0.45714285714285713,0.44285714285714284,19.53125,0.5625,0.9411764705882353,1.71875,2.1875,0.03125,0.012048192771084338,0.13716814159292035,0.06109324758842444,0
cantydo01w,3,DET,0,0.75,0.14285714285714285,1.6071428571428572,1.2096,0.23040000000000002,2.5919999999999996,0.6521738185255335,0.03359999946240001,0.006399999897600002,25,0.8928571428571429,1.44,0.03999999936000001,70,2.5,4.032,0.11199999820800004,2.107142857142857,3.3984,0.4166666666666667,0.35,22.321428571428573,0.42857142857142855,0.8235294117647058,2.0,3.772727272727273,0.18181818181818182,0.03007518796992481,0.10396039603960396,0.0625,0
cantydo01w,4,HOU,0,0.6875,0.03125,2.0,1.222222222222222,0.05555555555555555,3.5555555555555554,0.6399999360000064,0.03395061676002135,0.001543209852728243,23,0.71875,1.2777777777777777,0.03549382661274959,87,2.71875,4.833333333333334,0.13425925718735715,1.9375,3.444444444444444,0.36507936507936506,0.3492063492063492,20.25,0.125,0.9411764705882353,1.53125,2.4347826086956523,0.043478260869565216,0.007692307692307693,0.09482758620689655,0.08366013071895424,0
cantydo01w,5,HOU,0,1.0,0.03125,1.375,1.4961038961038962,0.046753246753246755,2.057142857142857,0.5238094614512546,0.04155844101872155,0.0012987012818350483,33,1.03125,1.542857142857143,0.042857142300556594,77,2.40625,3.6,0.09999999870129872,1.90625,2.851948051948052,0.532258064516129,0.5161290322580645,24.0625,0.375,0.9411764705882353,1.40625,1.9393939393939394,0.030303030303030304,0.009259259259259259,0.13168724279835392,0.060689655172413794,0
cantydo01w,6,HOU,0,0.8787878787878788,0.06060606060606061,2.515151515151515,1.0471414242728185,0.07221664994984955,2.996990972918756,0.768518447359403,0.02908726149360821,0.0020060180340419455,31,0.9393939393939394,1.119358074222668,0.031093279527650158,114,3.4545454545454546,4.116349047141424,0.11434302794039089,2.272727272727273,2.7081243731193583,0.40789473684210525,0.3815789473684211,30.21212121212121,0.9696969696969697,0.9705882352941176,2.0303030303030303,3.3666666666666667,0.06666666666666667,0.018867924528301886,0.11740890688259109,0.12116788321167883,0
cantydo01w,7,HOU,0,1.1333333333333333,0.0,2.6666666666666665,1.419953596287703,0.0,3.3410672853828305,0.7692306213018035,0.0394431545372818,0.0,17,1.1333333333333333,1.419953596287703,0.0394431545372818,57,3.8,4.761020881670534,0.13225057697794484,2.4,3.0069605568445477,0.4594594594594595,0.4594594594594595,28.733333333333334,1.0,0.4411764705882353,2.3333333333333335,2.4444444444444446,0.0,0.0,0.06719367588932806,0.04860267314702309,0
cantydo01w,8,CHI,0,1.0,0.13333333333333333,1.5,1.3917525773195876,0.18556701030927836,2.0876288659793816,0.7031248901367358,0.038659793316239775,0.00515463910883197,34,1.1333333333333333,1.577319587628866,0.04381443242507175,79,2.6333333333333333,3.6649484536082473,0.10180412239943142,1.4,1.9484536082474229,0.7906976744186046,0.6976744186046512,25.866666666666667,0.9,0.8823529411764706,1.9,3.967741935483871,0.12903225806451613,0.035398230088495575,0.11406844106463879,0.05747126436781609,0
cantydo01w,9,CHI,0,1.0,0.10714285714285714,1.6785714285714286,1.367706919945726,0.14654002713704206,2.295793758480326,0.6619717377504595,0.03799185837188795,0.004070556254130851,31,1.1071428571428572,1.5142469470827682,0.0420624146260188,78,2.7857142857142856,3.8100407055630936,0.10583446260740213,2.642857142857143,3.614654002713704,0.41333333333333333,0.37333333333333335,26.321428571428573,1.0,0.8235294117647058,1.9285714285714286,3.9655172413793105,0.10344827586206896,0.02,0.1037037037037037,0.0609597924773022,0
cantydo01w,10,CHI,0,0.8235294117647058,0.14705882352941177,1.3235294117647058,1.2989690721649483,0.23195876288659792,2.0876288659793816,0.7142856009070474,0.036082473761823795,0.006443298886039963,33,0.9705882352941176,1.5309278350515465,0.04252577264786376,78,2.2941176470588234,3.618556701030928,0.10051546262222343,2.823529411764706,4.453608247422681,0.3402061855670103,0.28865979381443296,22.823529411764707,1.0,1.0,1.6764705882352942,3.7586206896551726,0.1724137931034483,0.03597122302158273,0.112,0.05791505791505792,0
careyja01w,6,CON,0,0.13333333333333333,0.0,0.26666666666666666,0.8372093023255813,0.0,1.6744186046511627,0.6666655555574075,0.02325581124932427,0.0,2,0.13333333333333333,0.8372093023255813,0.02325581124932427,6,0.4,2.511627906976744,0.06976743374797281,0.6,3.7674418604651163,0.2,0.2,5.733333333333333,0.0,0.4411764705882353,0.26666666666666666,2.3333333333333335,0.0,0.0,0.008438818565400843,0.005069708491761723,0
careyja01w,7,CON,0,0.2916666666666667,0.0,0.625,0.8811188811188811,0.0,1.8881118881118881,0.9374994140628662,0.024475523619736938,0.0,7,0.2916666666666667,0.8811188811188811,0.024475523619736938,22,0.9166666666666666,2.769230769230769,0.07692307423345895,1.0,3.0209790209790213,0.28,0.28,11.916666666666666,0.0,0.7058823529411765,0.7083333333333334,4.0,0.0,0.0,0.02766798418972332,0.016181229773462782,0
careyja01w,8,CON,0,0.12121212121212122,0.0,0.8787878787878788,0.3436754176610979,0.0,2.491646778042959,0.9666663444445519,0.009546539151633912,0.0,4,0.12121212121212122,0.3436754176610979,0.009546539151633912,33,1.0,2.835322195704057,0.07875894800097977,0.9090909090909091,2.577565632458234,0.12903225806451613,0.12903225806451613,12.696969696969697,0.0,0.9705882352941176,0.48484848484848486,6.0,0.0,0.0,0.014652014652014652,0.0333716915995397,0
careyja01w,9,CON,0,0.24242424242424243,0.030303030303030304,1.0909090909090908,0.5771543086172344,0.0721442885771543,2.597194388777555,0.8999997750000561,0.01603206380697267,0.0020040079758715836,9,0.2727272727272727,0.6492985971943888,0.018036071782844255,45,1.3636363636363635,3.246492985971944,0.09018035891422127,0.7272727272727273,1.7314629258517034,0.36,0.32,15.121212121212121,0.09090909090909091,0.9705882352941176,0.6666666666666666,5.222222222222222,0.1111111111111111,0.01020408163265306,0.03773584905660377,0.041379310344827586,0
carsoes01w,9,NYL,0,0.9411764705882353,0.23529411764705882,1.5,1.7832817337461302,0.44582043343653255,2.8421052631578947,0.67105254328256,0.04953560294836528,0.01238390073709132,40,1.1764705882352942,2.2291021671826625,0.0619195036854566,91,2.676470588235294,5.071207430340557,0.14086687088441377,1.4411764705882353,2.7306501547987616,0.8,0.64,19.0,0.8823529411764706,1.0,1.0294117647058822,0.9393939393939394,0.24242424242424243,0.06779661016949153,0.10996563573883161,0.06546854942233633,0
carsoes01w,10,NYL,0,1.088235294117647,0.29411764705882354,1.411764705882353,1.5506402793946448,0.4190919674039581,2.011641443538999,0.6666665740740869,0.04307334059285983,0.011641443403475631,47,1.3823529411764706,1.9697322467986031,0.05471478399633546,95,2.7941176470588234,3.981373690337602,0.11059371233301848,2.235294117647059,3.1850989522700814,0.6103896103896104,0.4805194805194805,25.264705882352942,1.0,1.0,1.588235294117647,1.2105263157894737,0.2631578947368421,0.08196721311475409,0.13357400722021662,0.05977584059775841,0
carteam01w,5,DET,0,1.0,0.0,2.0,5.538461538461538,0.0,11.076923076923077,0.9999975000062501,0.15384603550304962,0.0,2,1.0,5.538461538461538,0.15384603550304962,6,3.0,16.615384615384617,0.46153810650914884,2.5,13.846153846153847,0.3333333333333333,0.3333333333333333,6.5,0.0,0.058823529411764705,1.5,0.0,0.0,0.0,0.007194244604316547,0.00516795865633075,0
carteam01w,6,NYL,0,0.0,0.0,0.6666666666666666,0.0,0.0,5.538461538461538,0.9999950000249999,0.0,0.0,0,0.0,0.0,0.0,2,0.6666666666666666,5.538461538461538,0.15384603550304962,1.3333333333333333,11.076923076923077,0.0,0.0,4.333333333333333,0.0,0.08823529411764706,0.3333333333333333,0.0,0.0,0.0,0.0,0.002728512960436562,0
cashsw01w,3,DET,0,1.15625,0.96875,4.53125,1.2344763670064876,1.0342910101946245,4.837812789620019,0.6531531237318413,0.03429100987682104,0.028730305572471682,68,2.125,2.268767377201112,0.06302131544929272,213,6.65625,7.10658016682113,0.1974050028044022,2.65625,2.8359592215013905,0.7906976744186046,0.43023255813953487,33.71875,1.0,0.9411764705882353,3.125,2.263157894736842,0.8157894736842105,0.23308270676691728,0.18316831683168316,0.2013888888888889,0
cashsw01w,4,DET,0,1.303030303030303,0.696969696969697,3.878787878787879,1.4111212397447586,0.7547857793983592,4.200546946216956,0.6632124008698238,0.03919781185781393,0.020966271458830708,66,2.0,2.1659070191431176,0.06016408331664464,194,5.878787878787879,6.366453965360073,0.17684594187013727,2.303030303030303,2.4940747493163173,0.8571428571428571,0.5584415584415584,33.24242424242424,1.0,0.9705882352941176,3.272727272727273,2.7045454545454546,0.5227272727272727,0.14465408805031446,0.16287878787878787,0.15023474178403756,0
cashsw01w,5,DET,0,1.375,0.90625,4.0625,1.4334841628959274,0.9447963800904977,4.235294117647059,0.6249999699519245,0.0398190041645339,0.026244343653897342,73,2.28125,2.3782805429864253,0.06606334781843125,203,6.34375,6.613574660633485,0.1837104055772814,2.625,2.736651583710407,0.8588235294117647,0.5176470588235295,34.53125,1.0,0.9411764705882353,2.53125,3.0,0.6444444444444445,0.19463087248322147,0.15827338129496402,0.16795865633074936,0
cashsw01w,6,DET,0,0.5714285714285714,0.2857142857142857,2.1904761904761907,0.9432314410480349,0.47161572052401746,3.6157205240174672,0.522727213326453,0.026200872790373957,0.013100436395186979,18,0.8571428571428571,1.4148471615720524,0.039301309185560934,64,3.0476190476190474,5.030567685589519,0.13973798821532776,2.0952380952380953,3.458515283842795,0.4,0.26666666666666666,21.80952380952381,1.0,0.6176470588235294,2.238095238095238,3.3076923076923075,0.46153846153846156,0.038461538461538464,0.049586776859504134,0.05721393034825871,0
cashsw01w,7,DET,0,0.5882352941176471,0.3235294117647059,3.088235294117647,0.7272727272727273,0.4,3.8181818181818183,0.6249999627976213,0.020202019997959394,0.011111110998877667,31,0.9117647058823529,1.1272727272727272,0.03131313099683706,136,4.0,4.945454545454545,0.13737373598612387,2.5,3.090909090909091,0.36046511627906974,0.23255813953488372,29.11764705882353,1.0,1.0,2.588235294117647,5.0476190476190474,0.5238095238095238,0.07971014492753623,0.09345794392523364,0.1191827468785471,0
cashsw01w,8,DET,0,0.6129032258064516,0.41935483870967744,4.354838709677419,0.7132429614181439,0.4880083420229406,5.067778936392075,0.7142856764928214,0.01981230427724396,0.013555787137061657,32,1.032258064516129,1.2012513034410846,0.03336809141430562,167,5.387096774193548,6.26903023983316,0.17413972706840744,2.2580645161290325,2.627737226277372,0.4507042253521127,0.2676056338028169,30.93548387096774,1.0,0.9117647058823529,2.6129032258064515,3.95,0.65,0.11016949152542373,0.08333333333333333,0.14484978540772533,0
cashsw01w,9,SEA,0,0.6774193548387096,1.032258064516129,3.903225806451613,0.8155339805825244,1.2427184466019416,4.699029126213593,0.7245508548173141,0.02265372143847118,0.03451995647767037,53,1.7096774193548387,2.058252427184466,0.05717367791614156,174,5.612903225806452,6.757281553398058,0.18770226334733264,2.3225806451612905,2.7961165048543686,0.726027397260274,0.2876712328767123,29.903225806451612,0.9032258064516129,0.9117647058823529,2.225806451612903,2.6363636363636362,1.4545454545454546,0.22695035460992907,0.07777777777777778,0.14702308626974483,0
cashsw01w,10,SEA,0,0.875,0.5,4.75,0.9213893967093236,0.526508226691042,5.001828153564899,0.7102803406411056,0.02559414967464214,0.014625228385509796,44,1.375,1.4478976234003658,0.04021937806015194,196,6.125,6.449725776965265,0.179159047722495,3.0625,3.2248628884826327,0.4444444444444444,0.2828282828282828,34.1875,0.90625,0.9411764705882353,2.84375,2.8275862068965516,0.5517241379310345,0.10596026490066225,0.10108303249097472,0.1926489226869455,0
cassija01w,1,MIA,0,0.22727272727272727,0.09090909090909091,0.7272727272727273,1.0285714285714285,0.4114285714285714,3.2914285714285714,0.6956518714557081,0.028571426938775603,0.011428570775510242,7,0.3181818181818182,1.44,0.03999999771428584,23,1.0454545454545454,4.731428571428571,0.13142856391836777,0.7727272727272727,3.4971428571428573,0.3888888888888889,0.2777777777777778,7.954545454545454,0.0,0.6470588235294118,0.5909090909090909,1.5,0.3333333333333333,0.02247191011235955,0.018315018315018316,0.026845637583892617,0
castriz01w,3,MIA,0,0.3684210526315789,0.0,0.5263157894736842,1.3846153846153846,0.0,1.978021978021978,0.5882349480970893,0.03846153634826723,0.0,7,0.3684210526315789,1.3846153846153846,0.03846153634826723,17,0.8947368421052632,3.3626373626373627,0.09340658827436328,1.1578947368421053,4.351648351648351,0.30434782608695654,0.30434782608695654,9.578947368421053,0.05263157894736842,0.5588235294117647,0.9473684210526315,0.875,0.0,0.0,0.025454545454545455,0.017421602787456445,0
castriz01w,4,PHO,0,0.375,0.0625,0.375,1.2134831460674156,0.20224719101123595,1.2134831460674156,0.49999958333368055,0.03370786327483914,0.00561797721247319,7,0.4375,1.4157303370786516,0.03932584048731233,13,0.8125,2.629213483146067,0.07303370376215147,0.6875,2.2247191011235956,0.5833333333333334,0.5,11.125,0.0,0.47058823529411764,0.625,1.2857142857142858,0.14285714285714285,0.008928571428571428,0.01929260450160772,0.009316770186335404,0
castriz01w,6,SEA,0,0.5454545454545454,0.12121212121212122,2.242424242424242,0.7372013651877133,0.16382252559726962,3.030716723549488,0.7628865192900496,0.02047781546669152,0.0045506256592647825,22,0.6666666666666666,0.9010238907849829,0.025028441125956303,96,2.909090909090909,3.931740614334471,0.10921501582235477,2.212121212121212,2.9897610921501707,0.2972972972972973,0.24324324324324326,26.636363636363637,0.9696969696969697,0.9705882352941176,1.7878787878787878,2.5789473684210527,0.21052631578947367,0.025157232704402517,0.0891089108910891,0.09523809523809523,0
castriz01w,7,SEA,0,0.6764705882352942,0.058823529411764705,1.6470588235294117,1.2641221374045801,0.1099236641221374,3.0778625954198473,0.7777776697531014,0.035114503280694605,0.003053435067886488,25,0.7352941176470589,1.3740458015267176,0.03816793834858109,81,2.3823529411764706,4.451908396946565,0.12366412024940275,1.7058823529411764,3.187786259541985,0.423728813559322,0.3898305084745763,19.264705882352942,0.7647058823529411,1.0,1.4411764705882353,1.9583333333333333,0.08333333333333333,0.015625,0.09871244635193133,0.0681265206812652,0
castriz01w,8,SEA,0,1.0294117647058822,0.11764705882352941,2.264705882352941,1.308411214953271,0.14953271028037382,2.8785046728971966,0.8020832497829948,0.036344755593512405,0.004153686353544275,39,1.1470588235294117,1.4579439252336448,0.04049844194705668,116,3.411764705882353,4.336448598130841,0.12045690425278396,2.0588235294117645,2.616822429906542,0.5492957746478874,0.49295774647887325,28.323529411764707,1.0,1.0,1.8823529411764706,2.638888888888889,0.1111111111111111,0.02631578947368421,0.1440329218106996,0.09378806333739342,0
castriz01w,9,ATL,0,0.9310344827586207,0.20689655172413793,1.896551724137931,1.4485842026825633,0.32190760059612517,2.9508196721311473,0.8461537159763514,0.04023844947483682,0.008941877661074848,33,1.1379310344827587,1.7704918032786885,0.04918032713591167,88,3.0344827586206895,4.721311475409836,0.1311475390290978,1.3448275862068966,2.092399403874814,0.825,0.675,23.137931034482758,0.6896551724137931,0.8529411764705882,1.9655172413793103,1.8571428571428572,0.21428571428571427,0.04195804195804196,0.0944055944055944,0.07452574525745258,0
castriz01w,10,ATL,0,1.0588235294117647,0.058823529411764705,1.6176470588235294,1.416393442622951,0.07868852459016393,2.163934426229508,0.7333332355555685,0.03934426186509003,0.0021857923258383352,38,1.1176470588235294,1.4950819672131148,0.041530054190928374,93,2.735294117647059,3.6590163934426227,0.1016393431514826,2.2058823529411766,2.9508196721311473,0.5,0.47368421052631576,26.91176470588235,0.9705882352941176,1.0,2.4411764705882355,1.8108108108108107,0.05405405405405406,0.01639344262295082,0.10909090909090909,0.06425233644859812,0
catchta01w,3,IND,0,2.9375,1.34375,5.75,2.89974293059126,1.326478149100257,5.676092544987147,0.6666666425120782,0.08054841404842833,0.036846614937047,137,4.28125,4.226221079691516,0.11739502898547534,321,10.03125,9.902313624678664,0.27506426499516484,3.28125,3.2390745501285347,1.2924528301886793,0.8867924528301887,36.46875,1.0,0.9411764705882353,2.5625,1.2421052631578948,0.45263157894736844,0.42574257425742573,0.34944237918215615,0.2902208201892745,0
catchta01w,4,IND,0,2.1176470588235294,1.0294117647058822,5.588235294117647,2.1421487603305787,1.0413223140495869,5.652892561983471,0.6985293860834785,0.05950413173963528,0.028925619595656038,107,3.1470588235294117,3.183471074380165,0.08842975133529131,297,8.735294117647058,8.836363636363636,0.24545454342599551,3.588235294117647,3.629752066115702,0.8699186991869918,0.5853658536585366,35.588235294117645,1.0,1.0,3.0,1.5616438356164384,0.4794520547945205,0.28688524590163933,0.24,0.2900763358778626,0
catchta01w,5,IND,0,1.9705882352941178,1.1176470588235294,5.0,2.0992167101827675,1.1906005221932114,5.326370757180157,0.6827308962758676,0.05831157477535618,0.03307223643975425,105,3.088235294117647,3.289817232375979,0.09138381121511044,275,8.088235294117647,8.616187989556137,0.23933855318243208,2.6470588235294117,2.8198433420365534,1.1538461538461537,0.7362637362637363,33.794117647058826,0.9705882352941176,1.0,2.264705882352941,1.6911764705882353,0.5588235294117647,0.2814814814814815,0.25572519083969464,0.24079320113314448,0
catchta01w,6,IND,0,2.6470588235294117,0.47058823529411764,5.735294117647059,2.7597955706984667,0.4906303236797274,5.979557069846678,0.7386363356577146,0.07666098742196774,0.013628619986127598,106,3.1176470588235294,3.250425894378194,0.09028960740809534,301,8.852941176470589,9.229982964224872,0.25638841348902547,2.823529411764706,2.943781942078364,1.092783505154639,0.9278350515463918,34.529411764705884,1.0,1.0,2.676470588235294,1.5714285714285714,0.17582417582417584,0.16666666666666666,0.26706231454005935,0.29017857142857145,1
catchta01w,7,IND,0,2.9375,1.09375,5.375,3.1596638655462184,1.1764705882352942,5.781512605042018,0.7166666368055568,0.08776843989011728,0.03267973825695856,129,4.03125,4.336134453781512,0.12044817814707584,301,9.40625,10.117647058823529,0.28104574900984364,2.8125,3.025210084033614,1.4175824175824177,1.032967032967033,33.46875,1.0,0.9411764705882353,2.46875,1.2526315789473683,0.3684210526315789,0.3723404255319149,0.2647887323943662,0.2275132275132275,1
catchta01w,8,IND,0,3.142857142857143,1.0476190476190477,6.428571428571429,3.504424778761062,1.168141592920354,7.168141592920354,0.7142856764928214,0.09734513130759394,0.03244837710253131,88,4.190476190476191,4.672566371681416,0.12979350841012524,223,10.619047619047619,11.84070796460177,0.32890854972111283,3.0476190476190474,3.398230088495575,1.353846153846154,1.0153846153846153,32.285714285714285,1.0,0.6176470588235294,2.9523809523809526,1.462686567164179,0.3283582089552239,0.16058394160583941,0.21359223300970873,0.16605166051660517,0
catchta01w,9,IND,0,1.96,0.44,4.36,2.5417867435158503,0.5706051873198847,5.654178674351585,0.6942674717027087,0.07060518630251893,0.015850143863830782,60,2.4,3.112391930835735,0.08645533016634971,169,6.76,8.76657060518732,0.24351584663521836,2.96,3.838616714697406,0.8,0.6533333333333333,27.76,0.68,0.7352941176470589,2.44,1.66,0.22,0.06626506024096386,0.15076923076923077,0.1399229781771502,0
catchta01w,10,IND,0,2.911764705882353,0.5294117647058824,4.676470588235294,3.2878228782287824,0.5977859778597786,5.280442804428045,0.6489795653477728,0.09132841244161981,0.01660516589847633,117,3.4411764705882355,3.885608856088561,0.10793357834009615,276,8.117647058823529,9.166051660516604,0.25461254377663706,2.7058823529411766,3.055350553505535,1.2580645161290323,1.064516129032258,31.88235294117647,1.0,1.0,2.588235294117647,1.07,0.18,0.15254237288135594,0.2647058823529412,0.20358514724711907,1
caufila01w,3,UTA,0,0.875,0.0,0.25,3.8769230769230774,0.0,1.1076923076923078,0.39999920000160005,0.1076922911242629,0.0,7,0.875,3.8769230769230774,0.1076922911242629,9,1.125,4.984615384615385,0.1384615171597666,1.625,7.2,0.5,0.5,8.125,0.0,0.23529411764705882,1.0,0.125,0.0,0.0,0.03056768558951965,0.002770083102493075,0
chambco01w,8,CON,0,0.0,0.0,0.0,0.0,0.0,0.0,0.0,0.0,0.0,0,0.0,0.0,0.0,0,0.0,0.0,0.0,0.0,0.0,0.0,0.0,1.0,0.0,0.029411764705882353,2.0,0.0,0.0,0.0,0.0,0.0,0
chanequ01w,9,CHI,0,0.5714285714285714,0.10714285714285714,0.8571428571428571,2.3900414937759336,0.4481327800829875,3.5850622406639,0.8571425510205175,0.06639003873900254,0.012448132263562976,19,0.6785714285714286,2.838174273858921,0.07883817100256552,43,1.5357142857142858,6.423236514522822,0.17842322911106934,0.6785714285714286,2.838174273858921,0.95,0.8,8.607142857142858,0.0,0.8235294117647058,0.8214285714285714,1.411764705882353,0.17647058823529413,0.02,0.05925925925925926,0.0311284046692607,0
chapmji01w,3,DET,0,0.15789473684210525,0.10526315789473684,0.7894736842105263,0.907563025210084,0.6050420168067226,4.53781512605042,0.5769228550296711,0.025210081915119167,0.016806721276746112,5,0.2631578947368421,1.512605042016807,0.04201680319186528,20,1.0526315789473684,6.050420168067228,0.16806721276746112,1.0526315789473684,6.050420168067228,0.23809523809523808,0.14285714285714285,6.2631578947368425,0.0,0.5588235294117647,0.42105263157894735,0.0,0.5,0.015037593984962405,0.01485148514851485,0.020833333333333332,0
choneka01w,5,WAS,0,0.07692307692307693,0.3076923076923077,0.6923076923076923,0.3130434782608696,1.2521739130434784,2.8173913043478263,0.5294114532873805,0.008695651417769441,0.034782605671077764,5,0.38461538461538464,1.5652173913043477,0.04347825708884721,14,1.0769230769230769,4.382608695652174,0.12173911984877218,1.0,4.069565217391304,0.35714285714285715,0.07142857142857142,8.846153846153847,0.07692307692307693,0.38235294117647056,0.8461538461538461,2.0,2.0,0.031007751937984496,0.00390625,0.012379642365887207,0
choneka01w,6,WAS,0,0.08333333333333333,0.0,0.3333333333333333,0.5901639344262295,0.0,2.360655737704918,0.6666655555574075,0.016393439935501648,0.0,1,0.08333333333333333,0.5901639344262295,0.016393439935501648,5,0.4166666666666667,2.9508196721311473,0.08196719967750825,0.75,5.311475409836065,0.1,0.1,5.083333333333333,0.0,0.35294117647058826,0.3333333333333333,0.5,0.0,0.0,0.0038314176245210726,0.0058997050147492625,0
choneka01w,7,SEA,0,0.0,0.0,0.0,0.0,0.0,0.0,0.0,0.0,0.0,0,0.0,0.0,0.0,0,0.0,0.0,0.0,1.3333333333333333,9.0,0.0,0.0,5.333333333333333,0.0,0.08823529411764706,0.3333333333333333,0.0,0.0,0.0,0.0,0.0,0
chriska01w,3,PHO,0,0.8,0.43333333333333335,1.3666666666666667,2.0920096852300243,1.1331719128329298,3.5738498789346247,0.512499935937508,0.05811137873822328,0.03147699681653761,37,1.2333333333333334,3.2251815980629543,0.08958837555476089,78,2.6,6.799031476997579,0.18886198089922565,2.433333333333333,6.363196125907991,0.5,0.32432432432432434,13.766666666666667,0.06666666666666667,0.8823529411764706,1.0666666666666667,0.6,0.52,0.1368421052631579,0.08955223880597014,0.06539074960127592,0
chriska01w,4,PHO,0,0.8333333333333334,0.5333333333333333,2.1666666666666665,1.3657056145675266,0.874051593323217,3.550834597875569,0.5158729749307163,0.03793626649565605,0.02427921055721987,41,1.3666666666666667,2.2397572078907437,0.06221547705287592,106,3.533333333333333,5.790591805766312,0.16084976994158165,3.466666666666667,5.68133535660091,0.3904761904761905,0.23809523809523808,21.966666666666665,0.5333333333333333,0.8823529411764706,1.3,0.6153846153846154,0.6153846153846154,0.14285714285714285,0.08038585209003216,0.10093167701863354,0
chriska01w,5,PHO,0,0.65625,0.21875,1.3125,1.8574938574938573,0.6191646191646192,3.7149877149877146,0.6086955639571646,0.051597050329310806,0.017199016776436937,28,0.875,2.4766584766584767,0.06879606710574775,70,2.1875,6.191646191646192,0.17199016776436934,2.78125,7.872235872235873,0.3111111111111111,0.23333333333333334,12.71875,0.03125,0.9411764705882353,0.8125,1.0454545454545454,0.3181818181818182,0.050724637681159424,0.07420494699646643,0.06431852986217458,0
chriska01w,6,PHO,0,0.6363636363636364,0.45454545454545453,1.1818181818181819,2.333333333333333,1.6666666666666665,4.333333333333333,0.5909088223141716,0.06481480881344362,0.04629629200960259,12,1.0909090909090908,4.0,0.11111110082304622,25,2.272727272727273,8.333333333333334,0.23148146004801295,2.272727272727273,8.333333333333334,0.46153846153846156,0.2692307692307692,9.818181818181818,0.09090909090909091,0.3235294117647059,0.9090909090909091,0.875,0.625,0.027777777777777776,0.028688524590163935,0.018030513176144243,0
chriska01w,7,HOU,1,0.0,0.0,1.6666666666666667,0.0,0.0,4.090909090909091,0.5263155124655198,0.0,0.0,0,0.0,0.0,0.0,10,1.6666666666666667,4.090909090909091,0.11363635072314196,3.5,8.590909090909092,0.0,0.0,14.666666666666666,0.0,0.17647058823529413,1.8333333333333333,4.0,0.0,0.0,0.0,0.012150668286755772,0
chriska01w,7,PHO,2,0.2727272727272727,0.09090909090909091,1.0909090909090908,2.0377358490566038,0.6792452830188679,8.150943396226415,0.8571422448983965,0.056603762904950394,0.018867920968316798,4,0.36363636363636365,2.7169811320754715,0.07547168387326719,16,1.4545454545454546,10.867924528301886,0.30188673549306877,1.2727272727272727,9.50943396226415,0.26666666666666666,0.2,4.818181818181818,0.0,0.3235294117647059,0.45454545454545453,0.5,0.25,0.0078125,0.010869565217391304,0.014778325123152709,0
chriska01w,8,CHI,0,0.43478260869565216,0.21739130434782608,1.1304347826086956,1.6981132075471699,0.8490566037735849,4.415094339622642,0.6046510221741809,0.04716980909576372,0.02358490454788186,15,0.6521739130434783,2.547169811320755,0.07075471364364558,41,1.7826086956521738,6.962264150943397,0.19339621729263126,2.5652173913043477,10.018867924528301,0.25,0.16666666666666666,9.217391304347826,0.30434782608695654,0.6764705882352942,0.9130434782608695,0.6363636363636364,0.45454545454545453,0.04424778761061947,0.03802281368821293,0.033205619412515965,0
chrissh01w,5,NYL,0,0.2727272727272727,0.2727272727272727,1.4848484848484849,0.5785714285714285,0.5785714285714285,3.15,0.720588129325275,0.01607142828443878,0.01607142828443878,18,0.5454545454545454,1.157142857142857,0.03214285656887756,67,2.0303030303030303,4.307142857142857,0.1196428550063776,2.1515151515151514,4.564285714285714,0.25,0.125,16.96969696969697,0.12121212121212122,0.9705882352941176,0.9696969696969697,2.3,0.9,0.072,0.04285714285714286,0.0660377358490566,0
chrissh01w,6,NYL,0,0.9705882352941176,0.5588235294117647,1.9705882352941178,1.4684796044499384,0.8454882571075402,2.9814585908529048,0.7282607904064358,0.04079109961939308,0.02348578462934753,52,1.5294117647058822,2.3139678615574786,0.06427688424874062,119,3.5,5.295426452410383,0.1470951774153872,2.9411764705882355,4.449938195302843,0.5148514851485149,0.32673267326732675,23.794117647058822,0.2647058823529412,1.0,1.4705882352941178,1.2058823529411764,0.5588235294117647,0.168141592920354,0.15348837209302327,0.09140518417462483,0
chrissh01w,7,NYL,0,0.5882352941176471,1.2352941176470589,2.7058823529411766,0.729483282674772,1.5319148936170213,3.3556231003039514,0.7666666027777831,0.020263424313440484,0.04255319105822501,62,1.8235294117647058,2.2613981762917934,0.0628166153716655,154,4.529411764705882,5.617021276595745,0.15602836721349173,3.088235294117647,3.8297872340425534,0.5849056603773585,0.18867924528301888,29.029411764705884,1.0,1.0,2.411764705882353,2.0952380952380953,2.0,0.37168141592920356,0.07905138339920949,0.1248303934871099,0
chrissh01w,8,NYL,0,1.0303030303030303,0.5757575757575758,3.484848484848485,1.1492957746478873,0.6422535211267606,3.887323943661972,0.7718120287374477,0.03192488232934383,0.017840375419339197,53,1.606060606060606,1.791549295774648,0.049765257748683026,168,5.090909090909091,5.67887323943662,0.15774647739205186,3.0,3.3464788732394366,0.53,0.34,32.27272727272727,0.9696969696969697,0.9705882352941176,2.484848484848485,2.0,0.5428571428571428,0.17272727272727273,0.11724137931034483,0.14575411913814956,0
chrissh01w,9,NYL,0,1.1290322580645162,0.5483870967741935,2.032258064516129,1.33051742344245,0.6462513199577613,2.39493136219641,0.670212694658224,0.03695881692757321,0.017951425364821274,52,1.6774193548387097,1.976768743400211,0.05491024229239449,115,3.7096774193548385,4.371700105596621,0.12143611276202627,3.0,3.5353748680042236,0.5531914893617021,0.3723404255319149,30.548387096774192,1.0,0.9117647058823529,1.967741935483871,1.4166666666666667,0.4722222222222222,0.1440677966101695,0.12027491408934708,0.08087291399229782,0
chrissh01w,10,NYL,0,0.875,0.84375,3.96875,0.9940828402366864,0.9585798816568047,4.508875739644971,0.8141025119165056,0.027613411956475226,0.0266272186723154,55,1.71875,1.952662721893491,0.05424063062879063,182,5.6875,6.461538461538462,0.17948717771708897,3.1875,3.621301775147929,0.5339805825242718,0.27184466019417475,31.6875,0.96875,0.9411764705882353,1.75,1.9310344827586208,0.9310344827586207,0.22131147540983606,0.10108303249097472,0.1581569115815691,0
cironkr01w,10,CON,0,0.5,0.0,1.25,3.1304347826086953,0.0,7.826086956521739,0.9999980000040001,0.08695648393196351,0.0,2,0.5,3.1304347826086953,0.08695648393196351,7,1.75,10.956521739130435,0.30434769376187226,0.75,4.695652173913043,0.5,0.5,5.75,0.0,0.11764705882352941,0.0,1.3333333333333333,0.0,0.0,0.00796812749003984,0.006045949214026602,0
clearmi01w,1,PHO,0,1.4166666666666667,0.08333333333333333,1.0416666666666667,2.404715127701375,0.14145383104125736,1.768172888015717,0.6756754930606775,0.06679764112381845,0.003929273007283438,36,1.5,2.5461689587426326,0.07072691413110188,61,2.5416666666666665,4.314341846758349,0.11984282672214486,1.5,2.5461689587426326,0.972972972972973,0.918918918918919,21.208333333333332,0.2916666666666667,0.7058823529411765,0.5833333333333334,2.2,0.05714285714285714,0.021739130434782608,0.11888111888111888,0.04032258064516129,0
clearmi01w,2,PHO,0,0.5,0.0,0.25,1.4693877551020407,0.0,0.7346938775510203,0.3333322222259259,0.040816318200751385,0.0,2,0.5,1.4693877551020407,0.040816318200751385,3,0.75,2.204081632653061,0.061224477301127074,0.5,1.4693877551020407,0.6666666666666666,0.6666666666666666,12.25,0.0,0.11764705882352941,0.75,3.0,0.0,0.0,0.006825938566552901,0.0015552099533437014,0
clinest01w,1,SAC,0,0.46153846153846156,0.038461538461538464,0.8846153846153846,1.5157894736842106,0.12631578947368421,2.905263157894737,0.7666664111111963,0.04210526168051714,0.0035087718067097614,13,0.5,1.642105263157895,0.045614033487226896,36,1.3846153846153846,4.5473684210526315,0.12631578504155141,0.7307692307692307,2.4,0.65,0.6,10.961538461538462,0.07692307692307693,0.7647058823529411,0.9615384615384616,3.769230769230769,0.07692307692307693,0.006329113924050633,0.036036036036036036,0.03533026113671275,0
clinest01w,2,SAC,0,0.0625,0.0,0.1875,0.48000000000000004,0.0,1.44,0.9999966666777778,0.013333331555555793,0.0,1,0.0625,0.48000000000000004,0.013333331555555793,4,0.25,1.9200000000000002,0.05333332622222317,0.625,4.8,0.09090909090909091,0.09090909090909091,4.6875,0.0,0.47058823529411764,0.375,7.0,0.0,0.0,0.0036101083032490976,0.004143646408839779,0
clinest01w,3,DET,0,0.08333333333333333,0.08333333333333333,0.3333333333333333,0.34285714285714286,0.34285714285714286,1.3714285714285714,0.7999984000032001,0.009523808616780132,0.009523808616780132,2,0.16666666666666666,0.6857142857142857,0.019047617233560264,6,0.5,2.057142857142857,0.057142851700680786,0.5,2.057142857142857,0.2857142857142857,0.14285714285714285,8.75,0.0,0.35294117647058826,0.5,8.5,0.5,0.007518796992481203,0.0049504950495049506,0.005555555555555556,0
coggicl01w,8,CHI,0,0.25,0.05,0.65,0.9183673469387755,0.18367346938775508,2.3877551020408165,0.8124994921878174,0.025510202780091695,0.0051020405560183385,6,0.3,1.1020408163265305,0.030612243336110033,19,0.95,3.4897959183673466,0.09693877056434844,1.4,5.142857142857142,0.20689655172413793,0.1724137931034483,9.8,0.0,0.5882352941176471,0.95,1.3333333333333333,0.16666666666666666,0.008849557522123894,0.019011406844106463,0.016602809706257982,0
cokermo01w,5,LAS,0,0.0,0.3333333333333333,0.0,0.0,2.571428571428571,0.0,0.0,0.0,0.0714285204081997,1,0.3333333333333333,2.571428571428571,0.0714285204081997,1,0.3333333333333333,2.571428571428571,0.0714285204081997,0.6666666666666666,5.142857142857142,0.3333333333333333,0.0,4.666666666666667,0.0,0.08823529411764706,1.0,3.0,1.0,0.006711409395973154,0.0,0.0,0
colemco01w,4,CON,0,0.4,0.1,0.7,2.0425531914893615,0.5106382978723404,3.5744680851063833,0.6363633471075695,0.056737584628540096,0.014184396157135024,10,0.5,2.5531914893617023,0.07092198078567512,24,1.2,6.127659574468085,0.1702127538856203,0.9,4.595744680851063,0.5263157894736842,0.42105263157894735,7.05,0.0,0.5882352941176471,0.65,0.1111111111111111,0.2222222222222222,0.017857142857142856,0.02952029520295203,0.01834862385321101,0
colemma01w,10,WAS,0,0.7142857142857143,0.32142857142857145,1.9285714285714286,1.3714285714285714,0.6171428571428572,3.702857142857143,0.7105262222991813,0.03809523736961453,0.01714285681632654,29,1.0357142857142858,1.9885714285714287,0.05523809418594106,83,2.9642857142857144,5.691428571428571,0.1580952350839003,1.5714285714285714,3.017142857142857,0.6444444444444445,0.4444444444444444,18.75,0.0,0.8235294117647058,1.2142857142857142,1.0476190476190477,0.42857142857142855,0.07563025210084033,0.06349206349206349,0.06716417910447761,0
colleka01w,1,MIA,0,0.84375,0.21875,1.5,1.1134020618556701,0.28865979381443296,1.9793814432989691,0.7619046409675173,0.030927834697275662,0.008018327514108504,34,1.0625,1.402061855670103,0.03894616221138417,82,2.5625,3.381443298969072,0.09392897945098534,2.03125,2.6804123711340204,0.5151515151515151,0.4090909090909091,27.28125,1.0,0.9411764705882353,2.03125,1.7857142857142858,0.25,0.07865168539325842,0.0989010989010989,0.08053691275167785,0
colleka01w,2,MIA,0,0.14285714285714285,0.07142857142857142,0.35714285714285715,0.5950413223140496,0.2975206611570248,1.487603305785124,0.7142846938790088,0.016528924253807913,0.008264462126903956,3,0.21428571428571427,0.8925619834710744,0.02479338638071187,8,0.5714285714285714,2.3801652892561984,0.06611569701523165,0.6428571428571429,2.677685950413223,0.3,0.2,8.642857142857142,0.0,0.4117647058823529,0.5,2.3333333333333335,0.3333333333333333,0.006493506493506494,0.006644518272425249,0.007668711656441718,0
consuca01w,2,UTA,0,0.26666666666666666,0.0,0.3333333333333333,2.88,0.0,3.6,0.8333319444467593,0.07999998400000319,0.0,4,0.26666666666666666,2.88,0.07999998400000319,9,0.6,6.4799999999999995,0.1799999640000072,0.26666666666666666,2.88,0.8,0.8,3.3333333333333335,0.0,0.4411764705882353,0.7333333333333333,2.0,0.0,0.0,0.019704433497536946,0.006443298969072165,0
coopeca01w,2,NYL,0,0.0,0.5,1.0,0.0,1.4117647058823528,2.8235294117647056,0.3636360330581518,0.0,0.03921567858516106,2,0.5,1.4117647058823528,0.03921567858516106,6,1.5,4.235294117647059,0.11764703575548317,1.5,4.235294117647059,0.2857142857142857,0.0,12.75,0.0,0.11764705882352941,0.75,1.0,2.0,0.024096385542168676,0.0,0.006051437216338881,0
coopeca01w,3,NYL,0,0.17391304347826086,0.21739130434782608,0.4782608695652174,1.2100840336134453,1.512605042016807,3.327731092436975,0.6874995703127685,0.033613442553492225,0.04201680319186528,9,0.391304347826087,2.7226890756302518,0.0756302457453575,20,0.8695652173913043,6.050420168067228,0.16806721276746112,1.2173913043478262,8.470588235294118,0.3103448275862069,0.13793103448275862,5.173913043478261,0.043478260869565216,0.6764705882352942,0.43478260869565216,0.6,1.0,0.04950495049504951,0.015267175572519083,0.01800327332242226,0
coopecy01w,1,HOU,0,1.2580645161290323,0.1935483870967742,2.193548387096774,1.2940092165898618,0.19907834101382488,2.256221198156682,0.799999905882364,0.035944700129541936,0.005529953866083375,45,1.4516129032258065,1.4930875576036866,0.04147465399562531,113,3.6451612903225805,3.749308755760369,0.10414746447790356,1.967741935483871,2.023963133640553,0.7258064516129032,0.6290322580645161,35.0,1.0,0.9117647058823529,3.193548387096774,3.9,0.15,0.05714285714285714,0.1368421052631579,0.09379310344827586,0
coopecy01w,4,HOU,0,1.0,0.25,2.0,1.0,0.25,2.0,0.7999992000008,0.027777775848765566,0.0069444439621913915,5,1.25,1.25,0.03472221981095696,13,3.25,3.25,0.09027777150848809,2.25,2.25,0.5,0.4,36.0,1.0,0.11764705882352941,3.5,4.4,0.2,0.007692307692307693,0.017241379310344827,0.01045751633986928,0
crawlsy01w,1,POR,0,0.9354838709677419,0.7741935483870968,3.903225806451613,1.1225806451612903,0.9290322580645162,4.683870967741935,0.6540540186997827,0.031182795363625858,0.025806451335414503,53,1.7096774193548387,2.0516129032258066,0.05698924669904036,174,5.612903225806452,6.735483870967742,0.18709677218175513,3.096774193548387,3.7161290322580647,0.5463917525773195,0.29896907216494845,30.0,0.967741935483871,0.9117647058823529,2.838709677419355,1.1333333333333333,0.8,0.2553191489361702,0.10902255639097744,0.1926751592356688,0
crawlsy01w,2,POR,0,0.59375,0.8125,4.375,0.742671009771987,1.01628664495114,5.4723127035830625,0.6896551384406335,0.02062975004745114,0.028230184275459456,45,1.40625,1.7589576547231272,0.048859934322910595,185,5.78125,7.2312703583061895,0.2008686188830769,2.65625,3.3224755700325734,0.5232558139534884,0.22093023255813954,28.78125,1.0,0.9411764705882353,1.90625,2.7,1.3,0.24299065420560748,0.07755102040816327,0.20086083213773315,0
crawlsy01w,3,POR,0,0.5625,1.15625,2.75,0.7912087912087913,1.6263736263736264,3.8681318681318686,0.6567163689017635,0.021978021709670066,0.04517704462543291,55,1.71875,2.4175824175824174,0.06715506633510297,143,4.46875,6.285714285714286,0.17460317247126775,2.8125,3.956043956043956,0.6043956043956044,0.1978021978021978,25.59375,0.96875,0.9411764705882353,1.9375,2.473684210526316,1.9473684210526316,0.30578512396694213,0.075,0.13707165109034267,0
crawlsy01w,4,SAS,0,0.5454545454545454,0.5757575757575758,2.0,1.1489361702127658,1.2127659574468086,4.212765957446809,0.6285713687074886,0.03191489305115438,0.0336879426651074,37,1.121212121212121,2.361702127659574,0.06560283571626178,103,3.121212121212121,6.574468085106384,0.18262411023716119,2.303030303030303,4.851063829787234,0.4805194805194805,0.23376623376623376,17.09090909090909,0.24242424242424243,0.9705882352941176,1.2121212121212122,1.0,1.0,0.1130952380952381,0.09574468085106383,0.0829145728643216,0
crockda01w,3,UTA,0,0.0,0.1111111111111111,0.3888888888888889,0.0,0.8571428571428571,3.0,0.5384611242606736,0.0,0.023809520975057025,2,0.1111111111111111,0.8571428571428571,0.023809520975057025,9,0.5,3.8571428571428568,0.10714284438775662,0.4444444444444444,3.4285714285714284,0.2222222222222222,0.0,4.666666666666667,0.0,0.5294117647058824,0.16666666666666666,2.0,2.0,0.0111731843575419,0.0,0.009695290858725761,0
crockwi01w,9,PHO,0,0.8,0.2,1.4,3.5121951219512195,0.8780487804878049,6.146341463414634,0.6363630578517656,0.09756095181440198,0.024390237953600496,5,1.0,4.390243902439025,0.12195118976800248,12,2.4,10.536585365853657,0.292682855443206,2.8,12.292682926829269,0.3333333333333333,0.26666666666666666,8.2,0.2,0.14705882352941177,0.2,0.0,0.2,0.006369426751592357,0.017167381974248927,0.008215962441314555,0
cronika01w,7,CHI,0,0.5454545454545454,0.18181818181818182,0.8181818181818182,1.6119402985074627,0.5373134328358209,2.417910447761194,0.7499993750005208,0.04477611606148388,0.014925372020494624,8,0.7272727272727273,2.1492537313432836,0.0597014880819785,17,1.5454545454545454,4.567164179104478,0.1268656621742043,1.6363636363636365,4.835820895522388,0.42105263157894735,0.3157894736842105,12.181818181818182,0.0,0.3235294117647059,1.0,0.2857142857142857,0.2857142857142857,0.015873015873015872,0.02158273381294964,0.013215859030837005,0
cunnibe01w,1,WAS,0,0.09523809523809523,0.0,0.8095238095238095,0.36363636363636365,0.0,3.090909090909091,0.8095234240364647,0.010101009590858101,0.0,2,0.09523809523809523,0.36363636363636365,0.010101009590858101,19,0.9047619047619048,3.454545454545454,0.09595959111315196,1.0952380952380953,4.181818181818182,0.08333333333333333,0.08333333333333333,9.428571428571429,0.0,0.6176470588235294,0.5714285714285714,4.0,0.0,0.0,0.008130081300813009,0.02627511591962906,0
cunnida01w,3,ORL,0,0.3333333333333333,0.0,0.16666666666666666,3.4285714285714284,0.0,1.7142857142857142,0.49999750001249993,0.09523804988664292,0.0,2,0.3333333333333333,3.4285714285714284,0.09523804988664292,3,0.5,5.142857142857142,0.14285707482996438,0.8333333333333334,8.571428571428571,0.3333333333333333,0.3333333333333333,3.5,0.0,0.17647058823529413,0.16666666666666666,0.0,0.0,0.0,0.006756756756756757,0.0016778523489932886,0
currimo01w,7,CHA,0,1.0,0.11764705882352941,2.3823529411764706,1.4502369668246446,0.17061611374407584,3.454976303317536,0.6136363171487639,0.04028435971227062,0.00473933643673772,38,1.1176470588235294,1.6208530805687205,0.04502369614900834,119,3.5,5.075829383886257,0.14099525899294718,2.9411764705882355,4.265402843601896,0.37623762376237624,0.33663366336633666,24.823529411764707,0.9705882352941176,1.0,1.8235294117647058,2.4857142857142858,0.11428571428571428,0.02564102564102564,0.10759493670886076,0.10828877005347594,0
currimo01w,8,CHI,1,0.5,0.0,4.5,0.5901639344262295,0.0,5.311475409836065,0.7499993750005208,0.016393439935501648,0.0,1,0.5,0.5901639344262295,0.016393439935501648,10,5.0,5.9016393442622945,0.1639343993550165,1.5,1.7704918032786885,0.25,0.25,30.5,1.0,0.058823529411764705,2.0,2.0,0.0,0.0,0.0038022813688212928,0.011494252873563218,0
currimo01w,8,WAS,2,0.7419354838709677,0.22580645161290322,2.5483870967741935,1.0739299610894941,0.32684824902723736,3.6887159533073928,0.6528925080254125,0.02983138742112338,0.009079117910776681,30,0.967741935483871,1.4007782101167314,0.03891050533190006,109,3.5161290322580645,5.089494163424124,0.1413748360392369,2.967741935483871,4.2957198443579765,0.3225806451612903,0.24731182795698925,24.870967741935484,0.7096774193548387,0.9117647058823529,1.5161290322580645,2.25,0.2916666666666667,0.05223880597014925,0.0812720848056537,0.10076530612244898,0
currimo01w,9,WAS,0,0.8823529411764706,0.35294117647058826,3.2058823529411766,1.1111111111111112,0.4444444444444444,4.037037037037037,0.7730495905638588,0.030864197213331303,0.012345678885332521,42,1.2352941176470589,1.5555555555555554,0.04320987609866383,151,4.4411764705882355,5.592592592592592,0.15534979264043425,3.5588235294117645,4.481481481481482,0.3442622950819672,0.2459016393442623,28.58823529411765,1.0,1.0,2.5588235294117645,2.774193548387097,0.3870967741935484,0.1276595744680851,0.12396694214876033,0.14137483787289234,0
currimo01w,10,WAS,0,0.8529411764705882,0.4117647058823529,3.176470588235294,1.4340659340659339,0.6923076923076923,5.34065934065934,0.7397259767310975,0.039835164287978515,0.01923076896661032,43,1.2647058823529411,2.1263736263736264,0.05906593325458883,151,4.4411764705882355,7.467032967032967,0.20741757956843984,2.4411764705882355,4.104395604395604,0.5119047619047619,0.34523809523809523,21.41176470588235,1.0,1.0,1.6764705882352942,2.033333333333333,0.4666666666666667,0.11764705882352941,0.09206349206349207,0.13432835820895522,0
curryed01w,4,PHO,0,0.45,0.0,0.5,1.5804878048780486,0.0,1.7560975609756098,0.9090900826453795,0.043902436882807955,0.0,9,0.45,1.5804878048780486,0.043902436882807955,19,0.95,3.3365853658536584,0.09268292230815013,1.25,4.390243902439025,0.34615384615384615,0.34615384615384615,10.25,0.0,0.5882352941176471,0.75,2.4,0.0,0.0,0.028938906752411574,0.015527950310559006,0
curryed01w,6,LAS,0,0.5384615384615384,0.07692307692307693,0.5384615384615384,2.230088495575221,0.3185840707964602,2.230088495575221,0.6363630578517656,0.06194689717284096,0.00884955673897728,8,0.6153846153846154,2.5486725663716814,0.07079645391181824,15,1.1538461538461537,4.778761061946903,0.1327433510846592,1.2307692307692308,5.097345132743363,0.47058823529411764,0.4117647058823529,8.692307692307692,0.0,0.38235294117647056,0.7692307692307693,1.5,0.125,0.0072992700729927005,0.026415094339622643,0.01023391812865497,0
dalesst01w,3,WAS,0,0.5161290322580645,0.12903225806451613,1.7741935483870968,0.715527950310559,0.17888198757763976,2.459627329192547,0.679012261850338,0.019875776150611476,0.004968944037652869,20,0.6451612903225806,0.8944099378881987,0.024844720188264346,75,2.4193548387096775,3.354037267080745,0.0931677007059913,2.5483870967741935,3.5329192546583847,0.25,0.2,25.967741935483872,0.9032258064516129,0.9117647058823529,2.193548387096774,4.9411764705882355,0.23529411764705882,0.042105263157894736,0.07207207207207207,0.07757404795486601,0
dalesst01w,4,WAS,0,0.8529411764705882,0.35294117647058826,1.6764705882352942,1.0460921843687374,0.43286573146292584,2.056112224448898,0.5643563797666951,0.029058115941301445,0.012024047975710942,41,1.2058823529411764,1.4789579158316633,0.04108216391701239,98,2.8823529411764706,3.535070140280561,0.09819639180163936,2.8529411764705883,3.498997995991984,0.41836734693877553,0.29591836734693877,29.352941176470587,0.9117647058823529,1.0,2.1176470588235294,3.8,0.4,0.12,0.13551401869158877,0.08096590909090909,0
dalesst01w,5,WAS,0,0.6451612903225806,0.0967741935483871,1.5161290322580645,0.9207161125319693,0.13810741687979539,2.163682864450128,0.7343748852539241,0.025575447243280727,0.003836317086492109,23,0.7419354838709677,1.0588235294117647,0.029411764329772834,70,2.2580645161290325,3.2225063938618925,0.08951406535148254,1.967741935483871,2.808184143222506,0.3709677419354839,0.3225806451612903,25.225806451612904,0.8387096774193549,0.9117647058823529,1.1935483870967742,3.7142857142857144,0.14285714285714285,0.023255813953488372,0.078125,0.06464924346629987,0
dalesst01w,7,CHI,0,0.391304347826087,0.043478260869565216,0.9130434782608695,0.7136563876651982,0.07929515418502203,1.6651982378854626,0.7777774897120409,0.019823788109608192,0.002202643123289799,10,0.43478260869565216,0.7929515418502203,0.02202643123289799,31,1.3478260869565217,2.458149779735683,0.06828193682198377,1.6956521739130435,3.092511013215859,0.25,0.225,19.73913043478261,0.6956521739130435,0.6764705882352942,1.391304347826087,4.0,0.1,0.007936507936507936,0.03237410071942446,0.030837004405286344,0
dalesst01w,8,CHI,0,0.6451612903225806,0.0,1.3225806451612903,0.8520710059171598,0.0,1.7467455621301775,0.74545440991738,0.023668638773152204,0.0,20,0.6451612903225806,0.8520710059171598,0.023668638773152204,61,1.967741935483871,2.5988165680473374,0.07218934825811422,1.7096774193548387,2.2579881656804734,0.37037037037037035,0.37037037037037035,27.258064516129032,0.967741935483871,0.9117647058823529,1.8387096774193548,3.9523809523809526,0.0,0.0,0.07604562737642585,0.05236270753512133,0
daleygr01w,1,MIN,0,0.4,0.0,1.3333333333333333,0.7487001733102253,0.0,2.4956672443674175,0.5555554783950725,0.020797226675957944,0.0,12,0.4,0.7487001733102253,0.020797226675957944,52,1.7333333333333334,3.244367417677643,0.09012131559581776,1.6333333333333333,3.0571923743500866,0.24,0.24,19.233333333333334,0.13333333333333333,0.8823529411764706,1.6666666666666667,4.384615384615385,0.0,0.0,0.05042016806722689,0.06525285481239804,0
daleygr01w,2,NYL,0,0.5333333333333333,0.06666666666666667,0.3333333333333333,4.363636363636363,0.5454545454545454,2.7272727272727275,0.6249992187509766,0.12121210284665108,0.015151512855831386,9,0.6,4.909090909090908,0.13636361570248245,14,0.9333333333333333,7.636363636363637,0.21212117998163937,0.8,6.545454545454546,0.6923076923076923,0.6153846153846154,4.4,0.0,0.4411764705882353,0.4666666666666667,1.1111111111111112,0.1111111111111111,0.012048192771084338,0.03007518796992481,0.007564296520423601,0
daleygr01w,3,HOU,0,0.13043478260869565,0.043478260869565216,0.43478260869565216,0.5837837837837838,0.1945945945945946,1.945945945945946,0.43478241965981757,0.016216215339664036,0.005405405113221345,4,0.17391304347826086,0.7783783783783784,0.02162162045288538,14,0.6086956521739131,2.7243243243243245,0.07567567158509883,0.6521739130434783,2.9189189189189193,0.25,0.1875,8.043478260869565,0.17391304347826086,0.6764705882352942,0.7391304347826086,4.0,0.25,0.007874015748031496,0.011494252873563218,0.01422475106685633,0
daleygr01w,4,PHO,0,0.0,0.3333333333333333,0.3333333333333333,0.0,1.2857142857142856,1.2857142857142856,0.49999750001249993,0.0,0.03571427295918823,1,0.3333333333333333,1.2857142857142856,0.03571427295918823,2,0.6666666666666666,2.571428571428571,0.07142854591837645,0.6666666666666666,2.571428571428571,0.3333333333333333,0.0,9.333333333333334,0.0,0.08823529411764706,1.0,3.0,1.0,0.008928571428571428,0.0,0.0015527950310559005,0
darlihe01w,1,CLE,0,1.15625,0.15625,1.21875,2.3956834532374103,0.3237410071942446,2.5251798561151078,0.6190475207861078,0.06654676139304386,0.008992805593654576,42,1.3125,2.7194244604316546,0.07553956698669843,81,2.53125,5.244604316546763,0.14568345061720414,1.625,3.366906474820144,0.7924528301886793,0.6981132075471698,17.375,0.0,0.9411764705882353,2.09375,1.7105263157894737,0.13157894736842105,0.05434782608695652,0.1423076923076923,0.06456953642384106,0
darlihe01w,2,CLE,0,1.0625,0.125,1.8125,1.5732647814910026,0.18508997429305912,2.683804627249357,0.7631577943213428,0.0437017989241414,0.005141388108722518,38,1.1875,1.7583547557840615,0.04884318703286392,96,3.0,4.4421593830334185,0.12339331460934043,1.84375,2.730077120822622,0.6333333333333333,0.5666666666666667,24.3125,1.0,0.9411764705882353,2.1875,3.1142857142857143,0.11428571428571428,0.047619047619047616,0.12686567164179105,0.08748114630467571,0
darlihe01w,4,CLE,0,1.1470588235294117,0.17647058823529413,1.8235294117647058,1.6875,0.25961538461538464,2.6826923076923075,0.7126435962478624,0.04687499943659856,0.007211538374861318,45,1.3235294117647058,1.9471153846153846,0.05408653781145988,107,3.1470588235294117,4.629807692307692,0.12860576768502682,2.5588235294117645,3.764423076923077,0.5113636363636364,0.4431818181818182,24.470588235294116,1.0,1.0,2.176470588235294,3.2,0.15,0.06896551724137931,0.17180616740088106,0.08599167822468794,0
darlihe01w,5,MIN,0,0.9090909090909091,0.12121212121212122,1.696969696969697,1.5275813295615277,0.2036775106082037,2.8514851485148514,0.8358207707730192,0.04243281410986119,0.005657708547981492,34,1.0303030303030303,1.7312588401697313,0.04809052265784268,90,2.727272727272727,4.582743988684583,0.12729844232958357,2.515151515151515,4.226308345120226,0.40476190476190477,0.35714285714285715,21.424242424242426,0.6666666666666666,0.9705882352941176,2.242424242424242,3.7096774193548385,0.12903225806451613,0.02857142857142857,0.11627906976744186,0.07724137931034483,0
darlihe01w,6,CHA,0,1.3225806451612903,0.0,1.3548387096774193,2.46,0.0,2.5200000000000005,0.8936168311453551,0.06833333219444447,0.0,41,1.3225806451612903,2.46,0.06833333219444447,83,2.6774193548387095,4.98,0.1383333310277778,2.3548387096774195,4.38,0.5540540540540541,0.5540540540540541,19.35483870967742,0.3548387096774194,0.9117647058823529,1.6451612903225807,1.9761904761904763,0.0,0.0,0.14385964912280702,0.06885245901639345,0
darlihe01w,7,CHA,0,1.206896551724138,0.10344827586206896,1.5862068965517242,2.0757825370675453,0.17792421746293244,2.728171334431631,0.7796608848032398,0.057660625079726115,0.0049423392925479525,38,1.3103448275862069,2.253706754530478,0.06260296437227407,84,2.896551724137931,4.981878088962109,0.13838550019134266,2.6206896551724137,4.507413509060956,0.4935064935064935,0.45454545454545453,20.93103448275862,1.0,0.8529411764705882,2.5172413793103448,2.2777777777777777,0.08333333333333333,0.019230769230769232,0.11075949367088607,0.06149732620320856,0
darlihe01w,8,SAS,0,1.3636363636363635,0.030303030303030304,1.878787878787879,2.3684210526315788,0.05263157894736842,3.263157894736842,0.8985505944129573,0.06578947272237613,0.0014619882827194696,46,1.393939393939394,2.4210526315789473,0.0672514610050956,108,3.272727272727273,5.684210526315789,0.15789473453370273,2.5454545454545454,4.421052631578947,0.5411764705882353,0.5294117647058824,20.727272727272727,0.5757575757575758,0.9705882352941176,1.606060606060606,2.239130434782609,0.021739130434782608,0.007633587786259542,0.15845070422535212,0.08104575163398693,0
darlihe01w,9,SAS,0,1.064516129032258,0.0967741935483871,1.935483870967742,2.048275862068966,0.18620689655172412,3.7241379310344827,0.8219176956277129,0.056896550743162924,0.005172413703923902,36,1.1612903225806452,2.2344827586206897,0.06206896444708682,96,3.096774193548387,5.958620689655172,0.16551723852556485,2.161290322580645,4.158620689655172,0.5294117647058824,0.4852941176470588,18.70967741935484,0.45161290322580644,0.9117647058823529,1.4516129032258065,1.588235294117647,0.08823529411764706,0.019867549668874173,0.12087912087912088,0.07075471698113207,0
darlihe01w,10,SAS,0,0.8823529411764706,0.14705882352941177,1.3823529411764706,1.6822429906542056,0.2803738317757009,2.6355140186915884,0.7704916769685775,0.046728971234751226,0.007788161872458538,35,1.0294117647058822,1.9626168224299065,0.054517133107209764,82,2.411764705882353,4.5981308411214945,0.12772585470832,2.323529411764706,4.429906542056075,0.4375,0.375,18.88235294117647,0.38235294117647056,1.0,1.1764705882352942,3.225806451612903,0.16129032258064516,0.042735042735042736,0.11627906976744186,0.0611183355006502,0
davenje01w,8,NYL,0,0.21212121212121213,0.8787878787878788,2.0,0.6596858638743455,2.7329842931937174,6.219895287958114,0.749999914772737,0.018324606850141183,0.07591622837915633,36,1.0909090909090908,3.392670157068063,0.0942408352292975,102,3.090909090909091,9.612565445026178,0.26701569981634293,1.9696969696969697,6.125654450261781,0.5454545454545454,0.10606060606060606,11.575757575757576,0.3939393939393939,0.9705882352941176,1.3333333333333333,1.125,3.625,0.2636363636363636,0.02413793103448276,0.08365019011406843,0
davenje01w,9,NYL,0,0.2857142857142857,0.7142857142857143,2.0,0.9350649350649352,2.3376623376623376,6.545454545454546,0.6999998250000437,0.02597402428740102,0.06493506071850255,14,1.0,3.272727272727273,0.09090908500590357,42,3.0,9.818181818181817,0.2727272550177107,1.9285714285714286,6.311688311688312,0.5,0.14285714285714285,11.0,0.21428571428571427,0.4117647058823529,1.2857142857142858,0.8,2.0,0.0847457627118644,0.013745704467353952,0.03594351732991014,0
davenje01w,10,IND,0,0.25925925925925924,0.5185185185185185,0.9259259259259259,1.3922651933701657,2.7845303867403315,4.972375690607735,0.624999843750039,0.038674031012484476,0.07734806202496895,21,0.7777777777777778,4.176795580110497,0.11602209303745342,46,1.7037037037037037,9.149171270718233,0.2541436323677551,1.4074074074074074,7.558011049723756,0.5384615384615384,0.1794871794871795,6.703703703703703,0.0,0.7941176470588235,0.7777777777777778,0.75,1.75,0.11864406779661017,0.01871657754010695,0.03201024327784891,0
davisbr01w,7,LAS,0,0.35714285714285715,0.07142857142857142,0.8571428571428571,1.5254237288135593,0.3050847457627119,3.6610169491525424,0.9230762130182977,0.04237287776501036,0.008474575553002071,6,0.42857142857142855,1.8305084745762712,0.05084745331801243,18,1.2857142857142858,5.491525423728814,0.15254235995403728,0.7857142857142857,3.3559322033898304,0.5,0.4166666666666667,8.428571428571429,0.0,0.4117647058823529,0.35714285714285715,1.3333333333333333,0.16666666666666666,0.007692307692307693,0.016835016835016835,0.01406799531066823,0
davisde01w,8,HOU,0,0.0,0.0,0.0,0.0,0.0,0.0,0.0,0.0,0.0,0,0.0,0.0,0.0,0,0.0,0.0,0.0,0.6666666666666666,3.789473684210526,0.0,0.0,6.333333333333333,0.0,0.08823529411764706,1.6666666666666667,0.0,0.0,0.0,0.0,0.0,0
davista02w,10,DET,0,0.0,0.0,0.0,0.0,0.0,0.0,0.0,0.0,0.0,0,0.0,0.0,0.0,0,0.0,0.0,0.0,0.0,0.0,0.0,0.0,4.0,0.0,0.029411764705882353,0.0,0.0,0.0,0.0,0.0,0.0,0
deforan01w,1,DET,0,1.0,0.14814814814814814,1.4074074074074074,2.2448036951501154,0.3325635103926097,3.159353348729792,0.8085104662743688,0.06235565675852987,0.009237875075337758,31,1.1481481481481481,2.5773672055427252,0.07159353183386763,69,2.5555555555555554,5.736720554272518,0.15935334504957632,1.2592592592592593,2.8267898383371826,0.8857142857142857,0.7714285714285715,16.037037037037038,0.37037037037037035,0.7941176470588235,1.2222222222222223,1.6785714285714286,0.14285714285714285,0.0449438202247191,0.10344827586206896,0.05891472868217054,0
deforan01w,4,PHO,0,1.5,0.35294117647058826,2.1470588235294117,1.723943661971831,0.4056338028169014,2.467605633802817,0.6952380290249496,0.04788732349401574,0.011267605528003705,63,1.8529411764705883,2.129577464788732,0.059154929022019444,136,4.0,4.597183098591549,0.12769952931737533,1.7941176470588236,2.0619718309859154,1.0161290322580645,0.8225806451612904,31.323529411764707,0.7941176470588235,1.0,1.5588235294117647,1.3846153846153846,0.23076923076923078,0.10714285714285714,0.1639871382636656,0.11335403726708075,0
deforan01w,5,PHO,0,1.5,0.23529411764705882,2.9411764705882355,1.59375,0.25,3.125,0.8130080639830842,0.04427083294903791,0.006944444384162809,59,1.7352941176470589,1.84375,0.05121527733320072,159,4.676470588235294,4.96875,0.13802083213523583,1.5,1.59375,1.1346153846153846,0.9807692307692307,33.88235294117647,1.0,1.0,2.0,2.0576923076923075,0.15384615384615385,0.057971014492753624,0.18021201413427562,0.15313935681470137,0
deforan01w,6,PHO,0,1.2424242424242424,0.21212121212121213,2.515151515151515,1.3050397877984083,0.22281167108753316,2.6419098143236073,0.7280701115727972,0.03625110489609987,0.006189213031041441,48,1.4545454545454546,1.5278514588859415,0.04244031792714131,131,3.9696969696969697,4.1697612732095495,0.11582670100948983,2.0,2.1007957559681696,0.7164179104477612,0.6119402985074627,34.27272727272727,1.0,0.9705882352941176,2.4545454545454546,1.9047619047619047,0.16666666666666666,0.03888888888888889,0.1680327868852459,0.11511789181692095,0
deforan01w,7,IND,0,1.1470588235294117,0.2647058823529412,3.1176470588235294,1.4025974025974026,0.3236763236763237,3.812187812187812,0.7260273475323734,0.0389610385718178,0.008991008901188723,48,1.411764705882353,1.7262737262737262,0.04795204747300652,154,4.529411764705882,5.538461538461538,0.15384615230922924,1.7058823529411764,2.085914085914086,0.8135593220338984,0.6610169491525424,29.441176470588236,1.0,1.0,1.6176470588235294,1.9,0.225,0.09574468085106383,0.10985915492957747,0.1402116402116402,0
deforan01w,8,IND,0,0.7647058823529411,0.11764705882352941,2.4411764705882355,1.1773584905660377,0.1811320754716981,3.758490566037736,0.7477476803830918,0.03270440210434714,0.005031446477591868,30,0.8823529411764706,1.3584905660377358,0.03773584858193901,113,3.323529411764706,5.1169811320754715,0.14213836299197027,1.0588235294117647,1.6301886792452829,0.8108108108108109,0.7027027027027027,23.38235294117647,1.0,1.0,1.3529411764705883,1.9259259259259258,0.14814814814814814,0.029197080291970802,0.08414239482200647,0.10209102091020911,0
deforan01w,9,MIN,0,0.7941176470588235,0.14705882352941177,2.323529411764706,1.1475796930342386,0.21251475796930341,3.357733175914994,0.7669902167970664,0.03187721331904116,0.00590318765167429,32,0.9411764705882353,1.3600944510035418,0.03778040097071546,111,3.264705882352941,4.7178276269185355,0.13105076586716924,1.5294117647058822,2.2101534828807554,0.6037735849056604,0.5094339622641509,24.91176470588235,1.0,1.0,0.9117647058823529,2.107142857142857,0.17857142857142858,0.03787878787878788,0.08709677419354839,0.09962168978562422,0
deforan01w,10,DET,0,0.5714285714285714,0.0,2.0,1.2743362831858407,0.0,4.460176991150442,0.699999650000175,0.03539822695590912,0.0,4,0.5714285714285714,1.2743362831858407,0.03539822695590912,18,2.5714285714285716,5.734513274336283,0.15929202130159104,1.0,2.230088495575221,0.5,0.5,16.142857142857142,1.0,0.20588235294117646,1.0,2.0,0.0,0.0,0.015267175572519083,0.01639344262295082,0
derevje01w,5,CON,0,0.34782608695652173,0.0,0.34782608695652173,2.057142857142857,0.0,2.057142857142857,0.8888879012356653,0.05714285306122478,0.0,8,0.34782608695652173,2.057142857142857,0.05714285306122478,16,0.6956521739130435,4.114285714285714,0.11428570612244957,0.8695652173913043,5.142857142857142,0.38095238095238093,0.38095238095238093,6.086956521739131,0.0,0.6764705882352942,0.43478260869565216,1.5555555555555556,0.0,0.0,0.02666666666666667,0.011034482758620689,0
derevje01w,6,CON,0,0.3235294117647059,0.058823529411764705,0.5882352941176471,1.1030640668523677,0.20055710306406685,2.0055710306406684,0.6666664444445185,0.03064066767017639,0.0055710304854866164,13,0.38235294117647056,1.3036211699164346,0.036211698155663004,33,0.9705882352941176,3.309192200557103,0.09192200301052918,1.3823529411764706,4.713091922005571,0.2708333333333333,0.22916666666666666,10.558823529411764,0.029411764705882353,1.0,0.7647058823529411,3.3333333333333335,0.16666666666666666,0.015267175572519083,0.046413502109704644,0.025348542458808618,0
derevje01w,7,PHO,0,0.7419354838709677,0.22580645161290322,1.4838709677419355,1.773019271948608,0.5396145610278372,3.546038543897216,0.8070174022776487,0.04925053427729049,0.014989293040914497,30,0.967741935483871,2.3126338329764455,0.06423982731820499,76,2.4516129032258065,5.8586723768736615,0.16274089587278595,1.3548387096774193,3.2376873661670236,0.6976744186046512,0.5348837209302325,15.064516129032258,0.25806451612903225,0.9117647058823529,0.8064516129032258,2.8333333333333335,0.2916666666666667,0.0546875,0.08333333333333333,0.05665024630541872,0
derevje01w,8,PHO,0,0.2608695652173913,0.043478260869565216,0.782608695652174,1.08,0.18,3.2399999999999998,0.7826083553876716,0.029999998500000076,0.004999999750000012,7,0.30434782608695654,1.2600000000000002,0.03499999825000009,25,1.0869565217391304,4.5,0.12499999375000032,0.782608695652174,3.2399999999999998,0.3684210526315789,0.3157894736842105,8.695652173913043,0.0,0.6764705882352942,0.6956521739130435,3.4285714285714284,0.14285714285714285,0.00625,0.02097902097902098,0.020594965675057208,0
derevje01w,9,PHO,0,0.11764705882352941,0.23529411764705882,0.7058823529411765,0.496551724137931,0.993103448275862,2.979310344827586,0.7058819377165072,0.013793102497027414,0.027586204994054828,6,0.35294117647058826,1.489655172413793,0.04137930749108224,18,1.0588235294117647,4.468965517241379,0.12413792247324672,1.0,4.220689655172413,0.3333333333333333,0.1111111111111111,8.529411764705882,0.0,0.5,0.5882352941176471,9.0,1.3333333333333333,0.025477707006369428,0.008583690987124463,0.014084507042253521,0
desouer01w,3,LAS,0,0.2727272727272727,0.0,0.5454545454545454,2.6341463414634143,0.0,5.268292682926829,0.42857112244919826,0.0731707138608015,0.0,3,0.2727272727272727,2.6341463414634143,0.0731707138608015,9,0.8181818181818182,7.902439024390244,0.21951214158240448,1.2727272727272727,12.292682926829269,0.2,0.2,3.727272727272727,0.0,0.3235294117647059,0.5454545454545454,0.5,0.0,0.0,0.011627906976744186,0.007361963190184049,0
desouer01w,8,CON,0,0.21875,0.90625,1.875,0.6445012787723785,2.670076726342711,5.524296675191816,0.6185566372622023,0.017902812841360288,0.07416879605706404,36,1.125,3.3145780051150897,0.09207160889842433,96,3.0,8.838874680306905,0.2455242903957982,1.71875,5.063938618925832,0.6428571428571429,0.125,12.21875,0.0625,0.9411764705882353,1.09375,1.75,3.625,0.18471337579617833,0.02564102564102564,0.06904487917146145,0
desouer01w,9,ATL,0,1.4166666666666667,1.75,3.3333333333333335,2.2093862815884475,2.7292418772563174,5.1985559566787005,0.5063290498317659,0.06137183893964481,0.07581227163132594,38,3.1666666666666665,4.938628158844765,0.13718411057097074,78,6.5,10.137184115523466,0.28158843748778206,4.0,6.23826714801444,0.7755102040816326,0.3469387755102041,23.083333333333332,0.6666666666666666,0.35294117647058826,1.6666666666666667,0.4444444444444444,1.1666666666666667,0.14685314685314685,0.05944055944055944,0.05420054200542006,0
desouer01w,10,ATL,0,0.9411764705882353,1.2941176470588236,5.588235294117647,1.2413793103448276,1.706896551724138,7.370689655172414,0.6148867114923395,0.03448275824910821,0.04741379259252379,76,2.235294117647059,2.9482758620689653,0.081896550841632,266,7.823529411764706,10.318965517241379,0.28663792794571197,3.4411764705882355,4.538793103448276,0.6440677966101694,0.2711864406779661,27.294117647058822,1.0,1.0,2.0588235294117645,1.1515151515151516,1.3333333333333333,0.36065573770491804,0.09696969696969697,0.2219626168224299,0
dickeke01w,1,MIN,0,1.15625,0.0625,3.4375,1.683944374209861,0.09102402022756007,5.006321112515803,0.7801417886424263,0.04677623202558493,0.002528444974355942,39,1.21875,1.774968394437421,0.04930467699994087,149,4.65625,6.7812895069532235,0.1883691505895177,3.34375,4.869785082174463,0.3611111111111111,0.3425925925925926,24.71875,0.90625,0.9411764705882353,2.1875,1.5526315789473684,0.05263157894736842,0.03125,0.15546218487394958,0.17944535073409462,0
dickeke01w,2,UTA,0,0.0,0.0,0.25,0.0,0.0,6.0,0.9999900000999989,0.0,0.0,0,0.0,0.0,0.0,1,0.25,6.0,0.16666638888935187,0.0,0.0,0.0,0.0,1.5,0.0,0.11764705882352941,0.0,1.0,0.0,0.0,0.0,0.001288659793814433,0
dillata01w,4,SAS,0,0.2916666666666667,0.16666666666666666,0.5833333333333334,1.5,0.8571428571428571,3.0,0.9333327111115259,0.041666664186508086,0.023809522392290332,11,0.4583333333333333,2.357142857142857,0.06547618657879842,25,1.0416666666666667,5.357142857142857,0.14880951495181458,0.9166666666666666,4.714285714285714,0.4782608695652174,0.30434782608695654,7.0,0.0,0.7058823529411765,0.5833333333333334,1.875,0.5,0.023809523809523808,0.03723404255319149,0.017587939698492462,0
dillata01w,5,SAS,0,0.17391304347826086,0.043478260869565216,0.5217391304347826,0.7024390243902439,0.17560975609756097,2.107317073170732,0.8571422448983965,0.01951219417013687,0.0048780485425342175,5,0.21739130434782608,0.8780487804878049,0.02439024271267109,17,0.7391304347826086,2.9853658536585366,0.0829268252230817,0.782608695652174,3.1609756097560973,0.2631578947368421,0.21052631578947367,8.91304347826087,0.0,0.6764705882352942,0.6086956521739131,3.8,0.2,0.009345794392523364,0.014652014652014652,0.017094017094017096,0
dillata01w,6,SAS,0,0.2,0.0,0.5,1.4117647058823528,0.0,3.5294117647058822,0.8333319444467593,0.03921567858516106,0.0,2,0.2,1.4117647058823528,0.03921567858516106,7,0.7,4.9411764705882355,0.13725487504806372,0.5,3.5294117647058822,0.3333333333333333,0.3333333333333333,5.1,0.0,0.29411764705882354,0.3,1.0,0.0,0.0,0.01020408163265306,0.00723589001447178,0
dixonta01w,1,LAS,0,1.2903225806451613,0.3225806451612903,2.2903225806451615,1.6326530612244898,0.40816326530612246,2.8979591836734695,0.6761904117913893,0.045351473408713455,0.011337868352178364,50,1.6129032258064515,2.0408163265306123,0.05668934176089182,121,3.903225806451613,4.938775510204081,0.1371882070613582,2.774193548387097,3.5102040816326534,0.5747126436781609,0.45977011494252873,28.451612903225808,1.0,0.9117647058823529,1.935483870967742,2.341463414634146,0.24390243902439024,0.06369426751592357,0.14705882352941177,0.09056122448979592,0
dixonta01w,2,LAS,0,0.9310344827586207,0.06896551724137931,2.2758620689655173,1.0508108108108107,0.07783783783783783,2.568648648648649,0.7764704968858238,0.02918918887363039,0.0021621621387874364,29,1.0,1.1286486486486487,0.03135135101241783,95,3.2758620689655173,3.6972972972972977,0.10270270159240323,1.793103448275862,2.023783783783784,0.5471698113207547,0.5094339622641509,31.896551724137932,1.0,0.8529411764705882,2.4482758620689653,4.071428571428571,0.07142857142857142,0.014388489208633094,0.09574468085106383,0.0873015873015873,0
dixonta01w,3,LAS,0,0.9333333333333333,0.16666666666666666,2.466666666666667,1.0521920668058455,0.18789144050104384,2.780793319415449,0.8043477386578545,0.029227557106184163,0.005219206626104315,33,1.1,1.2400835073068894,0.03444676373228848,107,3.566666666666667,4.020876826722338,0.11169102179863234,2.466666666666667,2.780793319415449,0.44,0.37333333333333335,31.933333333333334,1.0,0.8823529411764706,2.7333333333333334,4.103448275862069,0.1724137931034483,0.030864197530864196,0.10852713178294573,0.09079754601226994,0
dixonta01w,4,LAS,0,1.1666666666666667,0.3333333333333333,2.8333333333333335,1.2092130518234165,0.345489443378119,2.9366602687140118,0.6746031210632444,0.03358925111718569,0.009596928890624483,45,1.5,1.5547024952015354,0.043186180007810174,130,4.333333333333333,4.4913627639155465,0.12476007557811827,2.7666666666666666,2.867562380038388,0.5357142857142857,0.4166666666666667,34.733333333333334,1.0,0.8823529411764706,2.3,2.4722222222222223,0.2777777777777778,0.06172839506172839,0.1440329218106996,0.10442260442260443,0
dixonta01w,5,LAS,0,1.125,0.03125,2.4375,1.4194961664841184,0.03943044906900328,3.075575027382256,0.709090844628105,0.03943044863712543,0.0010952902399201507,37,1.15625,1.4589266155531218,0.04052573887704558,115,3.59375,4.534501642935378,0.12595837759081732,2.6875,3.391018619934283,0.42528735632183906,0.41379310344827586,28.53125,0.65625,0.9411764705882353,2.21875,3.027027027027027,0.02702702702702703,0.006711409395973154,0.13688212927756654,0.0962962962962963,0
dixonta01w,6,LAS,0,0.8,0.06666666666666667,1.4333333333333333,1.4233937397034595,0.1186161449752883,2.5502471169686984,0.6417909489864255,0.03953871434038362,0.003294892861698635,26,0.8666666666666667,1.542009884678748,0.042833607202082256,69,2.3,4.092257001647447,0.1136738037286029,2.433333333333333,4.329489291598023,0.35135135135135137,0.32432432432432434,20.233333333333334,0.7666666666666667,0.8823529411764706,1.3333333333333333,3.08,0.08,0.014598540145985401,0.09056603773584905,0.06286549707602339,0
dixonta01w,7,HOU,0,0.5652173913043478,0.08695652173913043,1.7826086956521738,0.7918781725888325,0.12182741116751268,2.49746192893401,0.6833332194444633,0.021996615533052193,0.0033840946973926448,15,0.6521739130434783,0.9137055837563451,0.025380710230444838,56,2.4347826086956523,3.4111675126903553,0.09475465152699405,2.739130434782609,3.8375634517766497,0.234375,0.203125,25.695652173913043,0.6086956521739131,0.6764705882352942,2.5217391304347827,3.857142857142857,0.14285714285714285,0.023529411764705882,0.05138339920948617,0.04981773997569866,0
dixonta01w,8,HOU,0,1.3333333333333333,0.3333333333333333,2.5,1.7632653061224488,0.4408163265306122,3.306122448979592,0.7894735457063955,0.04897959083715121,0.012244897709287803,30,1.6666666666666667,2.204081632653061,0.06122448854643901,75,4.166666666666667,5.510204081632653,0.15306122136609754,2.3333333333333335,3.085714285714286,0.6976744186046512,0.5581395348837209,27.22222222222222,0.0,0.5294117647058824,2.111111111111111,2.28,0.24,0.05454545454545454,0.08275862068965517,0.058365758754863814,0
dixonta01w,9,HOU,0,1.0416666666666667,0.125,2.2083333333333335,1.419558359621451,0.17034700315457413,3.0094637223974763,0.6973683292936409,0.03943217603419281,0.004731861124103137,28,1.1666666666666667,1.5899053627760253,0.04416403715829595,81,3.375,4.599369085173502,0.1277602503507847,2.625,3.577287066246057,0.4375,0.390625,26.416666666666668,0.8333333333333334,0.7058823529411765,2.0,1.6923076923076923,0.11538461538461539,0.024793388429752067,0.08445945945945946,0.06592039800995025,0
dixonta01w,10,IND,0,0.375,0.09375,1.28125,1.0188679245283019,0.25471698113207547,3.4811320754716983,0.8039214109958017,0.028301886124955516,0.007075471531238879,15,0.46875,1.2735849056603774,0.035377357656194396,56,1.75,4.754716981132075,0.13207546858312574,1.40625,3.8207547169811322,0.32608695652173914,0.2608695652173913,13.25,0.03125,0.9411764705882353,0.84375,2.8461538461538463,0.23076923076923078,0.025423728813559324,0.03208556149732621,0.052496798975672214,0
donapbe01w,4,NYL,0,0.0,0.0,0.0,0.0,0.0,0.0,0.0,0.0,0.0,0,0.0,0.0,0.0,0,0.0,0.0,0.0,0.0,0.0,0.0,0.0,2.0,0.0,0.029411764705882353,0.0,0.0,0.0,0.0,0.0,0.0,0
donapbe01w,5,NYL,0,0.4230769230769231,0.3076923076923077,1.5769230769230769,0.826722338204593,0.6012526096033403,3.081419624217119,0.577464707399337,0.022964508915145954,0.016701461029197055,19,0.7307692307692307,1.4279749478079333,0.03966596994434301,60,2.3076923076923075,4.509394572025052,0.1252609577189779,2.3076923076923075,4.509394572025052,0.3114754098360656,0.18032786885245902,18.423076923076923,0.6153846153846154,0.7647058823529411,0.8076923076923077,1.3333333333333333,0.6666666666666666,0.064,0.05238095238095238,0.05525606469002695,0
doronsh01w,8,NYL,0,0.42857142857142855,0.0,0.42857142857142855,3.085714285714286,0.0,3.085714285714286,0.9999966666777778,0.08571426122449678,0.0,3,0.42857142857142855,3.085714285714286,0.08571426122449678,6,0.8571428571428571,6.171428571428572,0.17142852244899356,0.2857142857142857,2.057142857142857,1.0,1.0,5.0,0.2857142857142857,0.20588235294117646,0.14285714285714285,0.0,0.0,0.0,0.010344827586206896,0.0038022813688212928,0
dossaci01w,1,ORL,0,0.5,1.96875,2.78125,0.7024390243902439,2.765853658536585,3.9073170731707316,0.7177418776014615,0.019512194883997625,0.07682926735574064,79,2.46875,3.4682926829268292,0.09634146223973827,168,5.25,7.37560975609756,0.20487804628197506,3.46875,4.873170731707317,0.7053571428571429,0.14285714285714285,25.625,0.96875,0.9411764705882353,1.6875,2.235294117647059,3.7058823529411766,0.48091603053435117,0.0625,0.14662273476112025,0
dossaci01w,2,ORL,0,0.3,0.5,0.5,1.6615384615384616,2.769230769230769,2.769230769230769,0.8333319444467593,0.04615383905325553,0.07692306508875921,8,0.8,4.430769230769231,0.12307690414201475,13,1.3,7.2,0.19999996923077396,1.8,9.96923076923077,0.42105263157894735,0.15789473684210525,6.5,0.0,0.29411764705882354,0.7,0.5,1.25,0.03968253968253968,0.009345794392523364,0.008130081300813009,0
dossaci01w,3,ORL,0,0.15384615384615385,0.5,0.7692307692307693,0.5538461538461539,1.8,2.769230769230769,0.5714284081633119,0.015384614792899433,0.04999999807692316,17,0.6538461538461539,2.353846153846154,0.06538461286982258,37,1.4230769230769231,5.123076923076923,0.14230768683431974,1.8461538461538463,6.6461538461538465,0.3469387755102041,0.08163265306122448,10.0,0.0,0.7647058823529411,0.7692307692307693,2.0,2.6,0.11403508771929824,0.013513513513513514,0.03355704697986577,0
douglka01w,2,ORL,0,1.6818181818181819,0.3181818181818182,1.5909090909090908,3.0341685649202734,0.5740318906605923,2.8701594533029615,0.6862743752403185,0.0842824582168005,0.015945329932908203,44,2.0,3.6082004555808656,0.1002277881497087,79,3.590909090909091,6.478359908883826,0.17995443781424972,1.5454545454545454,2.7881548974943056,1.2571428571428571,1.0571428571428572,19.954545454545453,0.0,0.6470588235294118,2.0,1.0263157894736843,0.18421052631578946,0.05555555555555555,0.11526479750778816,0.056910569105691054,0
douglka01w,3,ORL,0,1.53125,0.40625,2.9375,2.125301204819277,0.5638554216867471,4.0771084337349395,0.6962962447187967,0.059036143867034416,0.015662650413703006,62,1.9375,2.689156626506024,0.07469879428073742,156,4.875,6.766265060240964,0.1879518049644361,2.0625,2.8626506024096385,0.9253731343283582,0.7313432835820896,25.9375,0.9375,0.9411764705882353,1.3125,1.06,0.26,0.11403508771929824,0.16554054054054054,0.15771812080536912,0
douglka01w,4,CON,0,1.1071428571428572,0.39285714285714285,2.607142857142857,1.3238434163701067,0.4697508896797153,3.117437722419929,0.6886791803132849,0.036773427796281996,0.01304863566964845,42,1.5,1.793594306049822,0.04982206346593045,115,4.107142857142857,4.9110320284697515,0.1364175547281429,1.3571428571428572,1.6227758007117439,1.0769230769230769,0.7948717948717948,30.107142857142858,0.9642857142857143,0.8235294117647058,1.0,1.75,0.34375,0.09821428571428571,0.11439114391143912,0.09567496723460026,0
douglka01w,5,CON,0,1.4705882352941178,0.38235294117647056,2.911764705882353,1.6071428571428572,0.41785714285714287,3.1821428571428574,0.7499999431818225,0.04464285674426021,0.011607142753507655,63,1.8529411764705883,2.025,0.056249999497767864,162,4.764705882352941,5.207142857142857,0.14464285585140307,2.1470588235294117,2.3464285714285715,0.8513513513513513,0.6756756756756757,32.94117647058823,1.0,1.0,1.5294117647058822,1.7647058823529411,0.2549019607843137,0.13402061855670103,0.16666666666666666,0.13655172413793104,0
douglka01w,6,CON,0,1.5,0.125,2.65625,1.7314629258517034,0.1442885771543086,3.0661322645290583,0.6538461035502997,0.04809619190284377,0.004008015991903647,52,1.625,1.875751503006012,0.052104207894747415,137,4.28125,4.94188376753507,0.13727454772269992,1.78125,2.056112224448898,0.896551724137931,0.8275862068965517,31.1875,1.0,0.9411764705882353,1.6875,1.9183673469387754,0.08163265306122448,0.030534351145038167,0.20253164556962025,0.10773130544993663,0
douglka01w,7,CON,0,1.9375,0.125,2.59375,2.225324027916251,0.1435692921236291,2.979062811565304,0.6859503565330284,0.06181455571471031,0.003988035852561956,66,2.0625,2.3688933200398807,0.06580259156727226,149,4.65625,5.3479561316051845,0.14855433550793284,1.5,1.7228315054835495,1.346938775510204,1.2653061224489797,31.34375,1.0,0.9411764705882353,2.28125,1.253968253968254,0.06349206349206349,0.025974025974025976,0.2450592885375494,0.0895361380798274,0
douglka01w,8,CON,0,1.911764705882353,0.29411764705882354,3.2058823529411766,2.0653133274492497,0.3177405119152692,3.463371579876434,0.6898733740586472,0.05736981414501488,0.008826125253079213,75,2.2058823529411766,2.383053839364519,0.0661959393980941,184,5.411764705882353,5.846425419240954,0.1624007046566575,1.9705882352941178,2.1288614298323036,1.1029411764705883,0.9558823529411765,33.3235294117647,1.0,1.0,2.7941176470588234,1.893939393939394,0.15151515151515152,0.06369426751592357,0.23809523809523808,0.12543153049482164,0
douglka01w,9,IND,0,1.606060606060606,0.3333333333333333,2.8484848484848486,1.6825396825396823,0.3492063492063492,2.984126984126984,0.6962962447187967,0.04673721299173533,0.00970017628130356,64,1.9393939393939394,2.0317460317460316,0.056437389273038895,158,4.787878787878788,5.015873015873016,0.13932980476781479,1.6363636363636365,1.7142857142857142,1.1636363636363636,0.9636363636363636,34.36363636363637,1.0,0.9705882352941176,3.0303030303030303,1.962962962962963,0.2037037037037037,0.06626506024096386,0.16307692307692306,0.12066752246469833,0
douglka01w,10,IND,0,1.8064516129032258,0.22580645161290322,3.096774193548387,2.0099700897308077,0.25124626121635096,3.445663010967099,0.7999999333333389,0.05583250193586738,0.006979062741983423,63,2.032258064516129,2.2612163509471586,0.0628115646778508,159,5.129032258064516,5.7068793619142575,0.15852442513933773,1.4516129032258065,1.6151545363908277,1.3695652173913044,1.2173913043478262,32.354838709677416,1.0,0.9117647058823529,2.4193548387096775,1.4912280701754386,0.12280701754385964,0.059322033898305086,0.1497326203208556,0.12291933418693982,0
duffyme01w,7,MIN,0,0.2903225806451613,0.0,0.6129032258064516,0.8372093023255813,0.0,1.7674418604651163,0.6551721878716593,0.023255813352562965,0.0,9,0.2903225806451613,0.8372093023255813,0.023255813352562965,28,0.9032258064516129,2.6046511627906974,0.07235141931908477,1.1935483870967742,3.441860465116279,0.23684210526315788,0.23684210526315788,12.483870967741936,0.0,0.9117647058823529,0.7741935483870968,3.6,0.0,0.0,0.04639175257731959,0.02360248447204969,0
duffyme01w,8,MIN,0,0.2,0.0,0.6,0.75,0.0,2.25,0.5999988000024,0.020833328993056458,0.0,1,0.2,0.75,0.020833328993056458,4,0.8,3.0,0.08333331597222583,1.4,5.25,0.125,0.125,9.6,0.0,0.14705882352941177,0.8,3.5,0.0,0.0,0.0041841004184100415,0.003816793893129771,0
duffyme01w,9,NYL,0,0.0,0.0,0.3333333333333333,0.0,0.0,1.6,0.9999950000249999,0.0,0.0,0,0.0,0.0,0.0,2,0.3333333333333333,1.6,0.044444434567903424,1.0,4.8,0.0,0.0,7.5,0.0,0.17647058823529413,0.8333333333333334,3.0,0.0,0.0,0.0,0.0025673940949935813,0
dupreca01w,7,CHI,0,1.2647058823529411,0.7352941176470589,3.911764705882353,1.5,0.872093023255814,4.6395348837209305,0.7074467708804909,0.0416666662629199,0.024224805966813895,68,2.0,2.372093023255814,0.0658914722297338,201,5.911764705882353,7.011627906976745,0.19476743997318371,2.1176470588235294,2.511627906976744,0.9315068493150684,0.589041095890411,30.352941176470587,0.9117647058823529,1.0,1.7647058823529411,1.3636363636363635,0.5681818181818182,0.1984126984126984,0.15467625899280577,0.19530102790014683,0
dupreca01w,8,CHI,0,0.8787878787878788,1.2424242424242424,5.303030303030303,0.9684601113172542,1.3692022263450834,5.8441558441558445,0.6889763508277027,0.026901669509260952,0.0380333948234379,70,2.121212121212121,2.3376623376623376,0.06493506433269884,245,7.424242424242424,8.181818181818182,0.22727272516444597,2.484848484848485,2.7384044526901667,0.8433734939759037,0.3493975903614458,32.666666666666664,1.0,0.9705882352941176,2.4545454545454546,1.5333333333333334,1.3666666666666667,0.36283185840707965,0.11026615969581749,0.22349936143039592,0
dupreca01w,9,CHI,0,1.0588235294117647,1.3235294117647058,5.676470588235294,1.158176943699732,1.447721179624665,6.209115281501341,0.7148147883401931,0.03217158148193404,0.040214476852417545,81,2.3823529411764706,2.605898123324397,0.07238605833435158,274,8.058823529411764,8.815013404825738,0.2448614812791646,2.2941176470588234,2.509383378016086,1.0253164556962024,0.45569620253164556,32.911764705882355,1.0,1.0,2.8823529411764706,2.108108108108108,1.2162162162162162,0.3,0.13333333333333333,0.2503242542153048,0
dupreca01w,10,CHI,0,1.0294117647058822,1.2058823529411764,5.647058823529412,1.0623946037099494,1.2445193929173692,5.827993254637437,0.7164178837157507,0.029510960965337597,0.03456998284510976,76,2.235294117647059,2.3069139966273187,0.06408094381044735,268,7.882352941176471,8.134907251264755,0.22596964396315647,1.588235294117647,1.639123102866779,1.3818181818181818,0.6363636363636364,34.88235294117647,1.0,1.0,2.3823529411764706,2.0833333333333335,1.1388888888888888,0.2949640287769784,0.14,0.2471042471042471,0
dydekma01w,1,UTA,0,0.5625,3.0,4.5625,0.8361290322580646,4.459354838709677,6.781935483870968,0.8342856666122476,0.023225806151925082,0.12387096614360044,114,3.5625,5.295483870967741,0.14709677229552554,260,8.125,12.07741935483871,0.3354838666389179,3.5625,5.295483870967741,0.991304347826087,0.1565217391304348,24.21875,1.0,0.9411764705882353,2.5625,2.6842105263157894,5.052631578947368,0.6075949367088608,0.08372093023255814,0.19918144611186903,0
dydekma01w,2,UTA,0,0.78125,3.53125,6.6875,0.9278350515463917,4.193814432989691,7.942268041237114,0.8806583999729053,0.025773195610585612,0.11649484415984697,138,4.3125,5.121649484536082,0.1422680397704326,352,11.0,13.063917525773196,0.36288659419704544,3.375,4.008247422680412,1.2660550458715596,0.22935779816513763,30.3125,1.0,0.9411764705882353,2.8125,2.4615384615384617,4.346153846153846,0.7197452229299363,0.12315270935960591,0.2757731958762887,0
dydekma01w,3,UTA,0,0.8333333333333334,3.566666666666667,7.0,1.0273972602739725,4.397260273972602,8.63013698630137,0.8015266869646304,0.0285388124596026,0.12214611732709912,132,4.4,5.424657534246575,0.15068492978670173,342,11.4,14.054794520547945,0.39041095444736357,3.3,4.068493150684931,1.32,0.25,29.2,0.9,0.8823529411764706,3.2,2.730769230769231,4.115384615384615,0.5977653631284916,0.1091703056768559,0.29085872576177285,0
dydekma01w,4,SAS,0,0.5588235294117647,2.9411764705882355,6.0588235294117645,0.7386609071274298,3.8876889848812093,8.008639308855292,0.8207170987762112,0.020518358309736952,0.10799135952493133,119,3.5,4.62634989200864,0.12850971783466827,325,9.558823529411764,12.63498920086393,0.3509719184560268,3.323529411764706,4.393088552915767,1.043859649122807,0.16666666666666666,27.235294117647058,1.0,1.0,2.3529411764705883,2.9,5.0,0.5952380952380952,0.10106382978723404,0.25879396984924624,0
dydekma01w,5,SAS,0,0.5882352941176471,1.411764705882353,4.0588235294117645,1.0557184750733137,2.5337243401759535,7.284457478005865,0.8214285225340165,0.029325512766488083,0.0703812306395714,68,2.0,3.589442815249267,0.09970674340605948,206,6.0588235294117645,10.873900293255133,0.3020527814948273,2.0588235294117645,3.6950146627565985,0.9577464788732394,0.28169014084507044,20.058823529411764,0.7058823529411765,1.0,1.8823529411764706,2.857142857142857,2.2857142857142856,0.4485981308411215,0.07326007326007326,0.19658119658119658,0
dydekma01w,6,CON,0,0.25806451612903225,2.2903225806451615,5.419354838709677,0.4292101341281669,3.809239940387481,9.013412816691506,0.8615384173570042,0.0119225035480998,0.10581221898938571,79,2.5483870967741935,4.238450074515648,0.11773472253748551,247,7.967741935483871,13.251862891207153,0.36810729704758127,2.0,3.3263785394932937,1.253968253968254,0.12698412698412698,21.64516129032258,0.967741935483871,0.9117647058823529,1.5161290322580645,4.222222222222222,7.888888888888889,0.5419847328244275,0.03375527426160337,0.21292775665399238,0
dydekma01w,7,CON,0,0.6176470588235294,2.5,5.029411764705882,1.0174966352624495,4.118438761776582,8.285329744279947,0.8300970470826676,0.028263795043555924,0.11440107517629779,106,3.1176470588235294,5.135935397039031,0.1426648702198537,277,8.147058823529411,13.421265141318976,0.37281291557452334,2.1470588235294117,3.5370121130551815,1.4324324324324325,0.28378378378378377,21.852941176470587,1.0,1.0,1.4705882352941178,1.8181818181818181,3.8636363636363638,0.551948051948052,0.08300395256916997,0.18446601941747573,0
dydekma01w,8,CON,0,0.375,2.0625,5.375,0.6718506998444791,3.695178849144635,9.629860031104199,0.8229664678006474,0.018662519149883063,0.10264385532435684,78,2.4375,4.367029548989113,0.1213063744742399,250,7.8125,13.996889580093313,0.3888024822892305,2.34375,4.199066874027993,1.0263157894736843,0.15789473684210525,20.09375,0.9375,0.9411764705882353,1.59375,2.3846153846153846,5.076923076923077,0.42038216560509556,0.04395604395604396,0.19792865362485615,0
dydekma01w,9,LAS,0,0.0,0.0,0.5,0.0,0.0,2.571428571428571,0.3333322222259259,0.0,0.0,0,0.0,0.0,0.0,1,0.5,2.571428571428571,0.0714285204081997,0.0,0.0,0.0,0.0,7.0,0.0,0.058823529411764705,0.0,0.0,0.0,0.0,0.0,0.0011148272017837235,0
edwarmi01w,1,CLE,1,0.0,0.0,0.6666666666666666,0.0,0.0,4.235294117647059,0.9999950000249999,0.0,0.0,0,0.0,0.0,0.0,2,0.6666666666666666,4.235294117647059,0.11764698961941787,1.0,6.352941176470589,0.0,0.0,5.666666666666667,0.0,0.08823529411764706,1.3333333333333333,1.0,0.0,0.0,0.0,0.0033112582781456954,0
edwarmi01w,1,SEA,2,0.7,0.25,1.35,1.1076923076923078,0.39560439560439564,2.1362637362637362,0.7941174134948783,0.030769230092983955,0.01098901074749427,19,0.95,1.5032967032967033,0.041758240840478224,46,2.3,3.6395604395604395,0.10109889887694729,1.45,2.2945054945054943,0.6333333333333333,0.4666666666666667,22.75,0.65,0.5882352941176471,1.9,2.6666666666666665,0.3333333333333333,0.05319148936170213,0.0546875,0.05018587360594796,0
edwarmi01w,2,SEA,0,0.3333333333333333,0.0,0.6666666666666666,2.769230769230769,0.0,5.538461538461538,0.9999950000249999,0.07692301775152481,0.0,1,0.3333333333333333,2.769230769230769,0.07692301775152481,3,1.0,8.307692307692308,0.23076905325457442,0.6666666666666666,5.538461538461538,0.3333333333333333,0.3333333333333333,4.333333333333333,0.0,0.08823529411764706,1.0,2.0,0.0,0.0,0.0036496350364963502,0.0034129692832764505,0
edwarsi01w,1,SEA,0,0.5517241379310345,0.3448275862068966,2.3793103448275863,0.8930232558139535,0.5581395348837209,3.8511627906976744,0.6448597528168455,0.024806201165795332,0.015503875728622083,26,0.896551724137931,1.4511627906976745,0.040310076894417415,95,3.2758620689655173,5.302325581395349,0.14728681942190977,1.9655172413793103,3.181395348837209,0.4482758620689655,0.27586206896551724,22.24137931034483,0.2413793103448276,0.8529411764705882,1.5517241379310345,1.2941176470588236,0.5882352941176471,0.10638297872340426,0.0625,0.12825278810408922,0
edwarsi01w,2,SEA,0,0.75,0.625,2.8125,1.0666666666666667,0.8888888888888888,4.0,0.573248371130677,0.02962962926383174,0.024691357719859783,44,1.375,1.9555555555555555,0.05432098698369152,134,4.1875,5.955555555555556,0.16543209672306053,1.6875,2.4,0.8,0.43636363636363634,25.3125,0.84375,0.9411764705882353,1.15625,1.04,0.8,0.15625,0.08759124087591241,0.15358361774744028,0
edwarsi01w,3,SEA,0,0.65625,0.375,2.96875,1.0893371757925072,0.622478386167147,4.927953890489913,0.6737588174639136,0.0302593655582224,0.017291066033269943,33,1.03125,1.7118155619596542,0.047550431591492345,128,4.0,6.639769452449567,0.1844380376882127,2.0625,3.4236311239193085,0.4925373134328358,0.31343283582089554,21.6875,0.15625,0.9411764705882353,1.375,0.8636363636363636,0.5454545454545454,0.07894736842105263,0.07420494699646643,0.1498422712933754,0
edwarsi01w,4,SEA,0,0.29411764705882354,0.2647058823529412,2.323529411764706,0.6239168110918544,0.561525129982669,4.92894280762565,0.5939849177454949,0.017331022229964955,0.015597920006968458,19,0.5588235294117647,1.1854419410745234,0.03292894223693341,98,2.8823529411764706,6.114384748700173,0.16984401785365655,1.6176470588235294,3.431542461005199,0.3392857142857143,0.17857142857142858,16.970588235294116,0.17647058823529413,1.0,0.9117647058823529,1.4545454545454546,0.8181818181818182,0.06474820143884892,0.04291845493562232,0.1077762619372442,0
edwarsi01w,5,SEA,0,0.34782608695652173,0.13043478260869565,1.3478260869565217,1.1206225680933852,0.42023346303501946,4.342412451361867,0.5535713297194054,0.03112840345803878,0.011673151296764541,11,0.4782608695652174,1.5408560311284047,0.04280155475480332,42,1.826086956521739,5.883268482490273,0.1634241181547036,1.0869565217391304,3.501945525291829,0.4230769230769231,0.3076923076923077,11.173913043478262,0.13043478260869565,0.6764705882352942,0.5652173913043478,0.5555555555555556,0.3333333333333333,0.022727272727272728,0.026402640264026403,0.04366197183098591,0
edwarsi01w,6,SEA,0,0.14285714285714285,0.07142857142857142,0.7857142857142857,0.7164179104477612,0.3582089552238806,3.9402985074626864,0.7096771904267127,0.019900496522363358,0.009950248261181679,6,0.21428571428571427,1.0746268656716418,0.029850744783545036,28,1.0,5.014925373134329,0.1393034756565435,0.4642857142857143,2.328358208955224,0.42857142857142855,0.2857142857142857,7.178571428571429,0.0,0.8235294117647058,0.14285714285714285,0.6,0.4,0.012578616352201259,0.019801980198019802,0.028314028314028315,0
edwarte01w,4,MIN,0,1.2058823529411764,0.3235294117647059,2.3823529411764706,1.7283372365339578,0.4637002341920375,3.414519906323185,0.7714284979591907,0.04800936711932825,0.012880561910063678,52,1.5294117647058822,2.192037470725995,0.060889929029391936,133,3.911764705882353,5.606557377049181,0.1557377030944063,1.7647058823529411,2.5292740046838404,0.8524590163934426,0.6721311475409836,25.11764705882353,1.0,1.0,2.7058823529411766,3.5238095238095237,0.2619047619047619,0.10784313725490197,0.16872427983539096,0.11265646731571627,0
edwarte01w,5,MIN,0,1.3823529411764706,0.23529411764705882,1.7941176470588236,2.4275466284074603,0.4131994261119082,3.1506456241033,0.6777777024691441,0.06743184982163773,0.011477761671768125,55,1.6176470588235294,2.8407460545193683,0.07890961149340586,116,3.411764705882353,5.991391678622668,0.16642754424063783,1.088235294117647,1.9110473457675754,1.4473684210526316,1.236842105263158,20.5,1.0,1.0,2.735294117647059,1.6458333333333333,0.16666666666666666,0.05714285714285714,0.1821705426356589,0.08413793103448276,0
edwarto01w,1,PHO,0,1.125,0.28125,1.78125,1.3995680345572354,0.34989200863930886,2.2159827213822894,0.7499999013158024,0.03887688942897528,0.00971922235724382,45,1.40625,1.7494600431965444,0.048596111786219094,102,3.1875,3.9654427645788335,0.11015118671542995,2.5,3.1101511879049673,0.5555555555555556,0.4444444444444444,28.9375,1.0,0.9411764705882353,1.96875,1.5675675675675675,0.24324324324324326,0.09782608695652174,0.1258741258741259,0.09193548387096774,0
edwarto01w,2,CHA,2,0.6363636363636364,0.2727272727272727,1.4545454545454546,1.3548387096774195,0.5806451612903225,3.0967741935483875,0.7441858734451456,0.037634407590472915,0.016129031824488393,20,0.9090909090909091,1.935483870967742,0.05376343941496131,52,2.3636363636363638,5.032258064516128,0.13978494247889942,2.227272727272727,4.741935483870968,0.4,0.28,16.90909090909091,0.0,0.6470588235294118,1.8181818181818181,2.0,0.4,0.05217391304347826,0.06422018348623854,0.05,0
edwarto01w,2,PHO,1,0.5,0.1,1.4,0.8653846153846154,0.17307692307692307,2.423076923076923,0.7368417174517277,0.024038460382766327,0.004807692076553265,6,0.6,1.0384615384615385,0.028846152459319593,20,2.0,3.4615384615384617,0.0961538415310653,3.0,5.192307692307692,0.1935483870967742,0.16129032258064516,20.8,0.9,0.29411764705882354,2.2,3.0,0.16666666666666666,0.007194244604316547,0.017064846416382253,0.02177293934681182,0
edwarto01w,3,CHA,0,0.5517241379310345,0.06896551724137931,1.0344827586206897,1.900990099009901,0.2376237623762376,3.5643564356435644,0.731707138608015,0.05280527878530433,0.006600659848163042,18,0.6206896551724138,2.1386138613861387,0.059405938633467374,48,1.6551724137931034,5.702970297029703,0.158415836355913,0.9655172413793104,3.3267326732673266,0.6206896551724138,0.5517241379310345,10.448275862068966,0.0,0.8529411764705882,0.5862068965517241,1.411764705882353,0.11764705882352941,0.018867924528301886,0.06611570247933884,0.045871559633027525,0
elysh01w,6,SAS,0,0.22580645161290322,0.12903225806451613,1.6451612903225807,0.4772727272727273,0.2727272727272727,3.477272727272727,0.822580512487014,0.013257575506485313,0.007575757432277321,11,0.3548387096774194,0.75,0.020833332938762633,62,2.0,4.2272727272727275,0.11742424020029849,1.3548387096774193,2.8636363636363638,0.2558139534883721,0.16279069767441862,17.032258064516128,0.3548387096774194,0.9117647058823529,1.064516129032258,3.375,0.5,0.04395604395604396,0.03571428571428571,0.07380607814761216,0
elysh01w,7,SAS,0,0.16666666666666666,0.0,2.1666666666666665,0.5294117647058824,0.0,6.88235294117647,0.8387094068679333,0.014705881271626376,0.0,2,0.16666666666666666,0.5294117647058824,0.014705881271626376,28,2.3333333333333335,7.411764705882352,0.20588233780276927,1.4166666666666667,4.5,0.1111111111111111,0.1111111111111111,11.333333333333334,0.08333333333333333,0.35294117647058826,1.0833333333333333,3.3333333333333335,0.0,0.0,0.008097165991902834,0.03190184049079755,0
elysh01w,8,SEA,0,0.27586206896551724,0.034482758620689655,1.0,1.0212765957446808,0.1276595744680851,3.702127659574468,0.7435895529257556,0.028368793320255558,0.0035460991650319447,9,0.3103448275862069,1.1489361702127658,0.031914892485287505,38,1.3103448275862069,4.851063829787234,0.1347517682712139,0.9655172413793104,3.5744680851063833,0.3103448275862069,0.27586206896551724,9.724137931034482,0.0,0.8529411764705882,0.6551724137931034,1.2222222222222223,0.1111111111111111,0.006578947368421052,0.03292181069958848,0.03532277710109622,0
elysh01w,9,SEA,0,0.35294117647058826,0.14705882352941177,1.7647058823529411,1.1105398457583546,0.46272493573264784,5.552699228791774,0.6666665925926007,0.030848328255827038,0.0128534701065946,17,0.5,1.5732647814910026,0.04370179836242164,77,2.264705882352941,7.125964010282777,0.19794343964155683,1.6470588235294117,5.182519280205656,0.2982456140350877,0.21052631578947367,11.441176470588236,0.029411764705882353,1.0,0.8529411764705882,1.2307692307692308,0.38461538461538464,0.03546099290780142,0.044444444444444446,0.07290400972053462,0
elysh01w,10,CHI,0,0.35294117647058826,0.23529411764705882,1.9411764705882353,0.8692152917505029,0.579476861167002,4.780684104627767,0.749999914772737,0.024144868729479504,0.016096579152986335,20,0.5882352941176471,1.448692152917505,0.040241447882465836,86,2.5294117647058822,6.229376257545272,0.1730382258946031,1.6176470588235294,3.9839034205231387,0.35714285714285715,0.21428571428571427,14.617647058823529,0.2647058823529412,1.0,1.0588235294117647,1.5384615384615385,0.6153846153846154,0.05755395683453238,0.048,0.08494208494208494,0
enissh01w,1,CHA,0,0.8333333333333334,0.08333333333333333,2.0,1.1145510835913313,0.11145510835913314,2.674922600619195,0.5333332148148411,0.03095975136347519,0.003095975136347519,11,0.9166666666666666,1.2260061919504643,0.03405572649982271,35,2.9166666666666665,3.9009287925696596,0.10835912977216318,2.5,3.343653250773994,0.3548387096774194,0.3225806451612903,26.916666666666668,0.75,0.35294117647058826,1.3333333333333333,0.9090909090909091,0.09090909090909091,0.01098901098901099,0.04484304932735426,0.03803486529318542,0
enissh01w,2,CHA,0,0.3125,0.15625,2.03125,0.5778491171749598,0.2889245585874799,3.756019261637239,0.5752211880335232,0.016051364108324813,0.008025682054162406,15,0.46875,0.8667736757624398,0.024077046162487223,80,2.5,4.622792937399678,0.1284109128665985,1.875,3.467094703049759,0.2459016393442623,0.16393442622950818,19.46875,0.34375,0.9411764705882353,1.125,1.2727272727272727,0.45454545454545453,0.043478260869565216,0.045871559633027525,0.1015625,0
enissh01w,3,CHA,0,0.25,0.5,0.75,0.6101694915254238,1.2203389830508475,1.8305084745762712,0.3333329629633745,0.01694914966963565,0.0338982993392713,3,0.75,1.8305084745762712,0.05084744900890695,6,1.5,3.6610169491525424,0.1016948980178139,1.0,2.440677966101695,0.6,0.2,14.75,0.0,0.11764705882352941,0.25,1.5,1.0,0.018867924528301886,0.004132231404958678,0.0045871559633027525,0
enissh01w,4,CHA,0,1.0,0.06896551724137931,2.1724137931034484,1.7030995106035889,0.11745513866231648,3.699836867862969,0.5039999596800032,0.04730831896723787,0.003262642687395715,31,1.0689655172413792,1.8205546492659053,0.05057096165463358,94,3.2413793103448274,5.520391517128875,0.1533442063075986,2.1724137931034484,3.699836867862969,0.484375,0.453125,21.137931034482758,0.6896551724137931,0.8529411764705882,1.4137931034482758,0.5333333333333333,0.06666666666666667,0.017241379310344827,0.10357142857142858,0.1,0
erbsu01w,1,CHA,0,0.27586206896551724,0.20689655172413793,1.2758620689655173,1.0472727272727274,0.7854545454545455,4.843636363636364,0.5873014940791279,0.029090908033057892,0.02181818102479342,14,0.4827586206896552,1.8327272727272728,0.05090908905785131,51,1.7586206896551724,6.676363636363637,0.18545453871074408,2.3448275862068964,8.901818181818182,0.2028985507246377,0.11594202898550725,9.482758620689655,0.0,0.8529411764705882,0.5862068965517241,1.1111111111111112,0.6666666666666666,0.06593406593406594,0.03587443946188341,0.058637083993660855,0
erbsu01w,2,CHA,0,0.05555555555555555,0.2777777777777778,1.5,0.24324324324324326,1.2162162162162162,6.5675675675675675,0.771428351020471,0.006756756300219169,0.033783781501095844,6,0.3333333333333333,1.4594594594594597,0.040540537801315016,33,1.8333333333333333,8.027027027027026,0.22297295790723257,1.2777777777777777,5.594594594594595,0.25,0.041666666666666664,8.222222222222221,0.0,0.5294117647058824,0.5555555555555556,2.0,2.5,0.043478260869565216,0.0045871559633027525,0.0421875,0
erbsu01w,3,CHA,0,0.41935483870967744,0.3548387096774194,1.6451612903225807,1.3684210526315788,1.1578947368421053,5.368421052631579,0.7183097579845411,0.038011694794979685,0.0321637417495982,24,0.7741935483870968,2.526315789473684,0.07017543654457789,75,2.4193548387096775,7.894736842105263,0.21929823920180588,2.2580645161290325,7.368421052631579,0.3380281690140845,0.18309859154929578,11.03225806451613,0.0967741935483871,0.9117647058823529,1.1290322580645162,0.7142857142857143,0.7857142857142857,0.10377358490566038,0.05371900826446281,0.0779816513761468,0
ervinla01w,10,CON,0,0.125,0.0,1.125,0.6428571428571428,0.0,5.7857142857142865,0.6923071597637233,0.017857139668367914,0.0,1,0.125,0.6428571428571428,0.017857139668367914,10,1.25,6.428571428571429,0.17857139668367916,0.625,3.2142857142857144,0.16666666666666666,0.16666666666666666,7.0,0.0,0.23529411764705882,0.25,0.0,0.0,0.0,0.00398406374501992,0.010882708585247884,0
fallotr01w,2,PHO,0,1.1290322580645162,0.3870967741935484,1.3548387096774193,1.4982164090368608,0.5136741973840666,1.797859690844233,0.5454544746163019,0.04161712197839332,0.014268727535449138,47,1.5161290322580645,2.0118906064209274,0.055885849513842456,89,2.870967741935484,3.8097502972651602,0.10582639588791444,1.3870967741935485,1.8406658739595718,1.0681818181818181,0.7954545454545454,27.129032258064516,0.5161290322580645,0.9117647058823529,1.5161290322580645,0.9166666666666666,0.3333333333333333,0.08633093525179857,0.11945392491467577,0.06531881804043546,0
farriba01w,1,DET,0,0.42857142857142855,0.07142857142857142,1.1428571428571428,1.6615384615384616,0.27692307692307694,4.430769230769231,0.4999998437500488,0.04615384260355057,0.007692307100591761,7,0.5,1.9384615384615387,0.05384614970414233,23,1.6428571428571428,6.36923076923077,0.17692306331361052,2.142857142857143,8.307692307692308,0.22580645161290322,0.1935483870967742,9.285714285714286,0.14285714285714285,0.4117647058823529,1.0,0.2857142857142857,0.14285714285714285,0.011235955056179775,0.022988505747126436,0.024806201550387597,0
farriba01w,2,DET,0,0.22580645161290322,0.16129032258064516,2.193548387096774,0.45080500894454384,0.3220035778175313,4.379248658318426,0.62385315377494,0.012522361135557046,0.008944543668255034,12,0.3870967741935484,0.7728085867620751,0.02146690480381208,80,2.5806451612903225,5.152057245080501,0.14311269869208054,2.193548387096774,4.379248658318426,0.17391304347826086,0.10144927536231885,18.032258064516128,0.3225806451612903,0.9117647058823529,0.967741935483871,2.0,0.625,0.060240963855421686,0.030973451327433628,0.10932475884244373,0
farriba01w,3,DET,0,0.375,0.28125,2.03125,0.7659574468085106,0.5744680851063829,4.148936170212766,0.6914892881394374,0.021276595367436254,0.01595744652557719,21,0.65625,1.3404255319148937,0.03723404189301344,86,2.6875,5.48936170212766,0.15248226679995983,1.9375,3.9574468085106385,0.3333333333333333,0.19047619047619047,17.625,0.5,0.9411764705882353,1.1875,1.2307692307692308,0.6923076923076923,0.06766917293233082,0.0594059405940594,0.09027777777777778,0
farriba01w,4,DET,0,0.29411764705882354,0.11764705882352941,1.5588235294117647,0.689655172413793,0.27586206896551724,3.655172413793103,0.646341384592514,0.019157087755611348,0.007662835102244539,14,0.4117647058823529,0.9655172413793104,0.026819922857855887,67,1.9705882352941178,4.620689655172414,0.12835248796259602,1.8235294117647058,4.275862068965518,0.2222222222222222,0.15873015873015872,15.352941176470589,0.0,1.0,1.2058823529411764,2.090909090909091,0.36363636363636365,0.025157232704402517,0.03787878787878788,0.062206572769953054,0
farriba01w,5,DET,0,0.3076923076923077,0.07692307692307693,1.2692307692307692,0.6824644549763034,0.17061611374407584,2.815165876777251,0.5409835178715544,0.018957345522337785,0.004739336380584446,10,0.38461538461538464,0.8530805687203791,0.02369668190292223,43,1.6538461538461537,3.6682464454976302,0.10189573218256559,1.7692307692307692,3.924170616113744,0.2127659574468085,0.1702127659574468,16.23076923076923,0.0,0.7647058823529411,1.0,0.7777777777777778,0.2222222222222222,0.013422818791946308,0.02877697841726619,0.04263565891472868,0
farriba01w,6,DET,0,0.23529411764705882,0.029411764705882353,1.5588235294117647,0.6486486486486487,0.08108108108108109,4.297297297297297,0.6309523058390112,0.01801801761220681,0.0022522522015258513,9,0.2647058823529412,0.7297297297297298,0.02027026981373266,62,1.8235294117647058,5.027027027027026,0.1396396364946028,1.6176470588235294,4.45945945945946,0.16071428571428573,0.14285714285714285,13.058823529411764,0.029411764705882353,1.0,1.2647058823529411,2.111111111111111,0.1111111111111111,0.00641025641025641,0.03305785123966942,0.06592039800995025,0
farriba01w,7,NYL,0,0.6176470588235294,0.14705882352941177,3.588235294117647,0.8008474576271186,0.1906779661016949,4.6525423728813555,0.6853932199217292,0.022245762476210143,0.005296610113383368,26,0.7647058823529411,0.9915254237288136,0.027542372589593512,148,4.352941176470588,5.6440677966101696,0.15677965935614768,3.088235294117647,4.004237288135593,0.24528301886792453,0.19811320754716982,27.764705882352942,1.0,1.0,1.911764705882353,2.3181818181818183,0.22727272727272727,0.04424778761061947,0.08300395256916997,0.1655359565807327,0
farriba01w,8,NYL,0,0.21428571428571427,0.03571428571428571,0.9642857142857143,0.9113924050632911,0.15189873417721517,4.10126582278481,0.6279068307193416,0.025316454627997694,0.004219409104666282,7,0.25,1.0632911392405062,0.029535863732663977,34,1.2142857142857142,5.1645569620253164,0.1434599095586536,1.1428571428571428,4.860759493670885,0.21212121212121213,0.18181818181818182,8.464285714285714,0.0,0.8235294117647058,0.6785714285714286,1.8571428571428572,0.14285714285714285,0.00909090909090909,0.020689655172413793,0.034220532319391636,0
farriba01w,9,PHO,0,0.5882352941176471,0.11764705882352941,2.7058823529411766,1.301989150090416,0.2603978300180832,5.989150090415913,0.7076922532544421,0.036166364626286356,0.007233272925257271,24,0.7058823529411765,1.562386980108499,0.04339963755154363,116,3.411764705882353,7.551537070524412,0.20976491483246087,2.5588235294117645,5.663652802893309,0.2727272727272727,0.22727272727272727,16.264705882352942,0.23529411764705882,1.0,1.0294117647058822,0.38095238095238093,0.19047619047619047,0.025477707006369428,0.08583690987124463,0.107981220657277,0
farriba01w,10,DET,0,0.38461538461538464,0.0,1.1538461538461537,1.6363636363636365,0.0,4.909090909090908,0.8333328703706276,0.045454541322314426,0.0,5,0.38461538461538464,1.6363636363636365,0.045454541322314426,20,1.5384615384615385,6.545454545454546,0.1818181652892577,1.3076923076923077,5.5636363636363635,0.2777777777777778,0.2777777777777778,8.461538461538462,0.23076923076923078,0.38235294117647056,0.6923076923076923,0.8333333333333334,0.0,0.0,0.019083969465648856,0.01756440281030445,0
feastal01w,1,LAS,0,0.71875,0.0625,1.53125,1.7654584221748402,0.15351812366737738,3.761194029850746,0.5764705204152328,0.049040510681439005,0.004264392233168609,25,0.78125,1.9189765458422174,0.05330490291460762,74,2.3125,5.680170575692964,0.15778251262723855,1.46875,3.6076759061833688,0.5208333333333334,0.4791666666666667,14.65625,0.0,0.9411764705882353,1.09375,1.375,0.08333333333333333,0.012738853503184714,0.08455882352941177,0.0625,0
feastal01w,2,CHA,0,0.90625,0.3125,3.0625,1.0367428003972194,0.35749751737835156,3.503475670307845,0.6405228339527559,0.028798410836162754,0.009930486495228536,39,1.21875,1.3942403177755711,0.03872889733139129,137,4.28125,4.897715988083416,0.13604766498463094,2.6875,3.074478649453823,0.4482758620689655,0.3333333333333333,31.46875,1.0,0.9411764705882353,1.84375,1.5333333333333334,0.3333333333333333,0.08695652173913043,0.13302752293577982,0.153125,0
feastal01w,3,CHA,0,1.21875,0.375,2.53125,1.4686192468619248,0.45188284518828453,3.0502092050209204,0.6864406197931678,0.04079497865277219,0.012552301123929905,51,1.59375,1.9205020920502092,0.053347279776702096,132,4.125,4.97071129707113,0.13807531236322895,2.46875,2.9748953974895396,0.6375,0.4875,29.875,1.0,0.9411764705882353,1.25,1.525,0.3,0.11320754716981132,0.16115702479338842,0.12385321100917432,0
feastal01w,4,CHA,0,1.5294117647058822,0.2647058823529412,2.235294117647059,1.7080291970802919,0.2956204379562044,2.4963503649635035,0.6725663121622732,0.047445255041557895,0.008211678757192713,61,1.7941176470588236,2.0036496350364965,0.055656933798750606,137,4.029411764705882,4.5,0.12499999885948906,2.2058823529411766,2.4635036496350367,0.8026315789473685,0.6842105263157895,32.23529411764706,1.0,1.0,2.1176470588235294,1.3773584905660377,0.16981132075471697,0.07758620689655173,0.18571428571428572,0.12063492063492064,0
feastal01w,5,CHA,0,0.8181818181818182,0.18181818181818182,1.878787878787879,0.9239543726235742,0.20532319391634982,2.121673003802281,0.7380951502267677,0.025665398995576055,0.0057034219990169015,33,1.0,1.129277566539924,0.031368820994592955,95,2.878787878787879,3.250950570342205,0.09030418165110093,1.8484848484848484,2.08745247148289,0.532258064516129,0.43548387096774194,31.87878787878788,0.9696969696969697,0.9705882352941176,2.0606060606060606,2.142857142857143,0.21428571428571427,0.044444444444444446,0.12796208530805686,0.10048622366288493,0
feastal01w,6,CHA,0,0.6666666666666666,0.09523809523809523,1.3333333333333333,0.7567567567567568,0.10810810810810811,1.5135135135135136,0.7567565522279588,0.02102102070539008,0.0030030029579128687,16,0.7619047619047619,0.8648648648648649,0.02402402366330295,44,2.0952380952380953,2.378378378378378,0.06606606507408311,2.4761904761904763,2.810810810810811,0.3018867924528302,0.2641509433962264,31.714285714285715,1.0,0.6176470588235294,1.8095238095238095,3.4,0.13333333333333333,0.017543859649122806,0.04912280701754386,0.04590163934426229,0
feastal01w,7,CHA,0,0.40625,0.0625,0.53125,1.5145631067961165,0.23300970873786409,1.9805825242718447,0.8499995750002125,0.04207119604947586,0.006472491699919363,15,0.46875,1.7475728155339805,0.04854368774939522,32,1.0,3.7281553398058254,0.10355986719870981,0.625,2.3300970873786406,0.7142857142857143,0.6190476190476191,9.65625,0.03125,0.9411764705882353,0.4375,1.5,0.14285714285714285,0.01282051282051282,0.04113924050632911,0.022727272727272728,0
feastal01w,9,IND,0,0.15151515151515152,0.09090909090909091,0.42424242424242425,0.5980066445182725,0.3588039867109634,1.6744186046511627,0.6086953875237445,0.016611295129192856,0.009966777077515712,8,0.24242424242424243,0.9568106312292359,0.026578072206708568,22,0.6666666666666666,2.631229235880399,0.07308969856844856,0.696969696969697,2.750830564784053,0.3333333333333333,0.20833333333333334,9.121212121212121,0.0,0.9705882352941176,0.42424242424242425,4.333333333333333,0.5,0.018072289156626505,0.015384615384615385,0.01797175866495507,0
feifesu01w,6,SAC,0,0.0,0.0,0.2,0.0,0.0,1.5,0.9999900000999989,0.0,0.0,0,0.0,0.0,0.0,1,0.2,1.5,0.04166664930556279,0.6,4.5,0.0,0.0,4.8,0.0,0.14705882352941177,0.4,3.0,0.0,0.0,0.0,0.0014814814814814814,0
ferdima01w,2,UTA,0,1.25,0.125,1.96875,1.6666666666666665,0.16666666666666666,2.625,0.7325580543537146,0.046296295760459544,0.0046296295760459545,44,1.375,1.8333333333333333,0.050925925336505494,107,3.34375,4.458333333333333,0.12384259115922927,2.1875,2.9166666666666665,0.6197183098591549,0.5633802816901409,27.0,0.6875,0.9411764705882353,1.96875,1.9268292682926829,0.0975609756097561,0.025477707006369428,0.19704433497536947,0.08118556701030928,0
ferdima01w,3,UTA,0,1.59375,0.21875,2.75,1.723943661971831,0.23661971830985915,2.9746478873239437,0.8224298296794551,0.04788732349401574,0.006572769891335494,58,1.8125,1.9605633802816902,0.05446009338535124,146,4.5625,4.935211267605634,0.13708920059071172,2.6875,2.9070422535211264,0.6666666666666666,0.5862068965517241,33.28125,1.0,0.9411764705882353,2.78125,1.75,0.1346153846153846,0.03910614525139665,0.22270742358078602,0.12188365650969529,0
ferdima01w,4,SAS,0,1.7058823529411764,0.17647058823529413,2.911764705882353,1.8709677419354838,0.19354838709677422,3.1935483870967745,0.7795274976750002,0.05197132569918167,0.00537634403784638,64,1.8823529411764706,2.064516129032258,0.057347669737028054,163,4.794117647058823,5.258064516129032,0.1460573463614933,2.5588235294117645,2.806451612903226,0.7272727272727273,0.6590909090909091,32.8235294117647,1.0,1.0,2.5,1.5254237288135593,0.1016949152542373,0.03571428571428571,0.30851063829787234,0.12437185929648241,0
ferdima01w,5,SAS,0,1.8823529411764706,0.11764705882352941,2.1176470588235294,2.2632612966601178,0.14145383104125736,2.5461689587426326,0.6666665432098994,0.06286836811653501,0.003929273007283438,34,2.0,2.404715127701375,0.06679764112381845,70,4.117647058823529,4.950884086444009,0.13752455525492033,2.0,2.404715127701375,0.9714285714285714,0.9142857142857143,29.941176470588236,1.0,0.5,2.0588235294117645,0.8787878787878788,0.06060606060606061,0.018691588785046728,0.11721611721611722,0.05128205128205128,0
ferdima01w,6,SAS,0,1.4838709677419355,0.16129032258064516,2.4516129032258065,1.6576576576576578,0.18018018018018017,2.738738738738739,0.6551723573127278,0.04604604558512467,0.005005004954904855,51,1.6451612903225807,1.837837837837838,0.05105105054002953,127,4.096774193548387,4.576576576576576,0.12712712585458333,2.3870967741935485,2.6666666666666665,0.68,0.6133333333333333,32.225806451612904,1.0,0.9117647058823529,2.2580645161290325,1.446808510638298,0.10638297872340426,0.054945054945054944,0.23469387755102042,0.10998552821997105,0
ferdima01w,8,SAS,0,0.5588235294117647,0.08823529411764706,1.411764705882353,1.4220374220374221,0.22453222453222454,3.5925155925155927,0.5925925194330223,0.03950103867981209,0.0062370061073387505,22,0.6470588235294118,1.6465696465696467,0.045738044787150836,70,2.0588235294117645,5.23908523908524,0.14553014250457086,1.6176470588235294,4.116424116424117,0.39285714285714285,0.3392857142857143,14.147058823529411,0.35294117647058826,1.0,1.088235294117647,1.4,0.15,0.022900763358778626,0.06690140845070422,0.06274509803921569,0
ferdima01w,9,LAS,0,0.7575757575757576,0.12121212121212122,1.6666666666666667,1.3235294117647058,0.21176470588235294,2.9117647058823533,0.6470587474048533,0.036764705341695514,0.005882352854671282,29,0.8787878787878788,1.535294117647059,0.04264705819636679,84,2.5454545454545454,4.447058823529412,0.12352940994809691,2.1515151515151514,3.7588235294117647,0.4027777777777778,0.3472222222222222,20.606060606060606,0.7575757575757576,0.9705882352941176,1.2424242424242424,1.6538461538461537,0.15384615384615385,0.018433179723502304,0.0992063492063492,0.06131549609810479,0
ferdima01w,10,LAS,0,0.5357142857142857,0.07142857142857142,0.8571428571428571,1.592920353982301,0.21238938053097345,2.5486725663716814,0.585365710886412,0.04424778630537504,0.005899704840716672,17,0.6071428571428571,1.8053097345132743,0.05014749114609171,41,1.4642857142857142,4.353982300884955,0.12094394923469177,1.5714285714285714,4.672566371681416,0.37777777777777777,0.3333333333333333,12.107142857142858,0.21428571428571427,0.8235294117647058,0.7857142857142857,1.5,0.125,0.011976047904191617,0.06880733944954129,0.027149321266968326,0
fernama01w,8,LAS,0,1.0588235294117647,0.4117647058823529,1.7647058823529411,1.4545454545454546,0.5656565656565657,2.4242424242424243,0.8333332175926086,0.04040403995057194,0.0157126822030002,50,1.4705882352941178,2.0202020202020203,0.05611672215357214,110,3.235294117647059,4.444444444444445,0.12345678873785872,0.9117647058823529,1.2525252525252526,1.5625,1.125,26.205882352941178,0.5882352941176471,1.0,2.6470588235294117,2.72972972972973,0.3783783783783784,0.12962962962962962,0.14634146341463414,0.07653061224489796,0
ferrama01w,1,NYL,0,0.0,0.08695652173913043,0.5652173913043478,0.0,0.4675324675324676,3.038961038961039,0.7647054325262161,0.0,0.01298701214370051,2,0.08695652173913043,0.4675324675324676,0.01298701214370051,15,0.6521739130434783,3.5064935064935066,0.09740259107775383,1.4782608695652173,7.948051948051948,0.05714285714285714,0.0,6.695652173913044,0.17391304347826086,0.6764705882352942,0.4782608695652174,4.0,2.0,0.019417475728155338,0.0,0.019908116385911178,0
figgsuk01w,1,LAS,0,0.65625,0.09375,1.28125,0.9414694894146949,0.13449564134495642,1.838107098381071,0.74545440991738,0.02615192993584147,0.003735989990834496,24,0.75,1.0759651307596514,0.029887919926675968,65,2.03125,2.9140722291407224,0.08094644980141408,1.65625,2.376089663760897,0.4444444444444444,0.3888888888888889,25.09375,1.0,0.9411764705882353,1.34375,5.7727272727272725,0.13636363636363635,0.01910828025477707,0.07720588235294118,0.05229591836734694,0
figgsuk01w,2,LAS,0,1.34375,0.125,2.6875,1.664516129032258,0.15483870967741936,3.329032258064516,0.8599999140000085,0.04623655864261765,0.0043010752225690835,47,1.46875,1.8193548387096774,0.05053763386518673,133,4.15625,5.148387096774194,0.14301075115042203,1.3125,1.6258064516129032,1.0930232558139534,1.0,29.0625,0.90625,0.9411764705882353,1.71875,2.8636363636363638,0.09090909090909091,0.02877697841726619,0.1524822695035461,0.11375661375661375,0
figgsuk01w,3,POR,0,0.8064516129032258,0.06451612903225806,2.161290322580645,1.0392609699769053,0.08314087759815242,2.7852193995381063,0.837499895312513,0.028868359943783374,0.0023094687955026697,27,0.8709677419354839,1.1224018475750577,0.031177828739286043,94,3.032258064516129,3.907621247113164,0.10854503338862548,1.6129032258064515,2.0785219399538106,0.5294117647058824,0.49019607843137253,27.93548387096774,1.0,0.9117647058823529,1.4193548387096775,4.0,0.07692307692307693,0.01652892561983471,0.10416666666666667,0.1043613707165109,0
figgsuk01w,4,HOU,0,0.7647058823529411,0.029411764705882353,2.0588235294117645,0.9831932773109244,0.037815126050420166,2.6470588235294117,0.8641974241731575,0.027310924082868445,0.0010504201570334017,27,0.7941176470588235,1.0210084033613445,0.02836134423990185,97,2.8529411764705883,3.668067226890756,0.10189075523223996,0.9705882352941176,1.2478991596638656,0.7941176470588235,0.7647058823529411,28.0,0.8823529411764706,1.0,1.7352941176470589,3.037037037037037,0.037037037037037035,0.007692307692307693,0.11206896551724138,0.0915032679738562,0
firsool01w,1,NYL,0,0.0,0.1111111111111111,0.4444444444444444,0.0,1.894736842105263,7.578947368421052,0.9999975000062501,0.0,0.05263155124655198,1,0.1111111111111111,1.894736842105263,0.05263155124655198,5,0.5555555555555556,9.473684210526315,0.2631577562327599,0.8888888888888888,15.157894736842104,0.1111111111111111,0.0,2.111111111111111,0.0,0.2647058823529412,0.2222222222222222,1.0,1.0,0.009708737864077669,0.0,0.006125574272588055,0
floremi01w,1,MIA,0,0.71875,0.09375,0.53125,1.7468354430379747,0.22784810126582278,1.2911392405063291,0.7391301134216899,0.048523205727358534,0.006329113790525026,26,0.8125,1.9746835443037976,0.05485231951788356,43,1.34375,3.2658227848101267,0.09071729766419204,1.125,2.7341772151898733,0.7027027027027027,0.6216216216216216,14.8125,0.0,0.9411764705882353,1.5,2.0416666666666665,0.125,0.033707865168539325,0.08424908424908426,0.028523489932885907,0
flukety01w,7,CHA,0,0.06451612903225806,0.45161290322580644,1.2903225806451613,0.2222222222222222,1.5555555555555554,4.444444444444445,0.6060605142332554,0.006172839315653108,0.04320987520957176,16,0.5161290322580645,1.7777777777777777,0.049382714525224865,56,1.8064516129032258,6.222222222222221,0.17283950083828703,1.5483870967741935,5.333333333333333,0.32653061224489793,0.04081632653061224,10.451612903225806,0.03225806451612903,0.9117647058823529,0.6774193548387096,3.0,4.666666666666667,0.08974358974358974,0.006329113924050633,0.053475935828877004,0
flukety01w,8,LAS,2,0.25,0.5833333333333334,0.8333333333333334,0.9473684210526315,2.2105263157894735,3.1578947368421053,0.5263155124655198,0.026315787165281827,0.061403503385657594,10,0.8333333333333334,3.1578947368421053,0.08771929055093942,20,1.6666666666666667,6.315789473684211,0.17543858110187885,1.0833333333333333,4.105263157894736,0.7142857142857143,0.21428571428571427,9.5,0.0,0.35294117647058826,0.75,0.75,1.75,0.06481481481481481,0.012195121951219513,0.012755102040816327,0
flukety01w,8,SEA,1,0.0,0.1111111111111111,0.5555555555555556,0.0,1.161290322580645,5.806451612903226,0.7142846938790088,0.0,0.03225805411030513,1,0.1111111111111111,1.161290322580645,0.03225805411030513,6,0.6666666666666666,6.967741935483871,0.19354832466183075,0.4444444444444444,4.64516129032258,0.2,0.0,3.4444444444444446,0.0,0.2647058823529412,0.3333333333333333,0.0,1.0,0.006578947368421052,0.0,0.0060901339829476245,0
flukety01w,9,CHI,0,0.23076923076923078,0.3076923076923077,0.8846153846153846,0.9350649350649352,1.2467532467532467,3.5844155844155843,0.6764703892734149,0.025974024849609312,0.03463203313281242,14,0.5384615384615384,2.1818181818181817,0.06060605798242173,37,1.4230769230769231,5.766233766233766,0.16017315323925743,1.5384615384615385,6.233766233766233,0.34146341463414637,0.14634146341463414,8.884615384615385,0.07692307692307693,0.7647058823529411,0.6923076923076923,1.4285714285714286,1.1428571428571428,0.05333333333333334,0.022222222222222223,0.029831387808041506,0
folklkr01w,1,MIN,0,0.71875,0.6875,3.625,0.9798816568047337,0.9372781065088757,4.942011834319526,0.7532467043346296,0.027218934589125034,0.026035502650467425,45,1.40625,1.9171597633136095,0.05325443723959246,161,5.03125,6.859171597633137,0.19053254212387524,2.5,3.408284023668639,0.5555555555555556,0.2839506172839506,26.40625,0.625,0.9411764705882353,1.5625,2.7916666666666665,0.9166666666666666,0.34375,0.09663865546218488,0.18923327895595432,0
folklkr01w,2,POR,0,0.625,1.0625,6.125,0.8352668213457076,1.419953596287703,8.185614849187935,0.7999999673469401,0.02320185587932882,0.039443154994858995,54,1.6875,2.2552204176334105,0.0626450108741878,250,7.8125,10.440835266821345,0.29002319849161023,1.75,2.338747099767981,0.9473684210526315,0.3508771929824561,26.9375,0.96875,0.9411764705882353,1.21875,2.142857142857143,1.619047619047619,0.3177570093457944,0.08163265306122448,0.2812051649928264,0
folklkr01w,3,POR,0,0.5625,0.53125,3.34375,1.0764119601328903,1.0166112956810631,6.398671096345515,0.722972924123451,0.029900331729230373,0.028239202188717574,35,1.09375,2.0930232558139537,0.05813953391794795,142,4.4375,8.491694352159469,0.23588039475281738,1.75,3.3488372093023253,0.6140350877192983,0.3157894736842105,18.8125,0.125,0.9411764705882353,1.0,1.6842105263157894,0.8947368421052632,0.14049586776859505,0.075,0.16666666666666666,0
fordch01w,4,DET,0,1.0,0.96875,7.34375,1.2050209205020919,1.1673640167364017,8.849372384937238,0.7035927933056051,0.03347280299714641,0.03242677790348559,63,1.96875,2.3723849372384938,0.065899580900632,298,9.3125,11.221757322175733,0.31171547791092596,3.40625,4.104602510460252,0.5727272727272728,0.2909090909090909,29.875,1.0,0.9411764705882353,2.46875,0.8181818181818182,0.9393939393939394,0.1949685534591195,0.12121212121212122,0.27582159624413144,0
fordch01w,5,DET,0,1.3225806451612903,0.8064516129032258,6.225806451612903,1.618421052631579,0.9868421052631579,7.618421052631579,0.649831627951797,0.04495613985793706,0.027412280401181138,66,2.129032258064516,2.605263157894737,0.0723684202591182,259,8.35483870967742,10.223684210526317,0.2839912249562366,3.806451612903226,4.657894736842106,0.5546218487394958,0.3445378151260504,29.419354838709676,1.0,0.9117647058823529,1.7419354838709677,0.8095238095238095,0.5952380952380952,0.16778523489932887,0.1474820143884892,0.24935400516795866,0
fordch01w,6,DET,0,1.0,1.393939393939394,6.333333333333333,1.2746781115879828,1.7768240343347639,8.072961373390559,0.6490683028239658,0.0354077249419772,0.049356222646392466,79,2.393939393939394,3.051502145922747,0.08476394758836966,288,8.727272727272727,11.124463519313306,0.3090128722208919,4.333333333333333,5.523605150214592,0.5486111111111112,0.22916666666666666,28.242424242424242,1.0,0.9705882352941176,2.090909090909091,0.7647058823529411,1.3529411764705883,0.2948717948717949,0.13636363636363635,0.2599502487562189,0
fordch01w,7,DET,0,1.1875,0.78125,7.28125,1.4869565217391303,0.9782608695652174,9.117391304347825,0.6418732605544557,0.04130434737712666,0.027173912748109645,63,1.96875,2.4652173913043476,0.0684782601252363,296,9.25,11.582608695652173,0.3217391269376182,3.5625,4.460869565217392,0.5478260869565217,0.33043478260869563,28.75,1.0,0.9411764705882353,1.8125,1.1538461538461537,0.6410256410256411,0.18115942028985507,0.17757009345794392,0.264472190692395,0
fordch01w,8,DET,0,1.8666666666666667,0.7333333333333333,8.0,2.191304347826087,0.8608695652173913,9.391304347826086,0.71428567176871,0.060869563894139916,0.023913042958412112,39,2.6,3.052173913043478,0.08478260685255203,159,10.6,12.443478260869565,0.345652166398866,3.6,4.22608695652174,0.7090909090909091,0.509090909090909,30.666666666666668,1.0,0.4411764705882353,2.8,0.7586206896551724,0.3793103448275862,0.09322033898305085,0.12280701754385964,0.12875536480686695,0
fordch01w,9,DET,0,1.0,0.375,5.583333333333333,1.3563579277864992,0.5086342229199372,7.572998430141287,0.6442307382581376,0.03767660851371101,0.01412872819264163,33,1.375,1.8649921507064364,0.051805336706352643,167,6.958333333333333,9.437990580847723,0.2621664009079058,2.9166666666666665,3.956043956043956,0.4647887323943662,0.3380281690140845,26.541666666666668,1.0,0.7058823529411765,0.9583333333333334,0.88,0.36,0.07563025210084033,0.08602150537634409,0.15876777251184834,0
fordch01w,10,DET,0,0.9655172413793104,0.4482758620689655,4.9655172413793105,1.3350993377483444,0.6198675496688741,6.8662251655629145,0.6697674107084925,0.03708609222402527,0.017218542818297447,41,1.4137931034482758,1.9549668874172186,0.05430463504232272,185,6.379310344827586,8.821192052980132,0.24503310933730982,3.6206896551724137,5.006622516556291,0.3867924528301887,0.2641509433962264,26.03448275862069,1.0,0.8529411764705882,1.6896551724137931,0.8620689655172413,0.4482758620689655,0.1326530612244898,0.10687022900763359,0.1686182669789227,0
fordki01w,1,MIA,0,1.1428571428571428,0.03571428571428571,1.0714285714285714,2.7169811320754715,0.08490566037735849,2.547169811320755,0.48387088969824354,0.07547169633321471,0.0023584905104129597,33,1.1785714285714286,2.80188679245283,0.07783018684362768,63,2.25,5.349056603773585,0.14858490215601647,2.3214285714285716,5.518867924528301,0.5,0.48484848484848486,15.142857142857142,0.0,0.8235294117647058,0.9642857142857143,0.6363636363636364,0.030303030303030304,0.011235955056179775,0.11721611721611722,0.050335570469798654,0
fordki01w,2,MIA,0,0.5666666666666667,0.16666666666666666,1.5333333333333334,1.549367088607595,0.45569620253164556,4.192405063291139,0.7076921988165847,0.043037973593975355,0.01265822752763981,22,0.7333333333333333,2.0050632911392405,0.05569620112161516,68,2.2666666666666666,6.19746835443038,0.17215189437590142,1.4333333333333333,3.918987341772152,0.5,0.38636363636363635,13.166666666666666,0.03333333333333333,0.8823529411764706,0.6,1.1666666666666667,0.2777777777777778,0.032467532467532464,0.05647840531561462,0.0705521472392638,0
fordst01w,2,NYL,0,0.0,0.0,1.0,0.0,0.0,12.0,0.9999900000999989,0.0,0.0,0,0.0,0.0,0.0,1,1.0,12.0,0.3333322222259259,0.0,0.0,0.0,0.0,3.0,0.0,0.029411764705882353,0.0,0.0,0.0,0.0,0.0,0.0015128593040847202,0
fordst01w,3,SAC,0,0.0,0.0,0.0,0.0,0.0,0.0,0.0,0.0,0.0,0,0.0,0.0,0.0,0,0.0,0.0,0.0,0.2,3.0,0.0,0.0,2.4,0.0,0.14705882352941177,0.2,1.0,0.0,0.0,0.0,0.0,0
fowlesy01w,9,CHI,0,1.1176470588235294,2.1176470588235294,5.823529411764706,1.5906976744186045,3.013953488372093,8.288372093023256,0.7795274976750002,0.04418604548404546,0.08372092828555981,55,3.235294117647059,4.604651162790698,0.12790697376960528,154,9.058823529411764,12.893023255813953,0.3581395265548947,1.8823529411764706,2.6790697674418604,1.6666666666666667,0.5757575757575758,25.294117647058822,0.8235294117647058,0.5,2.176470588235294,0.25,1.8,0.24,0.07037037037037037,0.12840466926070038,0
fowlesy01w,10,CHI,0,0.875,1.4583333333333333,5.666666666666667,1.092485549132948,1.8208092485549134,7.075144508670521,0.7234042168402012,0.030346820370710688,0.05057803395118448,56,2.3333333333333335,2.913294797687861,0.08092485432189517,192,8.0,9.98843930635838,0.2774566433893549,3.0,3.7456647398843934,0.7671232876712328,0.2876712328767123,28.833333333333332,0.8333333333333334,0.7058823529411765,3.1666666666666665,0.8636363636363636,1.5909090909090908,0.2517985611510791,0.084,0.17503217503217502,0
francde01w,1,NYL,0,0.0,0.0,0.0,0.0,0.0,0.0,0.0,0.0,0.0,0,0.0,0.0,0.0,0,0.0,0.0,0.0,0.0,0.0,0.0,0.0,2.0,0.0,0.029411764705882353,0.0,0.0,0.0,0.0,0.0,0.0,0
frankaq01w,9,SAC,0,0.47058823529411764,0.029411764705882353,1.1764705882352942,1.6410256410256412,0.10256410256410257,4.102564102564102,0.8888886913580685,0.04558404428535487,0.0028490027678346793,17,0.5,1.7435897435897434,0.04843304705318954,57,1.6764705882352942,5.846153846153847,0.1623931577665767,1.2941176470588236,4.512820512820513,0.37777777777777777,0.35555555555555557,10.323529411764707,0.0,1.0,0.7647058823529411,3.4705882352941178,0.058823529411764705,0.01282051282051282,0.05,0.055401662049861494,0
frankaq01w,10,SEA,0,0.5,0.0,1.0,1.8,0.0,3.6,0.9999950000249999,0.0499999750000125,0.0,1,0.5,1.8,0.0499999750000125,3,1.5,5.3999999999999995,0.1499999250000375,1.0,3.6,0.3333333333333333,0.3333333333333333,10.0,0.0,0.058823529411764705,0.5,0.5,0.0,0.0,0.0036101083032490976,0.0025348542458808617,0
frazeme01w,10,SAS,0,0.27586206896551724,0.1724137931034483,1.9655172413793103,0.8834355828220859,0.5521472392638037,6.294478527607362,0.6785713477891252,0.02453987654785655,0.015337422842410343,13,0.4482758620689655,1.4355828220858895,0.03987729939026689,70,2.413793103448276,7.730061349693252,0.2147239197937448,1.4827586206896552,4.748466257668711,0.29545454545454547,0.18181818181818182,11.241379310344827,0.0,0.8529411764705882,0.7241379310344828,1.6666666666666667,0.5555555555555556,0.042735042735042736,0.031007751937984496,0.0741222366710013,0
fresest01w,1,UTA,0,0.19047619047619047,0.0,0.6666666666666666,0.6486486486486487,0.0,2.27027027027027,0.7777773456792524,0.01801801720639562,0.0,4,0.19047619047619047,0.6486486486486487,0.01801801720639562,18,0.8571428571428571,2.9189189189189193,0.08108107742878029,0.6666666666666666,2.27027027027027,0.26666666666666666,0.26666666666666666,10.571428571428571,0.0,0.6176470588235294,0.6666666666666666,3.4,0.0,0.0,0.018604651162790697,0.019099590723055934,0
frettla01w,1,LAS,0,0.28,0.24,0.64,1.3475935828877004,1.1550802139037435,3.0802139037433154,0.6666663888890046,0.037433153078441014,0.03208555978152087,13,0.52,2.502673796791444,0.06951871285996188,29,1.16,5.5828877005347595,0.1550802056106842,0.4,1.9251336898395721,1.1818181818181819,0.6363636363636364,7.48,0.0,0.7352941176470589,0.52,0.75,0.75,0.03821656050955414,0.025735294117647058,0.02040816326530612,0
frettla01w,2,SAC,0,0.3333333333333333,0.2,1.0666666666666667,0.8933002481389579,0.5359801488833746,2.858560794044665,0.581818076033077,0.02481389516590831,0.014888337099544987,16,0.5333333333333333,1.4292803970223324,0.039702232265453295,48,1.6,4.287841191066997,0.11910669679635989,1.0,2.6799007444168734,0.5161290322580645,0.3225806451612903,13.433333333333334,0.3333333333333333,0.8823529411764706,1.0666666666666667,1.6363636363636365,0.5454545454545454,0.03773584905660377,0.036101083032490974,0.04419889502762431,0
frettla01w,3,SAC,0,0.15625,0.59375,2.03125,0.2777777777777778,1.0555555555555556,3.611111111111111,0.6842104542936364,0.007716049263641216,0.02932098720183662,24,0.75,1.3333333333333333,0.03703703646547783,89,2.78125,4.944444444444445,0.13734567689281363,2.1875,3.888888888888889,0.3380281690140845,0.07042253521126761,20.25,0.46875,0.9411764705882353,0.84375,3.8333333333333335,3.1666666666666665,0.17272727272727273,0.020161290322580645,0.10015408320493066,0
frettla01w,4,SAC,0,0.08333333333333333,0.125,0.5833333333333334,0.48000000000000004,0.72,3.3600000000000003,0.6086953875237445,0.013333332444444504,0.019999998666666755,5,0.20833333333333334,1.2,0.03333333111111126,19,0.7916666666666666,4.5600000000000005,0.12666665822222278,0.6666666666666666,3.8400000000000003,0.29411764705882354,0.11764705882352941,6.25,0.16666666666666666,0.7058823529411765,0.4166666666666667,4.0,1.0,0.024390243902439025,0.006711409395973154,0.019471488178025034,0
frettla01w,5,CHA,1,0.1,0.2,0.7,0.5070422535211268,1.0140845070422535,3.549295774647887,0.6999993000007,0.014084505058520413,0.028169010117040826,3,0.3,1.5211267605633803,0.04225351517556124,10,1.0,5.070422535211268,0.14084505058520413,0.4,2.028169014084507,0.6,0.2,7.1,0.0,0.29411764705882354,1.0,2.0,1.0,0.014814814814814815,0.004739336492890996,0.011345218800648298,0
frettla01w,5,NYL,2,0.5625,0.3125,1.625,1.1739130434782608,0.6521739130434783,3.391304347826087,0.6499998375000405,0.03260869447069948,0.01811594137261082,14,0.875,1.8260869565217392,0.0507246358433103,40,2.5,5.217391304347826,0.14492753098088657,1.5625,3.260869565217391,0.5384615384615384,0.34615384615384615,17.25,0.125,0.47058823529411764,0.875,1.4,0.5,0.04,0.04285714285714286,0.03504043126684636,0
frettla01w,6,NYL,0,0.36363636363636365,0.12121212121212122,0.696969696969697,1.1966759002770084,0.3988919667590028,2.2936288088642662,0.6052629986150003,0.03324099630911368,0.011080332103037892,16,0.48484848484848486,1.5955678670360112,0.04432132841215157,39,1.1818181818181819,3.8891966759002767,0.10803323800461945,1.5757575757575757,5.185595567867036,0.3018867924528302,0.22641509433962265,10.93939393939394,0.030303030303030304,0.9705882352941176,0.5454545454545454,1.3846153846153846,0.3076923076923077,0.035398230088495575,0.05581395348837209,0.03137789904502047,0
friertr01w,5,SEA,0,0.0,0.0,0.4,0.0,0.0,3.272727272727273,0.39999920000160005,0.0,0.0,0,0.0,0.0,0.0,2,0.4,3.272727272727273,0.09090904958679565,1.4,11.454545454545455,0.0,0.0,4.4,0.0,0.14705882352941177,0.2,0.0,0.0,0.0,0.0,0.0028169014084507044,0
frohlli01w,3,NYL,0,0.125,0.0,0.625,1.0746268656716418,0.0,5.3731343283582085,0.7692301775152481,0.029850741813322115,0.0,2,0.125,1.0746268656716418,0.029850741813322115,12,0.75,6.447761194029851,0.1791044508799327,0.6875,5.91044776119403,0.16666666666666666,0.16666666666666666,4.1875,0.0,0.47058823529411764,0.25,0.3333333333333333,0.0,0.0,0.007633587786259542,0.016366612111292964,0
frohlli01w,4,NYL,0,0.23076923076923078,0.3076923076923077,0.9615384615384616,1.0093457943925233,1.3457943925233644,4.205607476635514,0.6944442515432634,0.028037381867412062,0.03738317582321608,14,0.5384615384615384,2.3551401869158877,0.06542055769062814,39,1.5,6.5607476635514015,0.1822429821381784,1.0,4.373831775700935,0.5185185185185185,0.2222222222222222,8.23076923076923,0.0,0.7647058823529411,0.5384615384615384,2.142857142857143,1.1428571428571428,0.06201550387596899,0.022813688212927757,0.036390101892285295,0
frohlli01w,7,IND,0,0.25,0.0,1.05,1.0650887573964496,0.0,4.4733727810650885,0.5999998285714775,0.02958579706592917,0.0,5,0.25,1.0650887573964496,0.02958579706592917,26,1.3,5.538461538461538,0.15384614474283168,1.35,5.7514792899408285,0.17857142857142858,0.17857142857142858,8.45,0.0,0.5882352941176471,0.65,1.5,0.0,0.0,0.014084507042253521,0.027777777777777776,0
frohlli01w,8,SAC,0,0.1,0.1,0.7,0.7058823529411764,0.7058823529411764,4.9411764705882355,0.7777769135812072,0.01960783929258053,0.01960783929258053,2,0.2,1.4117647058823528,0.03921567858516106,9,0.9,6.352941176470589,0.17647055363322478,1.0,7.0588235294117645,0.18181818181818182,0.09090909090909091,5.1,0.0,0.29411764705882354,1.2,1.0,0.5,0.00980392156862745,0.003067484662576687,0.009668508287292817,0
futreca01w,5,CON,0,0.25,0.05,0.6,1.25,0.25,3.0,0.6315786149586237,0.03472221981095696,0.0069444439621913915,6,0.3,1.5,0.04166666377314835,18,0.9,4.5,0.12499999131944504,1.0,5.0,0.2857142857142857,0.23809523809523808,7.2,0.0,0.5882352941176471,0.35,1.6666666666666667,0.16666666666666666,0.010309278350515464,0.016666666666666666,0.016551724137931035,0
gaithka01w,1,IND,2,0.0,0.16666666666666666,0.3333333333333333,0.0,1.5,3.0,0.6666644444518518,0.0,0.04166664930556279,1,0.16666666666666666,1.5,0.04166664930556279,3,0.5,4.5,0.12499994791668836,0.3333333333333333,3.0,0.3333333333333333,0.0,4.0,0.0,0.17647058823529413,0.16666666666666666,1.0,1.0,0.007874015748031496,0.0,0.0030864197530864196,0
gaithka01w,1,UTA,1,0.4444444444444444,0.0,1.1111111111111112,2.6666666666666665,0.0,6.666666666666666,0.5882349480970893,0.07407406035665548,0.0,4,0.4444444444444444,2.6666666666666665,0.07407406035665548,14,1.5555555555555556,9.333333333333332,0.2592592112482942,0.8888888888888888,5.333333333333333,0.4444444444444444,0.4444444444444444,6.0,0.0,0.2647058823529412,0.4444444444444444,0.8,0.0,0.0,0.018604651162790697,0.013642564802182811,0
gaithka01w,3,LAS,1,0.0,0.0,1.0,0.0,0.0,7.2,0.9999900000999989,0.0,0.0,0,0.0,0.0,0.0,1,1.0,7.2,0.19999960000080003,2.0,14.4,0.0,0.0,5.0,0.0,0.029411764705882353,1.0,1.0,0.0,0.0,0.0,0.001226993865030675,0
gaithka01w,3,WAS,2,0.0,0.0,0.0,0.0,0.0,0.0,0.0,0.0,0.0,0,0.0,0.0,0.0,0,0.0,0.0,0.0,1.0,36.0,0.0,0.0,1.0,0.0,0.029411764705882353,0.0,0.0,0.0,0.0,0.0,0.0,0
garcibe01w,3,DET,0,0.375,0.0,0.5,1.6875,0.0,2.25,0.9999975000062501,0.04687499267578239,0.0,3,0.375,1.6875,0.04687499267578239,7,0.875,3.9375,0.10937498291015892,1.0,4.5,0.3333333333333333,0.3333333333333333,8.0,0.0,0.23529411764705882,1.375,2.25,0.0,0.0,0.01485148514851485,0.005555555555555556,0
gardike01w,9,CON,0,0.8529411764705882,0.20588235294117646,2.1470588235294117,1.9333333333333333,0.4666666666666667,4.866666666666667,0.6576575984092253,0.05370370270919069,0.012962962722908098,36,1.0588235294117647,2.4,0.06666666543209879,109,3.2058823529411766,7.2666666666666675,0.20185184811385468,1.6470588235294117,3.7333333333333334,0.631578947368421,0.5087719298245614,15.882352941176471,0.4411764705882353,1.0,1.3235294117647058,1.3666666666666667,0.23333333333333334,0.07142857142857142,0.13679245283018868,0.0839080459770115,0
gardike01w,10,CON,0,0.7575757575757576,0.7272727272727273,2.696969696969697,1.5100671140939599,1.4496644295302012,5.375838926174497,0.6223775788547148,0.0419463080210351,0.040268455700193696,49,1.4848484848484849,2.9597315436241614,0.0822147637212288,138,4.181818181818182,8.335570469798657,0.23154362027611378,1.7272727272727273,3.442953020134228,0.8448275862068966,0.43103448275862066,18.060606060606062,0.696969696969697,0.9705882352941176,1.1515151515151516,1.5,0.9230769230769231,0.183206106870229,0.099601593625498,0.10761789600967352,0
gardnan01w,3,UTA,0,0.1,0.1,1.0666666666666667,0.5454545454545454,0.5454545454545454,5.818181818181818,0.5245900779360527,0.015151514386287151,0.015151514386287151,6,0.2,1.0909090909090908,0.030303028772574302,38,1.2666666666666666,6.909090909090908,0.1919191822263039,1.1666666666666667,6.363636363636363,0.16666666666666666,0.08333333333333333,6.6,0.06666666666666667,0.8823529411764706,0.43333333333333335,1.25,0.75,0.01675977653631285,0.013100436681222707,0.0443213296398892,0
gardnan01w,9,WAS,0,0.13636363636363635,0.0,1.2272727272727273,0.6067415730337078,0.0,5.460674157303371,0.5399998920000215,0.01685393163741957,0.0,3,0.13636363636363635,0.6067415730337078,0.01685393163741957,30,1.3636363636363635,6.067415730337078,0.1685393163741957,1.1818181818181819,5.258426966292134,0.1111111111111111,0.1111111111111111,8.090909090909092,0.0,0.6470588235294118,0.5,1.5,0.0,0.0,0.012396694214876033,0.03501945525291829,0
garnean01w,1,SEA,0,0.84375,0.3125,1.71875,1.7357142857142858,0.6428571428571428,3.5357142857142856,0.5612244325281192,0.048214284853316344,0.017857142538265314,37,1.15625,2.3785714285714286,0.06607142739158166,92,2.875,5.914285714285715,0.16428571135204087,1.375,2.8285714285714283,0.8222222222222222,0.6,17.5,0.59375,0.9411764705882353,1.34375,0.8928571428571429,0.35714285714285715,0.10638297872340426,0.10546875,0.10223048327137546,0
gaydeco01w,1,ORL,0,0.0,0.0,0.0,0.0,0.0,0.0,0.0,0.0,0.0,0,0.0,0.0,0.0,0,0.0,0.0,0.0,0.0,0.0,0.0,0.0,2.3333333333333335,0.0,0.08823529411764706,0.0,1.0,0.0,0.0,0.0,0.0,0
gearlka01w,8,SEA,0,0.36363636363636365,0.18181818181818182,1.121212121212121,0.9885583524027459,0.49427917620137296,3.048054919908467,0.6981130758277215,0.02745995360503539,0.013729976802517694,18,0.5454545454545454,1.4828375286041189,0.04118993040755308,55,1.6666666666666667,4.530892448512586,0.12585812068974553,0.6666666666666666,1.8123569794050343,0.782608695652174,0.5217391304347826,13.242424242424242,0.0,0.9705882352941176,0.6060606060606061,1.8461538461538463,0.46153846153846156,0.039473684210526314,0.04938271604938271,0.04506699147381242,0
gearlka01w,9,SEA,0,0.3235294117647059,0.08823529411764706,1.1470588235294117,0.8461538461538461,0.23076923076923075,3.0,0.8863634349174011,0.02350427300204545,0.006410256273285122,14,0.4117647058823529,1.0769230769230769,0.029914529275330573,53,1.5588235294117647,4.076923076923077,0.11324786082803717,0.8235294117647058,2.1538461538461537,0.4827586206896552,0.3793103448275862,13.764705882352942,0.08823529411764706,1.0,0.4411764705882353,1.75,0.25,0.02127659574468085,0.040740740740740744,0.04738760631834751,0
gearlka01w,10,SEA,0,0.3,0.15,1.1,0.8888888888888888,0.4444444444444444,3.2592592592592595,0.8461535207101843,0.024691357008586132,0.012345678504293066,9,0.45,1.3333333333333333,0.03703703551287919,31,1.55,4.592592592592593,0.12757201121102835,0.7,2.074074074074074,0.6,0.4,12.15,0.0,0.5882352941176471,0.6,1.5714285714285714,0.42857142857142855,0.019867549668874173,0.021660649819494584,0.02788339670468948,0
gibsoke01w,1,HOU,0,0.058823529411764705,0.0,0.47058823529411764,0.47368421052631576,0.0,3.789473684210526,0.6666661111115741,0.013157893005540393,0.0,1,0.058823529411764705,0.47368421052631576,0.013157893005540393,9,0.5294117647058824,4.263157894736842,0.11842103704986354,0.6470588235294118,5.210526315789474,0.08333333333333333,0.08333333333333333,4.470588235294118,0.0,0.5,0.23529411764705882,1.0,0.0,0.0,0.0035087719298245615,0.011034482758620689,0
gibsoke01w,2,HOU,0,0.2857142857142857,0.21428571428571427,0.8214285714285714,1.0,0.75,2.875,0.7931031747920088,0.02777777681327164,0.02083333260995373,14,0.5,1.75,0.04861110942322537,37,1.3214285714285714,4.625,0.12847221776138135,0.7142857142857143,2.5,0.6666666666666666,0.38095238095238093,10.285714285714286,0.21428571428571427,0.8235294117647058,0.5357142857142857,1.4444444444444444,0.6666666666666666,0.0625,0.031746031746031744,0.03234880450070324,0
gibsoke01w,3,HOU,0,0.27586206896551724,0.2413793103448276,0.5862068965517241,1.0434782608695652,0.9130434782608696,2.217391304347826,0.8499995750002125,0.028985506196177315,0.02536231792165515,15,0.5172413793103449,1.9565217391304348,0.05434782411783246,32,1.103448275862069,4.173913043478261,0.11594202478470926,0.7241379310344828,2.739130434782609,0.6818181818181818,0.36363636363636365,9.517241379310345,0.06896551724137931,0.8529411764705882,0.7241379310344828,1.5555555555555556,0.7777777777777778,0.05511811023622047,0.03065134099616858,0.02418207681365576,0
gibsoke01w,4,HOU,0,0.038461538461538464,0.19230769230769232,0.46153846153846156,0.17224880382775118,0.861244019138756,2.0669856459330145,0.749999531250293,0.004784688766282834,0.02392344383141417,6,0.23076923076923078,1.0334928229665072,0.028708132597697004,18,0.6923076923076923,3.1004784688995217,0.08612439779309101,0.5384615384615384,2.411483253588517,0.4,0.06666666666666667,8.038461538461538,0.0,0.7647058823529411,0.34615384615384615,4.0,2.5,0.038461538461538464,0.004310344827586207,0.01568627450980392,0
gilloje01w,1,PHO,0,0.7,0.9666666666666667,2.8333333333333335,0.9152542372881356,1.2639225181598062,3.7046004842615012,0.732758557520814,0.025423728505765998,0.035108958412724475,50,1.6666666666666667,2.179176755447942,0.06053268691849047,135,4.5,5.883777239709444,0.1634382546799243,3.033333333333333,3.9661016949152543,0.5434782608695652,0.22826086956521738,27.533333333333335,1.0,0.8823529411764706,1.9666666666666666,2.0454545454545454,1.3181818181818181,0.31521739130434784,0.07342657342657342,0.13709677419354838,0
gilloje01w,2,PHO,0,0.96875,0.59375,2.84375,1.3006993006993006,0.7972027972027972,3.8181818181818183,0.7165353766507577,0.036130535709434315,0.022144521886427484,50,1.5625,2.097902097902098,0.0582750575958618,141,4.40625,5.916083916083916,0.1643356624203303,2.84375,3.8181818181818183,0.5434782608695652,0.33695652173913043,26.8125,1.0,0.9411764705882353,2.21875,1.09375,0.59375,0.1366906474820144,0.10580204778156997,0.14152410575427682,0
gilloje01w,3,PHO,0,0.9354838709677419,0.6774193548387096,2.5806451612903225,1.194508009153318,0.8649885583524027,3.2951945080091534,0.6896551129607661,0.03318077765239385,0.024027459679319685,50,1.6129032258064515,2.059496567505721,0.057208237331713534,130,4.193548387096774,5.354691075514874,0.1487414170624552,2.903225806451613,3.7070938215102975,0.5494505494505495,0.31868131868131866,28.193548387096776,1.0,0.9117647058823529,1.967741935483871,1.2333333333333334,0.7,0.22105263157894736,0.10820895522388059,0.12759170653907495,0
gilloje01w,4,LAS,0,0.48484848484848486,0.09090909090909091,1.121212121212121,1.45088161209068,0.2720403022670025,3.355163727959698,0.6727271504132454,0.040302265987348464,0.007556674872627837,19,0.5757575757575758,1.7229219143576826,0.0478589408599763,56,1.696969696969697,5.07808564231738,0.14105793095571964,1.9696969696969697,5.894206549118388,0.2878787878787879,0.24242424242424243,12.030303030303031,0.30303030303030304,0.9705882352941176,0.2727272727272727,1.2352941176470589,0.17647058823529413,0.018518518518518517,0.06584362139917696,0.045454545454545456,0
gilmous01w,1,IND,0,0.0,0.0,0.5,0.0,0.0,3.4285714285714284,0.39999920000160005,0.0,0.0,0,0.0,0.0,0.0,2,0.5,3.4285714285714284,0.09523804988664292,1.5,10.285714285714285,0.0,0.0,5.25,0.0,0.11764705882352941,1.0,2.0,0.0,0.0,0.0,0.0030864197530864196,0
gisseka01w,9,LAS,0,0.0,0.0,0.0,0.0,0.0,0.0,0.0,0.0,0.0,0,0.0,0.0,0.0,0,0.0,0.0,0.0,1.0,5.142857142857142,0.0,0.0,7.0,0.0,0.058823529411764705,0.5,0.0,0.0,0.0,0.0,0.0,0
givench01w,9,DET,0,0.0,0.0,0.0,0.0,0.0,0.0,0.0,0.0,0.0,0,0.0,0.0,0.0,0,0.0,0.0,0.0,0.6666666666666666,7.2,0.0,0.0,3.3333333333333335,0.0,0.08823529411764706,0.6666666666666666,2.0,0.0,0.0,0.0,0.0,0
gomisem01w,7,NYL,0,0.5,0.0,0.0,2.4,0.0,0.0,0.0,0.06666662222225185,0.0,1,0.5,2.4,0.06666662222225185,1,0.5,2.4,0.06666662222225185,1.5,7.2,0.25,0.25,7.5,0.0,0.058823529411764705,0.5,0.0,0.0,0.0,0.003952569169960474,0.0,0
goodsad01w,1,UTA,0,1.4137931034482758,0.2413793103448276,3.2758620689655173,1.5888051668460712,0.271259418729817,3.681377825618945,0.5792682573616916,0.044133476381770974,0.007534983772497484,48,1.6551724137931034,1.8600645855758882,0.05166846015426846,143,4.931034482758621,5.541442411194833,0.15392895420959146,2.310344827586207,2.596340150699677,0.7058823529411765,0.6029411764705882,32.03448275862069,0.9655172413793104,0.8529411764705882,2.793103448275862,1.6428571428571428,0.16666666666666666,0.04430379746835443,0.19069767441860466,0.1296043656207367,0
goodsad01w,2,UTA,0,0.9642857142857143,0.0,3.0714285714285716,1.1381733021077283,0.0,3.6252927400468384,0.5657894364612213,0.03161592468833812,0.0,27,0.9642857142857143,1.1381733021077283,0.03161592468833812,113,4.035714285714286,4.763466042154567,0.13231849962156325,2.2857142857142856,2.6978922716627634,0.4153846153846154,0.4153846153846154,30.5,0.8928571428571429,0.8235294117647058,2.6785714285714284,2.0714285714285716,0.0,0.0,0.1330049261083744,0.11082474226804123,0
goodsad01w,3,UTA,0,1.40625,0.1875,2.8125,1.4713896457765667,0.19618528610354222,2.9427792915531334,0.4972375415890861,0.040871934233679075,0.00544959123115721,51,1.59375,1.667574931880109,0.04632152546483628,141,4.40625,4.610354223433243,0.12806539393219443,2.875,3.008174386920981,0.5483870967741935,0.4838709677419355,34.40625,1.0,0.9411764705882353,3.1875,1.4565217391304348,0.13043478260869565,0.0335195530726257,0.1965065502183406,0.12465373961218837,0
goodsad01w,4,SAS,0,0.7272727272727273,0.18181818181818182,3.3636363636363638,0.8916408668730651,0.22291021671826627,4.123839009287926,0.5999999675675693,0.024767801601983472,0.006191950400495868,30,0.9090909090909091,1.1145510835913313,0.03095975200247934,141,4.2727272727272725,5.238390092879256,0.1455108344116529,2.909090909090909,3.5665634674922604,0.30927835051546393,0.24742268041237114,29.363636363636363,0.9696969696969697,0.9705882352941176,2.5757575757575757,2.84,0.24,0.03571428571428571,0.1276595744680851,0.13944723618090452,0
goodsad01w,5,SAS,0,0.8235294117647058,0.058823529411764705,4.294117647058823,0.9438202247191012,0.06741573033707865,4.921348314606742,0.6212765693073801,0.026217228218939813,0.0018726591584957008,30,0.8823529411764706,1.0112359550561798,0.02808988737743551,176,5.176470588235294,5.932584269662921,0.16479400594762167,2.264705882352941,2.595505617977528,0.38461538461538464,0.358974358974359,31.41176470588235,1.0,1.0,1.9705882352941178,2.0689655172413794,0.06896551724137931,0.018691588785046728,0.10256410256410256,0.20797720797720798,0
goodsad01w,6,CHA,2,0.3,0.1,1.8,0.5023255813953489,0.16744186046511628,3.013953488372093,0.5142855673469807,0.013953487723093594,0.004651162574364531,4,0.4,0.6697674418604651,0.018604650297458124,22,2.2,3.683720930232558,0.1023255766360197,2.2,3.683720930232558,0.17391304347826086,0.13043478260869565,21.5,0.0,0.29411764705882354,1.8,1.5,0.25,0.008771929824561403,0.010526315789473684,0.029508196721311476,0
goodsad01w,6,HOU,1,0.34782608695652173,0.0,0.8695652173913043,1.062730627306273,0.0,2.6568265682656826,0.5555554012346107,0.029520294113642286,0.0,8,0.34782608695652173,1.062730627306273,0.029520294113642286,28,1.2173913043478262,3.719557195571956,0.103321029397748,0.782608695652174,2.3911439114391144,0.42105263157894735,0.42105263157894735,11.782608695652174,0.0,0.6764705882352942,0.6956521739130435,1.6666666666666667,0.0,0.0,0.032388663967611336,0.029197080291970802,0
goringi01w,8,WAS,0,0.23809523809523808,0.5714285714285714,1.1904761904761905,1.1538461538461537,2.769230769230769,5.76923076923077,0.6097559488400124,0.03205127999671282,0.07692307199211076,17,0.8095238095238095,3.9230769230769234,0.10897435198882359,42,2.0,9.692307692307692,0.2692307519723877,1.3333333333333333,6.461538461538462,0.5862068965517241,0.1724137931034483,7.428571428571429,0.0,0.6176470588235294,0.19047619047619047,0.5,2.0,0.08955223880597014,0.0176678445229682,0.03188775510204082,0
gortmsh01w,3,MIN,0,0.4482758620689655,0.20689655172413793,1.5517241379310345,1.268292682926829,0.5853658536585367,4.390243902439025,0.7377047970975742,0.03523035134877097,0.016260162160971217,19,0.6551724137931034,1.853658536585366,0.05149051350974219,64,2.206896551724138,6.2439024390243905,0.17344172971702632,1.4482758620689655,4.097560975609756,0.4418604651162791,0.3023255813953488,12.724137931034482,0.06896551724137931,0.8529411764705882,0.8620689655172413,1.5,0.42857142857142855,0.05825242718446602,0.05726872246696035,0.06912442396313365,0
gortmsh01w,4,MIN,0,0.44,0.04,0.92,1.98,0.18,4.140000000000001,0.7187497753906951,0.054999997250000134,0.004999999750000012,12,0.48,2.16,0.05999999700000015,35,1.4,6.3,0.17499999125000043,1.0,4.5,0.46153846153846156,0.4230769230769231,8.0,0.0,0.7352941176470589,0.8,1.1666666666666667,0.08333333333333333,0.00980392156862745,0.04526748971193416,0.031988873435326845,0
gortmsh01w,5,WAS,0,0.0,0.25,1.0,0.0,1.5,6.0,0.9999975000062501,0.0,0.04166664930556279,1,0.25,1.5,0.04166664930556279,5,1.25,7.5,0.20833324652781396,0.0,0.0,1.0,0.0,6.0,0.0,0.11764705882352941,0.5,2.0,1.0,0.007751937984496124,0.0,0.005502063273727648,0
gortmsh01w,7,SEA,0,0.55,0.1,1.95,1.4943396226415093,0.27169811320754716,5.2981132075471695,0.8124998307292018,0.04150943239587048,0.007547169526521905,13,0.65,1.7660377358490567,0.04905660192239238,52,2.6,7.064150943396227,0.19622640768956953,1.6,4.347169811320755,0.3939393939393939,0.3333333333333333,13.25,0.0,0.5882352941176471,1.25,1.4166666666666667,0.16666666666666666,0.015625,0.04721030042918455,0.04744525547445255,0
granter01w,8,HOU,0,0.4117647058823529,0.0,0.7058823529411765,1.194312796208531,0.0,2.0473933649289098,0.6315786149586237,0.03317535387794531,0.0,7,0.4117647058823529,1.194312796208531,0.03317535387794531,19,1.1176470588235294,3.241706161137441,0.09004738909728013,1.1764705882352942,3.4123222748815163,0.3333333333333333,0.3333333333333333,12.411764705882353,0.11764705882352941,0.5,0.6470588235294118,4.625,0.0,0.0,0.02413793103448276,0.01556420233463035,0
grecomi01w,5,SEA,0,0.23076923076923078,0.0,0.5384615384615384,1.4794520547945205,0.0,3.4520547945205475,0.6999993000007,0.04109588478138564,0.0,3,0.23076923076923078,1.4794520547945205,0.04109588478138564,10,0.7692307692307693,4.931506849315069,0.13698628260461881,0.46153846153846156,2.958904109589041,0.42857142857142855,0.42857142857142855,5.615384615384615,0.0,0.38235294117647056,0.6153846153846154,2.0,0.0,0.0,0.009900990099009901,0.009859154929577466,0
greenci01w,7,SEA,0,0.0,0.0,1.2,0.0,0.0,9.0,0.7499990625011719,0.0,0.0,0,0.0,0.0,0.0,6,1.2,9.0,0.24999989583337673,1.8,13.5,0.0,0.0,4.8,0.0,0.14705882352941177,0.0,0.0,0.0,0.0,0.0,0.0072992700729927005,0
grginve01w,1,LAS,0,0.16666666666666666,0.05555555555555555,0.7777777777777778,0.5901639344262295,0.19672131147540983,2.7540983606557377,0.6086953875237445,0.01639344172713433,0.005464480575711444,4,0.2222222222222222,0.7868852459016393,0.021857922302845775,18,1.0,3.540983606557377,0.09836065036280599,0.9444444444444444,3.3442622950819674,0.2222222222222222,0.16666666666666666,10.166666666666666,0.0,0.5294117647058824,0.7777777777777778,3.0,0.25,0.006369426751592357,0.011029411764705883,0.017857142857142856,0
grginve01w,2,LAS,0,0.16666666666666666,0.041666666666666664,0.9166666666666666,0.6457399103139013,0.16143497757847533,3.551569506726457,0.6285712489796431,0.01793721892658211,0.004484304731645528,5,0.20833333333333334,0.8071748878923767,0.022421523658227638,27,1.125,4.358744394618834,0.12107622775442925,0.875,3.390134529147982,0.22727272727272727,0.18181818181818182,9.291666666666666,0.2916666666666667,0.7058823529411765,0.625,2.4,0.2,0.007194244604316547,0.014184397163120567,0.0291005291005291,0
grginve01w,3,LAS,0,0.08333333333333333,0.0,0.4166666666666667,0.45569620253164556,0.0,2.278481012658228,0.6249992187509766,0.012658226245794145,0.0,1,0.08333333333333333,0.45569620253164556,0.012658226245794145,6,0.5,2.7341772151898733,0.07594935747476488,0.9166666666666666,5.012658227848101,0.08333333333333333,0.08333333333333333,6.583333333333333,0.0,0.35294117647058826,0.6666666666666666,0.5,0.0,0.0,0.003875968992248062,0.006134969325153374,0
griffyo01w,1,SAC,0,2.59375,1.90625,5.71875,2.9122807017543857,2.1403508771929824,6.421052631578947,0.5528700739314177,0.08089668537137734,0.05945419045366286,144,4.5,5.052631578947368,0.1403508758250402,327,10.21875,11.473684210526317,0.3187134471860288,3.4375,3.859649122807017,1.2972972972972974,0.7477477477477478,32.0625,1.0,0.9411764705882353,2.5625,0.5595238095238095,0.7261904761904762,0.3860759493670886,0.24924924924924924,0.28110599078341014,0
griffyo01w,2,SAC,0,1.96875,1.15625,6.09375,2.1058495821727017,1.2367688022284122,6.518105849582172,0.5462184720947207,0.058495821183882815,0.034354688631804194,100,3.125,3.342618384401114,0.092850509815687,295,9.21875,9.860724233983287,0.27390900395627665,3.5625,3.81058495821727,0.8695652173913043,0.5478260869565217,33.65625,0.96875,0.9411764705882353,2.34375,0.84375,0.578125,0.23270440251572327,0.22743682310469315,0.26933701657458564,0
griffyo01w,3,SAC,0,0.9411764705882353,0.7647058823529411,4.823529411764706,0.998266897746967,0.8110918544194108,5.116117850953206,0.5540540166179718,0.027729635567943927,0.02253032889895444,29,1.7058823529411764,1.8093587521663779,0.050259964466898364,111,6.529411764705882,6.925476603119583,0.19237434675261098,4.117647058823529,4.367417677642981,0.4084507042253521,0.22535211267605634,33.94117647058823,1.0,0.5,2.6470588235294117,1.1176470588235294,0.7647058823529411,0.11818181818181818,0.06451612903225806,0.1263482280431433,0
griffyo01w,4,SAC,0,1.6764705882352942,1.1470588235294117,4.588235294117647,2.0216748768472907,1.3832512315270935,5.533004926108374,0.6290322327003132,0.0561576349147031,0.03842364494163897,96,2.823529411764706,3.4049261083743847,0.09458127985634207,252,7.411764705882353,8.937931034482759,0.24827585962289794,3.676470588235294,4.433497536945813,0.7619047619047619,0.4523809523809524,29.852941176470587,1.0,1.0,2.2058823529411766,0.7931034482758621,0.6724137931034483,0.3170731707317073,0.1912751677852349,0.21696801112656466,0
griffyo01w,5,SAC,0,2.2058823529411766,1.2058823529411764,3.6470588235294117,2.6188166828322017,1.431619786614937,4.3297769156159065,0.5040650201599586,0.07274490715087384,0.039767215909144366,116,3.411764705882353,4.050436469447139,0.1125121230600182,240,7.0588235294117645,8.380213385063046,0.2327837028827963,2.911764705882353,3.4568380213385064,1.16,0.75,30.323529411764707,1.0,1.0,1.7352941176470589,0.5526315789473685,0.5394736842105263,0.3445378151260504,0.23809523809523808,0.1949685534591195,0
griffyo01w,6,SAC,0,1.2352941176470589,0.9117647058823529,4.0,1.5717255717255718,1.1600831600831603,5.08939708939709,0.6098654435037918,0.04365904320520745,0.03222453188955788,73,2.1470588235294117,2.731808731808732,0.07588357509476533,209,6.147058823529412,7.8212058212058215,0.21725571499734184,2.8823529411764706,3.6673596673596673,0.7373737373737373,0.42424242424242425,28.294117647058822,0.9705882352941176,1.0,2.0,1.2093023255813953,0.7209302325581395,0.28440366972477066,0.1377049180327869,0.20148148148148148,0
griffyo01w,7,SAC,0,1.2941176470588236,0.47058823529411764,3.8823529411764706,1.85480093676815,0.6744730679156908,5.56440281030445,0.6027396985050366,0.05152224764025471,0.01873536277827444,60,1.7647058823529411,2.5292740046838404,0.07025761041852915,192,5.647058823529412,8.09367681498829,0.2248243533392933,2.176470588235294,3.11943793911007,0.8,0.5866666666666667,25.11764705882353,1.0,1.0,1.9411764705882353,1.2444444444444445,0.35555555555555557,0.1797752808988764,0.13293051359516617,0.18307905686546463,0
griffyo01w,8,SAC,0,1.03125,0.375,2.625,1.6097560975609757,0.5853658536585367,4.097560975609756,0.5714285325558821,0.04471544654857119,0.016260162381298612,45,1.40625,2.1951219512195124,0.0609756089298698,129,4.03125,6.2926829268292686,0.17479674559896008,3.03125,4.7317073170731705,0.45918367346938777,0.336734693877551,23.0625,1.0,0.9411764705882353,2.03125,1.3823529411764706,0.35294117647058826,0.11764705882352941,0.10122699386503067,0.11602209944751381,0
griffyo01w,9,SEA,0,1.4333333333333333,0.5666666666666667,3.7333333333333334,2.3525835866261398,0.9300911854103343,6.127659574468085,0.5925925612384888,0.06534954307979418,0.025835865868755838,60,2.0,3.282674772036474,0.09118540894855003,172,5.733333333333333,9.410334346504559,0.2613981723191767,3.6666666666666665,6.018237082066869,0.5405405405405406,0.38738738738738737,21.933333333333334,1.0,0.8823529411764706,1.7,1.0227272727272727,0.38636363636363635,0.12056737588652482,0.15925925925925927,0.13608748481166463,0
griffyo01w,10,IND,0,0.0,0.6666666666666666,1.0,0.0,1.7560975609756098,2.6341463414634143,0.4285708163274053,0.0,0.04878047590720099,2,0.6666666666666666,1.7560975609756098,0.04878047590720099,5,1.6666666666666667,4.390243902439025,0.12195118976800248,2.0,5.268292682926829,0.2857142857142857,0.0,13.666666666666666,0.0,0.08823529411764706,1.0,0.0,2.0,0.01694915254237288,0.0,0.0038412291933418692,0
groomla01w,1,SAC,0,0.3333333333333333,0.1,0.5666666666666667,0.8977556109725686,0.26932668329177056,1.5261845386533668,0.38636354855373894,0.024937655238462465,0.007481296571538739,13,0.43333333333333335,1.167082294264339,0.032418951810001206,30,1.0,2.693266832917706,0.0748129657153874,0.9,2.423940149625935,0.4642857142857143,0.35714285714285715,13.366666666666667,0.1,0.8823529411764706,0.7,1.1818181818181819,0.2727272727272727,0.0189873417721519,0.03003003003003003,0.026113671274961597,0
groomla01w,2,SAC,0,0.4838709677419355,0.3225806451612903,1.4838709677419355,0.9944751381215469,0.6629834254143647,3.0497237569060776,0.5897435141354469,0.027624308883530225,0.018416205922353483,25,0.8064516129032258,1.6574585635359116,0.046040514805883705,71,2.2903225806451615,4.707182320441989,0.13075506204870974,1.3870967741935485,2.8508287292817682,0.5681818181818182,0.3409090909090909,17.516129032258064,0.0,0.9117647058823529,0.8064516129032258,2.375,0.625,0.06289308176100629,0.05415162454873646,0.06353591160220995,0
groomla01w,3,SAC,0,0.65625,0.25,1.90625,0.8894117647058823,0.3388235294117647,2.583529411764706,0.6161615539230754,0.024705882062283743,0.00941176459515571,29,0.90625,1.228235294117647,0.03411764665743945,90,2.8125,3.8117647058823527,0.10588235169550175,2.15625,2.9223529411764706,0.4142857142857143,0.3,26.5625,0.8125,0.9411764705882353,1.4375,1.7727272727272727,0.36363636363636365,0.07272727272727272,0.0846774193548387,0.09399075500770417,0
groomla01w,4,SAC,0,0.5,0.14705882352941177,0.9117647058823529,1.302127659574468,0.3829787234042553,2.374468085106383,0.6739128969754571,0.036170211996378474,0.010638297645993668,22,0.6470588235294118,1.6851063829787234,0.04680850964237214,53,1.5588235294117647,4.059574468085106,0.11276595504753288,0.7941176470588235,2.068085106382979,0.7857142857142857,0.6071428571428571,13.823529411764707,0.2647058823529412,1.0,0.6176470588235294,1.6111111111111112,0.2777777777777778,0.04065040650406504,0.05704697986577181,0.043115438108484005,0
groomla01w,5,SAC,0,0.25,0.07142857142857142,0.2857142857142857,1.0723404255319149,0.30638297872340425,1.225531914893617,0.4444441975310014,0.02978723277501137,0.008510637935717534,9,0.32142857142857145,1.3787234042553191,0.038297870710728904,17,0.6071428571428571,2.604255319148936,0.07234042245359905,0.5,2.1446808510638298,0.6,0.4666666666666667,8.392857142857142,0.0,0.8235294117647058,0.07142857142857142,1.375,0.25,0.01680672268907563,0.022222222222222223,0.012578616352201259,0
grubigo01w,1,IND,0,1.0689655172413792,0.0,1.9310344827586208,1.55,0.0,2.8,0.736842008310262,0.04305555495756174,0.0,31,1.0689655172413792,1.55,0.04305555495756174,87,3.0,4.35,0.12083333165509262,1.6206896551724137,2.35,0.6458333333333334,0.6458333333333334,24.82758620689655,0.6896551724137931,0.8529411764705882,2.0689655172413794,1.96875,0.0,0.0,0.11397058823529412,0.08641975308641975,0
grubigo01w,2,IND,0,0.25925925925925924,0.0,1.1481481481481481,0.5239085239085239,0.0,2.3201663201663205,0.6326529321116464,0.014553014250457085,0.0,7,0.25925925925925924,0.5239085239085239,0.014553014250457085,38,1.4074074074074074,2.8440748440748442,0.07900207735962418,1.1111111111111112,2.2453222453222454,0.22580645161290322,0.22580645161290322,17.814814814814813,0.3333333333333333,0.7941176470588235,1.2592592592592593,4.125,0.0,0.0,0.02880658436213992,0.047692307692307694,0
grubigo01w,3,PHO,0,1.125,0.09375,1.5,1.5087310826542493,0.12572759022118743,2.011641443538999,0.7499998828125183,0.04190919625251227,0.003492433021042689,39,1.21875,1.6344586728754364,0.045401629273554955,87,2.71875,3.6461001164144355,0.10128055761023798,1.84375,2.472642607683353,0.65,0.6,26.84375,0.96875,0.9411764705882353,1.8125,2.810810810810811,0.08108108108108109,0.031578947368421054,0.13432835820895522,0.07655502392344497,0
grubigo01w,5,HOU,0,0.0,0.0,0.2,0.0,0.0,1.5,0.9999900000999989,0.0,0.0,0,0.0,0.0,0.0,1,0.2,1.5,0.04166664930556279,0.4,3.0,0.0,0.0,4.8,0.0,0.14705882352941177,0.6,0.0,0.0,0.0,0.0,0.001379310344827586,0
grubigo01w,6,LAS,0,0.1111111111111111,0.0,0.5555555555555556,0.8780487804878049,0.0,4.390243902439025,0.8333319444467593,0.024390237953600496,0.0,1,0.1111111111111111,0.8780487804878049,0.024390237953600496,6,0.6666666666666666,5.268292682926829,0.146341427721603,0.4444444444444444,3.5121951219512195,0.2,0.2,4.555555555555555,0.0,0.2647058823529412,0.2222222222222222,2.5,0.0,0.0,0.0037735849056603774,0.007309941520467836,0
grudasa01w,9,CON,0,0.6129032258064516,0.8387096774193549,2.129032258064516,1.4369747899159662,1.9663865546218489,4.991596638655462,0.5999999454545504,0.03991596554798392,0.054621847591977996,45,1.4516129032258065,3.403361344537815,0.09453781313996192,111,3.5806451612903225,8.394957983193278,0.23319327241190604,1.8064516129032258,4.235294117647059,0.7894736842105263,0.3333333333333333,15.35483870967742,0.03225806451612903,0.9117647058823529,1.3225806451612903,1.4,1.3,0.2653061224489796,0.08962264150943396,0.07586206896551724,0
grudasa01w,10,CON,0,0.8846153846153846,1.5769230769230769,3.8076923076923075,1.0222222222222221,1.8222222222222222,4.3999999999999995,0.5999999636363659,0.02839506137783875,0.05061728332571255,64,2.4615384615384617,2.8444444444444446,0.0790123447035513,163,6.269230769230769,7.2444444444444445,0.20123456541685722,3.3076923076923075,3.8222222222222224,0.735632183908046,0.26436781609195403,31.153846153846153,0.9615384615384616,0.7647058823529411,2.6153846153846154,1.4583333333333333,1.7083333333333333,0.31297709923664124,0.09163346613545817,0.11970979443772672,0
hairska01w,8,CON,0,0.4117647058823529,0.0,0.9411764705882353,1.7027027027027029,0.0,3.891891891891892,0.5333331555556148,0.04729729410153418,0.0,7,0.4117647058823529,1.7027027027027029,0.04729729410153418,23,1.3529411764705883,5.594594594594595,0.15540539490504088,1.4705882352941178,6.081081081081081,0.2692307692307692,0.2692307692307692,8.705882352941176,0.0,0.5,0.5294117647058824,0.75,0.0,0.0,0.02564102564102564,0.018411967779056387,0
hallam01w,3,POR,0,0.35,0.05,0.9,2.423076923076923,0.34615384615384615,6.230769230769231,0.6923074260356054,0.06730768583579944,0.009615383690828492,8,0.4,2.769230769230769,0.07692306952662793,26,1.3,9.0,0.24999997596154078,0.6,4.153846153846154,0.6153846153846154,0.5384615384615384,5.2,0.0,0.5882352941176471,0.6,0.125,0.125,0.008264462809917356,0.029166666666666667,0.028037383177570093,0
hallvi01w,1,CLE,0,0.53125,0.25,2.125,1.0606585788561524,0.4991334488734835,4.24263431542461,0.7391303544423528,0.02946273779094042,0.013864817783971964,25,0.78125,1.5597920277296362,0.043327555574912385,93,2.90625,5.802426343154246,0.16117850673867407,1.875,3.7435008665511265,0.4098360655737705,0.2786885245901639,18.03125,0.3125,0.9411764705882353,0.78125,1.3333333333333333,0.4444444444444444,0.08695652173913043,0.06538461538461539,0.11258278145695365,0
hallvi01w,2,CLE,1,0.07142857142857142,0.35714285714285715,1.6428571428571428,0.16,0.8,3.68,0.6969694857668224,0.004444444246913589,0.022222221234567945,6,0.42857142857142855,0.9600000000000001,0.026666665481481534,29,2.0714285714285716,4.64,0.12888888316049407,1.5714285714285714,3.52,0.2608695652173913,0.043478260869565216,16.071428571428573,0.42857142857142855,0.4117647058823529,0.7857142857142857,4.5,2.5,0.05952380952380952,0.0037313432835820895,0.03469079939668175,0
hallvi01w,2,IND,2,0.3076923076923077,0.0,0.8461538461538461,1.1707317073170733,0.0,3.2195121951219514,0.6874995703127685,0.03252032255932337,0.0,4,0.3076923076923077,1.1707317073170733,0.03252032255932337,15,1.1538461538461537,4.390243902439025,0.12195120959746263,0.8461538461538461,3.2195121951219514,0.3333333333333333,0.3333333333333333,9.461538461538462,0.0,0.38235294117647056,0.5384615384615384,0.8,0.0,0.0,0.01646090534979424,0.016923076923076923,0
hallvi01w,3,LAS,0,0.3333333333333333,0.0,0.3333333333333333,1.894736842105263,0.0,1.894736842105263,0.49999750001249993,0.05263155124655198,0.0,1,0.3333333333333333,1.894736842105263,0.05263155124655198,2,0.6666666666666666,3.789473684210526,0.10526310249310396,0.6666666666666666,3.789473684210526,0.3333333333333333,0.3333333333333333,6.333333333333333,0.0,0.08823529411764706,0.3333333333333333,0.5,0.0,0.0,0.003875968992248062,0.001226993865030675,0
hammobe01w,1,NYL,0,0.90625,0.03125,1.40625,1.250299401197605,0.04311377245508982,1.9401197604790419,0.7031248901367358,0.0347305385062211,0.0011976047760765896,30,0.9375,1.2934131736526946,0.03592814328229769,75,2.34375,3.2335329341317367,0.08982035820574422,1.71875,2.37125748502994,0.5357142857142857,0.5178571428571429,26.09375,0.5,0.9411764705882353,1.9375,1.9333333333333333,0.03333333333333333,0.009708737864077669,0.11740890688259109,0.06891271056661562,0
hammobe01w,2,NYL,0,0.84375,0.03125,1.3125,1.570274636510501,0.05815831987075929,2.4426494345718903,0.8076921523668937,0.04361873919840486,0.00161550885920018,28,0.875,1.62843295638126,0.04523424805760504,70,2.1875,4.07108239095315,0.1130856201440126,1.4375,2.6752827140549273,0.5957446808510638,0.574468085106383,19.34375,0.0,0.9411764705882353,1.5,1.8214285714285714,0.03571428571428571,0.012048192771084338,0.10150375939849623,0.06354009077155824,0
hammobe01w,3,NYL,0,0.78125,0.0,1.5625,1.3657056145675266,0.0,2.731411229135053,0.7352940095155868,0.03793626649565605,0.0,25,0.78125,1.3657056145675266,0.03793626649565605,75,2.34375,4.09711684370258,0.11380879948696815,1.53125,2.676783004552352,0.5,0.5,20.59375,0.03125,0.9411764705882353,1.71875,2.076923076923077,0.0,0.0,0.09541984732824428,0.08183306055646482,0
hammobe01w,4,NYL,0,0.9090909090909091,0.09090909090909091,1.8181818181818181,1.4007782101167314,0.14007782101167315,2.801556420233463,0.9523804988664292,0.03891050432254847,0.0038910504322548474,11,1.0,1.5408560311284047,0.04280155475480332,31,2.8181818181818183,4.342412451361867,0.12062256339990027,1.1818181818181819,1.821011673151751,0.7857142857142857,0.7142857142857143,23.363636363636363,0.18181818181818182,0.3235294117647059,2.4545454545454546,1.6363636363636365,0.09090909090909091,0.007751937984496124,0.03802281368821293,0.02911208151382824,0
hammobe01w,5,NYL,0,1.7058823529411764,0.058823529411764705,2.9705882352941178,1.847787610619469,0.06371681415929203,3.217699115044248,0.8559321308532092,0.051327433174093516,0.0017699114887618453,60,1.7647058823529411,1.911504424778761,0.05309734466285536,161,4.735294117647059,5.129203539823009,0.14247787484532853,2.1470588235294117,2.3256637168141596,0.8108108108108109,0.7837837837837838,33.23529411764706,1.0,1.0,3.4705882352941178,2.542372881355932,0.03389830508474576,0.016,0.2761904761904762,0.13611859838274934,0
hammobe01w,6,NYL,0,1.7647058823529411,0.058823529411764705,2.764705882352941,1.8305084745762712,0.06101694915254237,2.867796610169491,0.8245613311788306,0.05084745719620799,0.0016949152398735997,62,1.8235294117647058,1.8915254237288135,0.05254237243608159,156,4.588235294117647,4.759322033898305,0.13220338871014078,2.264705882352941,2.3491525423728814,0.7948717948717948,0.7692307692307693,34.705882352941174,1.0,1.0,3.1470588235294117,2.3934426229508197,0.03278688524590164,0.017699115044247787,0.27906976744186046,0.12824010914051842,0
hammobe01w,7,NYL,0,1.3181818181818181,0.13636363636363635,2.727272727272727,1.5489614243323442,0.16023738872403562,3.2047477744807122,0.909090771349883,0.04302670559307559,0.004451038509628509,32,1.4545454545454546,1.7091988130563798,0.0474777441027041,92,4.181818181818182,4.913946587537092,0.13649851429527426,2.090909090909091,2.456973293768546,0.6808510638297872,0.6170212765957447,30.636363636363637,0.9090909090909091,0.6470588235294118,2.9545454545454546,2.7,0.1,0.02654867256637168,0.11462450592885376,0.0814111261872456,0
hammobe01w,8,SAS,0,0.8214285714285714,0.17857142857142858,2.4642857142857144,0.886509635974304,0.19271948608137043,2.6595289079229123,0.8961037797267818,0.024625267402299065,0.005353319000499797,28,1.0,1.0792291220556745,0.029978586402798862,97,3.4642857142857144,3.738758029978587,0.10385438860969605,1.8214285714285714,1.9657387580299788,0.5384615384615384,0.4423076923076923,33.357142857142854,0.9642857142857143,0.8235294117647058,4.071428571428571,5.833333333333333,0.20833333333333334,0.03816793893129771,0.08098591549295775,0.09019607843137255,0
hammobe01w,9,SAS,0,1.303030303030303,0.21212121212121213,2.3636363636363638,1.4059945504087195,0.22888283378746593,2.5504087193460494,0.8571427629513447,0.03905540382329334,0.006357856436350078,50,1.5151515151515151,1.6348773841961852,0.045413260259643415,128,3.878787878787879,4.185286103542234,0.11625794626468713,1.8181818181818181,1.9618528610354224,0.819672131147541,0.7049180327868853,33.36363636363637,1.0,0.9705882352941176,3.1515151515151514,3.659090909090909,0.1590909090909091,0.046357615894039736,0.1575091575091575,0.09198113207547169,0
hammobe01w,10,SAS,0,1.5806451612903225,0.3870967741935484,2.5161290322580645,1.6816015252621543,0.41182078169685415,2.676835081029552,0.7572814798755845,0.046711153034212076,0.011439466049194795,61,1.967741935483871,2.0934223069590083,0.05815061908340687,139,4.483870967741935,4.770257387988561,0.13250714840317304,1.7419354838709677,1.8531935176358436,1.1090909090909091,0.8909090909090909,33.83870967741935,1.0,0.9117647058823529,3.5806451612903225,3.12,0.24,0.10256410256410256,0.18992248062015504,0.10143042912873862,0
hamzoro01w,1,ORL,0,0.3333333333333333,0.0,0.13333333333333333,4.186046511627907,0.0,1.6744186046511627,0.6666644444518518,0.11627904272580401,0.0,5,0.3333333333333333,4.186046511627907,0.11627904272580401,7,0.4666666666666667,5.86046511627907,0.16279065981612562,0.26666666666666666,3.3488372093023253,1.0,1.0,2.8666666666666667,0.0,0.4411764705882353,0.26666666666666666,0.8333333333333334,0.0,0.0,0.01953125,0.0032948929159802307,0
hardili01w,8,MIN,0,1.0,0.3,3.6,1.196013289036545,0.3588039867109634,4.305647840531561,0.8275861117717113,0.03322259081025597,0.009966777243076791,26,1.3,1.5548172757475083,0.04318936805333276,98,4.9,5.86046511627907,0.16279069497025425,2.2,2.631229235880399,0.5777777777777777,0.4444444444444444,30.1,1.0,0.5882352941176471,2.35,3.7142857142857144,0.2857142857142857,0.0625,0.08368200836820083,0.0916030534351145,0
hardili01w,9,MIN,0,1.125,0.16666666666666666,1.9583333333333333,1.6446700507614214,0.24365482233502536,2.8629441624365484,0.839285564413292,0.045685278414800704,0.0067681893947852895,31,1.2916666666666667,1.8883248730964468,0.05245346780958599,78,3.25,4.751269035532995,0.13197969319831315,2.3333333333333335,3.4111675126903553,0.543859649122807,0.47368421052631576,24.625,0.4583333333333333,0.7058823529411765,2.2916666666666665,2.7142857142857144,0.14285714285714285,0.030303030303030304,0.08709677419354839,0.05926860025220681,0
hardili01w,10,WAS,0,1.2647058823529411,0.38235294117647056,3.264705882352941,1.2964824120603016,0.39195979899497485,3.3467336683417086,0.8222221613168769,0.03601340003338861,0.010887772103117487,56,1.6470588235294117,1.6884422110552764,0.046901172136506096,167,4.911764705882353,5.035175879396985,0.13986599547850925,2.0,2.050251256281407,0.8115942028985508,0.6231884057971014,35.11764705882353,1.0,1.0,2.9705882352941178,3.5,0.29545454545454547,0.1092436974789916,0.1365079365079365,0.13805970149253732,0
harpela01w,9,SAC,0,0.4411764705882353,0.5882352941176471,2.0294117647058822,0.9642857142857142,1.2857142857142856,4.435714285714286,0.5036495982737519,0.02678571380739797,0.03571428507653063,35,1.0294117647058822,2.25,0.06249999888392859,104,3.0588235294117645,6.685714285714286,0.18571428239795926,2.3529411764705883,5.142857142857142,0.43209876543209874,0.18518518518518517,16.470588235294116,0.029411764705882353,1.0,1.411764705882353,0.75,1.25,0.2564102564102564,0.046875,0.09556786703601108,0
harpela01w,10,SAC,0,0.3939393939393939,0.6666666666666666,1.7878787878787878,1.017391304347826,1.7217391304347827,4.6173913043478265,0.5221238475996595,0.028260868950850677,0.047826085916824225,35,1.0606060606060606,2.739130434782609,0.0760869548676749,94,2.8484848484848486,7.356521739130435,0.20434782164461257,1.9696969696969697,5.08695652173913,0.5303030303030303,0.19696969696969696,13.93939393939394,0.3333333333333333,0.9705882352941176,1.2727272727272727,1.4285714285714286,1.5714285714285714,0.2222222222222222,0.04482758620689655,0.07722513089005235,0
harrido01w,1,IND,0,0.25,0.125,0.625,1.0746268656716418,0.5373134328358209,2.6865671641791042,0.5555549382722909,0.029850741813322115,0.014925370906661057,3,0.375,1.6119402985074627,0.04477611271998318,8,1.0,4.298507462686567,0.11940296725328846,2.0,8.597014925373134,0.17647058823529413,0.11764705882352941,8.375,0.0,0.23529411764705882,1.375,1.6666666666666667,0.3333333333333333,0.007874015748031496,0.007352941176470588,0.007716049382716049,0
harrili01w,1,PHO,0,0.967741935483871,0.12903225806451613,2.6774193548387095,1.44,0.192,3.984,0.6859503565330284,0.03999999946666667,0.005333333262222223,34,1.096774193548387,1.6320000000000001,0.0453333327288889,117,3.774193548387097,5.616,0.15599999792000002,2.0,2.976,0.5396825396825397,0.47619047619047616,24.193548387096776,0.6451612903225806,0.9117647058823529,0.7096774193548387,1.1612903225806452,0.12903225806451613,0.043478260869565216,0.1048951048951049,0.1338709677419355,0
harrili01w,2,PHO,0,1.21875,0.03125,3.125,1.5344262295081967,0.039344262295081964,3.9344262295081966,0.719424408674503,0.04262295035384754,0.0010928961629191676,40,1.25,1.5737704918032787,0.04371584651676671,140,4.375,5.508196721311475,0.15300546280868346,1.8125,2.281967213114754,0.6779661016949152,0.6610169491525424,28.59375,1.0,0.9411764705882353,1.53125,1.3,0.025,0.007194244604316547,0.13310580204778158,0.15552099533437014,0
harrili01w,3,PHO,0,0.96875,0.09375,2.59375,1.2413793103448276,0.12013348164627365,3.3236929922135703,0.6587301064499915,0.03448275823712171,0.003337041119721456,34,1.0625,1.3615127919911012,0.03781979935684317,117,3.65625,4.685205784204672,0.13014460366913677,1.9375,2.4827586206896552,0.5396825396825397,0.49206349206349204,28.09375,0.875,0.9411764705882353,1.40625,1.25,0.09375,0.031578947368421054,0.11567164179104478,0.13237639553429026,0
harrili01w,4,PHO,0,0.8787878787878788,0.18181818181818182,2.303030303030303,1.2458233890214796,0.2577565632458234,3.2649164677804294,0.6440677420281574,0.03460620483763479,0.007159904449165818,35,1.0606060606060606,1.503579952267303,0.04176610928680061,111,3.3636363636363638,4.768496420047732,0.13245823230956763,1.7575757575757576,2.491646778042959,0.5932203389830508,0.4915254237288136,25.393939393939394,1.0,0.9705882352941176,1.0303030303030303,1.2,0.2,0.05357142857142857,0.0932475884244373,0.11801242236024845,0
harrili01w,6,PHO,0,0.18518518518518517,0.037037037037037035,0.9629629629629629,0.6060606060606061,0.1212121212121212,3.151515151515152,0.6666664957265395,0.016835016268181274,0.0033670032536362543,6,0.2222222222222222,0.7272727272727273,0.020202019521817525,32,1.1851851851851851,3.8787878787878785,0.10774410411636014,1.2222222222222223,4.0,0.17647058823529413,0.14705882352941177,11.0,0.07407407407407407,0.7941176470588235,0.4444444444444444,1.6666666666666667,0.16666666666666666,0.005555555555555556,0.020491803278688523,0.036061026352288486,0
harrokr01w,2,MIN,0,0.75,0.0,0.75,1.5,0.0,1.5,0.7499981250046875,0.04166666087963043,0.0,3,0.75,1.5,0.04166666087963043,6,1.5,3.0,0.08333332175926086,1.0,2.0,0.6,0.6,18.0,0.25,0.11764705882352941,0.75,2.75,0.0,0.0,0.014218009478672985,0.004322766570605188,0
harrokr01w,3,MIN,0,0.4444444444444444,0.0,1.3703703703703705,0.8981288981288982,0.0,2.769230769230769,0.8043476512287714,0.024948024429355002,0.0,12,0.4444444444444444,0.8981288981288982,0.024948024429355002,49,1.8148148148148149,3.6673596673596673,0.10187109975319959,0.8888888888888888,1.7962577962577964,0.48,0.48,17.814814814814813,0.2222222222222222,0.7941176470588235,1.037037037037037,4.153846153846154,0.0,0.0,0.05286343612334802,0.05683563748079877,0
harrokr01w,4,MIN,0,0.5806451612903226,0.0967741935483871,0.967741935483871,1.2985971943887775,0.21643286573146292,2.164328657314629,0.7692305719921609,0.03607214356568851,0.0060120239276147515,21,0.6774193548387096,1.5150300601202404,0.04208416749330326,51,1.6451612903225807,3.67935871743487,0.10220440676945076,0.4838709677419355,1.0821643286573146,1.3125,1.125,16.096774193548388,0.0,0.9117647058823529,1.2580645161290323,3.789473684210526,0.15789473684210525,0.029411764705882353,0.07407407407407407,0.04172461752433936,0
harrokr01w,6,MIN,0,1.1176470588235294,0.029411764705882353,2.088235294117647,1.6442307692307692,0.04326923076923077,3.0721153846153846,0.8658535529446887,0.04567307637412168,0.0012019230624768862,39,1.1470588235294117,1.6875,0.04687499943659856,110,3.235294117647059,4.759615384615385,0.13221153687245749,1.088235294117647,1.6009615384615385,1.0263157894736843,1.0,24.470588235294116,1.0,1.0,1.588235294117647,2.4615384615384617,0.02564102564102564,0.0078125,0.14671814671814673,0.09916201117318436,0
harrokr01w,10,LAS,0,0.5161290322580645,0.0,1.2903225806451613,1.1076923076923078,0.0,2.769230769230769,0.7017542628501293,0.030769230177514807,0.0,16,0.5161290322580645,1.1076923076923078,0.030769230177514807,56,1.8064516129032258,3.8769230769230774,0.10769230562130182,1.032258064516129,2.2153846153846155,0.48484848484848486,0.48484848484848486,16.774193548387096,0.8387096774193549,0.9117647058823529,0.8709677419354839,4.0588235294117645,0.0,0.0,0.07339449541284404,0.04524886877828054,0
haydeva01w,5,MIN,0,0.2413793103448276,1.0,2.103448275862069,0.72,2.9828571428571427,6.274285714285715,0.7261903897392393,0.019999999428571447,0.08285714048979599,36,1.2413793103448276,3.702857142857143,0.10285713991836744,97,3.3448275862068964,9.977142857142857,0.27714284922449006,2.2413793103448274,6.685714285714286,0.5454545454545454,0.10606060606060606,12.068965517241379,0.034482758620689655,0.8529411764705882,1.1724137931034482,0.875,3.625,0.20714285714285716,0.027131782945736434,0.08413793103448276,0
haydeva01w,6,MIN,0,0.4838709677419355,2.193548387096774,3.7096774193548385,0.907563025210084,4.114285714285714,6.957983193277311,0.7055214291091148,0.02521008360991456,0.11428571236494602,83,2.6774193548387095,5.021848739495798,0.1394957959748606,198,6.387096774193548,11.97983193277311,0.3327731036508722,3.5483870967741935,6.65546218487395,0.7477477477477478,0.13513513513513514,19.193548387096776,0.8064516129032258,0.9117647058823529,2.032258064516129,1.4375,4.25,0.53125,0.05791505791505792,0.16061452513966482,0
haydeva01w,7,MIN,0,0.18181818181818182,1.3333333333333333,2.242424242424242,0.5094339622641509,3.7358490566037736,6.283018867924528,0.6434782049149387,0.014150943062477758,0.10377358245817023,50,1.5151515151515151,4.245283018867925,0.11792452552064799,124,3.757575757575758,10.528301886792452,0.29245282329120703,3.5757575757575757,10.018867924528301,0.42016806722689076,0.05042016806722689,12.848484848484848,0.09090909090909091,0.9705882352941176,1.3333333333333333,2.7142857142857144,6.285714285714286,0.38596491228070173,0.030927835051546393,0.09192546583850932,0
haydeva01w,9,MIN,0,0.4666666666666667,0.4666666666666667,2.1,1.657894736842105,1.657894736842105,7.460526315789474,0.5999999428571483,0.04605263006405823,0.04605263006405823,28,0.9333333333333333,3.31578947368421,0.09210526012811646,91,3.033333333333333,10.776315789473685,0.29934209541637846,2.7333333333333334,9.710526315789474,0.3373493975903614,0.1686746987951807,10.133333333333333,0.0,0.8823529411764706,0.8666666666666667,0.8,0.9333333333333333,0.10606060606060606,0.04516129032258064,0.07944514501891552,0
haydeva01w,10,LAS,0,0.16,0.88,1.6,0.5353159851301115,2.9442379182156135,5.353159851301116,0.5970148362664424,0.014869887923052496,0.08178438357678872,26,1.04,3.479553903345725,0.09665427149984122,66,2.64,8.832713754646841,0.24535315073036618,1.96,6.557620817843866,0.52,0.08,10.76,0.04,0.7352941176470589,0.76,1.2,4.4,0.1317365269461078,0.01834862385321101,0.04524886877828054,0
haynikr01w,6,SAC,0,1.1,0.03333333333333333,1.4333333333333333,2.7373271889400925,0.08294930875576037,3.5668202764976957,0.6935482752341491,0.07603686460744552,0.002304147412346834,34,1.1333333333333333,2.8202764976958523,0.07834101201979235,77,2.566666666666667,6.387096774193549,0.17741935075070622,1.3666666666666667,3.400921658986175,0.8095238095238095,0.7857142857142857,14.466666666666667,0.0,0.8823529411764706,1.1666666666666667,1.2647058823529411,0.029411764705882353,0.009174311926605505,0.10819672131147541,0.0637037037037037,0
haynikr01w,7,SAC,0,0.7941176470588235,0.058823529411764705,1.3823529411764706,2.042016806722689,0.15126050420168066,3.5546218487394956,0.7014924326130697,0.05672268788397715,0.004201680583998307,29,0.8529411764705882,2.1932773109243695,0.06092436846797546,76,2.235294117647059,5.747899159663865,0.15966386219193568,1.4705882352941178,3.7815126050420167,0.5686274509803921,0.5294117647058824,14.0,0.0,1.0,1.3529411764705883,2.4285714285714284,0.07142857142857142,0.02247191011235955,0.08157099697885196,0.0651872399445215,0
haynikr01w,8,SAC,0,0.5294117647058824,0.17647058823529413,0.8529411764705882,1.1889908256880735,0.3963302752293578,1.9155963302752295,0.7837835719503858,0.033027522329770236,0.01100917410992341,24,0.7058823529411765,1.5853211009174313,0.04403669643969364,53,1.5588235294117647,3.5009174311926605,0.0972477046376568,1.2647058823529411,2.8403669724770646,0.5454545454545454,0.4090909090909091,16.029411764705884,0.058823529411764705,1.0,2.0,3.6842105263157894,0.3157894736842105,0.058823529411764705,0.05521472392638037,0.04005524861878453,0
haynikr01w,9,ATL,0,0.9090909090909091,0.12121212121212122,1.2424242424242424,2.2222222222222223,0.29629629629629634,3.037037037037037,0.7321427264030845,0.061728393791596836,0.008230452505546245,34,1.0303030303030303,2.5185185185185186,0.06995884629714308,75,2.272727272727273,5.555555555555555,0.1543209844789921,1.2424242424242424,3.037037037037037,0.8095238095238095,0.7142857142857143,14.727272727272727,0.09090909090909091,0.9705882352941176,1.4242424242424243,2.6451612903225805,0.12903225806451613,0.027972027972027972,0.1048951048951049,0.05555555555555555,0
haynikr01w,10,DET,1,0.7,0.0,1.0,3.1304347826086953,0.0,4.472049689440993,0.799999680000128,0.08695651633810457,0.0,14,0.7,3.1304347826086953,0.08695651633810457,34,1.7,7.60248447204969,0.21118011110682539,0.7,3.1304347826086953,0.9333333333333333,0.9333333333333333,8.05,0.1,0.5882352941176471,0.5,0.7333333333333333,0.0,0.0,0.05343511450381679,0.0234192037470726,0
haynikr01w,10,SAC,2,1.4444444444444444,0.1111111111111111,1.3333333333333333,3.0,0.23076923076923075,2.769230769230769,0.7999994666670223,0.08333332799145333,0.006410255999342564,14,1.5555555555555556,3.230769230769231,0.08974358399079589,26,2.888888888888889,6.0,0.16666665598290667,1.4444444444444444,3.0,1.0,0.9285714285714286,17.333333333333332,0.1111111111111111,0.2647058823529412,1.6666666666666667,1.2857142857142858,0.07142857142857142,0.010101010101010102,0.04482758620689655,0.015706806282722512,0
headde01w,1,PHO,0,0.23529411764705882,0.0,0.7647058823529411,0.9664429530201342,0.0,3.140939597315436,0.7222218209878772,0.026845635782172094,0.0,4,0.23529411764705882,0.9664429530201342,0.026845635782172094,17,1.0,4.10738255033557,0.1140939520742314,1.0,4.10738255033557,0.2222222222222222,0.2222222222222222,8.764705882352942,0.058823529411764705,0.5,0.6470588235294118,3.0,0.0,0.0,0.013986013986013986,0.020967741935483872,0
hendene01w,2,HOU,0,0.2608695652173913,0.0,0.6956521739130435,1.2067039106145252,0.0,3.217877094972067,0.7619043990931433,0.033519551200025074,0.0,6,0.2608695652173913,1.2067039106145252,0.033519551200025074,22,0.9565217391304348,4.424581005586592,0.1229050210667586,0.21739130434782608,1.005586592178771,1.0,1.0,7.782608695652174,0.0,0.6764705882352942,0.6956521739130435,3.142857142857143,0.0,0.0,0.023809523809523808,0.02250351617440225,0
hendetr01w,3,CLE,0,0.13043478260869565,0.30434782608695654,0.9565217391304348,0.6242774566473988,1.4566473988439306,4.578034682080925,0.647058633218049,0.01734103946005552,0.04046242540679622,10,0.43478260869565216,2.0809248554913293,0.05780346486685174,32,1.391304347826087,6.658959537572254,0.18497108757392558,1.1304347826086956,5.410404624277457,0.37037037037037035,0.1111111111111111,7.521739130434782,0.0,0.6764705882352942,0.782608695652174,0.75,1.75,0.08333333333333333,0.013513513513513514,0.03259259259259259,0
hendetr01w,4,CLE,0,0.09090909090909091,0.09090909090909091,0.7272727272727273,0.8,0.8,6.4,0.5714281632655976,0.022222217283951712,0.022222217283951712,2,0.18181818181818182,1.6,0.044444434567903424,10,0.9090909090909091,8.0,0.22222217283951712,0.5454545454545454,4.8,0.2857142857142857,0.14285714285714285,4.090909090909091,0.0,0.3235294117647059,0.36363636363636365,1.5,0.5,0.011494252873563218,0.004405286343612335,0.011095700416088766,0
henniso01w,1,SEA,0,1.90625,0.09375,2.0,2.240816326530612,0.11020408163265305,2.3510204081632655,0.7441859599783767,0.06224489732403166,0.0030612244585589343,64,2.0,2.3510204081632655,0.0653061217825906,128,4.0,4.702040816326531,0.1306122435651812,2.28125,2.6816326530612247,0.8648648648648649,0.8243243243243243,30.625,1.0,0.9411764705882353,1.6875,1.2741935483870968,0.04838709677419355,0.031914893617021274,0.23828125,0.11895910780669144,0
henniso01w,2,SEA,0,1.625,0.1875,1.78125,2.0753880266075386,0.2394678492239468,2.2749445676274944,0.8028167883356636,0.057649666766633405,0.006651884626919239,58,1.8125,2.3148558758314857,0.06430155139355265,115,3.59375,4.58980044345898,0.1274944553492854,1.9375,2.47450110864745,0.9206349206349206,0.8253968253968254,28.1875,0.875,0.9411764705882353,1.34375,1.7547169811320755,0.11320754716981132,0.046875,0.1897810218978102,0.09726962457337884,0
henniso01w,3,HOU,2,1.0,0.2608695652173913,2.0869565217391304,1.5892514395393473,0.4145873320537428,3.3166986564299425,0.8275860642092993,0.04414587247320782,0.011516314558228128,29,1.2608695652173914,2.0038387715930903,0.05566218703143595,77,3.347826086956522,5.320537428023032,0.14779270349726098,1.826086956521739,2.9021113243762,0.6744186046511628,0.5348837209302325,22.652173913043477,0.43478260869565216,0.6764705882352942,1.565217391304348,2.125,0.25,0.047244094488188976,0.08812260536398467,0.06827880512091039,0
henniso01w,3,SEA,1,1.125,0.125,2.25,1.5652173913043477,0.17391304347826086,3.1304347826086953,0.6923074260356054,0.04347825876916624,0.0048309176410184715,10,1.25,1.7391304347826086,0.048309176410184715,28,3.5,4.869565217391304,0.1352656939485172,1.875,2.608695652173913,0.625,0.5625,25.875,0.625,0.23529411764705882,0.875,1.5,0.1,0.006578947368421052,0.03180212014134275,0.028391167192429023,0
henniso01w,4,IND,2,0.6086956521739131,0.0,1.0,1.7379310344827585,0.0,2.855172413793104,0.9199996320001472,0.04827586040428068,0.0,14,0.6086956521739131,1.7379310344827585,0.04827586040428068,37,1.608695652173913,4.593103448275862,0.1275862024970275,1.2173913043478262,3.475862068965517,0.4827586206896552,0.4827586206896552,12.608695652173912,0.043478260869565216,0.6764705882352942,0.5652173913043478,1.9333333333333333,0.0,0.0,0.04666666666666667,0.035114503816793895,0
henniso01w,4,WAS,1,1.0,0.0,0.0,7.2,0.0,0.0,0.0,0.19999960000080003,0.0,1,1.0,7.2,0.19999960000080003,1,1.0,7.2,0.19999960000080003,0.0,0.0,1.0,1.0,5.0,0.0,0.029411764705882353,0.0,0.0,0.0,0.0,0.004672897196261682,0.0,0
herriam01w,1,UTA,0,0.28,0.2,1.32,0.7390029325513197,0.5278592375366569,3.4838709677419355,0.5593219390979763,0.02052785863554667,0.014662756168247621,12,0.48,1.2668621700879767,0.03519061480379429,45,1.8,4.750733137829911,0.1319648055142286,1.64,4.328445747800586,0.2857142857142857,0.16666666666666666,13.64,0.0,0.7352941176470589,1.16,2.5,0.625,0.03164556962025317,0.03255813953488372,0.045020463847203276,0
herriam01w,2,UTA,0,0.25,0.4375,1.8125,0.6428571428571428,1.125,4.6607142857142865,0.7160492943149019,0.01785714245854593,0.031249999302455374,22,0.6875,1.7678571428571428,0.049107141761001304,80,2.5,6.428571428571429,0.17857142458545927,1.46875,3.7767857142857144,0.4583333333333333,0.16666666666666666,14.0,0.03125,0.9411764705882353,1.09375,1.5555555555555556,1.5555555555555556,0.08917197452229299,0.03940886699507389,0.07474226804123711,0
herriam01w,3,UTA,0,0.32142857142857145,0.5,1.5,1.2044609665427508,1.8736059479553904,5.620817843866171,0.7368419759926358,0.03345724782686811,0.052044607730683735,23,0.8214285714285714,3.078066914498141,0.08550185555755184,65,2.3214285714285716,8.698884758364311,0.24163567874960304,1.25,4.684014869888476,0.6388888888888888,0.25,9.607142857142858,0.10714285714285714,0.8235294117647058,0.75,0.4,1.4,0.0782122905027933,0.039301310043668124,0.05817174515235457,0
hibbeka01w,1,SEA,0,0.35,0.05,1.1,1.05,0.15,3.3,0.7333330888889704,0.029166665451388938,0.004166666493055563,8,0.4,1.2,0.0333333319444445,30,1.5,4.5,0.12499999479166689,1.1,3.3,0.34782608695652173,0.30434782608695654,12.0,0.3,0.5882352941176471,0.85,2.25,0.125,0.010638297872340425,0.02734375,0.040892193308550186,0
hicksje01w,1,ORL,0,0.07692307692307693,0.2692307692307692,0.5,0.4585987261146497,1.6050955414012738,2.9808917197452227,0.49999980769238167,0.012738852691792821,0.04458598442127488,9,0.34615384615384615,2.0636942675159236,0.0573248371130677,22,0.8461538461538461,5.044585987261146,0.14012737960972105,1.2692307692307692,7.56687898089172,0.2647058823529412,0.058823529411764705,6.038461538461538,0.038461538461538464,0.7647058823529411,0.6538461538461539,1.3333333333333333,2.3333333333333335,0.05343511450381679,0.0078125,0.0214168039538715,0
hicksje01w,2,ORL,0,0.71875,0.53125,1.6875,1.8157894736842104,1.3421052631578947,4.263157894736842,0.5869564579395155,0.05043859538511852,0.037280700936826734,40,1.25,3.1578947368421053,0.08771929632194526,94,2.9375,7.421052631578948,0.20614034635657136,2.65625,6.7105263157894735,0.46511627906976744,0.26744186046511625,14.25,0.15625,0.9411764705882353,1.65625,0.9166666666666666,0.7083333333333334,0.1349206349206349,0.07165109034267912,0.08780487804878048,0
hicksje01w,3,ORL,0,0.6129032258064516,0.8064516129032258,1.3548387096774193,1.4522292993630572,1.910828025477707,3.2101910828025475,0.41176466551326807,0.040339701903615674,0.053078555136336414,44,1.4193548387096775,3.363057324840764,0.09341825703995209,86,2.774193548387097,6.5732484076433115,0.18259022966899727,2.4838709677419355,5.885350318471337,0.5641025641025641,0.24358974358974358,15.193548387096774,0.1935483870967742,0.9117647058823529,1.6451612903225807,1.15,1.25,0.21929824561403508,0.06418918918918919,0.07046979865771812,0
hicksje01w,4,CON,0,0.4074074074074074,0.3333333333333333,0.9259259259259259,1.5652173913043477,1.2806324110671938,3.5573122529644268,0.5208332248264115,0.04347825915105695,0.03557312112359205,20,0.7407407407407407,2.8458498023715415,0.079051380274649,45,1.6666666666666667,6.403162055335969,0.17786560561796025,1.7407407407407407,6.687747035573123,0.4166666666666667,0.22916666666666666,9.37037037037037,0.0,0.7941176470588235,0.9629629629629629,0.5,0.75,0.08035714285714286,0.04059040590405904,0.0327653997378768,0
hicksje01w,5,SAS,0,0.6296296296296297,0.48148148148148145,1.2592592592592593,1.6495956873315365,1.261455525606469,3.299191374663073,0.5964911234226099,0.045822101190778945,0.03504043032236037,30,1.1111111111111112,2.911051212938005,0.08086253151313932,64,2.3703703703703702,6.210242587601078,0.1725067338946972,2.111111111111111,5.530997304582211,0.5172413793103449,0.29310344827586204,13.74074074074074,0.37037037037037035,0.7941176470588235,1.2592592592592593,1.0,0.7222222222222222,0.12149532710280374,0.06227106227106227,0.04843304843304843,0
hillec01w,1,CHA,0,0.19230769230769232,0.038461538461538464,0.5769230769230769,0.8450704225352113,0.16901408450704225,2.535211267605634,0.6521736294897263,0.023474177301681817,0.004694835460336363,6,0.23076923076923078,1.0140845070422535,0.02816901276201818,21,0.8076923076923077,3.549295774647887,0.09859154466706363,1.2692307692307692,5.577464788732394,0.17647058823529413,0.14705882352941177,8.192307692307692,0.0,0.7647058823529411,0.9615384615384616,2.3333333333333335,0.16666666666666666,0.01098901098901099,0.02242152466367713,0.02377179080824089,0
hillec01w,2,PHO,0,0.3333333333333333,0.0,0.0,4.5,0.0,0.0,0.0,0.12499984375019532,0.0,1,0.3333333333333333,4.5,0.12499984375019532,1,0.3333333333333333,4.5,0.12499984375019532,0.6666666666666666,9.0,0.3333333333333333,0.3333333333333333,2.6666666666666665,0.0,0.08823529411764706,0.0,0.5,0.0,0.0,0.0034129692832764505,0.0,0
hledeko01w,1,UTA,0,1.2258064516129032,0.12903225806451613,2.193548387096774,1.577854671280277,0.16608996539792387,2.8235294117647056,0.7311827170771271,0.04382929591892392,0.004613610096728834,42,1.3548387096774193,1.7439446366782008,0.04844290601565276,110,3.5483870967741935,4.567474048442906,0.12687427766004294,2.7096774193548385,3.4878892733564015,0.49411764705882355,0.4470588235294118,27.967741935483872,1.0,0.9117647058823529,2.4516129032258065,2.358974358974359,0.10256410256410256,0.02531645569620253,0.17674418604651163,0.0927694406548431,0
hledeko01w,2,UTA,0,0.9259259259259259,0.037037037037037035,0.9259259259259259,1.978021978021978,0.07912087912087912,1.978021978021978,0.624999843750039,0.05494505373747135,0.002197802149498854,26,0.9629629629629629,2.057142857142857,0.057142855886970205,51,1.8888888888888888,4.035164835164835,0.11208790962444155,2.074074074074074,4.430769230769231,0.45614035087719296,0.43859649122807015,16.85185185185185,0.37037037037037035,0.7941176470588235,1.5555555555555556,1.6538461538461537,0.038461538461538464,0.006369426751592357,0.12315270935960591,0.03221649484536082,0
hledeko01w,3,NYL,0,0.375,0.125,0.75,1.6744186046511627,0.5581395348837209,3.3488372093023253,0.749999531250293,0.04651162430142447,0.01550387476714149,8,0.5,2.2325581395348837,0.06201549906856596,20,1.25,5.5813953488372094,0.1550387476714149,1.5,6.697674418604651,0.32,0.24,8.0625,0.0,0.47058823529411764,1.3125,1.7142857142857142,0.2857142857142857,0.019801980198019802,0.022900763358778626,0.019639934533551555,0
hodgedo01w,5,LAS,0,0.4166666666666667,0.08333333333333333,0.7916666666666666,1.4693877551020407,0.2938775510204082,2.7918367346938777,0.8636359710745586,0.0408163248646398,0.00816326497292796,12,0.5,1.7632653061224488,0.04897958983756776,31,1.2916666666666667,4.555102040816326,0.12653060708038338,0.375,1.3224489795918368,1.2,1.0,10.208333333333334,0.125,0.7058823529411765,0.7083333333333334,1.4545454545454546,0.18181818181818182,0.013422818791946308,0.03802281368821293,0.02345679012345679,0
hodgedo01w,6,LAS,0,0.5625,0.21875,1.21875,0.968609865470852,0.37668161434977576,2.098654708520179,0.8297870574921153,0.026905829194232747,0.010463378019979402,25,0.78125,1.345291479820628,0.03736920721421215,64,2.0,3.4439461883408073,0.0956651704683831,1.09375,1.883408071748879,0.6944444444444444,0.5,20.90625,0.34375,0.9411764705882353,1.5,4.052631578947368,0.3684210526315789,0.051094890510948905,0.06792452830188679,0.05701754385964912,0
hodgedo01w,7,LAS,0,0.4117647058823529,0.11764705882352941,0.9705882352941176,1.1052631578947367,0.3157894736842105,2.605263157894737,0.7857140986395003,0.03070175371268084,0.008771929632194525,18,0.5294117647058824,1.4210526315789473,0.03947368334487537,51,1.5,4.026315789473684,0.11184210281048021,0.7647058823529411,2.052631578947368,0.6666666666666666,0.5185185185185185,13.411764705882353,0.08823529411764706,1.0,1.2647058823529411,4.4,0.26666666666666666,0.03076923076923077,0.04713804713804714,0.038686987104337635,0
hodgedo01w,8,SEA,0,0.16666666666666666,0.0,0.3333333333333333,1.0909090909090908,0.0,2.1818181818181817,0.9999950000249999,0.030303021120296626,0.0,1,0.16666666666666666,1.0909090909090908,0.030303021120296626,3,0.5,3.272727272727273,0.09090906336088989,0.3333333333333333,2.1818181818181817,0.3333333333333333,0.3333333333333333,5.5,0.0,0.17647058823529413,0.8333333333333334,3.0,0.0,0.0,0.00411522633744856,0.00243605359317905,0
hodgedo01w,9,IND,0,0.375,0.125,0.5,1.9285714285714284,0.6428571428571428,2.571428571428571,0.6666655555574075,0.053571419005103746,0.017857139668367914,4,0.5,2.571428571428571,0.07142855867347166,8,1.0,5.142857142857142,0.1428571173469433,0.25,1.2857142857142856,1.3333333333333333,1.0,7.0,0.0,0.23529411764705882,0.75,0.5,0.25,0.006024096385542169,0.009230769230769232,0.005134788189987163,0
hodgero01w,6,HOU,0,0.11538461538461539,0.0,0.3076923076923077,0.5744680851063829,0.0,1.5319148936170213,0.4705879584776715,0.015957445959710322,0.0,3,0.11538461538461539,0.5744680851063829,0.015957445959710322,11,0.4230769230769231,2.1063829787234045,0.05851063518560451,0.3076923076923077,1.5319148936170213,0.3333333333333333,0.3333333333333333,7.230769230769231,0.0,0.7647058823529411,0.11538461538461539,1.75,0.0,0.0,0.012145748987854251,0.01167883211678832,0
hodgero01w,7,HOU,0,0.48484848484848486,0.12121212121212122,1.6363636363636365,0.8252148997134671,0.20630372492836677,2.785100286532951,0.8307691029585995,0.02292263577474734,0.005730658943686835,20,0.6060606060606061,1.031518624641834,0.028653294718434173,74,2.242424242424242,3.816618911174785,0.10601719045820644,1.2121212121212122,2.063037249283668,0.4878048780487805,0.3902439024390244,21.151515151515152,0.24242424242424243,0.9705882352941176,1.0909090909090908,1.8823529411764706,0.23529411764705882,0.047058823529411764,0.06324110671936758,0.06561360874848117,0
hodgero01w,8,HOU,0,0.4482758620689655,0.0,0.7586206896551724,1.4138972809667674,0.0,2.392749244712991,0.7333330888889704,0.03927492328474552,0.0,13,0.4482758620689655,1.4138972809667674,0.03927492328474552,35,1.206896551724138,3.806646525679758,0.10574017807431486,0.7241379310344828,2.283987915407855,0.5909090909090909,0.5909090909090909,11.413793103448276,0.13793103448275862,0.8529411764705882,0.6896551724137931,1.9285714285714286,0.0,0.0,0.04482758620689655,0.028534370946822308,0
hodgero01w,9,HOU,0,0.3333333333333333,0.13333333333333333,1.6666666666666667,0.656934306569343,0.26277372262773724,3.2846715328467155,0.8333330555556482,0.01824817451648998,0.007299269806595993,7,0.4666666666666667,0.9197080291970803,0.025547444323085977,32,2.1333333333333333,4.204379562043796,0.11678831690553589,0.7333333333333333,1.4452554744525548,0.5833333333333334,0.4166666666666667,18.266666666666666,0.4,0.4411764705882353,0.6666666666666666,3.1666666666666665,0.3333333333333333,0.01652892561983471,0.016891891891891893,0.03109452736318408,0
hodgero01w,10,MIN,0,0.6363636363636364,0.45454545454545453,2.393939393939394,0.8381374722838137,0.5986696230598669,3.1529933481152996,0.7979797173757861,0.02328159619421734,0.0166297115672981,36,1.0909090909090908,1.4368070953436807,0.039911307761515434,115,3.484848484848485,4.58980044345898,0.1274944553492854,1.6363636363636365,2.155210643015521,0.6545454545454545,0.38181818181818183,27.333333333333332,0.8181818181818182,0.9705882352941176,1.0909090909090908,2.909090909090909,0.6818181818181818,0.11627906976744186,0.0695364238410596,0.10353866317169069,0
hoffmeb01w,5,IND,0,0.5,0.16666666666666666,1.7666666666666666,1.6167664670658684,0.5389221556886228,5.712574850299402,0.6091953322763985,0.04491017829610245,0.01497005943203415,20,0.6666666666666666,2.155688622754491,0.0598802377281366,73,2.433333333333333,7.868263473053892,0.2185628677076986,1.7,5.497005988023952,0.38461538461538464,0.28846153846153844,11.133333333333333,0.43333333333333335,0.8823529411764706,0.9,1.3125,0.3125,0.037037037037037035,0.05725190839694656,0.07507082152974505,0
hoffmeb01w,6,IND,0,0.6363636363636364,0.30303030303030304,1.9090909090909092,1.5211267605633803,0.7243460764587525,4.563380281690141,0.6494844691253124,0.04225352027658913,0.020120723941232918,31,0.9393939393939394,2.245472837022133,0.062374244217822054,94,2.8484848484848486,6.808853118712273,0.18913480504758945,1.7878787878787878,4.27364185110664,0.5166666666666667,0.35,15.06060606060606,0.0,0.9705882352941176,0.696969696969697,0.7272727272727273,0.45454545454545453,0.10416666666666667,0.06231454005934718,0.09375,0
hoffmeb01w,7,IND,0,1.088235294117647,0.47058823529411764,3.5294117647058822,1.5652173913043477,0.6768507638072855,5.076380728554642,0.6217616258154598,0.043478260358657345,0.018801409884824795,53,1.5588235294117647,2.2420681551116335,0.06227967024348214,173,5.088235294117647,7.318448883666274,0.2032902443796681,3.0588235294117645,4.399529964747356,0.5047619047619047,0.3523809523809524,25.029411764705884,0.9705882352941176,1.0,2.1470588235294117,1.2105263157894737,0.42105263157894735,0.1702127659574468,0.10422535211267606,0.15873015873015872,0
hoffmeb01w,8,IND,0,0.6176470588235294,0.5294117647058824,2.8529411764705883,1.2989690721649483,1.1134020618556701,6.0,0.7080291453993325,0.036082473606830354,0.0309278345201403,39,1.1470588235294117,2.4123711340206184,0.06701030812697065,136,4.0,8.412371134020619,0.23367697192994893,2.0294117647058822,4.268041237113402,0.5571428571428572,0.3,17.11764705882353,0.29411764705882354,1.0,1.2058823529411764,1.1818181818181819,0.8181818181818182,0.13138686131386862,0.06796116504854369,0.11931119311193111,0
hoffmeb01w,9,IND,0,1.4242424242424243,0.7878787878787878,4.96969696969697,1.6702862783810464,0.9239881539980257,5.828232971372162,0.6356588900907407,0.04639684060812596,0.0256663373576867,73,2.212121212121212,2.594274432379072,0.07206317796581266,237,7.181818181818182,8.422507403751233,0.23395853668352876,3.6666666666666665,4.300098716683119,0.5983606557377049,0.38524590163934425,30.696969696969695,1.0,0.9705882352941176,2.393939393939394,1.2708333333333333,0.5416666666666666,0.1566265060240964,0.14461538461538462,0.21052631578947367,0
hoffmeb01w,10,IND,0,1.6764705882352942,0.35294117647058826,4.205882352941177,2.0417910447761196,0.4298507462686567,5.122388059701493,0.7185929287139232,0.0567164173461053,0.011940298388653748,69,2.0294117647058822,2.4716417910447763,0.06865671573475905,212,6.235294117647059,7.594029850746269,0.21094527153288287,3.1176470588235294,3.7970149253731345,0.6448598130841121,0.5327102803738317,29.558823529411764,1.0,1.0,2.411764705882353,0.896551724137931,0.20689655172413793,0.1016949152542373,0.15240641711229946,0.18309859154929578,0
holdsch01w,1,WAS,0,1.46875,0.5625,5.71875,1.4960212201591512,0.5729442970822282,5.824933687002653,0.762499968229168,0.04155614463699253,0.015915119222677993,65,2.03125,2.0689655172413794,0.057471263859670524,248,7.75,7.893899204244032,0.21927497595689677,2.3125,2.3554376657824934,0.8666666666666667,0.6266666666666667,35.34375,1.0,0.9411764705882353,2.90625,1.6666666666666667,0.375,0.14173228346456693,0.1910569105691057,0.2828438948995363,0
holdsch01w,2,WAS,0,1.5172413793103448,0.4827586206896552,6.344827586206897,1.6246153846153848,0.5169230769230769,6.793846153846154,0.7187499719238293,0.04512820466535175,0.014358974211702829,58,2.0,2.1415384615384614,0.059487178877054576,242,8.344827586206897,8.935384615384615,0.24820512565943462,1.6896551724137931,1.8092307692307692,1.16,0.88,33.62068965517241,1.0,0.8529411764705882,3.2413793103448274,1.4666666666666666,0.3111111111111111,0.109375,0.17054263565891473,0.26285714285714284,0
holdsch01w,3,WAS,0,1.0,0.3,8.9,1.135646687697161,0.34069400630914826,10.107255520504731,0.7672413462395972,0.03154574082735425,0.009463722248206274,26,1.3,1.4763406940063093,0.04100946307556052,204,10.2,11.58359621451104,0.3217665564390133,2.5,2.839116719242902,0.5098039215686274,0.39215686274509803,31.7,1.0,0.5882352941176471,2.25,2.142857142857143,0.2857142857142857,0.06315789473684211,0.09009009009009009,0.25105782792665726,0
holdsch01w,4,WAS,0,1.2592592592592593,0.5555555555555556,8.222222222222221,1.2911392405063291,0.569620253164557,8.430379746835444,0.7551020151325846,0.03586497852463103,0.01582278464321957,49,1.8148148148148149,1.860759493670886,0.0516877631678506,271,10.037037037037036,10.291139240506329,0.28586497588750026,2.740740740740741,2.8101265822784813,0.6533333333333333,0.4533333333333333,35.111111111111114,1.0,0.7941176470588235,2.6666666666666665,2.5428571428571427,0.42857142857142855,0.15,0.1588785046728972,0.3153409090909091,0
holdsch01w,5,WAS,0,1.6956521739130435,0.782608695652174,6.086956521739131,1.752808988764045,0.8089887640449438,6.292134831460674,0.7329842548175782,0.04868913796892462,0.022471909831811365,57,2.4782608695652173,2.5617977528089884,0.07116104780073598,197,8.565217391304348,8.853932584269662,0.24594256871482437,2.9130434782608696,3.0112359550561796,0.8382352941176471,0.5735294117647058,34.82608695652174,0.9565217391304348,0.6764705882352942,2.4782608695652173,1.4,0.45,0.13953488372093023,0.15234375,0.19257221458046767,0
holdsch01w,6,LAS,0,1.1515151515151516,0.48484848484848486,4.151515151515151,1.1563820794590025,0.4868977176669484,4.169061707523246,0.6143497482354373,0.03212172415788906,0.013524936487532236,54,1.6363636363636365,1.643279797125951,0.0456466606454213,191,5.787878787878788,5.812341504649196,0.16145392931991606,2.8484848484848486,2.860524091293322,0.5684210526315789,0.4,35.84848484848485,1.0,0.9705882352941176,3.0,2.6666666666666665,0.41025641025641024,0.11678832116788321,0.14339622641509434,0.20029239766081872,0
holdsch01w,7,LAS,0,1.36,0.36,3.8,1.656292286874154,0.43843031123139375,4.627875507442489,0.6249999588815817,0.046008118457264977,0.012178619591628964,43,1.72,2.094722598105548,0.05818673804889394,138,5.52,6.722598105548038,0.1867388337383108,2.32,2.8254397834912046,0.7288135593220338,0.576271186440678,29.56,0.0,0.7352941176470589,2.28,1.6,0.2571428571428571,0.06923076923076923,0.11447811447811448,0.11137162954279015,0
holdsch01w,8,LAS,0,1.2,0.6,3.8,1.44,0.72,4.5600000000000005,0.6785711862245764,0.03999999733333351,0.019999998666666755,9,1.8,2.16,0.059999996000000264,28,5.6,6.720000000000001,0.18666665422222306,2.8,3.3600000000000003,0.6,0.4,30.0,1.0,0.14705882352941177,5.2,2.142857142857143,0.42857142857142855,0.027777777777777776,0.024390243902439025,0.02423469387755102,0
holdsch01w,10,ATL,0,1.36,0.28,3.2,1.728813559322034,0.35593220338983056,4.067796610169491,0.733944886794047,0.04802259819177122,0.009887005510070544,41,1.64,2.0847457627118646,0.057909603701841755,121,4.84,6.152542372881356,0.17090395238836226,2.4,3.0508474576271185,0.6721311475409836,0.5573770491803278,28.32,1.0,0.7352941176470589,2.96,1.6,0.2,0.05737704918032787,0.10303030303030303,0.09345794392523364,0
hollake01w,1,SAC,0,1.34375,0.15625,1.3125,1.657387580299786,0.19271948608137043,1.6188436830835118,0.5999999142857265,0.04603854340429825,0.005353319000499797,48,1.5,1.8501070663811563,0.051391862404798046,90,2.8125,3.4689507494646685,0.09635974200899634,1.96875,2.4282655246252673,0.75,0.671875,29.1875,1.0,0.9411764705882353,2.3125,1.8409090909090908,0.11363636363636363,0.03164556962025317,0.12912912912912913,0.06451612903225806,0
hollake01w,2,SAC,0,1.75,0.15625,1.3125,2.3066361556064074,0.20594965675057209,1.7299771167048055,0.5599999253333433,0.06407322581151915,0.005720823733171353,61,1.90625,2.5125858123569795,0.06979404954469051,103,3.21875,4.242562929061784,0.11784896890332988,1.9375,2.5537757437070936,0.9682539682539683,0.8888888888888888,27.3125,1.0,0.9411764705882353,2.0625,1.2105263157894737,0.08771929824561403,0.031446540880503145,0.20216606498194944,0.058011049723756904,0
hollake01w,3,SAC,0,1.28125,0.15625,1.9375,1.6363636363636365,0.19955654101995568,2.47450110864745,0.6888888123456874,0.0454545449506148,0.005543237189099366,46,1.4375,1.835920177383592,0.05099778213971417,108,3.375,4.310421286031042,0.11973392328454631,2.3125,2.953436807095344,0.6133333333333333,0.5466666666666666,28.1875,1.0,0.9411764705882353,2.53125,1.5,0.11904761904761904,0.045454545454545456,0.16532258064516128,0.09553158705701079,0
hollake01w,4,DET,0,1.0588235294117647,0.08823529411764706,1.3235294117647058,1.867435158501441,0.15561959654178675,2.3342939481268012,0.7894735457063955,0.05187319809980983,0.004322766508317486,39,1.1470588235294117,2.0230547550432276,0.05619596460812731,84,2.4705882352941178,4.357348703170029,0.1210374622328896,0.7647058823529411,1.3487031700288183,1.4444444444444444,1.3333333333333333,20.41176470588235,0.058823529411764705,1.0,1.7352941176470589,1.7027027027027026,0.08108108108108109,0.018867924528301886,0.13636363636363635,0.0528169014084507,0
hollake01w,5,HOU,0,1.4814814814814814,0.1111111111111111,1.7407407407407407,2.0483641536273116,0.1536273115220484,2.406827880512091,0.712121104224075,0.05689900345805116,0.004267425259353837,43,1.5925925925925926,2.20199146514936,0.061166428717405,90,3.3333333333333335,4.608819345661451,0.12802275778061512,1.8888888888888888,2.611664295874822,0.8269230769230769,0.7692307692307693,26.037037037037038,0.7777777777777778,0.7941176470588235,1.7407407407407407,1.2926829268292683,0.07317073170731707,0.027777777777777776,0.1646090534979424,0.06482758620689655,0
hollake01w,7,DET,0,0.6764705882352942,0.058823529411764705,0.8235294117647058,2.0856423173803527,0.181360201511335,2.53904282115869,0.6999998250000437,0.05793450735681342,0.005037783248418558,25,0.7352941176470589,2.2670025188916876,0.06297229060523198,53,1.5588235294117647,4.806045340050377,0.1335012560830918,0.8529411764705882,2.6297229219143574,0.8333333333333334,0.7666666666666667,11.676470588235293,0.0,1.0,1.1764705882352942,1.7916666666666667,0.08333333333333333,0.014492753623188406,0.10747663551401869,0.03178206583427923,0
holliqu01w,10,MIN,0,0.35294117647058826,0.23529411764705882,1.8529411764705883,0.9953917050691244,0.663594470046083,5.225806451612904,0.5727272206611618,0.02764976894816201,0.018433179298774673,20,0.5882352941176471,1.6589861751152075,0.04608294824693668,83,2.4411764705882355,6.88479262672811,0.19124423522478723,1.911764705882353,5.3917050691244235,0.30303030303030304,0.18181818181818182,12.764705882352942,0.029411764705882353,1.0,1.0,0.38461538461538464,0.6153846153846154,0.06201550387596899,0.039735099337748346,0.08256880733944955,0
holmejo01w,1,DET,0,0.3793103448275862,0.13793103448275862,0.9655172413793104,1.4612546125461254,0.5313653136531366,3.719557195571956,0.6222220839506479,0.04059040440625814,0.014760147056821143,15,0.5172413793103449,1.992619926199262,0.05535055146307929,43,1.4827586206896552,5.712177121771218,0.15867158086082728,1.2413793103448276,4.782287822878229,0.40540540540540543,0.2972972972972973,9.344827586206897,0.0,0.8529411764705882,0.5517241379310345,1.1666666666666667,0.3333333333333333,0.0449438202247191,0.0421455938697318,0.043410852713178294,0
holmese01w,9,HOU,0,0.47058823529411764,0.058823529411764705,1.3529411764705883,1.4187192118226601,0.17733990147783252,4.078817733990148,0.6571426693878087,0.03940886505375049,0.004926108131718811,9,0.5294117647058824,1.5960591133004927,0.0443349731854693,32,1.8823529411764706,5.674876847290641,0.15763546021500197,1.1176470588235294,3.3694581280788176,0.45,0.4,11.941176470588236,0.17647058823529413,0.5,0.8235294117647058,1.2222222222222223,0.1111111111111111,0.008264462809917356,0.02702702702702703,0.028606965174129355,0
holtam01w,9,CON,0,0.4411764705882353,0.14705882352941177,2.0,0.7563025210084034,0.25210084033613445,3.4285714285714284,0.6476189859410489,0.021008403067109202,0.007002801022369734,20,0.5882352941176471,1.0084033613445378,0.028011204089478936,88,2.588235294117647,4.436974789915967,0.12324929799370732,1.9705882352941178,3.3781512605042017,0.29411764705882354,0.22058823529411764,21.0,1.0,1.0,0.9117647058823529,4.0625,0.3125,0.05102040816326531,0.07075471698113207,0.07816091954022988,0
holtam01w,10,CON,0,0.391304347826087,0.08695652173913043,2.652173913043478,0.8526315789473684,0.18947368421052632,5.778947368421052,0.8243242129291604,0.02368420990304711,0.005263157756232691,11,0.4782608695652174,1.0421052631578946,0.0289473676592798,72,3.130434782608696,6.821052631578947,0.18947367922437688,1.6956521739130435,3.694736842105263,0.275,0.225,16.52173913043478,0.30434782608695654,0.6764705882352942,0.6086956521739131,4.4,0.2,0.015267175572519083,0.035856573705179286,0.07376058041112454,0
hopeky01w,1,UTA,0,0.0,0.0,0.6666666666666666,0.0,0.0,18.0,0.9999950000249999,0.0,0.0,0,0.0,0.0,0.0,2,0.6666666666666666,18.0,0.49999875000312505,0.0,0.0,0.0,0.0,1.3333333333333333,0.0,0.08823529411764706,0.3333333333333333,0.0,0.0,0.0,0.0,0.002728512960436562,0
hornbal01w,9,DET,0,2.323529411764706,0.29411764705882354,2.5,3.8072289156626504,0.4819277108433735,4.096385542168675,0.6159419843520301,0.1057563573526592,0.013386880677551798,89,2.6176470588235294,4.289156626506024,0.11914323803021101,174,5.117647058823529,8.3855421686747,0.2329317237894013,2.8529411764705883,4.674698795180723,0.9081632653061225,0.8061224489795918,21.970588235294116,0.0,1.0,1.4411764705882353,0.8875,0.125,0.08403361344537816,0.2831541218637993,0.10071090047393365,0
hornbal01w,10,DET,0,1.3125,0.28125,3.5,1.7788235294117647,0.3811764705882353,4.743529411764706,0.7088607146290686,0.049411764124567485,0.010588235169550176,51,1.59375,2.16,0.05999999929411766,163,5.09375,6.903529411764707,0.1917647036262976,2.90625,3.9388235294117644,0.5425531914893617,0.44680851063829785,26.5625,0.65625,0.9411764705882353,2.15625,2.0,0.20930232558139536,0.09183673469387756,0.16030534351145037,0.13114754098360656,0
houstch01w,9,MIN,0,0.9090909090909091,0.3939393939393939,2.878787878787879,1.8588640275387263,0.8055077452667814,5.886402753872634,0.7786884607632409,0.051635110987347486,0.022375214761183912,43,1.303030303030303,2.6643717728055076,0.0740103257485314,138,4.181818181818182,8.550774526678142,0.23752151054179846,2.121212121212121,4.337349397590361,0.6056338028169014,0.4225352112676056,17.606060606060606,0.0,0.9705882352941176,1.6666666666666667,0.9032258064516129,0.41935483870967744,0.09848484848484848,0.0967741935483871,0.11979823455233292,0
houstch01w,10,MIN,0,1.2647058823529411,0.6176470588235294,4.176470588235294,1.9545454545454546,0.9545454545454546,6.454545454545454,0.7634408191698484,0.05429292860741252,0.026515151180364252,64,1.8823529411764706,2.909090909090909,0.08080807978777678,206,6.0588235294117645,9.363636363636363,0.2601010068169065,3.1470588235294117,4.863636363636364,0.5925925925925926,0.39814814814814814,23.294117647058822,0.9705882352941176,1.0,1.8823529411764706,1.3409090909090908,0.4772727272727273,0.16279069767441862,0.1423841059602649,0.18610747051114024,0
humphta01w,9,DET,1,0.5909090909090909,0.2727272727272727,1.7272727272727273,1.575757575757576,0.7272727272727273,4.606060606060606,0.6031745074326178,0.04377104229727131,0.020202019521817525,19,0.8636363636363636,2.303030303030303,0.06397306181908884,57,2.590909090909091,6.909090909090908,0.1919191854572665,2.6818181818181817,7.151515151515152,0.31666666666666665,0.21666666666666667,13.5,0.7272727272727273,0.6470588235294118,1.0909090909090908,1.5714285714285714,0.42857142857142855,0.05042016806722689,0.04659498207885305,0.045023696682464455,0
humphta01w,9,WAS,2,0.5,0.25,4.875,0.6792452830188679,0.33962264150943394,6.6226415094339615,0.795918204914652,0.01886792363830549,0.009433961819152745,6,0.75,1.0188679245283019,0.028301885457458233,45,5.625,7.6415094339622645,0.21226414093093673,4.0,5.433962264150943,0.18181818181818182,0.12121212121212122,26.5,0.875,0.23529411764705882,2.625,1.8,0.4,0.02127659574468085,0.01652892561983471,0.05058365758754864,0
humphta01w,10,MIN,2,0.631578947368421,0.3157894736842105,2.6315789473684212,1.2705882352941176,0.6352941176470588,5.294117647058823,0.8474574834817824,0.035294116608996576,0.017647058304498288,18,0.9473684210526315,1.9058823529411764,0.05294117491349486,68,3.5789473684210527,7.2,0.19999999411764724,2.8421052631578947,5.717647058823529,0.32727272727272727,0.21818181818181817,17.894736842105264,0.21052631578947367,0.5588235294117647,0.7368421052631579,0.6153846153846154,0.46153846153846156,0.046511627906976744,0.039735099337748346,0.0655307994757536,0
humphta01w,10,WAS,1,0.1111111111111111,0.3333333333333333,1.0,0.5373134328358209,1.6119402985074627,4.835820895522388,0.6923071597637233,0.014925370906661057,0.04477611271998318,4,0.4444444444444444,2.1492537313432836,0.05970148362664423,13,1.4444444444444444,6.985074626865671,0.19402982178659375,1.6666666666666667,8.059701492537314,0.25,0.0625,7.444444444444445,0.0,0.2647058823529412,0.6666666666666666,1.5,1.5,0.025210084033613446,0.0031746031746031746,0.011194029850746268,0
irvinsa01w,6,PHO,0,0.4166666666666667,0.5,1.5,1.4754098360655736,1.7704918032786885,5.311475409836065,0.5294116089965856,0.04098360319806531,0.049180323837678376,11,0.9166666666666666,3.2459016393442623,0.09016392703574368,29,2.4166666666666665,8.557377049180328,0.2377048985487788,1.6666666666666667,5.9016393442622945,0.5238095238095238,0.23809523809523808,10.166666666666666,0.0,0.35294117647058826,0.16666666666666666,0.8333333333333334,1.0,0.03333333333333333,0.020491803278688523,0.024965325936199722,0
irvinsa01w,7,PHO,0,0.2857142857142857,1.1428571428571428,1.1428571428571428,1.894736842105263,7.578947368421052,7.578947368421052,0.7999992000008,0.05263156509695655,0.2105262603878262,10,1.4285714285714286,9.473684210526315,0.2631578254847827,18,2.5714285714285716,17.052631578947366,0.47368408587260896,0.7142857142857143,4.7368421052631575,1.6666666666666667,0.3333333333333333,5.428571428571429,0.0,0.20588235294117646,0.42857142857142855,0.3333333333333333,2.6666666666666665,0.0625,0.007246376811594203,0.009852216748768473,0
irvinsa01w,8,SAS,0,0.13043478260869565,0.43478260869565216,1.0434782608695652,0.84375,2.8125,6.75,0.5999998500000374,0.023437498168945456,0.07812499389648485,13,0.5652173913043478,3.65625,0.1015624920654303,37,1.608695652173913,10.40625,0.2890624774169939,0.8695652173913043,5.625,0.6190476190476191,0.14285714285714285,5.565217391304348,0.0,0.6764705882352942,0.4782608695652174,1.75,2.5,0.07633587786259542,0.01056338028169014,0.03137254901960784,0
irvinsa01w,9,SAS,0,0.14285714285714285,0.23809523809523808,1.2380952380952381,0.9310344827586207,1.5517241379310347,8.068965517241379,0.7222220216049939,0.02586206673602873,0.04310344456004788,8,0.38095238095238093,2.4827586206896552,0.06896551129607661,34,1.619047619047619,10.551724137931034,0.2931034230083256,0.9047619047619048,5.896551724137931,0.4,0.15,5.523809523809524,0.0,0.6176470588235294,0.3333333333333333,0.5,1.25,0.033112582781456956,0.01098901098901099,0.030660377358490566,0
ivanyda01w,1,UTA,0,0.9259259259259259,0.1111111111111111,1.5555555555555556,1.8404907975460123,0.22085889570552147,3.0920245398773005,0.7777776337448826,0.051124743330782346,0.006134969199693882,28,1.037037037037037,2.061349693251534,0.05725971253047623,70,2.5925925925925926,5.153374233128834,0.14314928132619056,2.4814814814814814,4.932515337423313,0.4117647058823529,0.36764705882352944,18.11111111111111,0.5925925925925926,0.7941176470588235,1.8518518518518519,2.423076923076923,0.11538461538461539,0.0189873417721519,0.11627906976744186,0.0572987721691678,0
ivanyda01w,4,PHO,0,0.0,0.25,0.5,0.0,1.0588235294117647,2.1176470588235294,0.49999875000312505,0.0,0.029411756055365862,1,0.25,1.0588235294117647,0.029411756055365862,3,0.75,3.1764705882352944,0.08823526816609759,1.0,4.235294117647059,0.2,0.0,8.5,0.0,0.11764705882352941,0.5,2.0,1.0,0.008928571428571428,0.0,0.003105590062111801,0
ivanyda01w,6,SAS,0,0.8666666666666667,0.0,1.5,1.6221837088388216,0.0,2.8076256499133447,0.899999820000036,0.04506065779790888,0.0,26,0.8666666666666667,1.6221837088388216,0.04506065779790888,71,2.3666666666666667,4.429809358752166,0.12305025783275117,1.6,2.9948006932409013,0.5306122448979592,0.5306122448979592,19.233333333333334,0.4666666666666667,0.8823529411764706,1.7666666666666666,2.5185185185185186,0.0,0.0,0.1326530612244898,0.06512301013024602,0
ivanyda01w,7,SAS,0,0.3870967741935484,0.0,1.096774193548387,1.3416149068322982,0.0,3.801242236024845,0.8292680904224169,0.037267079587978896,0.0,12,0.3870967741935484,1.3416149068322982,0.037267079587978896,46,1.4838709677419355,5.142857142857142,0.14285713842058578,1.2258064516129032,4.248447204968944,0.3076923076923077,0.3076923076923077,10.387096774193548,0.03225806451612903,0.9117647058823529,0.6129032258064516,3.8461538461538463,0.0,0.0,0.048582995951417005,0.04171779141104295,0
iveyni01w,2,IND,0,1.03125,0.15625,1.21875,1.6779661016949152,0.2542372881355932,1.9830508474576272,0.7090907801653127,0.046610168833189705,0.007062146792907531,38,1.1875,1.9322033898305084,0.05367231562609724,77,2.40625,3.9152542372881354,0.10875706061077599,1.59375,2.593220338983051,0.7307692307692307,0.6346153846153846,22.125,0.8125,0.9411764705882353,1.09375,2.0588235294117645,0.14705882352941177,0.04201680672268908,0.13580246913580246,0.06,0
iveyni01w,3,IND,0,0.5161290322580645,0.0967741935483871,0.7096774193548387,1.3120728929384966,0.2460136674259681,1.8041002277904328,0.7857140051021411,0.03644646841807589,0.00683371282838923,19,0.6129032258064516,1.5580865603644647,0.04328018124646512,41,1.3225806451612903,3.3621867881548977,0.09339407532131948,1.0,2.5421412300683373,0.59375,0.5,14.161290322580646,0.7419354838709677,0.9117647058823529,0.7096774193548387,2.2941176470588234,0.17647058823529413,0.0297029702970297,0.05947955390334572,0.03470031545741325,0
iveyni01w,4,IND,0,1.0740740740740742,0.25925925925925924,1.0,1.6036866359447004,0.38709677419354843,1.4930875576036866,0.8437497363282073,0.044546850314180486,0.010752688006871153,36,1.3333333333333333,1.9907834101382489,0.05529953832105164,63,2.3333333333333335,3.4838709677419355,0.09677419206184038,1.4814814814814814,2.2119815668202767,0.8780487804878049,0.7073170731707317,24.11111111111111,0.7777777777777778,0.7941176470588235,1.037037037037037,2.3666666666666667,0.23333333333333334,0.05737704918032787,0.09666666666666666,0.04122137404580153,0
iveyni01w,5,IND,0,0.26666666666666666,0.2,0.5333333333333333,0.8044692737430168,0.6033519553072626,1.6089385474860336,0.7999992000008,0.022346367466683382,0.016759775600012537,7,0.4666666666666667,1.4078212290502794,0.039106143066695916,15,1.0,3.0167597765363126,0.08379887800006268,1.3333333333333333,4.022346368715084,0.3333333333333333,0.19047619047619047,11.933333333333334,0.06666666666666667,0.4411764705882353,0.4,3.6,0.6,0.022222222222222223,0.015267175572519083,0.0113314447592068,0
iveyni01w,6,DET,1,0.5,0.0,0.5833333333333334,2.1176470588235294,0.0,2.4705882352941178,0.5833328472226273,0.05882352364475258,0.0,6,0.5,2.1176470588235294,0.05882352364475258,13,1.0833333333333333,4.588235294117647,0.12745096789696392,1.1666666666666667,4.9411764705882355,0.4,0.4,8.5,0.0,0.35294117647058826,0.4166666666666667,1.4285714285714286,0.0,0.0,0.024793388429752067,0.008706467661691543,0
iveyni01w,6,PHO,2,0.42857142857142855,0.0,0.5,1.4210526315789473,0.0,1.657894736842105,0.6999993000007,0.03947368161357358,0.0,6,0.42857142857142855,1.4210526315789473,0.03947368161357358,13,0.9285714285714286,3.0789473684210527,0.08552631016274274,1.2142857142857142,4.026315789473684,0.3333333333333333,0.3333333333333333,10.857142857142858,0.0,0.4117647058823529,0.42857142857142855,2.857142857142857,0.0,0.0,0.02459016393442623,0.009708737864077669,0
jacksde01w,3,CLE,0,0.1111111111111111,0.05555555555555555,0.9444444444444444,0.5034965034965035,0.2517482517482518,4.27972027972028,0.6296293964335569,0.013986013007971119,0.006993006503985559,3,0.16666666666666666,0.7552447552447553,0.020979019511956676,20,1.1111111111111112,5.034965034965035,0.13986013007971118,0.6111111111111112,2.769230769230769,0.25,0.16666666666666666,7.944444444444445,0.0,0.5294117647058824,0.5,2.0,0.3333333333333333,0.011904761904761904,0.009009009009009009,0.025185185185185185,0
jacksde01w,4,CLE,0,0.5882352941176471,0.38235294117647056,1.5294117647058822,0.9436435124508519,0.6133682830930538,2.453473132372215,0.5842695972730789,0.026212319446758593,0.017038007640393087,33,0.9705882352941176,1.5570117955439058,0.04325032708715168,85,2.5,4.010484927916121,0.11140235764872401,2.7058823529411766,4.340760157273919,0.3548387096774194,0.21505376344086022,22.441176470588236,0.6470588235294118,1.0,0.9705882352941176,2.4285714285714284,0.6190476190476191,0.14942528735632185,0.0881057268722467,0.07212205270457697,0
jacksde01w,5,IND,0,0.8529411764705882,0.17647058823529413,1.6470588235294117,1.2985074626865671,0.26865671641791045,2.5074626865671643,0.49557517738272766,0.03606965129266603,0.007462686474344696,35,1.0294117647058822,1.5671641791044777,0.04353233776701072,91,2.676470588235294,4.074626865671641,0.11318407819422789,2.411764705882353,3.671641791044776,0.42168674698795183,0.3493975903614458,23.647058823529413,0.9411764705882353,1.0,1.5294117647058822,1.7666666666666666,0.2,0.044444444444444446,0.11068702290076336,0.07932011331444759,0
jacksde01w,6,IND,0,0.5,0.35294117647058826,1.1764705882352942,1.2966101694915255,0.9152542372881356,3.0508474576271185,0.5194804520155257,0.036016948389471434,0.025423728274921013,29,0.8529411764705882,2.211864406779661,0.06144067666439244,69,2.0294117647058822,5.262711864406779,0.14618643758079583,1.6176470588235294,4.194915254237288,0.5178571428571429,0.30357142857142855,13.882352941176471,0.0,1.0,0.9411764705882353,1.2777777777777777,0.6666666666666666,0.125,0.050445103857566766,0.05952380952380952,0
jacksde01w,7,CHI,0,0.4090909090909091,0.13636363636363635,1.5454545454545454,0.9878048780487805,0.3292682926829268,3.7317073170731705,0.515151437098267,0.027439023553688307,0.00914634118456277,12,0.5454545454545454,1.3170731707317072,0.03658536473825108,46,2.090909090909091,5.048780487804878,0.1402438981632958,1.7272727272727273,4.170731707317073,0.3076923076923077,0.23076923076923078,14.909090909090908,0.045454545454545456,0.6470588235294118,1.0,1.3,0.3,0.023809523809523808,0.03237410071942446,0.049926578560939794,0
jacksgw01w,4,SAS,0,0.45454545454545453,0.5151515151515151,3.606060606060606,0.5538461538461539,0.6276923076923077,4.3938461538461535,0.5804877765615719,0.01538461522682446,0.01743589725706772,32,0.9696969696969697,1.1815384615384614,0.03282051248389218,151,4.575757575757576,5.575384615384615,0.15487179328336623,2.5757575757575757,3.1384615384615384,0.37209302325581395,0.1744186046511628,29.545454545454547,0.7878787878787878,0.9705882352941176,1.393939393939394,1.25,1.0625,0.10119047619047619,0.0797872340425532,0.14949748743718594,0
jacksgw01w,5,PHO,2,0.21428571428571427,0.07142857142857142,1.1428571428571428,0.7941176470588236,0.2647058823529412,4.235294117647059,0.5925923731139359,0.022058821907439564,0.007352940635813188,4,0.2857142857142857,1.0588235294117647,0.029411762543252753,20,1.4285714285714286,5.294117647058823,0.14705881271626375,0.7857142857142857,2.9117647058823533,0.3333333333333333,0.25,9.714285714285714,0.0,0.4117647058823529,0.2857142857142857,1.0,0.25,0.007246376811594203,0.01060070671378092,0.02450229709035222,0
jacksgw01w,5,SAS,1,0.15789473684210525,0.15789473684210525,1.7894736842105263,0.37241379310344824,0.37241379310344824,4.220689655172413,0.6296295130315717,0.010344827229488717,0.010344827229488717,6,0.3157894736842105,0.7448275862068965,0.020689654458977434,40,2.1052631578947367,4.9655172413793105,0.13793102972651622,1.2105263157894737,2.855172413793104,0.25,0.125,15.263157894736842,0.21052631578947367,0.5588235294117647,0.5789473684210527,2.75,0.75,0.028037383177570093,0.01098901098901099,0.04843304843304843,0
jacksgw01w,6,PHO,0,0.0,0.2727272727272727,1.3636363636363635,0.0,0.8925619834710744,4.462809917355372,0.6521736294897263,0.0,0.02479338638071187,3,0.2727272727272727,0.8925619834710744,0.02479338638071187,18,1.6363636363636365,5.355371900826446,0.14876031828427122,1.0909090909090908,3.5702479338842976,0.23076923076923078,0.0,11.0,0.18181818181818182,0.3235294117647059,0.9090909090909091,3.0,3.0,0.016666666666666666,0.0,0.020804438280166437,0
jacksla01w,2,SEA,0,1.8620689655172413,2.206896551724138,4.689655172413793,1.942057942057942,2.301698301698302,4.891108891108892,0.7046631759241878,0.053946053407132336,0.06393606329734203,118,4.068965517241379,4.243756243756244,0.11788211670447436,254,8.758620689655173,9.134865134865136,0.25374625121132616,3.3448275862068964,3.488511488511488,1.2040816326530612,0.5510204081632653,34.51724137931034,1.0,0.8529411764705882,1.8275862068965518,0.8,1.1636363636363636,0.5,0.19708029197080293,0.23208191126279865,0
jacksla01w,3,SEA,0,1.0714285714285714,2.892857142857143,4.428571428571429,1.2244897959183674,3.306122448979592,5.061224489795919,0.6526315445983397,0.03401360505653509,0.09183673365264475,111,3.9642857142857144,4.530612244897959,0.12585033870917983,235,8.392857142857142,9.591836734693876,0.2664399062761916,3.392857142857143,3.8775510204081636,1.15625,0.3125,31.5,1.0,0.8235294117647058,1.6785714285714286,1.3225806451612903,2.6129032258064515,0.5328947368421053,0.10600706713780919,0.19558359621451105,0
jacksla01w,4,SEA,0,1.1515151515151516,1.9393939393939394,6.818181818181818,1.2335437330928765,2.0775473399458972,7.303877366997295,0.7328989989283714,0.03426510338805137,0.057709647811454934,102,3.090909090909091,3.311091073038774,0.09197475119950631,327,9.909090909090908,10.614968440036069,0.29486023178665255,3.212121212121212,3.4409377817853923,0.9532710280373832,0.35514018691588783,33.60606060606061,1.0,0.9705882352941176,2.090909090909091,1.5897435897435896,1.641025641025641,0.460431654676259,0.1630901287553648,0.3069577080491132,0
jacksla01w,5,SEA,0,1.0,2.0,4.612903225806452,1.0429906542056075,2.085981308411215,4.811214953271028,0.6908212226656414,0.028971962346056427,0.057943924692112854,93,3.0,3.1289719626168226,0.08691588703816928,236,7.612903225806452,7.940186915887851,0.22056074560223604,3.0,3.1289719626168226,0.9893617021276596,0.32978723404255317,34.516129032258064,1.0,0.9117647058823529,2.161290322580645,1.59375,1.9375,0.4696969696969697,0.10231023102310231,0.20140845070422536,0
jacksla01w,6,SEA,0,1.0588235294117647,1.9705882352941178,6.382352941176471,1.1020408163265305,2.0510204081632653,6.642857142857143,0.6932907126744182,0.03061224463765098,0.05697278863118377,103,3.0294117647058822,3.1530612244897958,0.08758503326883475,320,9.411764705882353,9.795918367346939,0.27210884122356427,2.9411764705882355,3.061224489795918,1.0198019801980198,0.3564356435643564,34.588235294117645,1.0,1.0,1.7352941176470589,1.5405405405405406,1.8108108108108107,0.42138364779874216,0.1782178217821782,0.27927927927927926,0
jacksla01w,7,SEA,0,0.8,1.7,5.333333333333333,1.0188679245283019,2.1650943396226414,6.7924528301886795,0.6956521436672981,0.02830188645870417,0.06014150872474636,75,2.5,3.183962264150943,0.08844339518345053,235,7.833333333333333,9.976415094339622,0.2771226382414783,3.0,3.8207547169811322,0.8241758241758241,0.26373626373626374,28.266666666666666,1.0,0.8823529411764706,1.3333333333333333,1.92,2.04,0.3984375,0.10300429184549356,0.19464720194647203,0
jacksla01w,8,SEA,0,1.0,2.032258064516129,7.096774193548387,1.0941176470588234,2.223529411764706,7.764705882352942,0.7333333088888898,0.03039215656478278,0.061764705276816614,94,3.032258064516129,3.3176470588235296,0.0921568618415994,314,10.129032258064516,11.08235294117647,0.307843134236832,3.0,3.2823529411764705,1.0,0.32978723404255317,32.903225806451616,1.0,0.9117647058823529,1.8064516129032258,1.25,1.96875,0.4144736842105263,0.12757201646090535,0.2679658952496955,1
jacksla01w,9,SEA,0,1.4761904761904763,1.5714285714285714,5.142857142857143,1.6080691642651297,1.7118155619596542,5.602305475504323,0.7346938275718484,0.044668587252614016,0.047550431591492345,64,3.0476190476190474,3.3198847262247835,0.09221901884410635,172,8.19047619047619,8.922190201729107,0.24783861314353584,3.1904761904761907,3.4755043227665707,0.9411764705882353,0.45588235294117646,33.04761904761905,1.0,0.6176470588235294,1.9047619047619047,0.8125,1.03125,0.23404255319148937,0.11481481481481481,0.13122721749696234,0
jacksla01w,10,SEA,0,1.4615384615384615,1.7307692307692308,5.153846153846154,1.6227758007117439,1.9217081850533808,5.722419928825622,0.736263695809687,0.045077105040603735,0.05338078228492548,83,3.1923076923076925,3.5444839857651247,0.09845788732552922,217,8.346153846153847,9.266903914590747,0.25741399457397396,3.730769230769231,4.142348754448399,0.8469387755102041,0.3877551020408163,32.42307692307692,1.0,0.7647058823529411,1.6538461538461537,0.5641025641025641,1.1538461538461537,0.2980132450331126,0.1371841155234657,0.16983523447401774,0
jacksta01w,1,HOU,0,0.41379310344827586,0.3103448275862069,1.4827586206896552,1.2743362831858407,0.9557522123893805,4.56637168141593,0.7049179172265709,0.03539822904430003,0.026548671783225022,21,0.7241379310344828,2.230088495575221,0.061946900827525055,64,2.206896551724138,6.79646017699115,0.1887905549029335,2.1379310344827585,6.584070796460177,0.3333333333333333,0.19047619047619047,11.689655172413794,0.034482758620689655,0.8529411764705882,0.8275862068965517,0.8461538461538461,0.6923076923076923,0.08571428571428572,0.042105263157894736,0.05931034482758621,0
jacksta01w,2,HOU,0,0.6875,0.34375,1.59375,1.7918552036199094,0.8959276018099547,4.153846153846154,0.5604394988528023,0.04977375453000556,0.02488687726500278,33,1.03125,2.687782805429864,0.07466063179500833,84,2.625,6.841628959276018,0.19004524456911212,1.65625,4.316742081447964,0.6111111111111112,0.4074074074074074,13.8125,0.125,0.9411764705882353,0.90625,0.9130434782608695,0.4782608695652174,0.11458333333333333,0.0873015873015873,0.07172995780590717,0
jacksta01w,3,HOU,0,0.6,0.6,1.2,1.5652173913043477,1.5652173913043477,3.1304347826086953,0.46153810650914884,0.0434782545683689,0.0434782545683689,6,1.2,3.1304347826086953,0.0869565091367378,12,2.4,6.260869565217391,0.1739130182734756,1.4,3.6521739130434785,0.75,0.375,13.8,0.2,0.14705882352941177,1.2,0.25,0.75,0.023622047244094488,0.011494252873563218,0.008534850640113799,0
jacksta02w,1,DET,0,1.2941176470588236,0.0,1.0,2.9662921348314604,0.0,2.2921348314606744,0.6799997280001088,0.08239700065928837,0.0,22,1.2941176470588236,2.9662921348314604,0.08239700065928837,39,2.2941176470588234,5.258426966292134,0.14606741025964756,1.7647058823529411,4.044943820224719,0.7096774193548387,0.7096774193548387,15.705882352941176,0.0,0.5,1.2352941176470589,1.565217391304348,0.0,0.0,0.0842911877394636,0.02635658914728682,0
jacksta02w,2,POR,0,0.875,0.0,1.0625,2.028169014084507,0.0,2.4627766599597587,0.7727270971074779,0.056338027035452175,0.0,28,0.875,2.028169014084507,0.056338027035452175,62,1.9375,4.490945674044266,0.12474848843564411,1.09375,2.535211267605634,0.7777777777777778,0.7777777777777778,15.53125,0.03125,0.9411764705882353,1.40625,1.7241379310344827,0.0,0.0,0.11428571428571428,0.04878048780487805,0
jacksta02w,3,POR,0,1.71875,0.03125,1.21875,2.861271676300578,0.05202312138728323,2.0289017341040463,0.6610168371157903,0.07947976763757561,0.0014450866843195567,56,1.75,2.913294797687861,0.08092485432189517,95,2.96875,4.942196531791907,0.13728323501035788,1.84375,3.0693641618497107,0.9333333333333333,0.9166666666666666,21.625,0.3125,0.9411764705882353,2.0,1.6964285714285714,0.017857142857142856,0.008264462809917356,0.22916666666666666,0.06074766355140187,0
jacksta02w,4,PHO,0,1.5294117647058822,0.11764705882352941,1.7058823529411764,1.954070981210856,0.15031315240083507,2.1795407098121085,0.7073169869125625,0.054279748911484876,0.004175365300883452,56,1.6470588235294117,2.104384133611691,0.05845511421236833,114,3.3529411764705883,4.2839248434238,0.11899791107517839,1.8235294117647058,2.3298538622129437,0.8888888888888888,0.8253968253968254,28.176470588235293,1.0,1.0,2.235294117647059,2.7547169811320753,0.07547169811320754,0.03571428571428571,0.16720257234726688,0.09006211180124224,0
jacksta02w,5,WAS,0,0.8,0.04,1.2,1.7777777777777777,0.08888888888888889,2.6666666666666665,0.810810591672813,0.04938271483005643,0.0024691357415028213,21,0.84,1.8666666666666667,0.05185185057155925,51,2.04,4.533333333333333,0.1259259228166439,0.84,1.8666666666666667,0.9545454545454546,0.9090909090909091,16.2,0.48,0.7352941176470589,1.12,2.142857142857143,0.047619047619047616,0.007751937984496124,0.078125,0.04126547455295736,0
jacksta02w,6,WAS,0,0.625,0.0,0.625,2.7272727272727275,0.0,2.7272727272727275,0.8333319444467593,0.07575756427915692,0.0,5,0.625,2.7272727272727275,0.07575756427915692,10,1.25,5.454545454545455,0.15151512855831384,0.625,2.7272727272727275,0.8333333333333334,0.8333333333333334,8.25,0.0,0.23529411764705882,0.5,1.6666666666666667,0.0,0.0,0.019157088122605363,0.007374631268436578,0
jacksta02w,7,PHO,0,2.0,0.3333333333333333,1.0,4.0,0.6666666666666666,2.0,0.7499981250046875,0.11111109053498323,0.01851851508916387,7,2.3333333333333335,4.666666666666666,0.1296296056241471,10,3.3333333333333335,6.666666666666666,0.1851851508916387,2.3333333333333335,4.666666666666666,0.875,0.75,18.0,0.6666666666666666,0.08823529411764706,1.3333333333333333,1.0,0.14285714285714285,0.0078125,0.021739130434782608,0.003694581280788177,0
jacksti02w,8,NYL,0,0.6764705882352942,0.35294117647058826,2.1470588235294117,1.7468354430379747,0.9113924050632911,5.544303797468355,0.7019230094304798,0.048523205727358534,0.025316455162100102,35,1.0294117647058822,2.6582278481012658,0.07383966088945863,108,3.176470588235294,8.20253164556962,0.22784809645890092,1.9411764705882353,5.012658227848101,0.5223880597014925,0.34328358208955223,13.941176470588236,0.0,1.0,1.4411764705882353,0.7916666666666666,0.5,0.10909090909090909,0.07931034482758621,0.09252217997465145,0
jacksti02w,9,NYL,0,0.96,0.32,3.84,1.7419354838709677,0.5806451612903225,6.967741935483871,0.6713286243826136,0.048387095798647264,0.016129031932882423,32,1.28,2.32258064516129,0.06451612773152969,128,5.12,9.29032258064516,0.25806451092611876,1.84,3.338709677419355,0.6808510638297872,0.5106382978723404,19.84,0.0,0.7352941176470589,1.92,1.04,0.32,0.06779661016949153,0.08247422680412371,0.12323491655969192,0
jacksti02w,10,NYL,0,0.6176470588235294,0.38235294117647056,2.3823529411764706,1.5272727272727273,0.9454545454545454,5.890909090909091,0.6982758018727757,0.04242424156718704,0.026262625732068168,34,1.0,2.4727272727272727,0.06868686729925522,115,3.3823529411764706,8.363636363636363,0.2323232276298338,1.6176470588235294,4.0,0.6071428571428571,0.375,14.558823529411764,0.2647058823529412,1.0,1.2647058823529411,1.0909090909090908,0.5909090909090909,0.10655737704918032,0.07581227436823104,0.10087173100871731,0
jacobam01w,5,MIN,0,0.40625,0.0,1.03125,1.1969309462915603,0.0,3.0383631713554986,0.9166664120371076,0.033248080991097675,0.0,13,0.40625,1.1969309462915603,0.033248080991097675,46,1.4375,4.235294117647059,0.11764705581465332,1.125,3.3145780051150897,0.35135135135135137,0.35135135135135137,12.21875,0.0,0.9411764705882353,1.40625,3.357142857142857,0.0,0.0,0.050387596899224806,0.04551724137931035,0
jacobam01w,6,MIN,0,0.5757575757575758,0.12121212121212122,0.45454545454545453,1.4309623430962344,0.30125523012552297,1.1297071129707112,0.7894732686982796,0.03974895314332734,0.008368200661753126,23,0.696969696969697,1.7322175732217573,0.04811715380508046,38,1.1515151515151516,2.8619246861924688,0.07949790628665468,1.0303030303030303,2.560669456066946,0.6571428571428571,0.5428571428571428,14.484848484848484,0.0,0.9705882352941176,1.393939393939394,3.4,0.2,0.03125,0.07335907335907337,0.02094972067039106,0
jacobam01w,7,MIN,0,0.7647058823529411,0.058823529411764705,2.1470588235294117,1.0871080139372822,0.08362369337979095,3.052264808362369,0.8111110209876643,0.03019744448086592,0.0023228803446819937,28,0.8235294117647058,1.1707317073170733,0.03252032482554791,101,2.9705882352941178,4.2229965156794425,0.11730545740644069,2.088235294117647,2.9686411149825784,0.3888888888888889,0.3611111111111111,25.323529411764707,1.0,1.0,2.6470588235294117,4.2592592592592595,0.07407407407407407,0.017543859649122806,0.13402061855670103,0.0906832298136646,0
jacobam01w,8,MIN,0,0.3103448275862069,0.0,0.5517241379310345,0.9878048780487805,0.0,1.7560975609756098,0.7999996000002,0.027439023553688307,0.0,9,0.3103448275862069,0.9878048780487805,0.027439023553688307,25,0.8620689655172413,2.74390243902439,0.07621950987135641,1.0689655172413792,3.402439024390244,0.28125,0.28125,11.310344827586206,0.0,0.8529411764705882,1.4137931034482758,4.0,0.0,0.0,0.03765690376569038,0.020356234096692113,0
jacobam01w,9,LAS,2,0.0,0.0,0.2,0.0,0.0,0.5901639344262295,0.49999750001249993,0.0,0.0,0,0.0,0.0,0.0,1,0.2,0.5901639344262295,0.016393439935501648,1.4,4.131147540983607,0.0,0.0,12.2,0.0,0.14705882352941177,1.6,6.0,0.0,0.0,0.0,0.0011148272017837235,0
jacobam01w,9,WAS,1,0.5,0.0,1.0,1.3170731707317072,0.0,2.6341463414634143,0.8571416326548106,0.0365853613920291,0.0,3,0.5,1.3170731707317072,0.0365853613920291,9,1.5,3.951219512195122,0.10975608417608729,1.1666666666666667,3.073170731707317,0.375,0.375,13.666666666666666,0.5,0.17647058823529413,1.3333333333333333,2.75,0.0,0.0,0.012396694214876033,0.007782101167315175,0
jamesta01w,7,WAS,0,0.19047619047619047,0.09523809523809523,0.3333333333333333,0.9,0.45,1.575,0.4374997265626709,0.024999998437500098,0.012499999218750049,6,0.2857142857142857,1.3499999999999999,0.037499997656250145,13,0.6190476190476191,2.9250000000000003,0.08124999492187532,0.6190476190476191,2.9250000000000003,0.42857142857142855,0.2857142857142857,7.619047619047619,0.0,0.6176470588235294,0.47619047619047616,0.6,0.4,0.017543859649122806,0.013029315960912053,0.009079118028534372,0
jamesta01w,8,WAS,0,0.8064516129032258,0.12903225806451613,1.096774193548387,2.2443890274314215,0.35910224438902744,3.0523690773067336,0.6938774094127735,0.06234413809615616,0.009975062095384986,29,0.9354838709677419,2.6034912718204493,0.07231920019154114,63,2.032258064516129,5.655860349127183,0.15710722800231353,1.3870967741935485,3.8603491271820447,0.6590909090909091,0.5681818181818182,12.935483870967742,0.2903225806451613,0.9117647058823529,0.9032258064516129,1.3076923076923077,0.15384615384615385,0.029850746268656716,0.08833922261484099,0.04336734693877551,0
januabr01w,10,IND,0,1.0909090909090908,0.09090909090909091,1.2121212121212122,1.897510980966325,0.1581259150805271,2.108345534407028,0.6349205341395977,0.05270863758845333,0.0043923864657044445,39,1.1818181818181819,2.055636896046852,0.057101024054157776,79,2.393939393939394,4.16398243045388,0.11566617693021704,2.3636363636363638,4.111273792093704,0.4936708860759494,0.45569620253164556,20.696969696969695,0.12121212121212122,0.9705882352941176,1.7272727272727273,2.081081081081081,0.08108108108108109,0.025423728813559324,0.0962566844919786,0.05121638924455826,0
jekaban01w,10,CON,0,0.3333333333333333,0.0,2.4444444444444446,0.5031055900621119,0.0,3.68944099378882,0.8461537376725977,0.013975155062497593,0.0,9,0.3333333333333333,0.5031055900621119,0.013975155062497593,75,2.7777777777777777,4.192546583850931,0.11645962552081328,2.259259259259259,3.409937888198758,0.14516129032258066,0.14516129032258066,23.85185185185185,0.5925925925925926,0.7941176470588235,1.7777777777777777,5.9,0.0,0.0,0.035856573705179286,0.07980652962515115,0
joensca01w,8,CHI,0,0.8947368421052632,0.05263157894736842,1.4210526315789473,2.2583025830258303,0.13284132841328414,3.5867158671586714,0.818181570248009,0.06273062499148986,0.0036900367642052857,18,0.9473684210526315,2.3911439114391144,0.06642066175569515,45,2.3684210526315788,5.977859778597786,0.16605165438923786,0.9473684210526315,2.3911439114391144,0.9473684210526315,0.8947368421052632,14.263157894736842,0.0,0.5588235294117647,0.6842105263157895,1.7777777777777777,0.05555555555555555,0.008849557522123894,0.06463878326996197,0.034482758620689655,0
joensca01w,9,CHI,0,0.19230769230769232,0.07692307692307693,1.1538461538461537,0.6617647058823529,0.2647058823529412,3.9705882352941178,0.8571426122449679,0.018382352265354698,0.007352940906141879,7,0.2692307692307692,0.926470588235294,0.025735293171496577,37,1.4230769230769231,4.897058823529411,0.13602940676362477,1.0,3.441176470588235,0.25925925925925924,0.18518518518518517,10.461538461538462,0.0,0.7647058823529411,0.8846153846153846,2.3333333333333335,0.3333333333333333,0.013333333333333334,0.018518518518518517,0.038910505836575876,0
johnsad01w,1,ORL,0,0.75,0.09375,1.875,0.7854545454545455,0.09818181818181819,1.9636363636363636,0.6666665925926007,0.021818181619834714,0.0027272727024793392,27,0.84375,0.8836363636363636,0.02454545432231405,87,2.71875,2.847272727272727,0.07909090837190083,1.84375,1.930909090909091,0.45,0.4,34.375,0.96875,0.9411764705882353,1.75,2.16,0.12,0.022900763358778626,0.09375,0.09884678747940692,0
johnsad01w,3,ORL,0,0.46875,0.0625,1.0,0.8970099667774086,0.11960132890365449,1.9136212624584719,0.6956520226843429,0.024916943107691977,0.003322259081025597,17,0.53125,1.0166112956810631,0.028239202188717574,49,1.53125,2.930232558139535,0.08139534748512713,1.25,2.39202657807309,0.4146341463414634,0.36585365853658536,18.8125,0.0625,0.9411764705882353,0.8125,1.375,0.125,0.017543859649122806,0.05067567567567568,0.053691275167785234,0
johnsad01w,4,CON,0,0.5,0.029411764705882353,1.0294117647058822,1.047945205479452,0.06164383561643835,2.1575342465753424,0.6034481718192807,0.029109588542644033,0.0017123287378025902,18,0.5294117647058824,1.1095890410958904,0.03082191728044662,53,1.5588235294117647,3.267123287671233,0.09075342310353728,1.0588235294117647,2.219178082191781,0.4864864864864865,0.4594594594594595,17.176470588235293,0.14705882352941177,1.0,0.6176470588235294,1.0,0.05555555555555555,0.008928571428571428,0.06273062730627306,0.045871559633027525,0
johnsch01w,4,LAS,0,0.0,0.125,0.5,0.0,0.8,3.2,0.6666655555574075,0.0,0.022222217283951712,1,0.125,0.8,0.022222217283951712,5,0.625,4.0,0.11111108641975856,0.75,4.8,0.14285714285714285,0.0,5.625,0.0,0.23529411764705882,0.5,3.0,1.0,0.006172839506172839,0.0,0.004914004914004914,0
johnsja01w,2,ORL,0,0.23529411764705882,0.17647058823529413,0.7647058823529411,1.0359712230215827,0.7769784172661871,3.366906474820144,0.5652171455577628,0.028776976346980117,0.021582732260235087,7,0.4117647058823529,1.8129496402877698,0.050359708607215205,20,1.1764705882352942,5.179856115107913,0.1438848817349006,1.2352941176470589,5.438848920863309,0.3181818181818182,0.18181818181818182,8.176470588235293,0.058823529411764705,0.5,1.0,1.8,0.6,0.023809523809523808,0.012461059190031152,0.02113821138211382,0
johnsla01w,1,UTA,0,0.41379310344827586,0.06896551724137931,1.3103448275862069,0.8981288981288982,0.1496881496881497,2.8440748440748442,0.7307690902367133,0.024948024429355002,0.004158004071559167,14,0.4827586206896552,1.0478170478170479,0.02910602850091417,52,1.793103448275862,3.891891891891892,0.10810810586053834,2.2413793103448274,4.864864864864865,0.21212121212121213,0.18181818181818182,16.586206896551722,0.20689655172413793,0.8529411764705882,1.1724137931034482,2.0,0.15384615384615385,0.012658227848101266,0.05581395348837209,0.05184174624829468,0
johnsla01w,2,UTA,0,0.07692307692307693,0.038461538461538464,0.5769230769230769,0.3157894736842105,0.15789473684210525,2.3684210526315788,0.7894732686982796,0.008771929439827656,0.004385964719913828,3,0.11538461538461539,0.47368421052631576,0.013157894159741484,18,0.6923076923076923,2.8421052631578947,0.07894736495844891,1.0,4.105263157894736,0.1111111111111111,0.07407407407407407,8.76923076923077,0.0,0.7647058823529411,0.5,2.3333333333333335,0.3333333333333333,0.006369426751592357,0.009852216748768473,0.019329896907216496,0
johnsla01w,3,UTA,0,0.25,0.07142857142857142,0.39285714285714285,0.9368029739776952,0.26765799256505574,1.4721189591078068,0.5789470637120717,0.026022303865341868,0.007434943961526248,9,0.32142857142857145,1.2044609665427508,0.03345724782686811,20,0.7142857142857143,2.676579925650558,0.07434943961526247,1.2857142857142858,4.817843866171003,0.24324324324324326,0.1891891891891892,9.607142857142858,0.03571428571428571,0.8235294117647058,0.5357142857142857,1.25,0.25,0.0111731843575419,0.03056768558951965,0.015235457063711912,0
johnsla01w,4,SAS,0,0.0967741935483871,0.03225806451612903,0.5806451612903226,0.38709677419354843,0.12903225806451613,2.32258064516129,0.7199997120001153,0.010752687786642016,0.0035842292622140053,4,0.12903225806451613,0.5161290322580645,0.014336917048856021,22,0.7096774193548387,2.8387096774193545,0.07885304376870812,1.0,4.0,0.125,0.09375,9.0,0.03225806451612903,0.9117647058823529,0.45161290322580644,2.25,0.25,0.005952380952380952,0.015957446808510637,0.022613065326633167,0
johnsla01w,5,HOU,0,0.3333333333333333,0.0,0.16666666666666666,2.0,0.0,1.0,0.9999900000999989,0.055555540123461075,0.0,2,0.3333333333333333,2.0,0.055555540123461075,3,0.5,3.0,0.0833333101851916,0.5,3.0,0.5,0.5,6.0,0.0,0.17647058823529413,0.3333333333333333,0.3333333333333333,0.0,0.0,0.00823045267489712,0.001379310344827586,0
johnsni01w,1,CHA,0,0.6666666666666666,0.0,0.6666666666666666,1.846153846153846,0.0,1.846153846153846,0.9999975000062501,0.05128204470743016,0.0,4,0.6666666666666666,1.846153846153846,0.05128204470743016,8,1.3333333333333333,3.692307692307692,0.10256408941486032,0.5,1.3846153846153846,1.0,1.0,13.0,0.0,0.17647058823529413,1.5,2.2,0.0,0.0,0.017937219730941704,0.006339144215530904,0
johnspo01w,1,CLE,0,0.0,0.08333333333333333,0.5833333333333334,0.0,0.631578947368421,4.421052631578947,0.49999964285739795,0.0,0.017543856571253232,1,0.08333333333333333,0.631578947368421,0.017543856571253232,8,0.6666666666666666,5.052631578947368,0.14035085257002586,0.75,5.684210526315789,0.1,0.0,4.75,0.0,0.35294117647058826,0.6666666666666666,2.0,1.0,0.010869565217391304,0.0,0.011589403973509934,0
johnspo01w,2,CLE,0,0.0,0.1111111111111111,1.0555555555555556,0.0,0.6050420168067226,5.747899159663865,0.6129030280957974,0.0,0.016806721276746112,2,0.1111111111111111,0.6050420168067226,0.016806721276746112,21,1.1666666666666667,6.352941176470589,0.17647057340583416,0.6666666666666666,3.630252100840336,0.15384615384615385,0.0,6.611111111111111,0.0,0.5294117647058824,0.5555555555555556,4.0,2.0,0.023809523809523808,0.0,0.02865761689291101,0
johnspo01w,3,MIA,0,0.8709677419354839,0.4838709677419355,2.6451612903225805,1.2134831460674156,0.6741573033707865,3.6853932584269664,0.585714243877554,0.033707864747717045,0.01872659152650947,42,1.3548387096774193,1.8876404494382024,0.052434456274226514,124,4.0,5.573033707865168,0.15480648995247828,2.4193548387096775,3.370786516853933,0.5526315789473685,0.35526315789473684,25.838709677419356,0.967741935483871,0.9117647058823529,1.7096774193548387,1.1428571428571428,0.5357142857142857,0.15463917525773196,0.09818181818181818,0.14285714285714285,0
johnspo01w,4,CLE,0,0.4,0.3333333333333333,1.7,1.0384615384615385,0.8653846153846154,4.413461538461538,0.6219511436644947,0.028846153152736705,0.02403846096061392,22,0.7333333333333333,1.9038461538461537,0.052884614113350624,73,2.433333333333333,6.317307692307692,0.1754807650124816,1.1666666666666667,3.028846153846154,0.6111111111111112,0.3333333333333333,13.866666666666667,0.06666666666666667,0.8823529411764706,0.6333333333333333,1.4615384615384615,0.7692307692307693,0.11494252873563218,0.05286343612334802,0.07073509015256588,0
johnspo01w,5,HOU,0,0.21052631578947367,0.15789473684210525,0.6842105263157895,0.9171974522292994,0.6878980891719745,2.9808917197452227,0.4482757074911354,0.025477705383585642,0.019108279037689233,7,0.3684210526315789,1.6050955414012738,0.04458598442127488,20,1.0526315789473684,4.585987261146497,0.1273885269179282,1.105263157894737,4.8152866242038215,0.3181818181818182,0.18181818181818182,8.263157894736842,0.0,0.5588235294117647,0.42105263157894735,0.2,0.6,0.027777777777777776,0.01646090534979424,0.01793103448275862,0
johnssh01w,1,ORL,0,1.8125,0.21875,3.1875,1.8543516873889874,0.22380106571936056,3.2611012433392537,0.6580644736732597,0.05150976863668057,0.006216696214771792,65,2.03125,2.078152753108348,0.05772646485145236,167,5.21875,5.339253996447602,0.1483126096952699,2.59375,2.653641207815275,0.7738095238095238,0.6904761904761905,35.1875,1.0,0.9411764705882353,3.1875,2.864406779661017,0.11864406779661017,0.05343511450381679,0.2265625,0.16803953871499178,0
johnssh01w,2,ORL,0,1.3076923076923077,0.23076923076923078,2.3846153846153846,1.5592356687898088,0.2751592356687898,2.843312101910828,0.8051947006240648,0.04331210135908151,0.007643312004543796,40,1.5384615384615385,1.8343949044585988,0.05095541336362531,102,3.923076923076923,4.677707006369427,0.12993630407724455,2.5384615384615383,3.0267515923566877,0.5970149253731343,0.5074626865671642,30.192307692307693,0.8461538461538461,0.7647058823529411,2.076923076923077,1.9428571428571428,0.17142857142857143,0.047619047619047616,0.1059190031152648,0.1008130081300813,0
johnssh01w,3,ORL,0,1.6451612903225807,0.22580645161290322,2.5806451612903225,1.654054054054054,0.227027027027027,2.5945945945945947,0.6201549906856596,0.04594594553201851,0.006306306249492737,58,1.8709677419354838,1.8810810810810812,0.052252251781511244,138,4.451612903225806,4.475675675675676,0.12432432320428538,2.5161290322580645,2.5297297297297296,0.7341772151898734,0.6455696202531646,35.806451612903224,1.0,0.9117647058823529,3.161290322580645,3.1346153846153846,0.1346153846153846,0.06140350877192982,0.17229729729729729,0.1342281879194631,0
johnssh01w,4,CON,0,1.2941176470588236,0.08823529411764706,2.7941176470588234,1.4308943089430894,0.0975609756097561,3.089430894308943,0.7089551709734947,0.03974706377825597,0.00271002707579018,47,1.3823529411764706,1.5284552845528454,0.042457090854046156,142,4.176470588235294,4.617886178861789,0.1282746149207352,2.264705882352941,2.5040650406504064,0.6025641025641025,0.5641025641025641,32.55882352941177,1.0,1.0,3.1470588235294117,4.355555555555555,0.06666666666666667,0.026785714285714284,0.16236162361623616,0.12450851900393185,0
johnssh01w,5,SAS,0,1.5483870967741935,0.12903225806451613,2.193548387096774,1.8113207547169812,0.15094339622641512,2.5660377358490565,0.8292681915526595,0.05031446488139974,0.004192872073449978,52,1.6774193548387097,1.9622641509433962,0.05450733695484972,120,3.870967741935484,4.528301886792453,0.12578616220349936,2.225806451612903,2.6037735849056602,0.7428571428571429,0.6857142857142857,30.774193548387096,0.967741935483871,0.9117647058823529,3.193548387096774,2.7755102040816326,0.08163265306122448,0.037383177570093455,0.17582417582417584,0.09686609686609686,0
johnssh01w,6,SAS,0,1.3529411764705883,0.14705882352941177,2.176470588235294,1.5,0.16304347826086957,2.4130434782608696,0.8131867238256347,0.04166666628925121,0.004528985466222958,51,1.5,1.6630434782608694,0.04619565175547417,125,3.676470588235294,4.076086956521739,0.11322463665557395,2.2941176470588234,2.543478260869565,0.6455696202531646,0.5822784810126582,32.470588235294116,0.9705882352941176,1.0,3.323529411764706,3.3617021276595747,0.10638297872340426,0.054945054945054944,0.23469387755102042,0.10709117221418235,0
johnssh01w,7,SAS,0,1.875,0.15625,2.0,2.471395881006865,0.20594965675057209,2.6361556064073226,0.6736841396121958,0.06864988479805624,0.005720823733171353,65,2.03125,2.677345537757437,0.0743707085312276,129,4.03125,5.31350114416476,0.1475972523158209,2.4375,3.212814645308925,0.8227848101265823,0.759493670886076,27.3125,1.0,0.9411764705882353,2.34375,1.9180327868852458,0.08196721311475409,0.05952380952380952,0.242914979757085,0.0785276073619632,0
johnssh01w,8,DET,0,0.6060606060606061,0.06060606060606061,1.303030303030303,1.2880143112701252,0.12880143112701253,2.769230769230769,0.7049179172265709,0.035778174673020136,0.003577817467302013,22,0.6666666666666666,1.4168157423971377,0.03935599214032215,65,1.9696969696969697,4.186046511627907,0.11627906768731543,2.0606060606060606,4.379248658318426,0.3188405797101449,0.2898550724637681,16.939393939393938,0.24242424242424243,0.9705882352941176,1.2121212121212122,2.6666666666666665,0.09523809523809523,0.01694915254237288,0.08771929824561403,0.046137339055793994,0
johnssh01w,9,HOU,0,1.5757575757575757,0.2727272727272727,2.303030303030303,1.846153846153846,0.31952662721893493,2.6982248520710055,0.7102803074504386,0.051282050776311136,0.008875739557438466,61,1.8484848484848484,2.165680473372781,0.06015779033374961,137,4.151515151515151,4.8639053254437865,0.13510847992989666,2.5454545454545454,2.9822485207100593,0.7176470588235294,0.611764705882353,30.727272727272727,0.9696969696969697,0.9705882352941176,2.3636363636363638,3.169811320754717,0.16981132075471697,0.0743801652892562,0.17567567567567569,0.0945273631840796,0
johnssh01w,10,SEA,0,0.7941176470588235,0.20588235294117646,1.411764705882353,1.5728155339805825,0.4077669902912622,2.7961165048543686,0.7741934235171897,0.0436893196814026,0.011326860658141414,34,1.0,1.9805825242718447,0.05501618033954401,82,2.411764705882353,4.776699029126214,0.13268608199537085,1.6470588235294117,3.2621359223300974,0.5964912280701754,0.47368421052631576,18.176470588235293,0.17647058823529413,1.0,1.5294117647058822,1.8571428571428572,0.25,0.046357615894039736,0.09747292418772563,0.060836501901140684,0
johnste01w,6,WAS,0,1.2941176470588236,0.029411764705882353,2.676470588235294,1.6279547790339157,0.03699897225077081,3.366906474820144,0.8749999158653927,0.045220965619517314,0.0010277492186253935,45,1.3235294117647058,1.6649537512846866,0.046248714838142704,136,4.0,5.03186022610483,0.13977389373305352,2.911764705882353,3.6628982528263103,0.45,0.44,28.61764705882353,1.0,1.0,2.588235294117647,3.933333333333333,0.022222222222222223,0.012987012987012988,0.1685823754789272,0.13421828908554573,0
johnste01w,7,LAS,0,1.46875,0.03125,2.5625,2.094059405940594,0.04455445544554455,3.6534653465346536,0.8453607375916765,0.058168316111778265,0.001237623747059112,48,1.5,2.1386138613861387,0.05940593985883738,130,4.0625,5.792079207920792,0.16089108711768457,1.78125,2.539603960396039,0.8275862068965517,0.8103448275862069,25.25,0.9375,0.9411764705882353,2.1875,3.3541666666666665,0.020833333333333332,0.007692307692307693,0.15824915824915825,0.09613130128956623,0
johnste01w,8,LAS,0,0.7272727272727273,0.09090909090909091,2.272727272727273,1.3980582524271843,0.17475728155339804,4.368932038834951,0.8620686682521834,0.03883494957111895,0.004854368696389869,9,0.8181818181818182,1.5728155339805825,0.04368931826750882,34,3.090909090909091,5.941747572815534,0.16504853567725555,1.5454545454545454,2.970873786407767,0.5,0.4444444444444444,18.727272727272727,1.0,0.3235294117647059,2.8181818181818183,3.3333333333333335,0.1111111111111111,0.009259259259259259,0.032520325203252036,0.03188775510204082,0
johnste01w,9,LAS,0,1.0434782608695652,0.08695652173913043,1.3478260869565217,2.198473282442748,0.18320610687022904,2.8396946564885495,0.7209300648999849,0.06106870073616538,0.0050890583946804485,26,1.1304347826086956,2.381679389312977,0.06615775913084583,57,2.4782608695652173,5.221374045801526,0.14503816424839278,1.6521739130434783,3.480916030534351,0.6666666666666666,0.6153846153846154,17.08695652173913,0.34782608695652173,0.6764705882352942,1.608695652173913,2.84,0.08,0.009216589861751152,0.09523809523809523,0.03455964325529543,0
johnste01w,10,PHO,0,0.8529411764705882,0.11764705882352941,3.2941176470588234,1.1587125416204216,0.1598224195338513,4.475027746947836,0.933333255555562,0.03218645913222576,0.004439511604444933,33,0.9705882352941176,1.318534961154273,0.03662597073667069,145,4.264705882352941,5.793562708102109,0.1609322956611288,2.323529411764706,3.1564927857935627,0.4125,0.3625,26.5,1.0,1.0,2.235294117647059,5.233333333333333,0.13333333333333333,0.02197802197802198,0.12831858407079647,0.12348401323042998,0
johnsti01w,1,HOU,0,0.3225806451612903,0.5161290322580645,2.838709677419355,0.5240174672489083,0.8384279475982533,4.611353711790393,0.5986394150585432,0.0145560405450358,0.023289664872057282,26,0.8387096774193549,1.3624454148471616,0.03784570541709308,114,3.6774193548387095,5.973799126637554,0.16593886221340812,2.774193548387097,4.506550218340611,0.2988505747126437,0.11494252873563218,22.161290322580644,0.9354838709677419,0.9117647058823529,0.5483870967741935,0.9090909090909091,1.4545454545454546,0.1523809523809524,0.03508771929824561,0.12137931034482759,0
johnsti01w,2,HOU,0,0.375,0.46875,2.9375,0.6428571428571428,0.8035714285714286,5.035714285714286,0.6811593709304804,0.01785714259141157,0.022321428239264463,27,0.84375,1.4464285714285716,0.04017857083067603,121,3.78125,6.482142857142857,0.18005952113006665,2.09375,3.5892857142857144,0.39705882352941174,0.17647058823529413,21.0,0.875,0.9411764705882353,1.3125,1.6923076923076923,1.1538461538461537,0.15625,0.047619047619047616,0.13220815752461323,0
johnsti01w,3,HOU,0,0.53125,0.75,3.125,0.750920245398773,1.0601226993865032,4.41717791411043,0.5780346486685174,0.020858895449584105,0.029447852399412854,41,1.28125,1.811042944785276,0.05030674784899696,141,4.40625,6.228220858895705,0.17300613284655053,2.09375,2.9595092024539875,0.6029411764705882,0.25,25.46875,1.0,0.9411764705882353,1.1875,2.1666666666666665,1.3333333333333333,0.1889763779527559,0.06513409961685823,0.1422475106685633,0
johnsti01w,4,HOU,0,0.13636363636363635,0.3181818181818182,2.0,0.3008356545961003,0.701949860724234,4.412256267409471,0.6984125875535575,0.008356545728229924,0.01949860669920316,10,0.45454545454545453,1.0027855153203342,0.027855152427433083,54,2.4545454545454546,5.415041782729805,0.15041782310813864,1.5,3.309192200557103,0.29411764705882354,0.08823529411764706,16.318181818181817,0.13636363636363635,0.6470588235294118,0.9090909090909091,3.25,1.75,0.05384615384615385,0.01293103448275862,0.05751633986928104,0
johnsti01w,5,HOU,0,0.2727272727272727,0.5151515151515151,2.787878787878788,0.4909090909090909,0.9272727272727272,5.0181818181818185,0.7540982988444017,0.01363636342975207,0.025757575367309465,26,0.7878787878787878,1.418181818181818,0.03939393879706154,118,3.5757575757575757,6.4363636363636365,0.1787878760789716,2.1818181818181817,3.9272727272727272,0.3561643835616438,0.1232876712328767,20.0,0.3333333333333333,0.9705882352941176,0.9393939393939394,2.7,1.7,0.1574074074074074,0.037037037037037035,0.12689655172413794,0
johnsti01w,7,SEA,0,0.3125,0.53125,2.90625,0.5598755832037325,0.9517884914463453,5.206842923794713,0.7499999395161339,0.015552099291569218,0.02643856879566767,27,0.84375,1.5116640746500778,0.04199066808723689,120,3.75,6.7185069984447905,0.1866251914988306,2.0625,3.695178849144635,0.40298507462686567,0.14925373134328357,20.09375,0.25,0.9411764705882353,0.96875,1.5454545454545454,1.5454545454545454,0.1328125,0.04291845493562232,0.11313868613138686,0
johnsvi01w,1,NYL,0,0.7096774193548387,0.16129032258064516,3.129032258064516,0.7741935483870969,0.17595307917888564,3.4134897360703813,0.7080291453993325,0.021505376133867292,0.004887585484969839,27,0.8709677419354839,0.9501466275659824,0.02639296161883713,124,4.0,4.363636363636363,0.12121212002725201,1.5483870967741935,1.689149560117302,0.5510204081632653,0.4489795918367347,33.0,1.0,0.9117647058823529,1.8387096774193548,3.347826086956522,0.21739130434782608,0.04854368932038835,0.08906882591093117,0.14854517611026033,0
johnsvi01w,2,NYL,0,1.09375,0.125,2.625,1.34185303514377,0.15335463258785945,3.220447284345048,0.7850466556031163,0.03727369502370932,0.004259850859852494,39,1.21875,1.4952076677316293,0.04153354588356181,123,3.84375,4.715654952076678,0.13099041394046418,1.9375,2.3769968051118213,0.6190476190476191,0.5555555555555556,29.34375,1.0,0.9411764705882353,1.625,2.4166666666666665,0.1111111111111111,0.04819277108433735,0.13157894736842105,0.12708018154311648,0
johnsvi01w,3,NYL,0,0.8709677419354839,0.12903225806451613,2.161290322580645,0.9455252918287937,0.14007782101167315,2.3463035019455254,0.6146788426900144,0.026264591184196585,0.0038910505458069015,31,1.0,1.0856031128404668,0.030155641730003485,98,3.161290322580645,3.431906614785992,0.09533073837226909,1.935483870967742,2.1011673151750974,0.5081967213114754,0.4426229508196721,33.16129032258065,1.0,0.9117647058823529,1.4516129032258065,3.0714285714285716,0.14285714285714285,0.039603960396039604,0.10305343511450382,0.10965630114566285,0
johnsvi01w,4,NYL,0,0.90625,0.21875,2.03125,1.0019193857965452,0.2418426103646833,2.2456813819577732,0.6842104542936364,0.027831093782811,0.006717850223437138,36,1.125,1.2437619961612285,0.03454894400624814,101,3.15625,3.489443378119002,0.09692898179530728,2.03125,2.2456813819577732,0.5454545454545454,0.4393939393939394,32.5625,1.0,0.9411764705882353,1.71875,2.5,0.23333333333333334,0.05426356589147287,0.11026615969581749,0.09461426491994178,0
johnsvi01w,5,NYL,0,0.7352941176470589,0.11764705882352941,2.4705882352941178,0.8042895442359249,0.128686327077748,2.702412868632708,0.6942148186599323,0.022341376029120858,0.003574620164659337,29,0.8529411764705882,0.932975871313673,0.025915996193780197,113,3.323529411764706,3.635388739946381,0.10098301965162627,2.2058823529411766,2.412868632707775,0.3815789473684211,0.32894736842105265,32.911764705882355,1.0,1.0,2.088235294117647,4.769230769230769,0.15384615384615385,0.032,0.11904761904761904,0.11320754716981132,0
johnsvi01w,6,NYL,0,0.6764705882352942,0.058823529411764705,2.3823529411764706,0.809384164222874,0.07038123167155425,2.8504398826979473,0.6864406197931678,0.02248289323086126,0.0019550341939879355,25,0.7352941176470589,0.8797653958944281,0.024437927424849196,106,3.1176470588235294,3.7302052785923756,0.10361681228136059,1.6470588235294117,1.970674486803519,0.43859649122807015,0.40350877192982454,30.08823529411765,1.0,1.0,1.2941176470588236,3.8333333333333335,0.08333333333333333,0.017699115044247787,0.10697674418604651,0.11050477489768076,0
johnsvi01w,7,SAS,0,0.8235294117647058,0.08823529411764706,3.2941176470588234,1.00398406374502,0.10756972111553785,4.01593625498008,0.6706586424755304,0.02788844593736608,0.002988047779003508,31,0.9117647058823529,1.1115537848605577,0.030876493716369587,143,4.205882352941177,5.127490039840638,0.1424302774658339,1.7941176470588236,2.187250996015936,0.5,0.45161290322580644,29.529411764705884,1.0,1.0,1.7352941176470589,4.206896551724138,0.10344827586206896,0.03571428571428571,0.11336032388663968,0.1374233128834356,0
johnsvi01w,8,SAS,0,1.1333333333333333,0.26666666666666666,3.1,1.4366197183098592,0.3380281690140845,3.929577464788732,0.6458332884837994,0.03990610281800349,0.009389671251294938,42,1.4,1.7746478873239435,0.04929577406929843,135,4.5,5.704225352112676,0.1584507023656021,1.5333333333333334,1.943661971830986,0.8936170212765957,0.723404255319149,28.4,0.9666666666666667,0.8823529411764706,1.2,2.9714285714285715,0.22857142857142856,0.061068702290076333,0.11971830985915492,0.12156862745098039,0
johnsvi01w,9,SAS,0,0.8125,0.15625,4.0625,1.0493273542600896,0.20179372197309417,5.246636771300449,0.7692307237141583,0.029147981736009174,0.0056053811030786875,31,0.96875,1.251121076233184,0.034753362839087865,161,5.03125,6.497757847533632,0.18049327151913372,1.3125,1.695067264573991,0.7209302325581395,0.6046511627906976,27.875,1.0,0.9411764705882353,1.53125,4.2592592592592595,0.18518518518518517,0.033112582781456956,0.09523809523809523,0.15330188679245282,0
johnsvi01w,10,SAS,0,0.5,0.125,2.65625,0.7815468113975577,0.19538670284938942,4.151967435549525,0.7870369641632441,0.021709633355364542,0.005427408338841136,20,0.625,0.9769335142469471,0.027137041694205676,105,3.28125,5.1289009497964715,0.14246946889457981,1.25,1.9538670284938942,0.4878048780487805,0.3902439024390244,23.03125,1.0,0.9411764705882353,1.21875,4.529411764705882,0.23529411764705882,0.03418803418803419,0.06201550387596899,0.11053315994798439,0
jonesas01w,3,WAS,0,0.40625,0.53125,1.5625,0.7647058823529412,1.0,2.9411764705882355,0.5617976896856528,0.021241829718270756,0.027777777323892527,30,0.9375,1.7647058823529411,0.049019607042163287,80,2.5,4.705882352941177,0.13071895211243542,2.75,5.1764705882352935,0.33707865168539325,0.14606741573033707,19.125,0.15625,0.9411764705882353,1.21875,2.0,1.2142857142857142,0.17894736842105263,0.05855855855855856,0.07052186177715092,0
jonesas01w,4,WAS,0,0.47058823529411764,0.7352941176470589,2.1470588235294117,0.7700534759358288,1.2032085561497328,3.5133689839572195,0.540740700685874,0.021390374045583235,0.0334224594462238,41,1.2058823529411764,1.9732620320855614,0.05481283349180704,114,3.3529411764705883,5.4866310160427805,0.15240641507478056,3.2058823529411766,5.245989304812834,0.37272727272727274,0.14545454545454545,22.0,0.29411764705882354,1.0,1.8529411764705883,3.0588235294117645,1.4705882352941178,0.25,0.07476635514018691,0.10369318181818182,0
jonesas01w,5,CON,0,0.5882352941176471,0.5294117647058824,1.9705882352941178,1.0300429184549356,0.927038626609442,3.4506437768240343,0.5677965620511388,0.028612302881082935,0.02575107259297464,38,1.1176470588235294,1.9570815450643777,0.054363375474057576,105,3.088235294117647,5.407725321888412,0.15021459012568542,2.411764705882353,4.223175965665236,0.4578313253012048,0.24096385542168675,20.558823529411764,0.029411764705882353,1.0,1.5588235294117647,1.8571428571428572,0.8571428571428571,0.18556701030927836,0.06666666666666667,0.09241379310344827,0
jonesas01w,6,CON,0,0.30303030303030304,0.21212121212121213,2.0303030303030303,0.5106382978723404,0.3574468085106383,3.421276595744681,0.553718962502565,0.014184396961923447,0.009929077873346414,17,0.5151515151515151,0.8680851063829788,0.024113474835269863,84,2.5454545454545454,4.2893617021276595,0.11914893448015697,2.121212121212121,3.5744680851063833,0.23943661971830985,0.14084507042253522,21.363636363636363,0.12121212121212122,0.9705882352941176,1.5454545454545454,3.6363636363636362,0.6363636363636364,0.05343511450381679,0.04219409282700422,0.08491761723700887,0
jonesas01w,7,CON,0,0.6764705882352942,0.5882352941176471,3.6470588235294117,1.0656370656370657,0.9266409266409266,5.745173745173745,0.677595591388219,0.029601029220063975,0.025740025408751283,43,1.2647058823529411,1.9922779922779923,0.05534105462881526,167,4.911764705882353,7.737451737451738,0.2149292121630732,2.176470588235294,3.4285714285714284,0.5733333333333334,0.30666666666666664,22.852941176470587,0.058823529411764705,1.0,1.7647058823529411,1.9166666666666667,0.8333333333333334,0.12987012987012986,0.09090909090909091,0.133764832793959,0
jonesas01w,8,CON,0,0.8333333333333334,0.7666666666666667,3.933333333333333,0.9554140127388535,0.8789808917197452,4.509554140127388,0.6448087079339504,0.02653927784990151,0.02441613562190939,48,1.6,1.8343949044585988,0.0509554134718109,166,5.533333333333333,6.343949044585987,0.17622080492334602,3.0,3.4394904458598727,0.5274725274725275,0.27472527472527475,31.4,1.0,0.8823529411764706,3.033333333333333,2.8846153846153846,0.8846153846153846,0.1464968152866242,0.09157509157509157,0.13578826237054084,0
jonesas01w,9,CON,0,0.6060606060606061,0.7878787878787878,3.878787878787879,0.7476635514018692,0.9719626168224298,4.785046728971962,0.6368158887156274,0.020768431767721373,0.026998961298037787,46,1.393939393939394,1.7196261682242993,0.04776739306575916,174,5.2727272727272725,6.5046728971962615,0.18068535637917596,2.5757575757575757,3.177570093457944,0.5348837209302325,0.23255813953488372,29.181818181818183,1.0,0.9705882352941176,2.242424242424242,3.857142857142857,1.2380952380952381,0.2653061224489796,0.09433962264150944,0.1471264367816092,0
jonesas01w,10,CON,0,0.8695652173913043,0.5652173913043478,4.043478260869565,0.9903713892709766,0.6437414030261348,4.605226960110041,0.6838234791306265,0.027510315990229493,0.01788170539364917,33,1.434782608695652,1.6341127922971115,0.04539202138387866,126,5.478260869565218,6.239339752407153,0.1733149907384458,3.4347826086956523,3.911966987620358,0.4125,0.25,31.608695652173914,1.0,0.6764705882352942,2.130434782608696,2.6666666666666665,0.6190476190476191,0.09923664122137404,0.0796812749003984,0.1124546553808948,0
jonesch01w,5,DET,0,0.5806451612903226,0.16129032258064516,0.8387096774193549,1.632241813602015,0.45340050377833757,2.3576826196473553,0.7647056574395125,0.045340049235767024,0.012594458121046396,23,0.7419354838709677,2.0856423173803527,0.05793450735681342,49,1.5806451612903225,4.443324937027708,0.12342568958625467,1.3225806451612903,3.717884130982368,0.5476190476190477,0.42857142857142855,12.806451612903226,0.25806451612903225,0.9117647058823529,1.2903225806451613,2.3684210526315788,0.2631578947368421,0.03355704697986577,0.06474820143884892,0.03359173126614987,0
jonesch01w,6,DET,1,0.6190476190476191,0.09523809523809523,1.0952380952380953,1.4224924012158053,0.2188449848024316,2.5167173252279635,0.7419352445370179,0.03951367661052655,0.006079027170850238,15,0.7142857142857143,1.641337386018237,0.04559270378137679,38,1.8095238095238095,4.1580547112462005,0.11550151624615453,2.0,4.595744680851063,0.3488372093023256,0.3023255813953488,15.666666666666666,0.0,0.6176470588235294,1.0952380952380953,1.6428571428571428,0.14285714285714285,0.01282051282051282,0.05371900826446281,0.028606965174129355,0
jonesch01w,6,MIN,2,1.3,0.3,2.3,1.6654804270462633,0.38434163701067614,2.9466192170818504,0.6969694857668224,0.04626334354934721,0.01067615620369551,16,1.6,2.0498220640569396,0.056939499753042716,39,3.9,4.9964412811387895,0.13879003064804163,2.6,3.3309608540925266,0.5925925925925926,0.48148148148148145,28.1,0.9,0.29411764705882354,1.7,2.142857142857143,0.21428571428571427,0.0234375,0.05019305019305019,0.03212290502793296,0
jonesch01w,7,MIN,0,0.16666666666666666,0.0,0.5,0.9473684210526315,0.0,2.8421052631578947,0.5999988000024,0.026315782548478276,0.0,1,0.16666666666666666,0.9473684210526315,0.026315782548478276,4,0.6666666666666666,3.789473684210526,0.1052631301939131,0.5,2.8421052631578947,0.25,0.25,6.333333333333333,0.0,0.17647058823529413,0.3333333333333333,1.5,0.0,0.0,0.005154639175257732,0.0037267080745341614,0
jonesja01w,1,MIA,0,0.38095238095238093,0.0,0.5714285714285714,1.2360515021459229,0.0,1.854077253218884,0.5454542975207739,0.0343347624749029,0.0,8,0.38095238095238093,1.2360515021459229,0.0343347624749029,20,0.9523809523809523,3.0901287553648067,0.08583690618725724,1.9047619047619047,6.180257510729613,0.1951219512195122,0.1951219512195122,11.095238095238095,0.0,0.6176470588235294,1.1904761904761905,1.1111111111111112,0.0,0.0,0.029304029304029304,0.020134228187919462,0
jonesla01w,1,CHA,0,0.0,0.1111111111111111,0.5555555555555556,0.0,0.6666666666666666,3.333333333333333,0.9999980000040001,0.0,0.01851851508916387,1,0.1111111111111111,0.6666666666666666,0.01851851508916387,6,0.6666666666666666,4.0,0.11111109053498323,0.5555555555555556,3.333333333333333,0.16666666666666666,0.0,6.0,0.0,0.2647058823529412,0.4444444444444444,2.0,1.0,0.01098901098901099,0.0,0.00792393026941363,0
jonesme01w,1,CLE,0,0.90625,0.0625,2.71875,1.1012658227848102,0.07594936708860758,3.3037974683544307,0.6258992355468176,0.030590716976891173,0.002109704619095943,31,0.96875,1.1772151898734178,0.032700421595987114,118,3.6875,4.481012658227848,0.12447257252666064,2.6875,3.2658227848101267,0.3563218390804598,0.3333333333333333,29.625,1.0,0.9411764705882353,1.875,2.1,0.06666666666666667,0.021739130434782608,0.11153846153846154,0.14403973509933773,0
jonesme01w,2,CLE,0,0.9666666666666667,0.13333333333333333,4.033333333333333,1.0460921843687374,0.1442885771543086,4.364729458917836,0.7378048330606809,0.029058115941301445,0.004008015991903647,33,1.1,1.190380761523046,0.033066131933205095,154,5.133333333333334,5.5551102204408815,0.15430861568829043,1.9666666666666666,2.128256513026052,0.55,0.48333333333333334,33.266666666666666,1.0,0.8823529411764706,1.7666666666666666,1.5,0.13333333333333333,0.047619047619047616,0.10820895522388059,0.18250377073906485,0
jonesme01w,3,CLE,0,1.375,0.125,4.46875,1.4478976234003658,0.1316270566727605,4.705667276051188,0.8124999538352299,0.04021937806015194,0.003656307096377449,48,1.5,1.579524680073126,0.043875685156529384,191,5.96875,6.285191956124314,0.17458866385202318,1.875,1.9744058500914077,0.7868852459016393,0.7213114754098361,34.1875,1.0,0.9411764705882353,1.71875,1.6,0.08888888888888889,0.047619047619047616,0.1981981981981982,0.21185185185185185,0
jonesme01w,4,CLE,0,0.6470588235294118,0.08823529411764706,2.323529411764706,1.1785714285714286,0.1607142857142857,4.232142857142857,0.8144329057285664,0.03273809475092121,0.004464285647852892,25,0.7352941176470589,1.3392857142857142,0.037202380398774104,104,3.0588235294117645,5.571428571428571,0.15476190245890026,1.7352941176470589,3.1607142857142856,0.4166666666666667,0.36666666666666664,19.764705882352942,0.4411764705882353,1.0,1.0588235294117647,1.9130434782608696,0.13043478260869565,0.034482758620689655,0.09691629955947137,0.10957004160887657,0
jonesme01w,5,DET,0,0.5757575757575758,0.06060606060606061,1.393939393939394,1.323017408123791,0.13926499032882012,3.2030947775628626,0.6666665700483232,0.03675048284815314,0.003868471878752962,21,0.6363636363636364,1.4622823984526112,0.040618954726906104,67,2.0303030303030303,4.665377176015474,0.12959380793822423,1.2424242424242424,2.854932301740812,0.5,0.4523809523809524,15.666666666666666,0.06060606060606061,0.9705882352941176,0.7878787878787878,1.05,0.1,0.013422818791946308,0.0683453237410072,0.059431524547803614,0
kellycr01w,9,SAC,0,0.5454545454545454,0.15151515151515152,1.878787878787879,1.176043557168784,0.3266787658802178,4.0508166969147,0.5688072872653864,0.03266787599513837,0.009074409998649547,23,0.696969696969697,1.5027223230490019,0.04174228599378792,85,2.5757575757575757,5.5535390199637025,0.15426496997704228,1.8484848484848484,3.985480943738657,0.3709677419354839,0.2903225806451613,16.696969696969695,0.12121212121212122,0.9705882352941176,1.2424242424242424,0.7894736842105263,0.2631578947368421,0.0641025641025641,0.05625,0.08587257617728532,0
kellycr01w,10,DET,2,0.36363636363636365,0.09090909090909091,0.7272727272727273,1.7142857142857142,0.42857142857142855,3.4285714285714284,0.5714281632655976,0.04761904195011405,0.011904760487528513,5,0.45454545454545453,2.142857142857143,0.05952380243764256,13,1.1818181818181819,5.571428571428571,0.15476188633787066,1.4545454545454546,6.857142857142857,0.29411764705882354,0.23529411764705882,7.636363636363637,0.0,0.3235294117647059,1.0,0.8,0.2,0.01020408163265306,0.015267175572519083,0.00936768149882904,0
kellycr01w,10,SAC,1,0.30434782608695654,0.08695652173913043,0.8260869565217391,0.8904593639575972,0.254416961130742,2.4169611307420498,0.48717936226170194,0.024734981458127865,0.007067137559465105,9,0.391304347826087,1.1448763250883391,0.03180211901759297,28,1.2173913043478262,3.5618374558303887,0.09893992583251146,1.7391304347826086,5.088339222614842,0.21951219512195122,0.17073170731707318,12.304347826086957,0.17391304347826086,0.6764705882352942,0.9565217391304348,1.0,0.25,0.020202020202020204,0.02413793103448276,0.024869109947643978,0
kingbsu01w,6,MIN,0,0.0,0.3333333333333333,0.3333333333333333,0.0,2.1176470588235294,2.1176470588235294,0.9999900000999989,0.0,0.058823494809708936,1,0.3333333333333333,2.1176470588235294,0.058823494809708936,2,0.6666666666666666,4.235294117647059,0.11764698961941787,0.6666666666666666,4.235294117647059,0.3333333333333333,0.0,5.666666666666667,0.0,0.08823529411764706,0.0,1.0,1.0,0.0078125,0.0,0.0013966480446927375,0
kingija01w,2,DET,0,1.0689655172413792,0.27586206896551724,1.4827586206896552,1.7855999999999999,0.46080000000000004,2.4768,0.6825395742000675,0.049599999206400014,0.012799999795200004,39,1.3448275862068966,2.2464,0.062399999001600016,82,2.8275862068965516,4.7232,0.13119999790080003,1.4482758620689655,2.4192,0.9069767441860465,0.7209302325581395,21.551724137931036,0.5862068965517241,0.8529411764705882,1.8275862068965518,2.3125,0.25,0.0963855421686747,0.13716814159292035,0.06913183279742766,0
kingija01w,5,DET,1,0.0,0.0,0.2,0.0,0.0,2.4,0.9999900000999989,0.0,0.0,0,0.0,0.0,0.0,1,0.2,2.4,0.06666662222225185,0.2,2.4,0.0,0.0,3.0,0.0,0.14705882352941177,0.4,1.0,0.0,0.0,0.0,0.0012919896640826874,0
kingija01w,5,PHO,2,0.38461538461538464,0.15384615384615385,0.6153846153846154,1.40625,0.5625,2.25,0.6153841420121985,0.039062496948242424,0.01562499877929697,7,0.5384615384615384,1.96875,0.05468749572753939,15,1.1538461538461537,4.21875,0.11718749084472728,0.7692307692307693,2.8125,0.6363636363636364,0.45454545454545453,9.846153846153847,0.0,0.38235294117647056,0.5384615384615384,2.0,0.3333333333333333,0.014492753623188406,0.0176678445229682,0.01225114854517611,0
kingija01w,7,SAS,0,0.3333333333333333,0.0,0.3888888888888889,1.8782608695652172,0.0,2.191304347826087,0.6999993000007,0.05217390850661665,0.0,6,0.3333333333333333,1.8782608695652172,0.05217390850661665,13,0.7222222222222222,4.069565217391304,0.11304346843100274,0.4444444444444444,2.5043478260869567,0.6666666666666666,0.6666666666666666,6.388888888888889,0.05555555555555555,0.5294117647058824,0.2777777777777778,1.5714285714285714,0.0,0.0,0.024291497975708502,0.008588957055214725,0
klimezu01w,3,IND,0,0.09090909090909091,0.09090909090909091,0.36363636363636365,0.923076923076923,0.923076923076923,3.692307692307692,0.7999984000032001,0.025641019066405365,0.025641019066405365,2,0.18181818181818182,1.846153846153846,0.05128203813281073,6,0.5454545454545454,5.538461538461538,0.15384611439843218,0.18181818181818182,1.846153846153846,0.6666666666666666,0.3333333333333333,3.5454545454545454,0.0,0.3235294117647059,0.18181818181818182,1.0,0.5,0.009900990099009901,0.0037174721189591076,0.006309148264984227,0
klimezu01w,4,IND,0,0.0,0.0,0.0,0.0,0.0,0.0,0.0,0.0,0.0,0,0.0,0.0,0.0,0,0.0,0.0,0.0,1.0,12.0,0.0,0.0,3.0,0.0,0.029411764705882353,0.0,0.0,0.0,0.0,0.0,0.0,0
koehnla01w,6,WAS,0,0.06666666666666667,0.0,0.23333333333333334,0.3130434782608696,0.0,1.0956521739130436,0.6363630578517656,0.008695651795841227,0.0,2,0.06666666666666667,0.3130434782608696,0.008695651795841227,9,0.3,1.4086956521739131,0.03913043308128552,0.5,2.3478260869565215,0.125,0.125,7.666666666666667,0.0,0.8823529411764706,0.2,3.3333333333333335,0.0,0.0,0.007662835249042145,0.01032448377581121,0
koehnla01w,7,WAS,0,0.0625,0.0625,0.375,0.44720496894409933,0.44720496894409933,2.6832298136645965,0.9999991666673611,0.012422359476872083,0.012422359476872083,4,0.125,0.8944099378881987,0.024844718953744165,16,0.5,3.5776397515527947,0.09937887581497666,0.5,3.5776397515527947,0.23529411764705882,0.11764705882352941,5.03125,0.0,0.9411764705882353,0.15625,2.6666666666666665,0.6666666666666666,0.017543859649122806,0.006514657980456026,0.01556420233463035,0
koehnla01w,8,WAS,0,0.0,0.0,0.2857142857142857,0.0,0.0,2.6422018348623855,0.9999987500015626,0.0,0.0,0,0.0,0.0,0.0,8,0.2857142857142857,2.6422018348623855,0.0733944886794047,0.2857142857142857,2.6422018348623855,0.0,0.0,3.892857142857143,0.0,0.8235294117647058,0.10714285714285714,5.0,0.0,0.0,0.0,0.01020408163265306,0
koehnla01w,9,WAS,0,0.0,0.0,0.23333333333333334,0.0,0.0,1.75,0.6363630578517656,0.0,0.0,0,0.0,0.0,0.0,7,0.23333333333333334,1.75,0.04861110773533974,0.3,2.25,0.0,0.0,4.8,0.0,0.8823529411764706,0.3333333333333333,3.0,0.0,0.0,0.0,0.009079118028534372,0
korstil01w,2,PHO,0,0.25,0.0,0.4166666666666667,1.44,0.0,2.4,0.45454504132268975,0.03999999466666738,0.0,3,0.25,1.44,0.03999999466666738,8,0.6666666666666666,3.8400000000000003,0.10666665244444634,0.3333333333333333,1.9200000000000002,0.6,0.6,6.25,0.0,0.35294117647058826,0.75,1.25,0.0,0.0,0.010238907849829351,0.007776049766718507,0
kostaan01w,7,HOU,0,0.21875,0.0,0.6875,0.9473684210526315,0.0,2.977443609022556,0.8799996480001409,0.026315788484368857,0.0,7,0.21875,0.9473684210526315,0.026315788484368857,29,0.90625,3.924812030075188,0.10902255229238526,1.28125,5.548872180451127,0.16666666666666666,0.16666666666666666,8.3125,0.0,0.9411764705882353,1.3125,2.375,0.0,0.0,0.02766798418972332,0.026731470230862697,0
kostita01w,1,MIA,0,0.4,0.0,0.4,1.5652173913043477,0.0,1.5652173913043477,0.39999920000160005,0.04347825141777143,0.0,2,0.4,1.5652173913043477,0.04347825141777143,4,0.8,3.1304347826086953,0.08695650283554286,1.2,4.695652173913043,0.2857142857142857,0.2857142857142857,9.2,0.0,0.14705882352941177,1.4,1.3333333333333333,0.0,0.0,0.007326007326007326,0.003355704697986577,0
kraayca01w,6,NYL,0,0.23529411764705882,0.47058823529411764,0.8235294117647058,0.7346938775510203,1.4693877551020407,2.571428571428571,0.5185183264746939,0.020408162224073354,0.04081632444814671,12,0.7058823529411765,2.204081632653061,0.061224486672220066,26,1.5294117647058822,4.775510204081633,0.13265305445647682,1.2352941176470589,3.8571428571428568,0.5454545454545454,0.18181818181818182,11.529411764705882,0.0,0.5,1.0,1.0,1.6,0.07079646017699115,0.018604651162790697,0.019099590723055934,0
kraayca01w,7,NYL,0,0.47058823529411764,0.4411764705882353,3.2941176470588234,0.6378737541528239,0.5980066445182725,4.465116279069767,0.7088607146290686,0.017718715196913454,0.01661129549710636,31,0.9117647058823529,1.2358803986710964,0.034330010694019815,143,4.205882352941177,5.700996677740863,0.15836101707241398,2.088235294117647,2.830564784053156,0.4305555555555556,0.2222222222222222,26.558823529411764,0.38235294117647056,1.0,1.8235294117647058,1.8823529411764706,0.8823529411764706,0.13274336283185842,0.06324110671936758,0.1519674355495251,0
kraayca01w,8,NYL,0,0.9411764705882353,0.5882352941176471,3.411764705882353,1.1913133402275078,0.7445708376421923,4.318510858324715,0.7532467043346296,0.033092036886328474,0.020682523053955296,52,1.5294117647058822,1.9358841778697002,0.05377455994028377,168,4.9411764705882355,6.254395036194416,0.17373319365322448,2.4705882352941178,3.127197518097208,0.611764705882353,0.3764705882352941,28.441176470588236,1.0,1.0,2.4705882352941178,1.5454545454545454,0.6060606060606061,0.18181818181818182,0.1103448275862069,0.14702154626108999,0
kraayca01w,9,NYL,0,0.8235294117647058,0.7647058823529411,4.676470588235294,1.048907388137357,0.9739854318418314,5.956295525494277,0.7607655138389706,0.029136316033961333,0.027055150602964095,54,1.588235294117647,2.0228928199791882,0.056191466636925425,213,6.264705882352941,7.979188345473466,0.22164411840120585,2.7941176470588234,3.558792924037461,0.5625,0.2916666666666667,28.264705882352942,1.0,1.0,1.6176470588235294,1.6896551724137931,0.896551724137931,0.22033898305084745,0.09621993127147767,0.20410783055198972,0
kraayca01w,10,NYL,0,0.6470588235294118,0.38235294117647056,3.6176470588235294,0.8918918918918919,0.527027027027027,4.986486486486487,0.7935483359001073,0.024774774495779566,0.014639639474778835,35,1.0294117647058822,1.4189189189189189,0.0394144139705584,158,4.647058823529412,6.405405405405405,0.17792792592423506,2.235294117647059,3.081081081081081,0.45454545454545453,0.2857142857142857,26.11764705882353,0.7647058823529411,1.0,1.9411764705882353,1.391304347826087,0.5652173913043478,0.10655737704918032,0.07942238267148015,0.15317559153175592,0
kubikni01w,1,PHO,0,0.0,0.0,0.5,0.0,0.0,3.789473684210526,0.9999950000249999,0.0,0.0,0,0.0,0.0,0.0,2,0.5,3.789473684210526,0.10526310249310396,1.0,7.578947368421052,0.0,0.0,4.75,0.0,0.11764705882352941,0.75,2.0,0.0,0.0,0.0,0.0032258064516129032,0
kubikni01w,2,PHO,0,1.3333333333333333,0.0,0.6666666666666666,6.857142857142857,0.0,3.4285714285714284,0.9999950000249999,0.19047609977328583,0.0,4,1.3333333333333333,6.857142857142857,0.19047609977328583,6,2.0,10.285714285714285,0.28571414965992875,2.3333333333333335,12.0,0.5,0.5,7.0,0.0,0.08823529411764706,1.0,1.0,0.0,0.0,0.013651877133105802,0.003110419906687403,0
lacyje01w,7,PHO,0,0.36363636363636365,0.36363636363636365,1.8181818181818181,0.8571428571428571,0.8571428571428571,4.285714285714286,0.5882352364475258,0.023809523337112632,0.023809523337112632,24,0.7272727272727273,1.7142857142857142,0.047619046674225264,84,2.5454545454545454,6.0,0.16666666335978844,3.090909090909091,7.285714285714286,0.23300970873786409,0.11650485436893204,15.272727272727273,0.09090909090909091,0.9705882352941176,1.3636363636363635,1.0769230769230769,0.9230769230769231,0.09375,0.043478260869565216,0.07389162561576355,0
lacyje01w,8,PHO,0,0.15,0.0,0.45,1.1489361702127658,0.0,3.4468085106382977,0.4736839612189678,0.03191489022182019,0.0,3,0.15,1.1489361702127658,0.03191489022182019,12,0.6,4.595744680851063,0.12765956088728075,1.3,9.957446808510639,0.1111111111111111,0.1111111111111111,4.7,0.0,0.5882352941176471,0.5,0.5,0.0,0.0,0.01048951048951049,0.010297482837528604,0
lacyje01w,9,ATL,0,0.5454545454545454,0.18181818181818182,1.6363636363636365,1.0710743801652893,0.3570247933884298,3.2132231404958675,0.606741504860505,0.029752065623932802,0.0099173552079776,24,0.7272727272727273,1.4280991735537192,0.0396694208319104,78,2.3636363636363638,4.641322314049587,0.1289256177037088,2.9393939393939394,5.771900826446281,0.24489795918367346,0.1836734693877551,18.333333333333332,0.6666666666666666,0.9705882352941176,1.121212121212121,1.4210526315789473,0.3157894736842105,0.04195804195804196,0.06293706293706294,0.07317073170731707,0
lacyje01w,10,ATL,0,0.28125,0.21875,1.1875,0.8950276243093922,0.6961325966850829,3.779005524861878,0.5428570653061335,0.024861877766246473,0.019337016040413924,16,0.5,1.591160220994475,0.044198893806660394,54,1.6875,5.370165745856354,0.14917126659747884,1.78125,5.668508287292817,0.27586206896551724,0.15517241379310345,11.3125,0.0,0.9411764705882353,0.75,0.9,0.7,0.05737704918032787,0.02727272727272727,0.04439252336448598,0
lacyve01w,1,NYL,0,0.0,0.0,2.0,0.0,0.0,8.0,0.7999984000032001,0.0,0.0,0,0.0,0.0,0.0,4,2.0,8.0,0.2222220987655007,0.0,0.0,0.0,0.0,9.0,1.0,0.058823529411764705,1.0,0.0,0.0,0.0,0.0,0.006125574272588055,0
lambesh01w,3,CHA,0,0.3333333333333333,0.0,0.3333333333333333,2.25,0.0,2.25,0.3333322222259259,0.06249996093752441,0.0,1,0.3333333333333333,2.25,0.06249996093752441,2,0.6666666666666666,4.5,0.12499992187504883,0.3333333333333333,2.25,0.5,0.5,5.333333333333333,0.0,0.08823529411764706,0.6666666666666666,1.5,0.0,0.0,0.004132231404958678,0.0015290519877675841,0
lambesh01w,4,DET,0,0.18518518518518517,0.0,0.6666666666666666,0.9625668449197861,0.0,3.4652406417112296,0.6428569132653881,0.026737966484600723,0.0,5,0.18518518518518517,0.9625668449197861,0.026737966484600723,23,0.8518518518518519,4.427807486631016,0.12299464582916332,0.5555555555555556,2.8877005347593583,0.3125,0.3125,6.925925925925926,0.037037037037037035,0.7941176470588235,1.0740740740740742,2.3333333333333335,0.0,0.0,0.01893939393939394,0.02112676056338028,0
lambesh01w,5,HOU,0,0.7647058823529411,0.11764705882352941,1.4411764705882353,1.1878172588832487,0.18274111675126903,2.238578680203046,0.720588129325275,0.03299492343915072,0.0050761420675616495,30,0.8823529411764706,1.3705583756345179,0.03807106550671237,79,2.323529411764706,3.6091370558375635,0.10025380583434257,1.3529411764705883,2.1015228426395938,0.6382978723404256,0.5531914893617021,23.176470588235293,0.7352941176470589,1.0,2.411764705882353,3.259259259259259,0.14814814814814814,0.037037037037037035,0.10699588477366255,0.06758620689655172,0
lambesh01w,6,DET,0,0.6666666666666666,0.08333333333333333,1.25,1.894736842105263,0.23684210526315788,3.5526315789473686,0.882352422145634,0.05263157548476477,0.006578946935595596,9,0.75,2.131578947368421,0.059210522420360366,24,2.0,5.684210526315789,0.1578947264542943,0.9166666666666666,2.605263157894737,0.75,0.6666666666666666,12.666666666666666,0.4166666666666667,0.35294117647058826,2.0,2.3333333333333335,0.1111111111111111,0.00641025641025641,0.03305785123966942,0.018656716417910446,0
lambmo01w,1,HOU,0,0.15384615384615385,0.3076923076923077,1.6153846153846154,0.5142857142857142,1.0285714285714285,5.3999999999999995,0.8076919970415396,0.014285713265306196,0.02857142653061239,6,0.46153846153846156,1.542857142857143,0.04285713979591858,27,2.076923076923077,6.942857142857143,0.19285712908163363,1.7692307692307692,5.914285714285715,0.25,0.08333333333333333,10.76923076923077,0.15384615384615385,0.38235294117647056,0.3076923076923077,1.0,1.3333333333333333,0.0380952380952381,0.007017543859649123,0.028965517241379312,0
langhcr01w,9,WAS,0,0.4411764705882353,0.17647058823529413,2.4411764705882355,1.0207939508506616,0.40831758034026466,5.648393194706994,0.6102940727724946,0.028355386987610833,0.011342154795044333,21,0.6176470588235294,1.4291115311909262,0.039697541782655166,104,3.0588235294117645,7.077504725897921,0.19659734978076845,1.588235294117647,3.674858223062382,0.38181818181818183,0.2727272727272727,15.558823529411764,0.17647058823529413,1.0,1.0588235294117647,0.9375,0.375,0.06382978723404255,0.06198347107438017,0.10765239948119326,0
langhcr01w,10,WAS,0,1.0,0.38235294117647056,4.911764705882353,1.2082922013820334,0.46199407699901285,5.934846989141166,0.623134305106929,0.033563671929282606,0.01283316867884335,47,1.3823529411764706,1.6702862783810464,0.04639684060812596,214,6.294117647058823,7.605133267522211,0.21125369979019054,2.176470588235294,2.629812438302073,0.6266666666666667,0.4533333333333333,29.794117647058822,0.6470588235294118,1.0,2.235294117647059,0.8285714285714286,0.37142857142857144,0.1092436974789916,0.10793650793650794,0.20771144278606965,0
larkier01w,9,NYL,0,0.37037037037037035,0.25925925925925924,1.2962962962962963,1.0746268656716418,0.7522388059701492,3.761194029850746,0.4794519891161659,0.029850745377589694,0.020895521764312783,17,0.6296296296296297,1.8268656716417908,0.05074626714190248,52,1.9259259259259258,5.588059701492537,0.1552238759634664,2.0,5.802985074626866,0.3090909090909091,0.18181818181818182,12.407407407407407,0.0,0.7941176470588235,1.2962962962962963,1.6363636363636365,0.6363636363636364,0.059322033898305086,0.03436426116838488,0.044929396662387676,0
larkier01w,10,NYL,0,0.5,0.2222222222222222,1.1111111111111112,2.3649635036496353,1.051094890510949,5.255474452554744,0.6451610822061026,0.06569342586179373,0.029197078160797214,13,0.7222222222222222,3.4160583941605838,0.09489050402259094,33,1.8333333333333333,8.671532846715328,0.240875894826577,1.0555555555555556,4.992700729927007,0.65,0.45,7.611111111111111,0.0,0.5294117647058824,0.8888888888888888,0.8,0.4,0.03278688524590164,0.032490974729241874,0.024906600249066,0
lassiam01w,2,HOU,0,0.5,0.65625,2.59375,0.9396411092985318,1.2332789559543231,4.874388254486134,0.7545453859504194,0.02610114149916572,0.034257748217655,37,1.15625,2.1729200652528546,0.06035888971682073,120,3.75,7.047308319738989,0.19575856124374288,2.0625,3.8760195758564437,0.5522388059701493,0.23880597014925373,19.15625,0.5625,0.9411764705882353,1.09375,2.0,1.2352941176470589,0.21875,0.06349206349206349,0.11673699015471167,0
lassiam01w,3,HOU,1,0.3333333333333333,0.3333333333333333,0.8333333333333334,1.5652173913043477,1.5652173913043477,3.9130434782608696,0.8333319444467593,0.04347825141777143,0.04347825141777143,4,0.6666666666666666,3.1304347826086953,0.08695650283554286,9,1.5,7.043478260869565,0.19565213137997142,0.6666666666666666,3.1304347826086953,0.8,0.4,7.666666666666667,0.0,0.17647058823529413,0.3333333333333333,0.6666666666666666,0.6666666666666666,0.015748031496062992,0.007662835249042145,0.007112375533428165,0
lassiam01w,3,SEA,2,1.125,0.7916666666666666,1.6666666666666667,1.7545126353790614,1.2346570397111913,2.5992779783393503,0.6349205341395977,0.0487364612141433,0.03429602826180454,46,1.9166666666666667,2.9891696750902526,0.08303248947594785,86,3.5833333333333335,5.588447653429603,0.15523465423764163,2.4166666666666665,3.768953068592058,0.7796610169491526,0.4576271186440678,23.083333333333332,0.9166666666666666,0.7058823529411765,2.0416666666666665,1.9642857142857142,0.6785714285714286,0.125,0.09540636042402827,0.06309148264984227,0
lassiam01w,4,SEA,0,0.84375,0.8125,2.46875,1.326057298772169,1.2769440654843112,3.879945429740791,0.7053570798788321,0.03683492446337074,0.03547066800176442,53,1.65625,2.60300136425648,0.07230559246513517,132,4.125,6.482946793997272,0.18008185293203474,2.875,4.518417462482947,0.5698924731182796,0.2903225806451613,22.90625,0.5625,0.9411764705882353,1.3125,1.5,0.9285714285714286,0.18705035971223022,0.11587982832618025,0.1077762619372442,0
lassiam01w,5,MIN,0,0.6363636363636364,0.6666666666666666,1.9696969696969697,1.3428063943161632,1.4067495559502665,4.156305506216696,0.8124998984375127,0.037300176957368085,0.0390763758600999,43,1.303030303030303,2.74955595026643,0.07637655281746798,108,3.272727272727273,6.905861456483126,0.19182948149503587,2.242424242424242,4.731793960923624,0.5733333333333334,0.28,17.060606060606062,0.36363636363636365,0.9705882352941176,1.2121212121212122,1.6818181818181819,1.0,0.15714285714285714,0.08139534883720931,0.0896551724137931,0
lassiam01w,6,MIN,0,0.45161290322580644,0.12903225806451613,1.1612903225806452,1.2989690721649483,0.3711340206185567,3.3402061855670104,0.7826085255198857,0.03608247329684348,0.01030927808481242,18,0.5806451612903226,1.6701030927835052,0.046391751381655896,54,1.7419354838709677,5.010309278350515,0.13917525414496767,1.7741935483870968,5.103092783505154,0.32142857142857145,0.25,12.516129032258064,0.0967741935483871,0.9117647058823529,0.9354838709677419,1.5333333333333334,0.26666666666666666,0.03125,0.05405405405405406,0.05027932960893855,0
lassiam01w,7,CHI,0,1.3125,0.53125,1.96875,1.9434447300771207,0.7866323907455013,2.915167095115681,0.7159090095557944,0.05398457514158644,0.0218508994620707,59,1.84375,2.730077120822622,0.07583547460365714,122,3.8125,5.645244215938304,0.1568123373160368,2.78125,4.118251928020566,0.6555555555555556,0.4666666666666667,24.3125,0.90625,0.9411764705882353,1.78125,1.5116279069767442,0.3953488372093023,0.1349206349206349,0.1510791366906475,0.09251101321585903,0
lattaiv01w,8,DET,0,0.25806451612903225,0.06451612903225806,0.4838709677419355,1.3031674208144797,0.3257918552036199,2.443438914027149,0.7894732686982796,0.036199093384656406,0.009049773346164101,10,0.3225806451612903,1.6289592760180995,0.04524886673082051,25,0.8064516129032258,4.072398190045249,0.11312216682705127,0.7741935483870968,3.9095022624434392,0.4,0.32,7.129032258064516,0.03225806451612903,0.9117647058823529,0.5161290322580645,2.2222222222222223,0.2222222222222222,0.01694915254237288,0.03508771929824561,0.016094420600858368,0
lattaiv01w,9,ATL,0,1.3235294117647058,0.029411764705882353,1.7352941176470589,1.6875,0.0375,2.2125,0.8194443306327318,0.04687499951171876,0.0010416666558159724,46,1.3529411764705883,1.725,0.047916666167534726,105,3.088235294117647,3.9375,0.1093749988606771,2.4411764705882355,3.1125,0.5476190476190477,0.5357142857142857,28.235294117647058,0.9117647058823529,1.0,1.7941176470588236,2.6739130434782608,0.021739130434782608,0.006993006993006993,0.15734265734265734,0.07994579945799458,0
lattaiv01w,10,ATL,0,0.5416666666666666,0.041666666666666664,0.5416666666666666,1.3371428571428572,0.10285714285714286,1.3371428571428572,0.8124994921878174,0.03714285608163269,0.0028571427755102064,14,0.5833333333333334,1.44,0.03999999885714289,27,1.125,2.777142857142857,0.07714285493877558,1.3333333333333333,3.2914285714285714,0.42424242424242425,0.3939393939393939,14.583333333333334,0.0,0.7058823529411765,1.0833333333333333,2.4285714285714284,0.07142857142857142,0.00819672131147541,0.03939393939393939,0.015186915887850467,0
lawsoed01w,6,HOU,2,0.11764705882352941,0.058823529411764705,0.35294117647058826,0.631578947368421,0.3157894736842105,1.894736842105263,0.8571416326548106,0.017543858110187886,0.008771929055093943,3,0.17647058823529413,0.9473684210526315,0.026315787165281827,9,0.5294117647058824,2.8421052631578947,0.07894736149584548,0.29411764705882354,1.5789473684210527,0.5,0.3333333333333333,6.705882352941177,0.0,0.5,0.7058823529411765,1.3333333333333333,0.3333333333333333,0.009433962264150943,0.008097165991902834,0.008759124087591242,0
lawsoed01w,6,NYL,1,0.0,0.0,1.0,0.0,0.0,6.0,0.9999950000249999,0.0,0.0,0,0.0,0.0,0.0,2,1.0,6.0,0.16666652777789354,1.0,6.0,0.0,0.0,6.0,0.0,0.058823529411764705,0.0,0.0,0.0,0.0,0.0,0.002728512960436562,0
lawsoed01w,7,SEA,0,0.5769230769230769,0.038461538461538464,0.7307692307692307,2.583732057416268,0.17224880382775118,3.272727272727273,0.9047614739231077,0.07177033149424251,0.004784688766282834,16,0.6153846153846154,2.755980861244019,0.07655502026052534,35,1.3461538461538463,6.028708133971293,0.1674641068198992,0.7692307692307693,3.444976076555024,0.7619047619047619,0.7142857142857143,8.038461538461538,0.0,0.7647058823529411,0.7307692307692307,1.8125,0.0625,0.0078125,0.06437768240343347,0.023114355231143552,0
lawsoed01w,9,SAS,0,0.4,0.0,0.7333333333333333,1.542857142857143,0.0,2.8285714285714283,0.7096771904267127,0.04285714132653067,0.0,12,0.4,1.542857142857143,0.04285714132653067,34,1.1333333333333333,4.371428571428571,0.1214285670918369,0.9666666666666667,3.7285714285714286,0.4,0.4,9.333333333333334,0.03333333333333333,0.8823529411764706,0.8333333333333334,2.0,0.0,0.0,0.04395604395604396,0.025943396226415096,0
lawsoed01w,10,SAS,0,0.8787878787878788,0.030303030303030304,1.7272727272727273,1.7907375643224699,0.06174957118353345,3.5197255574614066,0.8636362327823889,0.0497427092668489,0.001715265836787893,30,0.9090909090909091,1.8524871355060035,0.05145797510363679,87,2.6363636363636362,5.37221269296741,0.1492281278005467,1.606060606060606,3.272727272727273,0.5555555555555556,0.5370370370370371,17.666666666666668,0.36363636363636365,0.9705882352941176,0.8787878787878788,2.466666666666667,0.03333333333333333,0.008547008547008548,0.1124031007751938,0.0741222366710013,0
lawsoka01w,4,SAC,0,0.4411764705882353,0.14705882352941177,2.264705882352941,0.7022106631989598,0.2340702210663199,3.6046814044213265,0.7196261009695233,0.019505851501874494,0.006501950500624831,20,0.5882352941176471,0.9362808842652796,0.026007802002499324,97,2.8529411764705883,4.540962288686606,0.12613783971212172,1.3235294117647058,2.106631989596879,0.43478260869565216,0.32608695652173914,22.61764705882353,0.0,1.0,1.2352941176470589,3.5,0.3125,0.04065040650406504,0.050335570469798654,0.1070931849791377,0
lawsoka01w,5,SAC,0,0.6176470588235294,0.23529411764705882,1.911764705882353,0.9141475211608223,0.34824667472793225,2.82950423216445,0.8441557345252293,0.025392986391862316,0.00967351862547136,29,0.8529411764705882,1.2623941958887546,0.035066505017333674,94,2.764705882352941,4.091898428053205,0.11366384384928847,1.2058823529411764,1.784764207980653,0.6904761904761905,0.5,24.323529411764707,0.29411764705882354,1.0,1.5588235294117647,3.090909090909091,0.36363636363636365,0.06722689075630252,0.06666666666666667,0.10220125786163523,0
lawsoka01w,6,SAC,0,0.5416666666666666,0.125,1.0833333333333333,0.9212598425196851,0.2125984251968504,1.8425196850393701,0.7878785491277123,0.025590550677351366,0.005905511694773392,16,0.6666666666666666,1.1338582677165354,0.03149606237212476,42,1.75,2.9763779527559056,0.08267716372682749,1.1666666666666667,1.984251968503937,0.5517241379310345,0.4482758620689655,21.166666666666668,0.041666666666666664,0.7058823529411765,0.9166666666666666,2.642857142857143,0.21428571428571427,0.027522935779816515,0.04262295081967213,0.03851851851851852,0
lawsoka01w,7,SAC,0,0.5882352941176471,0.11764705882352941,1.588235294117647,0.9612817089452603,0.19225634178905207,2.595460614152203,0.8307691029585995,0.0267022693364183,0.00534045386728366,24,0.7058823529411765,1.1535380507343125,0.03204272320370196,78,2.2941176470588234,3.7489986648865155,0.10413885041203137,1.088235294117647,1.7783711615487316,0.631578947368421,0.5263157894736842,22.029411764705884,0.17647058823529413,1.0,1.2647058823529411,2.6666666666666665,0.19047619047619047,0.0449438202247191,0.06042296072507553,0.07489597780859916,0
lawsoka01w,8,SAC,0,0.8529411764705882,0.23529411764705882,1.6470588235294117,1.3488372093023258,0.37209302325581395,2.6046511627906974,0.6999999125000109,0.03746769977431912,0.010335917179122517,37,1.088235294117647,1.7209302325581395,0.047803616953441645,93,2.735294117647059,4.325581395348838,0.12015503720729927,1.4411764705882353,2.2790697674418605,0.74,0.58,22.764705882352942,0.0,1.0,1.4411764705882353,2.2333333333333334,0.26666666666666666,0.0784313725490196,0.08895705521472393,0.07734806629834254,0
lawsoka01w,9,SAC,0,0.875,0.0625,2.0625,1.215922798552473,0.08685162846803376,2.8661037394451143,0.8048779506246402,0.033775632885698036,0.0024125452061212883,30,0.9375,1.3027744270205068,0.036188178091819324,96,3.0,4.168878166465621,0.11580216989382183,1.28125,1.7804583835946923,0.7142857142857143,0.6666666666666666,25.90625,1.0,0.9411764705882353,1.5,2.310344827586207,0.06896551724137931,0.02564102564102564,0.0875,0.09141274238227147,0
lawsoka01w,10,SAC,0,0.64,0.04,1.68,0.9536423841059603,0.059602649006622516,2.5033112582781456,0.7924526806693055,0.026490065786588315,0.0016556291116617697,17,0.68,1.0132450331125828,0.028145694898250084,59,2.36,3.5165562913907285,0.09768211758804442,0.96,1.4304635761589404,0.68,0.64,24.16,0.2,0.7352941176470589,1.4,3.7058823529411766,0.058823529411764705,0.010101010101010102,0.05517241379310345,0.0549738219895288,0
lazicka01w,2,NYL,0,0.375,0.0,0.5,1.9636363636363636,0.0,2.618181818181818,0.6666655555574075,0.05454544462810097,0.0,3,0.375,1.9636363636363636,0.05454544462810097,7,0.875,4.581818181818181,0.1272727041322356,1.125,5.890909090909091,0.3,0.3,6.875,0.0,0.23529411764705882,1.25,0.75,0.0,0.0,0.011278195488721804,0.006051437216338881,0
lehnish01w,10,ATL,0,0.5294117647058824,0.08823529411764706,1.7647058823529411,0.9165487977369166,0.15275813295615276,3.0551626591230554,0.7594935747476488,0.025459688465916713,0.004243281410986119,21,0.6176470588235294,1.0693069306930694,0.02970296987690283,81,2.3823529411764706,4.124469589816124,0.1145685980966252,1.2941176470588236,2.2404526166902405,0.4666666666666667,0.4,20.794117647058822,0.5882352941176471,1.0,1.588235294117647,6.684210526315789,0.15789473684210525,0.02459016393442623,0.05454545454545454,0.07009345794392523,0
lennobe01w,1,MIN,0,1.65625,0.28125,3.90625,1.9390243902439024,0.3292682926829268,4.573170731707317,0.7022471515591487,0.053861788070510286,0.00914634137046401,62,1.9375,2.268292682926829,0.0630081294409743,187,5.84375,6.841463414634146,0.19004064847519667,3.5,4.097560975609756,0.5486725663716814,0.4690265486725664,30.75,0.96875,0.9411764705882353,3.03125,1.5185185185185186,0.16666666666666666,0.140625,0.22268907563025211,0.2039151712887439,0
lennobe01w,2,MIN,0,0.9090909090909091,0.36363636363636365,3.727272727272727,1.4937759336099585,0.5975103734439834,6.12448132780083,0.7592591186557187,0.04149377421187659,0.016597509684750635,14,1.2727272727272727,2.091286307053942,0.058091283896627224,55,5.0,8.215767634854771,0.22821575816532125,2.6363636363636362,4.331950207468879,0.4666666666666667,0.3333333333333333,21.90909090909091,0.6363636363636364,0.3235294117647059,2.272727272727273,1.4545454545454546,0.36363636363636365,0.03125,0.04739336492890995,0.059077809798270896,0
lennobe01w,3,MIA,2,0.9615384615384616,0.19230769230769232,2.1153846153846154,1.549053356282272,0.30981067125645434,3.4079173838209984,0.7534245543254035,0.043029259156122907,0.008605851831224582,30,1.1538461538461537,1.8588640275387263,0.051635110987347486,85,3.269230769230769,5.266781411359725,0.1462994811308179,3.0384615384615383,4.89500860585198,0.375,0.3125,22.346153846153847,0.11538461538461539,0.7647058823529411,2.3846153846153846,1.8076923076923077,0.19230769230769232,0.05154639175257732,0.09090909090909091,0.09581881533101046,0
lennobe01w,3,MIN,1,1.0,0.0,2.8,1.3043478260869565,0.0,3.6521739130434785,0.8749994531253418,0.03623188143247236,0.0,5,1.0,1.3043478260869565,0.03623188143247236,19,3.8,4.956521739130435,0.13768114944339496,4.6,6.0,0.20833333333333334,0.20833333333333334,27.6,0.2,0.14705882352941177,4.0,2.6666666666666665,0.0,0.0,0.022026431718061675,0.021505376344086023,0
lennobe01w,4,CLE,0,0.4117647058823529,0.11764705882352941,2.0588235294117645,0.9,0.2571428571428571,4.5,0.7865167655599139,0.024999999553571437,0.007142857015306125,18,0.5294117647058824,1.157142857142857,0.03214285656887756,88,2.588235294117647,5.657142857142857,0.15714285433673475,2.264705882352941,4.95,0.23076923076923078,0.1794871794871795,16.470588235294116,0.029411764705882353,1.0,1.7058823529411764,2.1333333333333333,0.26666666666666666,0.04597701149425287,0.06167400881057269,0.0970873786407767,0
lennobe01w,5,SEA,0,1.0625,0.09375,4.09375,1.3304347826086957,0.11739130434782608,5.126086956521739,0.8238993192516151,0.03695652133742912,0.003260869529773157,37,1.15625,1.4478260869565216,0.040217390867202274,168,5.25,6.573913043478261,0.18260869366729682,2.78125,3.482608695652174,0.4111111111111111,0.37777777777777777,28.75,1.0,0.9411764705882353,2.40625,2.257142857142857,0.08571428571428572,0.022727272727272728,0.11221122112211221,0.18450704225352113,0
lennobe01w,6,SEA,0,1.25,0.17857142857142858,3.6785714285714284,1.575,0.225,4.635,0.830645094302815,0.04374999945312501,0.006249999921875001,40,1.4285714285714286,1.8,0.04999999937500001,143,5.107142857142857,6.435,0.17874999776562503,2.9285714285714284,3.69,0.4819277108433735,0.42168674698795183,28.571428571428573,0.9285714285714286,0.8235294117647058,2.6785714285714284,1.5833333333333333,0.1388888888888889,0.031446540880503145,0.17326732673267325,0.13256113256113256,0
lennobe01w,7,SEA,0,1.0588235294117647,0.14705882352941177,3.0294117647058822,1.4545454545454546,0.20202020202020202,4.161616161616162,0.7518247626405282,0.04040403995057194,0.0056116722153572145,41,1.2058823529411764,1.6565656565656566,0.04601571216592916,144,4.235294117647059,5.818181818181818,0.16161615980228777,2.7058823529411766,3.717171717171717,0.44086021505376344,0.3870967741935484,26.205882352941178,1.0,1.0,2.8823529411764706,1.972972972972973,0.13513513513513514,0.0390625,0.15450643776824036,0.12530413625304138,0
lennobe01w,8,SEA,0,1.0588235294117647,0.14705882352941177,3.323529411764706,1.3831376734258272,0.192102454642476,4.341515474919957,0.7062499558593778,0.038420490518457945,0.0053361792386747145,41,1.2058823529411764,1.5752401280683033,0.04375666975713266,154,4.529411764705882,5.91675560298826,0.1643543205511812,2.2058823529411766,2.8815368196371396,0.5394736842105263,0.47368421052631576,27.558823529411764,1.0,1.0,2.676470588235294,2.4864864864864864,0.13513513513513514,0.03289473684210526,0.14814814814814814,0.13763702801461633,0
lennobe01w,9,ATL,0,1.3235294117647058,0.08823529411764706,3.1470588235294117,1.6039603960396038,0.10693069306930693,3.8138613861386137,0.7482516959264548,0.04455445500441134,0.002970297000294089,48,1.411764705882353,1.7108910891089109,0.04752475200470543,155,4.5588235294117645,5.524752475247524,0.1534653450151946,2.7058823529411766,3.279207920792079,0.5161290322580645,0.4838709677419355,29.705882352941178,0.9705882352941176,1.0,3.3529411764705883,1.7608695652173914,0.06521739130434782,0.02097902097902098,0.15734265734265734,0.14498644986449866,0
lennobe01w,10,LAS,0,0.8666666666666667,0.13333333333333333,3.433333333333333,1.4625000000000001,0.225,5.79375,0.7573528854887585,0.040624999365234386,0.006249999902343752,30,1.0,1.6875,0.04687499926757814,133,4.433333333333334,7.48125,0.20781249675292976,2.3333333333333335,3.9375,0.4225352112676056,0.36619718309859156,21.333333333333332,0.43333333333333335,0.8823529411764706,2.3333333333333335,2.0,0.14814814814814814,0.023952095808383235,0.11926605504587157,0.1165158371040724,0
leslili01w,1,LAS,0,0.96875,2.3125,7.21875,1.0856031128404668,2.591439688715953,8.089494163424124,0.7549019361143159,0.030155641730003485,0.07198443509742768,105,3.28125,3.67704280155642,0.10214007682743116,336,10.5,11.766536964980546,0.3268482458477797,4.1875,4.692607003891051,0.7777777777777778,0.22962962962962963,32.125,1.0,0.9411764705882353,3.21875,1.875,2.3125,0.4713375796178344,0.11397058823529412,0.29464285714285715,0
leslili01w,2,LAS,0,1.096774193548387,2.2903225806451615,6.774193548387097,1.1848983543078413,2.474346563407551,7.318489835430784,0.7046979629295986,0.03291384285659397,0.06873184831818153,105,3.3870967741935485,3.659244917715392,0.1016456911747755,315,10.161290322580646,10.977734753146176,0.3049370735243265,4.258064516129032,4.600193610842207,0.7894736842105263,0.2556390977443609,33.32258064516129,1.0,0.9117647058823529,3.161290322580645,2.085714285714286,2.0285714285714285,0.5107913669064749,0.12056737588652482,0.2777777777777778,0
leslili01w,3,LAS,0,1.4838709677419355,2.903225806451613,7.870967741935484,1.562264150943396,3.0566037735849054,8.28679245283019,0.7577639516222376,0.04339622600569598,0.0849056595763617,136,4.387096774193548,4.618867924528302,0.12830188558205768,380,12.258064516129032,12.90566037735849,0.3584905626557494,3.967741935483871,4.1773584905660375,1.096774193548387,0.3709677419354839,34.193548387096776,1.0,0.9117647058823529,3.4838709677419355,1.7659574468085106,1.9148936170212767,0.5555555555555556,0.17829457364341086,0.29938650306748466,0
leslili01w,4,LAS,0,1.3478260869565217,2.739130434782609,6.739130434782608,1.4090909090909092,2.8636363636363638,7.045454545454546,0.6709956419482406,0.03914141364720437,0.07954545354109276,94,4.086956521739131,4.2727272727272725,0.11868686718829713,249,10.826086956521738,11.318181818181818,0.314393935424319,4.043478260869565,4.2272727272727275,1.0,0.32978723404255317,34.43478260869565,1.0,0.6764705882352942,2.8260869565217392,1.4375,1.96875,0.3888888888888889,0.12757201646090535,0.1904176904176904,0
leslili01w,5,LAS,0,1.4705882352941178,2.8823529411764706,8.117647058823529,1.5652173913043477,3.0678260869565217,8.64,0.8214285469812933,0.043478260491493385,0.08521739056332704,148,4.352941176470588,4.63304347826087,0.12869565105482042,424,12.470588235294118,13.273043478260869,0.36869564896786394,3.823529411764706,4.069565217391304,1.1297709923664123,0.3816793893129771,33.8235294117647,1.0,1.0,3.235294117647059,1.7254901960784315,1.9215686274509804,0.6577181208053692,0.19011406844106463,0.34074074074074073,1
leslili01w,6,LAS,0,1.9705882352941178,2.088235294117647,5.235294117647059,2.2007299270072993,2.332116788321168,5.846715328467154,0.717741906542665,0.06113138630354575,0.06478102130674251,138,4.0588235294117645,4.532846715328468,0.12591240761028827,316,9.294117647058824,10.37956204379562,0.28832116525254414,3.588235294117647,4.007299270072993,1.1219512195121952,0.5447154471544715,32.23529411764706,1.0,1.0,2.9411764705882355,1.2794117647058822,1.0441176470588236,0.5182481751824818,0.2528301886792453,0.260233918128655,0
leslili01w,7,LAS,0,1.5,1.6764705882352942,7.0588235294117645,1.7603068072866732,1.9674017257909875,8.28379674017258,0.7430340327234046,0.048897410844703636,0.05465004741466877,108,3.176470588235294,3.7277085330776605,0.10354745825937241,348,10.235294117647058,12.01150527325024,0.3336529210579778,3.3823529411764706,3.969319271332694,0.9310344827586207,0.4396551724137931,30.676470588235293,1.0,1.0,3.7058823529411766,2.076923076923077,1.0961538461538463,0.43846153846153846,0.1717171717171717,0.2813599062133646,0
leslili01w,9,LAS,0,1.4848484848484849,2.9393939393939394,6.333333333333333,1.6657223796033995,3.2974504249291785,7.104815864022663,0.713310555859708,0.04627006566317218,0.09159584427199392,146,4.424242424242424,4.963172804532578,0.1378659099351661,355,10.757575757575758,12.067988668555241,0.33522190429441073,3.5454545454545454,3.977337110481586,1.2372881355932204,0.4152542372881356,32.09090909090909,1.0,0.9705882352941176,3.606060606060606,1.6,1.94,0.4470046082949309,0.19444444444444445,0.2329988851727982,1
leslili01w,10,LAS,0,0.6956521739130435,1.434782608695652,4.130434782608695,0.90282131661442,1.8620689655172413,5.360501567398119,0.6291390311828456,0.025078369512878222,0.051724137120311334,49,2.130434782608696,2.7648902821316614,0.07680250663318955,144,6.260869565217392,8.12539184952978,0.225705325615904,3.260869565217391,4.231974921630094,0.6447368421052632,0.21052631578947367,27.73913043478261,0.9130434782608695,0.6764705882352942,2.5652173913043477,2.8823529411764706,1.9411764705882353,0.19760479041916168,0.07339449541284404,0.1074660633484163,0
leuchye01w,7,CHA,0,0.0,0.25,0.75,0.0,0.9473684210526315,2.8421052631578947,0.5999988000024,0.0,0.026315782548478276,1,0.25,0.9473684210526315,0.026315782548478276,4,1.0,3.789473684210526,0.1052631301939131,1.25,4.7368421052631575,0.16666666666666666,0.0,9.5,0.0,0.11764705882352941,0.25,3.0,1.0,0.00641025641025641,0.0,0.004010695187165776,0
leuchye01w,8,WAS,0,0.3333333333333333,0.0,0.16666666666666666,2.4827586206896552,0.0,1.2413793103448276,0.3333322222259259,0.06896549346017466,0.0,2,0.3333333333333333,2.4827586206896552,0.06896549346017466,3,0.5,3.7241379310344827,0.10344824019026201,1.1666666666666667,8.689655172413794,0.25,0.25,4.833333333333333,0.0,0.17647058823529413,0.5,1.0,0.0,0.0,0.007067137809187279,0.0012755102040816326,0
levanni01w,2,LAS,0,0.38461538461538464,0.07692307692307693,0.3076923076923077,2.6865671641791042,0.5373134328358209,2.1492537313432836,0.44444395061783265,0.0746268545333053,0.014925370906661057,6,0.46153846153846156,3.2238805970149254,0.08955222543996635,10,0.7692307692307693,5.3731343283582085,0.1492537090666106,0.23076923076923078,1.6119402985074627,1.5,1.25,5.153846153846154,0.0,0.38235294117647056,0.38461538461538464,1.1666666666666667,0.16666666666666666,0.007194244604316547,0.01773049645390071,0.005291005291005291,0
lewista01w,3,SEA,0,0.14285714285714285,0.0,1.2142857142857142,1.263157894736842,0.0,10.736842105263158,0.7083330381945674,0.035087713142506465,0.0,2,0.14285714285714285,1.263157894736842,0.035087713142506465,19,1.3571428571428572,12.0,0.3333332748538114,0.8571428571428571,7.578947368421052,0.15384615384615385,0.15384615384615385,4.071428571428571,0.0,0.4117647058823529,0.5,1.0,0.0,0.0,0.007067137809187279,0.026813880126182965,0
lewisty01w,2,HOU,0,0.3793103448275862,0.13793103448275862,1.4137931034482758,0.9451073985680191,0.3436754176610979,3.5226730310262533,0.6612902159209328,0.026252982666993257,0.009546539151633912,15,0.5172413793103449,1.288782816229117,0.03579952181862717,56,1.9310344827586208,4.81145584725537,0.13365154812287475,0.896551724137931,2.233890214797136,0.5555555555555556,0.4074074074074074,14.448275862068966,0.13793103448275862,0.8529411764705882,0.896551724137931,1.25,0.3333333333333333,0.041666666666666664,0.04365079365079365,0.057665260196905765,0
lewisty01w,3,HOU,0,0.17647058823529413,0.17647058823529413,0.7058823529411765,0.7448275862068965,0.7448275862068965,2.979310344827586,0.6666662962965021,0.02068965374554112,0.02068965374554112,6,0.35294117647058826,1.489655172413793,0.04137930749108224,18,1.0588235294117647,4.468965517241379,0.12413792247324672,1.0588235294117647,4.468965517241379,0.3157894736842105,0.15789473684210525,8.529411764705882,0.058823529411764705,0.5,0.5294117647058824,2.25,0.75,0.023622047244094488,0.011494252873563218,0.017069701280227598,0
lewisty01w,4,CHA,0,0.43478260869565216,0.2608695652173913,0.9565217391304348,1.5384615384615385,0.923076923076923,3.3846153846153846,0.6666664646465258,0.04273504090875894,0.02564102454525536,16,0.6956521739130435,2.4615384615384617,0.0683760654540143,38,1.6521739130434783,5.846153846153847,0.16239315545328395,0.782608695652174,2.769230769230769,0.8421052631578947,0.5263157894736842,10.173913043478262,0.0,0.6764705882352942,0.6956521739130435,1.8181818181818181,0.5454545454545454,0.05172413793103448,0.03571428571428571,0.03492063492063492,0
lewisty01w,5,CHA,0,0.7941176470588235,0.20588235294117646,1.0,1.5753646677471638,0.40842787682333875,1.9837925445705025,0.5964911234226099,0.0437601289504031,0.011345218616771173,34,1.0,1.9837925445705025,0.05510534756717427,68,2.0,3.967585089141005,0.11021069513434854,1.3823529411764706,2.7423014586709886,0.7083333333333334,0.5625,18.147058823529413,0.058823529411764705,1.0,1.2941176470588236,1.5714285714285714,0.25,0.05185185185185185,0.12796208530805686,0.055105348460291734,0
lewisty01w,6,CHA,1,0.3,0.3,1.0,0.6506024096385542,0.6506024096385542,2.1686746987951806,0.49999975000012503,0.018072288067934452,0.018072288067934452,6,0.6,1.3012048192771084,0.036144576135868904,16,1.6,3.4698795180722892,0.09638553636231709,0.7,1.5180722891566263,0.75,0.375,16.6,0.1,0.29411764705882354,1.1,3.25,0.75,0.02631578947368421,0.010526315789473684,0.01639344262295082,0
lewisty01w,6,MIN,2,0.2727272727272727,0.09090909090909091,0.45454545454545453,1.2,0.4,2.0,0.9999980000040001,0.03333332962963004,0.011111109876543346,4,0.36363636363636365,1.6,0.04444443950617338,9,0.8181818181818182,3.6,0.09999998888889013,0.6363636363636364,2.8,0.5,0.375,8.181818181818182,0.0,0.3235294117647059,1.0,1.75,0.25,0.0078125,0.011583011583011582,0.006983240223463687,0
lewisty01w,7,MIN,0,0.631578947368421,0.2631578947368421,0.8947368421052632,2.1386138613861387,0.8910891089108911,3.0297029702970297,0.6296293964335569,0.059405937653171405,0.02475247402215475,17,0.8947368421052632,3.0297029702970297,0.08415841167532616,34,1.7894736842105263,6.0594059405940595,0.16831682335065232,0.8421052631578947,2.8514851485148514,1.0,0.7058823529411765,10.631578947368421,0.0,0.5588235294117647,0.8421052631578947,1.3846153846153846,0.38461538461538464,0.043859649122807015,0.061855670103092786,0.02111801242236025,0
liebena01w,9,DET,0,0.0,0.0,0.0,0.0,0.0,0.0,0.0,0.0,0.0,0,0.0,0.0,0.0,0,0.0,0.0,0.0,0.0,0.0,0.0,0.0,9.0,0.0,0.029411764705882353,2.0,2.0,0.0,0.0,0.0,0.0,0
littlca01w,8,SAS,0,0.8823529411764706,0.3235294117647059,2.7941176470588234,1.5189873417721518,0.5569620253164558,4.810126582278481,0.6249999588815817,0.04219409223355707,0.01547116715230426,41,1.2058823529411764,2.0759493670886076,0.05766525938586133,136,4.0,6.886075949367088,0.1912798847921254,2.0588235294117645,3.5443037974683542,0.5774647887323944,0.4225352112676056,20.91176470588235,0.20588235294117646,1.0,1.1764705882352942,0.7419354838709677,0.3548387096774194,0.08396946564885496,0.1056338028169014,0.12418300653594772,0
littlca01w,9,ATL,1,0.7692307692307693,0.5384615384615384,1.6923076923076923,1.6289592760180995,1.1402714932126696,3.5837104072398187,0.5499998625000343,0.04524886673082051,0.03167420671157436,17,1.3076923076923077,2.769230769230769,0.07692307344239487,39,3.0,6.352941176470589,0.1764705802502,2.6153846153846154,5.538461538461538,0.4857142857142857,0.2857142857142857,17.0,0.15384615384615385,0.38235294117647056,1.3846153846153846,0.8181818181818182,0.6363636363636364,0.04895104895104895,0.03496503496503497,0.02981029810298103,0
littlca01w,9,SEA,2,0.9473684210526315,0.3157894736842105,2.8421052631578947,1.4660633484162897,0.4886877828054299,4.398190045248868,0.6506023312527311,0.04072398097909546,0.013574660326365152,24,1.263157894736842,1.9547511312217196,0.05429864130546061,78,4.105263157894737,6.352941176470589,0.17647058424274698,2.736842105263158,4.235294117647059,0.4528301886792453,0.33962264150943394,23.263157894736842,0.6842105263157895,0.5588235294117647,2.210526315789474,1.4210526315789473,0.3157894736842105,0.0425531914893617,0.06666666666666667,0.06561360874848117,0
littlca01w,10,SEA,0,1.1470588235294117,0.38235294117647056,4.323529411764706,1.3448275862068966,0.44827586206896547,5.068965517241379,0.6621621323350391,0.03735632148126129,0.012452107160420429,52,1.5294117647058822,1.7931034482758619,0.049808428641681717,199,5.852941176470588,6.862068965517241,0.1906130249941281,3.4705882352941178,4.068965517241379,0.4369747899159664,0.3277310924369748,30.705882352941178,1.0,1.0,1.9705882352941178,0.875,0.325,0.08609271523178808,0.1407942238267148,0.18631178707224336,0
lloydan01w,1,MIN,0,0.8571428571428571,0.14285714285714285,2.0714285714285716,1.2972972972972974,0.21621621621621623,3.135135135135135,0.6744184478096632,0.03603603495387283,0.006006005825645471,14,1.0,1.5135135135135136,0.0420420407795183,43,3.0714285714285716,4.648648648648649,0.12912912525137762,2.2857142857142856,3.4594594594594597,0.42424242424242425,0.36363636363636365,23.785714285714285,0.14285714285714285,0.4117647058823529,1.7142857142857142,1.6923076923076923,0.15384615384615385,0.03125,0.05042016806722689,0.04730831973898858,0
lobore01w,2,NYL,0,0.125,0.0,0.75,0.8470588235294118,0.0,5.08235294117647,0.8571422448983965,0.023529408996540116,0.0,2,0.125,0.8470588235294118,0.023529408996540116,14,0.875,5.929411764705883,0.16470586297578083,1.0,6.776470588235294,0.11764705882352941,0.11764705882352941,5.3125,0.0,0.47058823529411764,0.4375,0.3333333333333333,0.0,0.0,0.007518796992481203,0.018154311649016642,0
lobore01w,3,HOU,0,0.047619047619047616,0.23809523809523808,0.6666666666666666,0.2727272727272727,1.3636363636363638,3.8181818181818183,0.6086953875237445,0.007575757001836591,0.03787878500918295,6,0.2857142857142857,1.6363636363636365,0.04545454201101955,20,0.9523809523809523,5.454545454545455,0.1515151400367318,0.47619047619047616,2.7272727272727275,0.5454545454545454,0.09090909090909091,6.285714285714286,0.0,0.6176470588235294,0.5238095238095238,6.0,2.5,0.03937007874015748,0.0038314176245210726,0.01991465149359886,0
lobore01w,4,CON,0,0.24,0.6,1.72,0.7272727272727273,1.8181818181818181,5.212121212121213,0.8269229178994388,0.020202019521817525,0.05050504880454382,21,0.84,2.5454545454545454,0.07070706832636134,64,2.56,7.757575757575757,0.21548820823272027,1.32,4.0,0.6176470588235294,0.17647058823529413,11.88,0.52,0.7352941176470589,0.56,0.7142857142857143,2.142857142857143,0.13392857142857142,0.02214022140221402,0.0563564875491481,0
lovelst01w,1,SEA,0,0.5652173913043478,0.08695652173913043,1.6521739130434783,1.4444444444444444,0.2222222222222222,4.222222222222222,0.6666665497076228,0.0401234555517452,0.006172839315653108,15,0.6521739130434783,1.6666666666666665,0.04629629486739831,53,2.3043478260869565,5.888888888888889,0.16358024186480735,1.826086956521739,4.666666666666666,0.3488372093023256,0.3023255813953488,14.08695652173913,0.043478260869565216,0.6764705882352942,1.5217391304347827,1.1428571428571428,0.14285714285714285,0.02127659574468085,0.05078125,0.07063197026022305,0
lovelst01w,2,SEA,0,0.36363636363636365,0.22727272727272727,0.8181818181818182,1.3649289099526067,0.8530805687203791,3.071090047393365,0.5624998242188048,0.037914690146223215,0.02369668134138951,13,0.5909090909090909,2.2180094786729856,0.061611371487612726,31,1.4090909090909092,5.289099526066351,0.14691942431661495,1.0454545454545454,3.924170616113744,0.5416666666666666,0.3333333333333333,9.590909090909092,0.09090909090909091,0.6470588235294118,0.8181818181818182,1.0,0.5555555555555556,0.0390625,0.029197080291970802,0.030716723549488054,0
lovelst01w,5,MIN,0,0.5294117647058824,0.2647058823529412,1.2058823529411764,1.6701030927835052,0.8350515463917526,3.804123711340206,0.6212120270890867,0.046391751381655896,0.023195875690827948,27,0.7941176470588235,2.5051546391752577,0.06958762707248384,68,2.0,6.309278350515464,0.17525772744181117,1.3823529411764706,4.360824742268041,0.5625,0.375,11.411764705882353,0.0,1.0,1.3235294117647058,1.0526315789473684,0.47368421052631576,0.06428571428571428,0.06976744186046512,0.05655172413793103,0
lovelst01w,6,MIN,0,0.7058823529411765,0.3235294117647059,2.1176470588235294,1.4545454545454546,0.6666666666666666,4.363636363636363,0.6728971333740996,0.040404039723837715,0.018518518206758955,35,1.0294117647058822,2.121212121212121,0.05892255793059667,107,3.1470588235294117,6.484848484848485,0.1801346771021098,1.6764705882352942,3.454545454545454,0.603448275862069,0.41379310344827586,17.470588235294116,0.058823529411764705,1.0,1.088235294117647,1.24,0.44,0.0859375,0.09266409266409266,0.1005586592178771,0
lovelst01w,7,CHI,0,0.5588235294117647,0.5882352941176471,2.588235294117647,1.0979133226324238,1.1556982343499196,5.085072231139647,0.6470587759515606,0.030497591805817147,0.032102728216649626,39,1.1470588235294117,2.2536115569823436,0.06260032002246678,127,3.735294117647059,7.33868378812199,0.20385232417572513,2.0294117647058822,3.9871589085072228,0.5571428571428572,0.2714285714285714,18.323529411764707,0.17647058823529413,1.0,1.5588235294117647,1.1,1.0,0.15873015873015872,0.0683453237410072,0.12922173274596183,0
lovelst01w,8,WAS,0,0.4444444444444444,0.0,0.7777777777777778,1.3714285714285714,0.0,2.4,0.5384611242606736,0.03809523446712053,0.0,4,0.4444444444444444,1.3714285714285714,0.03809523446712053,11,1.2222222222222223,3.7714285714285714,0.10476189478458145,1.4444444444444444,4.457142857142857,0.2857142857142857,0.2857142857142857,11.666666666666666,0.0,0.2647058823529412,0.7777777777777778,0.4,0.0,0.0,0.014134275618374558,0.008928571428571428,0
lovelst01w,9,ATL,1,1.1333333333333333,0.6666666666666666,2.2666666666666666,2.372093023255814,1.3953488372093024,4.744186046511628,0.6296295130315717,0.0658914703142841,0.03875968842016712,27,1.8,3.7674418604651163,0.10465115873445122,61,4.066666666666666,8.511627906976745,0.23643409936301943,2.2666666666666666,4.744186046511628,0.7714285714285715,0.4857142857142857,17.2,0.4666666666666667,0.4411764705882353,1.2,0.8333333333333334,0.5555555555555556,0.06993006993006994,0.05944055944055944,0.04607046070460705,0
lovelst01w,9,DET,2,0.14285714285714285,0.0,0.8571428571428571,0.8181818181818182,0.0,4.909090909090908,0.8571416326548106,0.022727267561984642,0.0,1,0.14285714285714285,0.8181818181818182,0.022727267561984642,7,1.0,5.7272727272727275,0.1590908729338925,0.8571428571428571,4.909090909090908,0.14285714285714285,0.14285714285714285,6.285714285714286,0.2857142857142857,0.20588235294117646,0.5714285714285714,0.5,0.0,0.0,0.0035842293906810036,0.0071090047393364926,0
luckepa01w,2,PHO,0,0.0,1.0,1.0,0.0,4.5,4.5,0.9999900000999989,0.0,0.12499984375019532,1,1.0,4.5,0.12499984375019532,2,2.0,9.0,0.24999968750039064,0.0,0.0,1.0,0.0,8.0,0.0,0.029411764705882353,0.0,1.0,1.0,0.007194244604316547,0.0,0.0015552099533437014,0
luzhe01w,2,WAS,0,0.875,0.15625,0.84375,2.061349693251534,0.3680981595092025,1.9877300613496933,0.7297295325055317,0.05725971253047623,0.01022494866615647,33,1.03125,2.4294478527607364,0.0674846611966327,60,1.875,4.41717791411043,0.12269938399387763,1.46875,3.460122699386503,0.6875,0.5833333333333334,15.28125,0.09375,0.9411764705882353,1.34375,1.896551724137931,0.1724137931034483,0.0390625,0.10852713178294573,0.03857142857142857,0
luzhe01w,3,WAS,0,0.5625,0.15625,0.71875,1.3670886075949367,0.37974683544303794,1.7468354430379747,0.7187497753906951,0.037974682743150155,0.010548522984208376,23,0.71875,1.7468354430379747,0.048523205727358534,46,1.4375,3.4936708860759493,0.09704641145471707,1.25,3.0379746835443036,0.5609756097560976,0.43902439024390244,14.8125,0.0,0.9411764705882353,1.34375,2.526315789473684,0.2631578947368421,0.05263157894736842,0.08108108108108109,0.03244005641748942,0
luzhe01w,4,WAS,0,0.3,0.1,0.4,1.309090909090909,0.43636363636363634,1.7454545454545454,0.7999992000008,0.036363634159779744,0.012121211386593249,8,0.4,1.7454545454545454,0.048484845546372994,16,0.8,3.4909090909090907,0.09696969109274599,0.8,3.4909090909090907,0.47058823529411764,0.35294117647058826,8.25,0.0,0.5882352941176471,0.55,3.0,0.2857142857142857,0.02,0.028037383177570093,0.011363636363636364,0
lyttlsa01w,6,HOU,0,0.6060606060606061,0.09090909090909091,2.727272727272727,1.5652173913043477,0.23478260869565215,7.043478260869565,0.7199999424000046,0.04347825992438566,0.006521738988657848,23,0.696969696969697,1.8,0.049999998913043506,113,3.4242424242424243,8.843478260869565,0.24565216857277897,1.3636363636363635,3.5217391304347827,0.5,0.43478260869565216,13.93939393939394,0.0,0.9705882352941176,0.696969696969697,0.8095238095238095,0.14285714285714285,0.02830188679245283,0.08097165991902834,0.13138686131386862,0
lyttlsa01w,7,HOU,0,0.8620689655172413,0.13793103448275862,2.5517241379310347,2.3684210526315788,0.37894736842105264,7.010526315789473,0.6491227500769517,0.06578947195290864,0.010526315512465382,29,1.0,2.7473684210526317,0.07631578746537401,103,3.5517241379310347,9.757894736842106,0.2710526244459836,2.103448275862069,5.778947368421052,0.46774193548387094,0.4032258064516129,13.10344827586207,0.06896551724137931,0.8529411764705882,0.6206896551724138,0.3076923076923077,0.15384615384615385,0.047058823529411764,0.09881422924901186,0.0899149453219927,0
lyttlsa01w,8,HOU,0,1.1935483870967742,0.6451612903225806,3.161290322580645,2.632411067193676,1.4229249011857708,6.972332015810276,0.5975609391731135,0.07312252819915953,0.039525690918464605,57,1.8387096774193548,4.055335968379446,0.11264821911762414,155,5.0,11.027667984189723,0.3063241046181007,2.0,4.41106719367589,0.9047619047619048,0.5873015873015873,16.322580645161292,0.8064516129032258,0.9117647058823529,1.2903225806451613,0.7894736842105263,0.5263157894736842,0.18181818181818182,0.12758620689655173,0.12710765239948119,0
lyttlsa01w,9,HOU,0,1.4814814814814814,1.0,4.407407407407407,2.94478527607362,1.9877300613496933,8.760736196319018,0.7083332911706374,0.08179958932925176,0.05521472279724494,67,2.4814814814814814,4.932515337423313,0.1370143121264967,186,6.888888888888889,13.693251533742332,0.38036809038102065,2.3703703703703702,4.711656441717792,1.0307692307692307,0.6153846153846154,18.11111111111111,0.3333333333333333,0.7941176470588235,1.1111111111111112,0.5853658536585366,0.6585365853658537,0.2231404958677686,0.13513513513513514,0.1480099502487562,0
lyttlsa01w,10,ATL,0,2.0,0.6470588235294118,5.352941176470588,2.6294307196562836,0.8506981740064448,7.037593984962406,0.7165354048608108,0.07303974142814457,0.023630504579693828,90,2.6470588235294117,3.4801288936627284,0.0966702460078384,272,8.0,10.517722878625134,0.29215896571257827,3.088235294117647,4.060150375939849,0.8490566037735849,0.6415094339622641,27.38235294117647,0.9117647058823529,1.0,1.8823529411764706,0.7391304347826086,0.3188405797101449,0.18032786885245902,0.20606060606060606,0.21261682242990654,0
mabikmw01w,1,LAS,0,1.8125,0.5625,4.1875,2.2212765957446807,0.6893617021276596,5.131914893617021,0.7486033101338933,0.06170212700316886,0.01914893596650068,76,2.375,2.9106382978723406,0.08085106296966954,210,6.5625,8.042553191489361,0.22340425294250796,3.65625,4.480851063829787,0.6440677966101694,0.4915254237288136,29.375,1.0,0.9411764705882353,1.59375,1.6610169491525424,0.3050847457627119,0.11464968152866242,0.21323529411764705,0.17091836734693877,0
mabikmw01w,2,LAS,0,1.3928571428571428,0.39285714285714285,3.857142857142857,1.6956521739130435,0.4782608695652174,4.695652173913043,0.8307691668639102,0.04710144870650424,0.013285023994142223,50,1.7857142857142858,2.1739130434782608,0.06038647270064647,158,5.642857142857143,6.869565217391304,0.19082125373404282,2.642857142857143,3.2173913043478257,0.6666666666666666,0.52,29.571428571428573,0.8571428571428571,0.8235294117647058,1.5714285714285714,2.175,0.275,0.07913669064748201,0.13829787234042554,0.14285714285714285,0
mabikmw01w,3,LAS,0,1.1875,0.28125,4.21875,1.302857142857143,0.3085714285714286,4.628571428571428,0.8083831851267553,0.036190475845804995,0.00857142848979592,47,1.46875,1.6114285714285714,0.04476190433560091,182,5.6875,6.24,0.1733333316825397,2.8125,3.085714285714286,0.5164835164835165,0.4175824175824176,32.8125,1.0,0.9411764705882353,1.9375,2.358974358974359,0.23076923076923078,0.05555555555555555,0.14728682170542637,0.1656441717791411,0
mabikmw01w,4,LAS,0,0.9375,0.5625,3.34375,1.0364683301343571,0.6218809980806143,3.6967370441458733,0.7588651944067237,0.028790786671873448,0.01727447200312407,48,1.5,1.6583493282149713,0.04606525867499752,155,4.84375,5.355086372360844,0.1487523978046795,3.28125,3.6276391554702494,0.4528301886792453,0.2830188679245283,32.5625,0.9375,0.9411764705882353,2.3125,2.6451612903225805,0.5806451612903226,0.1111111111111111,0.12345679012345678,0.13144963144963145,0
mabikmw01w,5,LAS,0,1.1612903225806452,0.0967741935483871,2.6774193548387095,1.3430051813471502,0.11191709844559584,3.0963730569948185,0.6803278130878841,0.03730569909527773,0.003108808257939811,39,1.2580645161290323,1.4549222797927461,0.04041450735321754,122,3.935483870967742,4.5512953367875655,0.12642486915621898,2.838709677419355,3.282901554404145,0.43820224719101125,0.4044943820224719,31.129032258064516,1.0,0.9117647058823529,1.5483870967741935,2.027027027027027,0.08108108108108109,0.020134228187919462,0.13688212927756654,0.10246913580246914,0
mabikmw01w,6,LAS,0,0.8823529411764706,0.0,1.1176470588235294,1.4713896457765667,0.0,1.8637602179836512,0.7037034430727989,0.040871933491227974,0.0,15,0.8823529411764706,1.4713896457765667,0.040871933491227974,34,2.0,3.335149863760218,0.0926430492467834,2.5294117647058822,4.217983651226158,0.3409090909090909,0.3409090909090909,21.58823529411765,0.8235294117647058,0.5,0.8235294117647058,1.8125,0.0,0.0,0.05660377358490566,0.027777777777777776,0
mabikmw01w,7,LAS,0,0.59375,0.1875,1.46875,1.0073637702503682,0.3181148748159057,2.491899852724595,0.7343748852539241,0.02798232653928827,0.00883652417030156,25,0.78125,1.3254786450662739,0.03681885070958983,72,2.25,3.8173784977908687,0.10603829004361871,2.40625,4.082474226804123,0.32051282051282054,0.24358974358974358,21.21875,1.0,0.9411764705882353,1.15625,2.4,0.3,0.046153846153846156,0.06397306397306397,0.05509964830011723,0
mabikmw01w,8,LAS,0,0.8484848484848485,0.12121212121212122,3.3333333333333335,1.3228346456692912,0.1889763779527559,5.196850393700788,0.8730158037289044,0.0367454063419238,0.005249343763131972,32,0.9696969696969697,1.5118110236220472,0.041994750105055774,142,4.303030303030303,6.708661417322835,0.186351703591185,2.727272727272727,4.251968503937007,0.3516483516483517,0.3076923076923077,23.09090909090909,0.696969696969697,0.9705882352941176,2.212121212121212,2.4827586206896552,0.13793103448275862,0.037037037037037035,0.11382113821138211,0.14030612244897958,0
mabikmw01w,9,HOU,0,0.5,0.0,1.35,1.1009174311926606,0.0,2.9724770642201834,0.7297295325055317,0.03058103882015172,0.0,10,0.5,1.1009174311926606,0.03058103882015172,37,1.85,4.073394495412844,0.11314984363456136,1.95,4.293577981651376,0.25,0.25,16.35,0.55,0.5882352941176471,0.6,1.5454545454545454,0.0,0.0,0.033783783783783786,0.033582089552238806,0
macchla01w,5,LAS,0,0.84,0.24,1.52,1.84390243902439,0.526829268292683,3.3365853658536584,0.6229507175490626,0.05121951094586559,0.014634145984533026,27,1.08,2.3707317073170735,0.06585365693039862,65,2.6,5.7073170731707314,0.15853658149910776,2.24,4.917073170731708,0.47368421052631576,0.3684210526315789,16.4,0.6,0.7352941176470589,1.16,0.6363636363636364,0.2727272727272727,0.040268456375838924,0.07984790874524715,0.04691358024691358,0
macchla01w,6,LAS,0,0.6153846153846154,0.07692307692307693,0.9230769230769231,1.945945945945946,0.24324324324324326,2.9189189189189193,0.6666662962965021,0.05405405040175335,0.006756756300219169,9,0.6923076923076923,2.1891891891891895,0.06081080670197252,21,1.6153846153846154,5.108108108108108,0.14189188230460253,1.7692307692307692,5.594594594594595,0.375,0.3333333333333333,11.384615384615385,0.07692307692307693,0.38235294117647056,1.0,0.7777777777777778,0.1111111111111111,0.0072992700729927005,0.03018867924528302,0.017543859649122806,0
machacl01w,1,LAS,0,0.41935483870967744,0.12903225806451613,1.6774193548387097,1.1116389548693586,0.3420427553444181,4.446555819477434,0.7222221219135941,0.0308788591240176,0.009501187422774646,17,0.5483870967741935,1.453681710213777,0.040380046546792246,69,2.225806451612903,5.900237529691211,0.16389548304286264,2.129032258064516,5.643705463182898,0.2537313432835821,0.19402985074626866,13.580645161290322,0.03225806451612903,0.9117647058823529,0.6129032258064516,1.2857142857142858,0.2857142857142857,0.025477707006369428,0.04779411764705882,0.0663265306122449,0
machacl01w,2,CHA,0,0.5333333333333333,0.5333333333333333,2.9,0.993103448275862,0.993103448275862,5.3999999999999995,0.7190082050406442,0.027586206420927475,0.027586206420927475,32,1.0666666666666667,1.986206896551724,0.05517241284185495,119,3.966666666666667,7.386206896551724,0.2051724102556481,3.1666666666666665,5.896551724137931,0.3333333333333333,0.16666666666666666,19.333333333333332,0.26666666666666666,0.8823529411764706,1.3666666666666667,1.0,0.9411764705882353,0.1391304347826087,0.07339449541284404,0.1359375,0
machacl01w,3,ORL,0,0.41379310344827586,0.13793103448275862,1.3103448275862069,1.0093457943925233,0.3364485981308411,3.1962616822429903,0.593749907226577,0.028037382522491064,0.009345794174163688,16,0.5517241379310345,1.3457943925233644,0.03738317669665475,54,1.8620689655172413,4.5420560747663545,0.12616822135120978,2.103448275862069,5.130841121495327,0.25806451612903225,0.1935483870967742,14.758620689655173,0.8620689655172413,0.8529411764705882,1.1379310344827587,1.3076923076923077,0.3076923076923077,0.03508771929824561,0.04054054054054054,0.06375838926174497,0
mahonme01w,7,CON,0,0.22580645161290322,0.03225806451612903,1.6451612903225807,0.717948717948718,0.10256410256410257,5.230769230769231,0.7727271556474006,0.019943019374842753,0.0028490027678346793,8,0.25806451612903225,0.8205128205128206,0.022792022142677434,59,1.903225806451613,6.051282051282051,0.16809116330224608,1.2258064516129032,3.8974358974358974,0.20512820512820512,0.1794871794871795,11.32258064516129,0.03225806451612903,0.9117647058823529,0.8064516129032258,3.0,0.125,0.006493506493506494,0.02766798418972332,0.05501618122977346,0
mahonme01w,8,CON,0,0.2222222222222222,0.05555555555555555,0.3888888888888889,1.1900826446280992,0.2975206611570248,2.0826446280991737,0.49999964285739795,0.033057848507615825,0.008264462126903956,5,0.2777777777777778,1.487603305785124,0.04132231063451978,12,0.6666666666666666,3.5702479338842976,0.09917354552284748,1.0,5.355371900826446,0.2631578947368421,0.21052631578947367,6.722222222222222,0.0,0.5294117647058824,0.6111111111111112,1.6,0.2,0.006369426751592357,0.014652014652014652,0.00805523590333717,0
mahonsh01w,1,NYL,0,0.13333333333333333,0.06666666666666667,1.3333333333333333,0.45569620253164556,0.22784810126582278,4.556962025316456,0.6666664444445185,0.012658227046947655,0.006329113523473828,3,0.2,0.6835443037974683,0.018987340570421483,23,1.5333333333333334,5.240506329113924,0.14556961103989804,0.9333333333333333,3.189873417721519,0.2,0.13333333333333333,10.533333333333333,0.2,0.4411764705882353,0.3333333333333333,1.3333333333333333,0.3333333333333333,0.009708737864077669,0.008097165991902834,0.030627871362940276,0
mahonsh01w,3,PHO,0,0.0,0.0,0.0,0.0,0.0,0.0,0.0,0.0,0.0,0,0.0,0.0,0.0,0,0.0,0.0,0.0,1.3333333333333333,11.076923076923077,0.0,0.0,4.333333333333333,0.0,0.08823529411764706,0.3333333333333333,1.0,0.0,0.0,0.0,0.0,0
maigaha01w,3,SAC,0,0.6521739130434783,0.13043478260869565,0.8260869565217391,2.7411167512690358,0.5482233502538071,3.4720812182741114,0.5135133747261149,0.07614212811461278,0.015228425622922558,18,0.782608695652174,3.2893401015228427,0.09137055373753535,37,1.608695652173913,6.761421319796955,0.1878172493493782,1.608695652173913,6.761421319796955,0.47368421052631576,0.39473684210526316,8.565217391304348,0.13043478260869565,0.6764705882352942,1.0,0.5625,0.1875,0.02727272727272727,0.06048387096774194,0.029275808936825885,0
maigaha01w,4,SAC,0,0.8181818181818182,0.09090909090909091,1.0909090909090908,3.4105263157894736,0.37894736842105264,4.5473684210526315,0.6486484733382504,0.09473683711911383,0.010526315235457093,20,0.9090909090909091,3.789473684210526,0.10526315235457093,44,2.0,8.336842105263157,0.23157893518005604,1.2272727272727273,5.11578947368421,0.7142857142857143,0.6428571428571429,8.636363636363637,0.0,0.6470588235294118,0.6363636363636364,0.7368421052631579,0.10526315789473684,0.016260162601626018,0.06040268456375839,0.03337969401947149,0
maigaha01w,5,SAC,0,0.8529411764705882,0.17647058823529413,1.0588235294117647,2.175,0.45,2.6999999999999997,0.5070421821067349,0.06041666540798614,0.01249999973958334,35,1.0294117647058822,2.625,0.07291666514756948,71,2.088235294117647,5.325,0.14791666358506952,1.8529411764705883,4.7250000000000005,0.546875,0.453125,14.117647058823529,0.0,1.0,1.4411764705882353,0.8333333333333334,0.2,0.05042016806722689,0.09206349206349207,0.05660377358490566,0
maigaha01w,6,SAC,0,0.7058823529411765,0.17647058823529413,1.0588235294117647,2.1176470588235294,0.5294117647058824,3.1764705882352944,0.5373133526397981,0.05882352797001157,0.014705881992502893,30,0.8823529411764706,2.6470588235294117,0.07352940996251446,66,1.9411764705882353,5.8235294117647065,0.16176470191753184,2.0294117647058822,6.088235294117648,0.42857142857142855,0.34285714285714286,12.0,0.0,1.0,1.2352941176470589,1.2,0.24,0.05504587155963303,0.07868852459016394,0.05333333333333334,0
maigaha01w,7,SAC,0,0.9411764705882353,0.2647058823529412,1.1176470588235294,2.1452513966480447,0.6033519553072626,2.547486033519553,0.5205478738975515,0.0595903154638675,0.016759776224212736,41,1.2058823529411764,2.7486033519553073,0.07635009168808023,79,2.323529411764706,5.296089385474861,0.14711359130142287,2.3529411764705883,5.363128491620112,0.5061728395061729,0.3950617283950617,15.794117647058824,0.20588235294117646,1.0,1.3235294117647058,0.9090909090909091,0.2727272727272727,0.10112359550561797,0.09667673716012085,0.052704576976421634,0
maigaha01w,8,HOU,0,1.6764705882352942,0.08823529411764706,2.8823529411764706,2.0357142857142856,0.10714285714285714,3.5,0.7153284149395317,0.05654761848663077,0.0029761904466647773,60,1.7647058823529411,2.142857142857143,0.05952380893329555,158,4.647058823529412,5.642857142857142,0.1567460301910116,3.323529411764706,4.035714285714286,0.5263157894736842,0.5,29.647058823529413,1.0,1.0,2.0588235294117645,1.3275862068965518,0.05172413793103448,0.02727272727272727,0.19655172413793104,0.12710765239948119,0
maigaha01w,9,HOU,0,1.2692307692307692,0.3076923076923077,2.1153846153846154,2.013559322033898,0.48813559322033895,3.3559322033898304,0.6470587474048533,0.05593220244182708,0.013559321804079292,41,1.5769230769230769,2.5016949152542374,0.06949152424590638,96,3.6923076923076925,5.857627118644068,0.16271186164895152,2.4615384615384617,3.9050847457627116,0.6307692307692307,0.5076923076923077,22.692307692307693,0.8461538461538461,0.7647058823529411,2.1923076923076925,1.1470588235294117,0.23529411764705882,0.06611570247933884,0.11148648648648649,0.06840796019900497,0
maigaha01w,10,SAC,0,0.9117647058823529,0.23529411764705882,1.6176470588235294,1.650887573964497,0.4260355029585799,2.9289940828402368,0.6179774586542182,0.04585798748730788,0.011834319351563323,39,1.1470588235294117,2.076923076923077,0.0576923068388712,94,2.764705882352941,5.005917159763313,0.13905325238086905,2.235294117647059,4.047337278106509,0.5064935064935064,0.4025974025974026,19.88235294117647,0.14705882352941177,1.0,1.5294117647058822,1.15625,0.25,0.08080808080808081,0.10689655172413794,0.07198952879581152,0
malcona01w,2,IND,0,0.41935483870967744,0.0967741935483871,1.935483870967742,0.6638297872340425,0.15319148936170213,3.0638297872340425,0.6593405868856498,0.01843971605050048,0.004255319088577034,16,0.5161290322580645,0.8170212765957447,0.022695035139077516,76,2.4516129032258065,3.8808510638297875,0.1078014169106182,2.4193548387096775,3.8297872340425534,0.21052631578947367,0.17105263157894737,22.741935483870968,0.7419354838709677,0.9117647058823529,1.5483870967741935,1.8571428571428572,0.21428571428571427,0.025210084033613446,0.053497942386831275,0.09230769230769231,0
malcona01w,3,IND,0,0.4482758620689655,0.10344827586206896,1.3448275862068966,0.7813021702838063,0.18030050083472454,2.343906510851419,0.6393441574845643,0.02170283770112124,0.005008347161797209,16,0.5517241379310345,0.9616026711185309,0.02671118486291845,55,1.896551724137931,3.3055091819699496,0.09181969796628217,1.4482758620689655,2.5242070116861433,0.37209302325581395,0.3023255813953488,20.655172413793103,0.9655172413793104,0.8529411764705882,1.1724137931034482,1.5,0.21428571428571427,0.0297029702970297,0.048327137546468404,0.061514195583596214,0
malloso01w,4,PHO,0,0.16666666666666666,0.6666666666666666,1.0,0.8181818181818182,3.272727272727273,4.909090909090908,0.5999994000006,0.022727267561984642,0.09090907024793857,5,0.8333333333333334,4.090909090909091,0.11363633780992322,11,1.8333333333333333,9.0,0.24999994318183108,1.1666666666666667,5.7272727272727275,0.625,0.125,7.333333333333333,0.0,0.17647058823529413,1.0,0.0,2.0,0.03571428571428571,0.003215434083601286,0.009316770186335404,0
maltsev01w,8,CON,0,0.7692307692307693,0.07692307692307693,1.9230769230769231,1.4937759336099585,0.14937759336099585,3.7344398340248963,0.7575756427915692,0.04149377507274326,0.004149377507274326,22,0.8461538461538461,1.6431535269709543,0.04564315258001758,72,2.769230769230769,5.37759336099585,0.14937759026187572,1.5,2.9128630705394194,0.55,0.5,18.53846153846154,0.2692307692307692,0.7647058823529411,1.0,1.8571428571428572,0.09523809523809523,0.012738853503184714,0.07326007326007326,0.05753739930955121,0
mannish01w,1,MIA,0,0.9583333333333334,0.16666666666666666,2.4583333333333335,2.054590570719603,0.3573200992555831,5.270471464019851,0.5899999410000059,0.05707195888158911,0.009925558066363324,27,1.125,2.4119106699751858,0.06699751694795243,86,3.5833333333333335,7.682382133995037,0.21339949842681147,2.4583333333333335,5.270471464019851,0.45,0.38333333333333336,16.791666666666668,0.375,0.7058823529411765,1.625,0.7083333333333334,0.16666666666666666,0.0449438202247191,0.08424908424908426,0.09899328859060402,0
mannkr01w,6,MIN,0,0.3333333333333333,0.041666666666666664,1.0,1.5567567567567568,0.1945945945945946,4.6702702702702705,0.6857140897959743,0.04324324090577076,0.005405405113221345,9,0.375,1.7513513513513514,0.0486486460189921,33,1.375,6.421621621621622,0.1783783687363044,0.6666666666666666,3.1135135135135137,0.5294117647058824,0.47058823529411764,7.708333333333333,0.0,0.7058823529411765,0.2916666666666667,1.2222222222222223,0.1111111111111111,0.0078125,0.03088803088803089,0.0335195530726257,0
mannkr01w,7,MIN,0,0.5757575757575758,0.21212121212121213,2.727272727272727,0.7651006711409396,0.2818791946308725,3.624161073825503,0.7964601065079552,0.021252796182854628,0.007829977541051705,26,0.7878787878787878,1.0469798657718121,0.029082773723906333,116,3.515151515151515,4.671140939597315,0.12975391353742827,2.1515151515151514,2.859060402684564,0.3611111111111111,0.2638888888888889,27.09090909090909,1.0,0.9705882352941176,1.5151515151515151,4.7,0.35,0.06140350877192982,0.0979381443298969,0.11180124223602485,0
mannkr01w,8,MIN,0,0.9117647058823529,0.20588235294117646,2.4411764705882355,1.2653061224489797,0.2857142857142857,3.3877551020408165,0.6803278130878841,0.03514739189175293,0.007936507846524854,38,1.1176470588235294,1.5510204081632653,0.04308389973827778,121,3.5588235294117645,4.938775510204081,0.1371882070613582,2.3823529411764706,3.306122448979592,0.4634146341463415,0.3780487804878049,25.941176470588236,0.5,1.0,0.7941176470588235,1.34375,0.21875,0.07291666666666667,0.1297071129707113,0.10559796437659033,0
mannkr01w,9,ATL,1,0.6153846153846154,0.3076923076923077,0.7692307692307693,1.2914798206278026,0.6457399103139013,1.6143497757847534,0.5263155124655198,0.03587443785316422,0.01793721892658211,12,0.9230769230769231,1.937219730941704,0.05381165677974633,22,1.6923076923076923,3.551569506726457,0.09865470409620161,1.7692307692307692,3.713004484304933,0.5,0.3333333333333333,17.153846153846153,0.6153846153846154,0.38235294117647056,1.0769230769230769,1.5555555555555556,0.4444444444444444,0.027972027972027972,0.027972027972027972,0.013550135501355014,0
mannkr01w,9,IND,2,0.2,0.2,0.6,1.161290322580645,1.161290322580645,3.4838709677419355,0.7499981250046875,0.03225805411030513,0.03225805411030513,2,0.4,2.32258064516129,0.06451610822061025,5,1.0,5.806451612903226,0.16129027055152564,0.0,0.0,2.0,1.0,6.2,0.0,0.14705882352941177,0.2,0.5,0.5,0.006024096385542169,0.003076923076923077,0.0038510911424903724,0
mannkr01w,10,WAS,0,0.1875,0.0,0.75,1.1368421052631579,0.0,4.5473684210526315,0.8571422448983965,0.031578944044321676,0.0,3,0.1875,1.1368421052631579,0.031578944044321676,15,0.9375,5.684210526315789,0.1578947202216084,0.5625,3.4105263157894736,0.3,0.3,5.9375,0.0,0.47058823529411764,0.1875,1.5,0.0,0.0,0.009523809523809525,0.014925373134328358,0
mapprh01w,1,CHA,0,1.0,0.8,4.833333333333333,1.261682242990654,1.0093457943925233,6.098130841121495,0.7073170386674615,0.03504672856253822,0.028037382850030573,54,1.8,2.2710280373831773,0.0630841114125688,199,6.633333333333334,8.369158878504674,0.23247663279817019,3.7333333333333334,4.710280373831775,0.4778761061946903,0.26548672566371684,28.533333333333335,1.0,0.8823529411764706,1.9666666666666666,2.064516129032258,0.7741935483870968,0.26373626373626374,0.13452914798206278,0.22979397781299524,0
mapprh01w,2,LAS,0,0.5333333333333333,0.2,1.5,1.4582278481012658,0.5468354430379747,4.10126582278481,0.5696201810607365,0.04050632808844739,0.015189873033167772,22,0.7333333333333333,2.0050632911392405,0.05569620112161516,67,2.2333333333333334,6.10632911392405,0.16962024887037347,2.0,5.468354430379747,0.36065573770491804,0.26229508196721313,13.166666666666666,0.0,0.8823529411764706,0.8333333333333334,0.8235294117647058,0.35294117647058826,0.04316546762589928,0.05673758865248227,0.05952380952380952,0
mapprh01w,4,LAS,0,0.2916666666666667,0.25,1.75,0.9882352941176471,0.8470588235294118,5.929411764705883,0.6176469679930929,0.02745097931564787,0.02352941084198389,13,0.5416666666666666,1.8352941176470587,0.050980390157631755,55,2.2916666666666665,7.764705882352942,0.21568626605151897,1.875,6.352941176470589,0.2826086956521739,0.15217391304347827,10.625,0.16666666666666666,0.7058823529411765,0.5,0.75,0.75,0.037037037037037035,0.02880658436213992,0.051597051597051594,0
marcimi01w,1,POR,0,1.15625,0.1875,1.5,2.4804469273743015,0.4022346368715084,3.217877094972067,0.8135591841425112,0.0689013022550968,0.011173184149475155,43,1.34375,2.88268156424581,0.08007448640457195,91,2.84375,6.100558659217876,0.1694599596003732,2.46875,5.296089385474861,0.5375,0.4625,16.78125,0.0,0.9411764705882353,2.09375,1.9210526315789473,0.15789473684210525,0.06382978723404255,0.13909774436090225,0.07643312101910828,0
marcimi01w,2,SEA,0,1.1111111111111112,0.07407407407407407,0.7777777777777778,2.7551020408163267,0.18367346938775508,1.9285714285714284,0.5526314335180438,0.07653061029258648,0.005102040686172432,32,1.1851851851851851,2.9387755102040813,0.08163265097875891,53,1.962962962962963,4.86734693877551,0.13520407818356944,1.8148148148148149,4.5,0.64,0.6,14.518518518518519,0.18518518518518517,0.7941176470588235,1.1111111111111112,1.5161290322580645,0.06451612903225806,0.015625,0.10948905109489052,0.03583617747440273,0
marcimi01w,3,SEA,0,0.4782608695652174,0.08695652173913043,0.8695652173913043,1.4142857142857141,0.2571428571428571,2.571428571428571,0.7142854591837646,0.03928571288265312,0.007142856887755112,13,0.5652173913043478,1.6714285714285715,0.046428569770408226,33,1.434782608695652,4.242857142857143,0.11785713864795934,1.434782608695652,4.242857142857143,0.38235294117647056,0.3235294117647059,12.173913043478262,0.043478260869565216,0.6764705882352942,1.0869565217391304,3.1666666666666665,0.16666666666666666,0.013157894736842105,0.038869257950530034,0.031545741324921134,0
martima01w,1,MIN,0,0.5666666666666667,0.43333333333333335,1.4,1.3421052631578947,1.026315789473684,3.31578947368421,0.6268655780797644,0.037280700936826734,0.02850877130463221,30,1.0,2.3684210526315788,0.06578947224145895,72,2.4,5.684210526315789,0.15789473337950147,2.7,6.394736842105263,0.36585365853658536,0.2073170731707317,15.2,0.43333333333333335,0.8823529411764706,0.9666666666666667,1.1666666666666667,0.7222222222222222,0.203125,0.07142857142857142,0.06851549755301795,0
martima01w,2,MIN,0,0.5483870967741935,0.4838709677419355,1.903225806451613,1.2388663967611335,1.0931174089068825,4.299595141700405,0.6860464318550661,0.03441295476896853,0.03036437185497223,32,1.032258064516129,2.331983805668016,0.06477732662394076,91,2.935483870967742,6.63157894736842,0.18421052258683154,2.806451612903226,6.340080971659919,0.36363636363636365,0.19318181818181818,15.935483870967742,0.3870967741935484,0.9117647058823529,1.1935483870967742,1.0555555555555556,0.8333333333333334,0.1171875,0.08056872037914692,0.08501440922190202,0
martinu01w,6,MIN,0,0.0,0.0,0.0,0.0,0.0,0.0,0.0,0.0,0.0,0,0.0,0.0,0.0,0,0.0,0.0,0.0,0.0,0.0,0.0,0.0,2.0,0.0,0.029411764705882353,0.0,0.0,0.0,0.0,0.0,0.0,0
mascira01w,5,LAS,0,0.058823529411764705,0.0,0.23529411764705882,0.3103448275862069,0.0,1.2413793103448276,0.7999984000032001,0.008620688912009577,0.0,1,0.058823529411764705,0.3103448275862069,0.008620688912009577,5,0.29411764705882354,1.5517241379310347,0.04310344456004788,1.3529411764705883,7.137931034482759,0.041666666666666664,0.041666666666666664,6.823529411764706,0.0,0.5,0.29411764705882354,4.0,0.0,0.0,0.0038022813688212928,0.0049382716049382715,0
mascira01w,6,LAS,0,0.45454545454545453,0.030303030303030304,0.8181818181818182,1.166306695464363,0.07775377969762419,2.099352051835853,0.5744679628791568,0.03239740750761539,0.0021598271671743594,16,0.48484848484848486,1.244060475161987,0.03455723467478975,43,1.303030303030303,3.3434125269978403,0.09287256818849746,1.5454545454545454,3.9654427645788335,0.3076923076923077,0.28846153846153844,14.030303030303031,0.030303030303030304,0.9705882352941176,0.6363636363636364,1.4375,0.0625,0.0072992700729927005,0.05660377358490566,0.039473684210526314,0
mascira01w,9,LAS,0,0.27586206896551724,0.034482758620689655,0.8620689655172413,0.6990291262135921,0.08737864077669902,2.1844660194174756,0.624999843750039,0.019417475256857396,0.0024271844071071746,9,0.3103448275862069,0.7864077669902912,0.021844659663964573,34,1.1724137931034482,2.970873786407767,0.08252426984164395,1.206896551724138,3.058252427184466,0.25,0.2222222222222222,14.206896551724139,0.034482758620689655,0.8529411764705882,0.5517241379310345,1.7777777777777777,0.1111111111111111,0.004608294930875576,0.031746031746031744,0.027870680044593088,0
matteca01w,6,CHA,0,0.1,0.0,0.3,0.6428571428571428,0.0,1.9285714285714284,0.9999966666777778,0.017857139668367914,0.0,1,0.1,0.6428571428571428,0.017857139668367914,4,0.4,2.571428571428571,0.07142855867347166,0.4,2.571428571428571,0.2,0.2,5.6,0.0,0.29411764705882354,0.2,3.0,0.0,0.0,0.0035087719298245615,0.004918032786885246,0
maxwemo01w,1,IND,0,1.53125,0.5,3.75,1.7142857142857142,0.5597667638483965,4.198250728862973,0.7499999531250029,0.04761904715627748,0.015549076622457953,65,2.03125,2.2740524781341107,0.06316812377873543,185,5.78125,6.4723032069970845,0.1797861984471701,2.875,3.21865889212828,0.6989247311827957,0.5268817204301075,32.15625,1.0,0.9411764705882353,2.0,1.26,0.32,0.12598425196850394,0.1801470588235294,0.18518518518518517,0
maxwemo01w,2,IND,0,0.3333333333333333,0.2,1.7333333333333334,0.7563025210084034,0.453781512605042,3.9327731092436977,0.6842103462604351,0.02100840247863855,0.01260504148718313,8,0.5333333333333333,1.2100840336134453,0.03361344396582168,34,2.2666666666666666,5.142857142857142,0.14285713685474213,1.2666666666666666,2.8739495798319323,0.4,0.25,15.866666666666667,0.2,0.4411764705882353,1.4666666666666666,2.3333333333333335,0.5,0.025210084033613446,0.0205761316872428,0.04,0
maxwemo01w,3,IND,0,0.3888888888888889,0.2222222222222222,1.0555555555555556,1.4823529411764707,0.8470588235294118,4.023529411764706,0.6129030280957974,0.04117646816609011,0.02352941038062292,11,0.6111111111111112,2.3294117647058825,0.06470587854671303,30,1.6666666666666667,6.352941176470589,0.17647057785467188,0.8888888888888888,3.388235294117647,0.6470588235294118,0.4117647058823529,9.444444444444445,0.0,0.5294117647058824,0.3333333333333333,0.875,0.5,0.039603960396039604,0.026022304832713755,0.02996845425867508,0
mazzake01w,5,CHA,0,0.20588235294117646,0.058823529411764705,0.7058823529411765,0.7433628318584071,0.21238938053097345,2.5486725663716814,0.7272725068871191,0.02064896694250835,0.005899704840716672,9,0.2647058823529412,0.9557522123893805,0.026548671783225022,33,0.9705882352941176,3.504424778761062,0.09734512987182509,0.6470588235294118,2.336283185840708,0.391304347826087,0.30434782608695654,9.970588235294118,0.0,1.0,0.5882352941176471,1.125,0.25,0.014814814814814815,0.03317535545023697,0.03889789303079417,0
mazzake01w,6,CHA,0,0.3333333333333333,0.0,0.6296296296296297,1.4336283185840708,0.0,2.7079646017699117,0.5483869198751872,0.03982300708747756,0.0,9,0.3333333333333333,1.4336283185840708,0.03982300708747756,26,0.9629629629629629,4.1415929203539825,0.1150442426971574,0.3333333333333333,1.4336283185840708,0.9,0.9,8.37037037037037,0.07407407407407407,0.7941176470588235,0.25925925925925924,0.7,0.0,0.0,0.031578947368421054,0.027868852459016394,0
mazzake01w,7,CHA,0,1.3823529411764706,0.17647058823529413,2.235294117647059,2.3337931034482757,0.29793103448275865,3.773793103448276,0.7676766901336677,0.06482758531272297,0.008275861954815698,53,1.5588235294117647,2.6317241379310348,0.07310344726753866,129,3.7941176470588234,6.405517241379311,0.1779310320285375,1.088235294117647,1.837241379310345,1.394736842105263,1.236842105263158,21.323529411764707,0.0,1.0,1.411764705882353,1.3333333333333333,0.125,0.038461538461538464,0.14873417721518986,0.10160427807486631,0
mazzake01w,8,PHO,0,0.7647058823529411,0.058823529411764705,1.3235294117647058,1.9180327868852458,0.14754098360655737,3.319672131147541,0.8035712850765562,0.05327868743281378,0.004098360571754906,28,0.8235294117647058,2.0655737704918034,0.05737704800456869,73,2.1470588235294117,5.385245901639344,0.14959016086905408,0.8235294117647058,2.0655737704918034,0.9655172413793104,0.896551724137931,14.352941176470589,0.08823529411764706,1.0,0.5882352941176471,1.4074074074074074,0.07407407407407407,0.0125,0.09090909090909091,0.05148741418764302,0
mazzake01w,9,PHO,0,0.7058823529411765,0.058823529411764705,1.5,1.3478939157566303,0.11232449297971919,2.864274570982839,0.7727271556474006,0.03744149707579568,0.0031201247563163066,26,0.7647058823529411,1.4602184087363494,0.04056162183211198,77,2.264705882352941,4.324492979719189,0.1201248031181778,1.2941176470588236,2.4711388455538223,0.5777777777777777,0.5333333333333333,18.852941176470587,0.058823529411764705,1.0,0.5294117647058824,1.52,0.08,0.012738853503184714,0.10300429184549356,0.05985915492957746,0
mazzake01w,10,PHO,0,0.3225806451612903,0.0967741935483871,1.064516129032258,0.8314087759815243,0.24942263279445728,2.74364896073903,0.8249997937500515,0.023094687688344398,0.006928406306503319,13,0.41935483870967744,1.0808314087759816,0.030023093994847715,46,1.4838709677419355,3.824480369515012,0.10623556336638422,1.3548387096774193,3.491916859122402,0.3023255813953488,0.23255813953488372,13.96774193548387,0.06451612903225806,0.9117647058823529,0.3225806451612903,1.5454545454545454,0.2727272727272727,0.016483516483516484,0.04424778761061947,0.03638368246968027,0
mccaibr01w,3,CLE,0,0.3548387096774194,0.0967741935483871,0.7096774193548387,1.010204081632653,0.2755102040816326,2.020408163265306,0.8461535207101843,0.028061223773948374,0.007653061029258648,14,0.45161290322580644,1.2857142857142856,0.03571428480320702,36,1.1612903225806452,3.306122448979592,0.09183673235110378,0.9354838709677419,2.663265306122449,0.4666666666666667,0.36666666666666664,12.64516129032258,0.06451612903225806,0.9117647058823529,1.096774193548387,3.4166666666666665,0.25,0.03571428571428571,0.04954954954954955,0.03259259259259259,0
mccaiti01w,1,ORL,0,0.12,0.04,0.36,0.5046728971962616,0.16822429906542055,1.514018691588785,0.8181810743808415,0.014018690933706031,0.00467289697790201,4,0.16,0.6728971962616822,0.01869158791160804,13,0.52,2.1869158878504673,0.06074766071272614,0.72,3.02803738317757,0.21052631578947367,0.15789473684210525,8.56,0.0,0.7352941176470589,0.36,1.25,0.25,0.007633587786259542,0.01171875,0.014827018121911038,0
mccaiti01w,2,ORL,0,0.3125,0.25,0.96875,0.8144796380090498,0.6515837104072398,2.524886877828054,0.8157892590028265,0.022624433877275252,0.018099547101820202,18,0.5625,1.4660633484162897,0.04072398097909546,49,1.53125,3.990950226244344,0.11085972599864874,1.625,4.235294117647059,0.33962264150943394,0.18867924528301888,13.8125,0.28125,0.9411764705882353,1.0625,3.272727272727273,0.7272727272727273,0.06349206349206349,0.03115264797507788,0.05040650406504065,0
mccaiti01w,3,ORL,0,0.1875,0.0,0.125,2.1176470588235294,0.0,1.4117647058823528,0.6666644444518518,0.058823517877741587,0.0,3,0.1875,2.1176470588235294,0.058823517877741587,5,0.3125,3.5294117647058822,0.09803919646290264,0.5625,6.352941176470589,0.3,0.3,3.1875,0.0,0.47058823529411764,0.1875,0.5,0.0,0.0,0.010135135135135136,0.003355704697986577,0
mccanra01w,10,MIN,0,0.4411764705882353,0.29411764705882354,1.1176470588235294,1.120331950207469,0.7468879668049793,2.838174273858921,0.558823447231846,0.031120331304557443,0.02074688753637163,25,0.7352941176470589,1.8672199170124482,0.05186721884092907,63,1.8529411764705883,4.7053941908713695,0.13070539147914126,2.176470588235294,5.526970954356846,0.3333333333333333,0.2,14.176470588235293,0.029411764705882353,1.0,1.0588235294117647,1.625,0.625,0.07751937984496124,0.04966887417218543,0.04980340760157274,0
mccarja01w,6,CHA,0,0.42857142857142855,0.25,1.5714285714285714,1.3890675241157557,0.8102893890675241,5.093247588424437,0.5789472922437773,0.03858520776253352,0.022508037861477884,19,0.6785714285714286,2.19935691318328,0.0610932456240114,63,2.25,7.292604501607717,0.20257234075330097,1.3928571428571428,4.514469453376206,0.475,0.3,11.107142857142858,0.10714285714285714,0.8235294117647058,0.7857142857142857,0.8461538461538461,0.5384615384615384,0.06140350877192982,0.042105263157894736,0.07213114754098361,0
mccarja01w,7,CHA,0,0.5666666666666667,0.6666666666666666,2.1666666666666665,1.453681710213777,1.7102137767220902,5.558194774346793,0.6190475600907085,0.040380046546792246,0.04750593711387323,37,1.2333333333333334,3.163895486935867,0.08788598366066548,102,3.4,8.722090261282661,0.24228027928075346,1.7,4.3610451306413305,0.7115384615384616,0.3269230769230769,14.033333333333333,0.1,0.8823529411764706,0.9333333333333333,1.3888888888888888,1.1111111111111112,0.1282051282051282,0.05379746835443038,0.08689839572192513,0
mccarja01w,8,NYL,0,1.21875,0.625,3.34375,2.073855243722304,1.0635155096011817,5.689807976366322,0.7039473221087288,0.05760708925248022,0.029542097052553958,59,1.84375,3.137370753323486,0.08714918630503418,166,5.1875,8.827178729689807,0.24519940553619787,2.25,3.828655834564254,0.8082191780821918,0.5342465753424658,21.15625,0.65625,0.9411764705882353,2.46875,0.9,0.5,0.18181818181818182,0.13448275862068965,0.13561470215462612,0
mccarja01w,9,NYL,0,1.4516129032258065,0.8387096774193549,3.7419354838709675,1.9852941176470589,1.1470588235294117,5.117647058823529,0.6904761493764197,0.05514705814770762,0.0318627447075644,71,2.2903225806451615,3.1323529411764706,0.08700980285527203,187,6.032258064516129,8.25,0.22916666385825168,2.5161290322580645,3.441176470588235,0.8987341772151899,0.569620253164557,26.322580645161292,1.0,0.9117647058823529,2.161290322580645,1.434782608695652,0.5652173913043478,0.22033898305084745,0.15463917525773196,0.14890885750962773,0
mccarja01w,10,NYL,0,1.28125,1.375,3.5,1.7405660377358492,1.8679245283018868,4.754716981132075,0.6399999634285735,0.04834905603361962,0.051886791840957645,85,2.65625,3.608490566037736,0.10023584787457727,197,6.15625,8.36320754716981,0.23231131801519672,2.46875,3.3537735849056602,1.0625,0.5125,26.5,1.0,0.9411764705882353,2.6875,2.0952380952380953,1.0476190476190477,0.36065573770491804,0.148014440433213,0.13947696139476962,0
mccarst01w,1,IND,0,0.96875,0.1875,1.4375,1.75748031496063,0.3401574803149606,2.6078740157480316,0.7666665388889101,0.04881889686899375,0.0094488187488375,37,1.15625,2.0976377952755905,0.05826771561783125,83,2.59375,4.705511811023623,0.13070865935891876,1.53125,2.777952755905512,0.74,0.62,19.84375,0.375,0.9411764705882353,1.46875,1.78125,0.1875,0.047244094488188976,0.11397058823529412,0.07098765432098765,0
mccarst01w,2,IND,0,0.8666666666666667,0.4666666666666667,1.4,1.857142857142857,1.0,3.0,0.7636362247934136,0.05158730056374404,0.027777777226631405,40,1.3333333333333333,2.8571428571428568,0.07936507779037544,82,2.7333333333333334,5.857142857142858,0.16269840947026967,1.6666666666666667,3.571428571428571,0.7843137254901961,0.5098039215686274,16.8,0.0,0.8823529411764706,1.2666666666666666,2.1481481481481484,0.5185185185185185,0.11764705882352941,0.10699588477366255,0.06461538461538462,0
mccarst01w,4,IND,0,1.2142857142857142,0.21428571428571427,0.9642857142857143,2.121317157712305,0.37435008665511266,1.684575389948007,0.6585364247472134,0.05892547558188084,0.010398613337978972,40,1.4285714285714286,2.4956672443674175,0.06932408891985982,67,2.392857142857143,4.180242634315425,0.11611784894076518,2.142857142857143,3.7435008665511265,0.6557377049180327,0.5573770491803278,20.607142857142858,0.35714285714285715,0.8235294117647058,1.3214285714285714,1.6571428571428573,0.17142857142857143,0.04918032786885246,0.11333333333333333,0.04122137404580153,0
mccarst01w,5,IND,0,1.0909090909090908,0.22727272727272727,0.9090909090909091,1.9200000000000002,0.4,1.6,0.7142854591837646,0.05333333214814818,0.011111110864197537,29,1.3181818181818181,2.32,0.06444444301234571,49,2.227272727272727,3.92,0.10888888646913586,1.3636363636363635,2.4,0.9354838709677419,0.7741935483870968,20.454545454545453,0.5454545454545454,0.6470588235294118,1.3636363636363635,2.08,0.2,0.037037037037037035,0.0916030534351145,0.028328611898016998,0
mcconsu01w,1,CLE,0,0.46875,0.03125,1.28125,0.7659574468085106,0.05106382978723405,2.0936170212765957,0.8199998360000328,0.021276595442885172,0.0014184396961923447,16,0.5,0.8170212765957447,0.022695035139077516,57,1.78125,2.9106382978723406,0.08085106268296366,0.9375,1.5319148936170213,0.5161290322580645,0.4838709677419355,22.03125,1.0,0.9411764705882353,2.15625,7.4375,0.0625,0.010869565217391304,0.057692307692307696,0.06788079470198675,0
mccouan01w,10,ATL,0,2.176470588235294,0.35294117647058826,2.0588235294117645,3.6244897959183673,0.5877551020408164,3.4285714285714284,0.6666666031746092,0.10068027073904394,0.016326530390115234,86,2.5294117647058822,4.2122448979591836,0.11700680112915918,156,4.588235294117647,7.6408163265306115,0.21224489507149805,2.7058823529411766,4.506122448979593,0.9247311827956989,0.7956989247311828,21.61764705882353,0.29411764705882354,1.0,2.1176470588235294,0.9466666666666667,0.16,0.09836065573770492,0.22424242424242424,0.08177570093457943,0
mccrani01w,1,WAS,0,1.40625,0.15625,1.0625,1.5487571701720841,0.17208413001912046,1.1701720841300192,0.6071427487245091,0.043021032093489175,0.004780114677054353,50,1.5625,1.7208413001912046,0.047801146770543534,84,2.625,2.8910133843212233,0.08030592657451313,2.46875,2.718929254302103,0.625,0.5625,32.6875,1.0,0.9411764705882353,2.78125,1.8478260869565217,0.10869565217391304,0.03937007874015748,0.18292682926829268,0.05255023183925812,0
mccrani01w,2,WAS,0,0.8125,0.0,1.0625,1.1304347826086958,0.0,1.4782608695652175,0.6071427487245091,0.03140096580433616,0.0,26,0.8125,1.1304347826086958,0.03140096580433616,60,1.875,2.608695652173913,0.07246376724077576,2.125,2.956521739130435,0.37681159420289856,0.37681159420289856,25.875,1.0,0.9411764705882353,2.28125,1.7407407407407407,0.0,0.0,0.10077519379844961,0.04857142857142857,0
mccrani01w,3,IND,0,0.875,0.09375,2.125,0.9527410207939508,0.10207939508506617,2.3137996219281662,0.7010308555638293,0.02646502810524548,0.0028355387255620157,31,0.96875,1.0548204158790169,0.0293005668308075,99,3.09375,3.3686200378071836,0.09357277794354653,2.28125,2.4839319470699435,0.4189189189189189,0.3783783783783784,33.0625,1.0,0.9411764705882353,2.5625,2.413793103448276,0.10344827586206896,0.0297029702970297,0.10408921933085502,0.10725552050473186,0
mccrani01w,4,IND,0,1.088235294117647,0.058823529411764705,0.9705882352941176,1.8147138964577658,0.09809264305177111,1.6185286103542234,0.6470586966551575,0.050408718659281766,0.0027247956032044195,39,1.1470588235294117,1.9128065395095368,0.053133514262486185,72,2.1176470588235294,3.5313351498637604,0.09809264171535911,1.9705882352941178,3.2861035422343323,0.5735294117647058,0.5441176470588235,21.58823529411765,0.9411764705882353,1.0,1.2941176470588236,1.2894736842105263,0.05263157894736842,0.01639344262295082,0.12333333333333334,0.050381679389312976,0
mccrani01w,5,PHO,0,0.25925925925925924,0.0,0.7037037037037037,0.6792452830188679,0.0,1.84366576819407,0.6551721878716593,0.01886792401973251,0.0,7,0.25925925925925924,0.6792452830188679,0.01886792401973251,26,0.9629629629629629,2.522911051212938,0.07008086064472074,1.2962962962962963,3.3962264150943398,0.19444444444444445,0.19444444444444445,13.74074074074074,0.3333333333333333,0.7941176470588235,0.6666666666666666,1.625,0.0,0.0,0.024734982332155476,0.02909647779479326,0
mccrani01w,6,SAS,0,0.4782608695652174,0.0,0.5652173913043478,1.3112582781456954,0.0,1.5496688741721854,0.6499996750001625,0.03642383985351524,0.0,11,0.4782608695652174,1.3112582781456954,0.03642383985351524,24,1.0434782608695652,2.8609271523178808,0.07947019604403326,1.1304347826086956,3.0993377483443707,0.4074074074074074,0.4074074074074074,13.130434782608695,0.21739130434782608,0.6764705882352942,0.782608695652174,1.3333333333333333,0.0,0.0,0.05612244897959184,0.01881331403762663,0
mccrani01w,7,CHI,0,0.6363636363636364,0.09090909090909091,0.2727272727272727,2.930232558139535,0.41860465116279066,1.255813953488372,0.5999988000024,0.08139533937263495,0.011627905624662135,8,0.7272727272727273,3.3488372093023253,0.09302324499729708,11,1.0,4.604651162790698,0.1279069618712835,0.7272727272727273,3.3488372093023253,0.8888888888888888,0.7777777777777778,7.818181818181818,0.18181818181818182,0.3235294117647059,0.9090909090909091,0.625,0.125,0.007936507936507936,0.025179856115107913,0.004405286343612335,0
mccrini01w,1,LAS,0,0.90625,0.25,0.71875,2.139344262295082,0.5901639344262295,1.6967213114754096,0.7187497753906951,0.059426228290446144,0.016393442287019624,37,1.15625,2.7295081967213113,0.07581967057746578,60,1.875,4.426229508196721,0.12295081715264719,1.28125,3.024590163934426,0.8809523809523809,0.6904761904761905,15.25,0.0,0.9411764705882353,1.5,2.1666666666666665,0.26666666666666666,0.050955414012738856,0.10661764705882353,0.029336734693877552,0
mccrini01w,2,LAS,0,0.75,0.0,0.32142857142857145,2.16,0.0,0.9257142857142857,0.7499993750005208,0.05999999828571434,0.0,21,0.75,2.16,0.05999999828571434,30,1.0714285714285714,3.085714285714286,0.0857142832653062,0.6785714285714286,1.9542857142857142,1.05,1.05,12.5,0.0,0.8235294117647058,0.7857142857142857,2.8636363636363638,0.0,0.0,0.07446808510638298,0.011904761904761904,0
mccrini01w,3,LAS,0,0.6875,0.09375,0.4375,2.2247191011235956,0.3033707865168539,1.4157303370786516,0.6086953875237445,0.06179775107309689,0.008426966055422303,25,0.78125,2.5280898876404496,0.07022471712851919,39,1.21875,3.943820224719101,0.10955055872048994,0.6875,2.2247191011235956,1.0869565217391304,0.9565217391304348,11.125,0.0,0.9411764705882353,0.75,2.3043478260869565,0.13043478260869565,0.018518518518518517,0.08527131782945736,0.01717791411042945,0
mccrini01w,4,LAS,0,0.5757575757575758,0.030303030303030304,0.6666666666666666,2.2876254180602005,0.12040133779264214,2.648829431438127,0.7586204280619213,0.06354514837641645,0.0033444814934956023,20,0.6060606060606061,2.4080267558528425,0.06688962986991205,42,1.2727272727272727,5.056856187290969,0.1404682227268153,0.6060606060606061,2.4080267558528425,0.9523809523809523,0.9047619047619048,9.06060606060606,0.030303030303030304,0.9705882352941176,0.5151515151515151,1.6,0.05,0.006172839506172839,0.07818930041152264,0.02702702702702703,0
mcculda01w,1,IND,0,0.5517241379310345,0.7586206896551724,1.2758620689655173,1.263157894736842,1.7368421052631577,2.9210526315789473,0.4512194571683589,0.0350877185287781,0.04824561297706989,38,1.3103448275862069,3.0,0.083333331505848,75,2.586206896551724,5.921052631578948,0.16447368060364737,2.1724137931034484,4.973684210526316,0.59375,0.25,15.724137931034482,0.06896551724137931,0.8529411764705882,1.2758620689655173,1.1176470588235294,1.2941176470588236,0.1732283464566929,0.058823529411764705,0.05709876543209876,0
mcculda01w,2,IND,0,0.0,0.25,1.625,0.0,0.8,5.199999999999999,0.7647054325262161,0.0,0.02222221975308669,2,0.25,0.8,0.02222221975308669,15,1.875,6.0,0.1666666481481502,1.5,4.8,0.15384615384615385,0.0,11.25,0.25,0.23529411764705882,0.875,5.0,2.0,0.01680672268907563,0.0,0.02,0
mcculda01w,3,SEA,0,0.25,0.0,1.0,0.8372093023255813,0.0,3.3488372093023253,0.571427755103207,0.0232558085451608,0.0,1,0.25,0.8372093023255813,0.0232558085451608,5,1.25,4.186046511627907,0.11627904272580401,1.25,4.186046511627907,0.16666666666666666,0.16666666666666666,10.75,0.25,0.11764705882352941,0.5,0.5,0.0,0.0,0.0035335689045936395,0.006309148264984227,0
mcculda01w,4,SEA,0,0.0,0.0,0.14285714285714285,0.0,0.0,1.3846153846153846,0.9999900000999989,0.0,0.0,0,0.0,0.0,0.0,1,0.14285714285714285,1.3846153846153846,0.03846152366864474,0.42857142857142855,4.153846153846154,0.0,0.0,3.7142857142857144,0.0,0.20588235294117646,0.5714285714285714,0.0,0.0,0.0,0.0,0.001364256480218281,0
mcgheca01w,1,ORL,0,0.65625,0.15625,1.15625,1.852941176470588,0.4411764705882353,3.264705882352941,0.5781249096679828,0.05147058697376013,0.012254901660419077,26,0.8125,2.2941176470588234,0.0637254886341792,63,1.96875,5.5588235294117645,0.15441176092128037,1.8125,5.117647058823529,0.4406779661016949,0.3559322033898305,12.75,0.0,0.9411764705882353,0.96875,1.0454545454545454,0.22727272727272727,0.03816793893129771,0.08203125,0.060955518945634266,0
mcgheca01w,2,ORL,0,0.058823529411764705,0.058823529411764705,0.4117647058823529,0.5070422535211268,0.5070422535211268,3.549295774647887,0.6999993000007,0.014084505058520413,0.014084505058520413,2,0.11764705882352941,1.0140845070422535,0.028169010117040826,9,0.5294117647058824,4.563380281690141,0.12676054552668373,0.5294117647058824,4.563380281690141,0.2,0.1,4.176470588235294,0.0,0.5,0.35294117647058826,0.0,0.5,0.007936507936507936,0.003115264797507788,0.011382113821138212,0
mcgheca01w,3,ORL,0,0.0,0.0,0.0,0.0,0.0,0.0,0.0,0.0,0.0,0,0.0,0.0,0.0,0,0.0,0.0,0.0,0.0,0.0,0.0,0.0,2.0,0.0,0.058823529411764705,0.0,0.0,0.0,0.0,0.0,0.0,0
mckivte01w,4,CHA,0,0.45161290322580644,0.7741935483870968,1.7419354838709677,1.4780058651026393,2.5337243401759535,5.700879765395895,0.5934065281970848,0.04105571727109334,0.07038122960758858,38,1.2258064516129032,4.011730205278592,0.11143694687868191,92,2.967741935483871,9.712609970674485,0.26979471349575623,1.8709677419354838,6.12316715542522,0.6440677966101694,0.23728813559322035,11.0,0.03225806451612903,0.9117647058823529,0.8709677419354839,0.4,1.6,0.20689655172413793,0.05,0.08571428571428572,0
mckivte01w,5,CHA,0,0.2222222222222222,0.6666666666666666,1.0,0.9350649350649352,2.8051948051948052,4.207792207792208,0.49999972222237654,0.025974022600776286,0.07792206780232885,8,0.8888888888888888,3.7402597402597406,0.10389609040310514,17,1.8888888888888888,7.948051948051948,0.2207791921065984,2.3333333333333335,9.818181818181817,0.36363636363636365,0.09090909090909091,8.555555555555555,0.0,0.2647058823529412,0.5555555555555556,0.0,2.0,0.044444444444444446,0.009478672985781991,0.014586709886547812,0
mckivte01w,6,CHA,0,0.45161290322580644,0.5806451612903226,1.1612903225806452,1.3922651933701657,1.7900552486187844,3.580110497237569,0.5538460686390664,0.03867403208082785,0.04972375553249295,32,1.032258064516129,3.18232044198895,0.08839778761332079,68,2.193548387096774,6.762430939226519,0.18784529867830668,2.2903225806451615,7.060773480662983,0.4444444444444444,0.19444444444444445,11.67741935483871,0.03225806451612903,0.9117647058823529,0.8387096774193549,0.4666666666666667,1.2,0.15789473684210525,0.04912280701754386,0.05901639344262295,0
mckivte01w,8,PHO,0,0.0,0.5,0.5,0.0,7.2,7.2,0.9999900000999989,0.0,0.19999960000080003,1,0.5,7.2,0.19999960000080003,2,1.0,14.4,0.39999920000160005,0.5,7.2,0.5,0.0,2.5,0.0,0.058823529411764705,0.0,0.0,1.0,0.00625,0.0,0.0011441647597254005,0
mcwilta01w,1,ORL,0,1.84375,0.96875,4.8125,1.9344262295081966,1.0163934426229508,5.049180327868853,0.6311475151169051,0.05373406144140199,0.028233150926838334,90,2.8125,2.9508196721311473,0.08196721236824032,244,7.625,8.0,0.22222222019834045,2.6875,2.819672131147541,1.0344827586206897,0.6781609195402298,34.3125,1.0,0.9411764705882353,2.59375,0.9,0.5166666666666667,0.2366412213740458,0.23046875,0.25370675453047775,0
mcwilta01w,2,ORL,0,1.625,1.5625,4.03125,1.7677053824362605,1.6997167138810199,4.385269121813031,0.5308641756846019,0.049102926826223546,0.04721435271752264,102,3.1875,3.4674220963172804,0.09631727954374618,231,7.21875,7.852691218130311,0.21813030955495458,2.3125,2.5155807365439093,1.36,0.6933333333333334,33.09375,1.0,0.9411764705882353,2.5,1.3018867924528301,0.9433962264150944,0.3968253968253968,0.16199376947040497,0.2097560975609756,0
mcwilta01w,3,ORL,0,1.4615384615384615,1.0769230769230769,3.230769230769231,1.7859007832898173,1.3159268929503918,3.947780678851175,0.6666665608465776,0.049608353796126534,0.03655352384977745,33,2.5384615384615383,3.101827676240209,0.08616187764590398,75,5.769230769230769,7.049608355091384,0.19582244919523634,3.076923076923077,3.7597911227154044,0.8048780487804879,0.4634146341463415,29.46153846153846,0.9230769230769231,0.38235294117647056,1.6923076923076923,0.65,0.7,0.12280701754385964,0.06418918918918919,0.07046979865771812,0
mcwilta01w,4,CON,0,1.2647058823529411,0.9705882352941176,4.382352941176471,1.574771108850458,1.2085452695829095,5.456765005086471,0.656387636282483,0.04374364146751128,0.03357070159134586,76,2.235294117647059,2.783316378433367,0.07731434305885715,225,6.617647058823529,8.240081383519838,0.2288911472137218,3.0294117647058822,3.772126144455748,0.7307692307692307,0.41346153846153844,28.91176470588235,1.0,1.0,1.588235294117647,1.1136363636363635,0.75,0.29464285714285715,0.15867158671586715,0.19528178243774574,0
mcwilta01w,5,CON,0,1.411764705882353,1.3235294117647058,4.735294117647059,1.5251544571932922,1.4298323036187113,5.115622241835834,0.6598360385313099,0.04236540121478022,0.03971756363885646,93,2.735294117647059,2.9549867608120035,0.08208296485363667,254,7.470588235294118,8.070609002647839,0.224183581428212,2.823529411764706,3.0503089143865845,0.9587628865979382,0.4948453608247423,33.3235294117647,1.0,1.0,2.1470588235294117,1.2857142857142858,0.9183673469387755,0.4639175257731959,0.16,0.22206896551724137,0
mcwilta01w,6,CON,0,1.088235294117647,0.7352941176470589,5.0,1.2299168975069252,0.8310249307479225,5.650969529085873,0.6854838433272644,0.03416435794862089,0.02308402564096006,62,1.8235294117647058,2.0609418282548475,0.057248383589580946,232,6.823529411764706,7.71191135734072,0.21421975794810935,2.3529411764705883,2.6592797783933517,0.7654320987654321,0.4567901234567901,31.852941176470587,1.0,1.0,1.7352941176470589,1.7105263157894737,0.6578947368421053,0.19083969465648856,0.15611814345991562,0.21546261089987326,0
mcwilta01w,7,CON,0,1.09375,0.96875,6.3125,1.2650602409638554,1.1204819277108433,7.301204819277109,0.6601306973813498,0.0351405618961791,0.031124497679472916,66,2.0625,2.385542168674699,0.06626505957565201,268,8.375,9.686746987951807,0.26907630251931425,2.34375,2.7108433734939763,0.868421052631579,0.4605263157894737,31.125,1.0,0.9411764705882353,2.4375,2.2222222222222223,0.8611111111111112,0.2012987012987013,0.1383399209486166,0.21790722761596548,0
mcwilta01w,8,LAS,0,1.1724137931034482,1.0344827586206897,3.4827586206896552,1.4383078730904817,1.2690951821386605,4.27262044653349,0.5941176121107287,0.03995299600525269,0.035252643534046495,64,2.206896551724138,2.707403055229142,0.07520563953929918,165,5.689655172413793,6.980023501762632,0.1938895394372557,2.586206896551724,3.172737955346651,0.8421052631578947,0.4473684210526316,29.344827586206897,0.9310344827586207,0.8529411764705882,1.7241379310344827,1.4,0.8571428571428571,0.2777777777777778,0.13821138211382114,0.1288265306122449,0
mcwilta01w,9,DET,2,0.42857142857142855,0.7142857142857143,4.285714285714286,0.5837837837837838,0.972972972972973,5.837837837837839,0.6382977365323964,0.016216215339664036,0.027027025566106727,8,1.1428571428571428,1.5567567567567568,0.04324324090577076,38,5.428571428571429,7.3945945945945954,0.20540539430241112,2.5714285714285716,3.502702702702703,0.42105263157894735,0.15789473684210525,26.428571428571427,1.0,0.20588235294117646,1.2857142857142858,3.25,1.25,0.04201680672268908,0.010752688172043012,0.035545023696682464,0
mcwilta01w,9,WAS,1,1.6923076923076923,0.9615384615384616,5.076923076923077,1.8375870069605567,1.0440835266821344,5.51276102088167,0.6910994402565738,0.0510440829345234,0.029002319849161025,69,2.6538461538461537,2.8816705336426915,0.08004640278368443,201,7.730769230769231,8.394431554524362,0.23317865158725462,2.3846153846153846,2.589327146171694,1.0952380952380953,0.6984126984126984,33.15384615384615,1.0,0.7647058823529411,2.8846153846153846,0.9111111111111111,0.5555555555555556,0.26595744680851063,0.18181818181818182,0.17120622568093385,0
mcwilta01w,10,DET,0,0.9705882352941176,0.47058823529411764,4.705882352941177,1.1511627906976745,0.5581395348837209,5.5813953488372094,0.7111110795061742,0.03197674387619434,0.015503875818760894,49,1.4411764705882353,1.7093023255813953,0.047480619694955234,209,6.147058823529412,7.290697674418604,0.20251937788256416,2.5294117647058822,3.0,0.5632183908045977,0.3793103448275862,30.352941176470587,1.0,1.0,1.9411764705882353,2.8823529411764706,0.47058823529411764,0.16326530612244897,0.12595419847328243,0.1873536299765808,0
melvich01w,1,CLE,0,0.90625,0.5625,3.21875,1.1548672566371683,0.7168141592920354,4.101769911504425,0.5988371744862108,0.032079645662835776,0.01991150420451876,47,1.46875,1.8716814159292035,0.051991149867354536,150,4.6875,5.9734513274336285,0.165929201704323,3.53125,4.5,0.41228070175438597,0.2543859649122807,28.25,1.0,0.9411764705882353,1.9375,2.033333333333333,0.6,0.1956521739130435,0.11153846153846154,0.17052980132450332,0
melvich01w,2,CLE,0,0.8888888888888888,0.5925925925925926,3.259259259259259,1.1458885941644563,0.7639257294429708,4.201591511936339,0.5714285343228225,0.03183023830463875,0.021220158869759167,40,1.4814814814814814,1.9098143236074272,0.05305039717439792,128,4.7407407407407405,6.111405835543766,0.16976127095807333,3.0,3.86737400530504,0.4878048780487805,0.2926829268292683,27.925925925925927,0.7407407407407407,0.7941176470588235,1.6666666666666667,2.0,0.64,0.19047619047619047,0.08955223880597014,0.13273001508295626,0
melvich01w,3,CLE,0,0.875,0.5625,3.4375,0.9554502369668246,0.614218009478673,3.753554502369668,0.5670102800510165,0.0265402841086229,0.01706161121268615,46,1.4375,1.5696682464454976,0.04360189532130905,156,4.875,5.323222748815166,0.1478672971766133,3.25,3.5488151658767775,0.4380952380952381,0.26666666666666666,32.96875,1.0,0.9411764705882353,2.3125,1.9655172413793103,0.6206896551724138,0.21428571428571427,0.12612612612612611,0.16296296296296298,0
melvich01w,4,CLE,0,0.8235294117647058,0.6470588235294118,3.911764705882353,0.9500471253534402,0.7464655984919888,4.512723845428841,0.6186046223904826,0.02639019767775497,0.020735155318236047,50,1.4705882352941178,1.6965127238454287,0.04712535299599102,183,5.382352941176471,6.20923656927427,0.17247879196532712,3.176470588235294,3.664467483506126,0.45871559633027525,0.25688073394495414,31.205882352941178,1.0,1.0,1.9705882352941178,1.793103448275862,0.7586206896551724,0.25287356321839083,0.12334801762114538,0.18446601941747573,0
melvich01w,5,WAS,0,0.4411764705882353,0.5294117647058824,2.0,0.6545454545454545,0.7854545454545455,2.9672727272727273,0.5190839298409213,0.01818181796143251,0.02181818155371901,33,0.9705882352941176,1.44,0.03999999951515152,101,2.9705882352941178,4.407272727272727,0.12242424094031223,2.6176470588235294,3.8836363636363638,0.36666666666666664,0.16666666666666666,24.264705882352942,0.47058823529411764,1.0,1.5294117647058822,2.3125,1.125,0.13953488372093023,0.05859375,0.09353507565337002,0
melvich01w,6,WAS,0,0.9117647058823529,0.4117647058823529,3.4411764705882355,1.0618458610846813,0.4795432921027593,4.007611798287345,0.5879396689477553,0.029495718082819047,0.01332064687611183,45,1.3235294117647058,1.5413891531874404,0.042816364958930875,162,4.764705882352941,5.549000951474786,0.15413891385215114,3.323529411764706,3.8705994291151287,0.39473684210526316,0.2719298245614035,30.91176470588235,1.0,1.0,1.7941176470588236,0.78125,0.4375,0.18181818181818182,0.11877394636015326,0.17256637168141592,0
melvich01w,7,WAS,0,1.0,0.7647058823529411,4.117647058823529,1.2252252252252254,0.9369369369369369,5.045045045045045,0.6249999720982156,0.03403403369335302,0.026026025765505247,60,1.7647058823529411,2.1621621621621623,0.06006005945885826,200,5.882352941176471,7.207207207207207,0.20020019819619422,3.2058823529411766,3.9279279279279278,0.5454545454545454,0.3090909090909091,29.38235294117647,1.0,1.0,1.8235294117647058,1.2857142857142858,0.7428571428571429,0.22807017543859648,0.11074918566775244,0.1815823605706874,0
melvich01w,8,CHI,2,1.103448275862069,0.7586206896551724,4.379310344827586,1.35052754982415,0.9284876905041032,5.359906213364596,0.6580310539880283,0.0375146537219853,0.025791324433864896,54,1.8620689655172413,2.279015240328253,0.06330597815585019,181,6.241379310344827,7.638921453692849,0.21219226011497938,3.0344827586206895,3.7139507620164127,0.6067415730337079,0.3595505617977528,29.413793103448278,0.8620689655172413,0.8529411764705882,2.3793103448275863,1.121212121212121,0.6666666666666666,0.19469026548672566,0.12167300380228137,0.16219667943805874,0
melvich01w,8,WAS,1,2.0,0.0,4.333333333333333,2.6341463414634143,0.0,5.7073170731707314,0.6499996750001625,0.0731707227840582,0.0,6,2.0,2.6341463414634143,0.0731707227840582,19,6.333333333333333,8.341463414634147,0.23170728881618427,4.333333333333333,5.7073170731707314,0.42857142857142855,0.42857142857142855,27.333333333333332,1.0,0.08823529411764706,0.6666666666666666,0.0,0.0,0.0,0.02120141342756184,0.016581632653061226,0
melvich01w,9,CHI,0,0.9117647058823529,0.29411764705882354,2.5588235294117645,1.4703557312252964,0.4743083003952569,4.126482213438735,0.5058139240805858,0.040843214218139474,0.013175230392948217,41,1.2058823529411764,1.9446640316205535,0.054018444611087686,128,3.764705882352941,6.071146245059289,0.16864294902973717,2.911764705882353,4.695652173913043,0.41,0.31,22.323529411764707,0.5294117647058824,1.0,1.4411764705882353,1.5625,0.3125,0.06666666666666667,0.11481481481481481,0.11284046692607004,0
melvich01w,10,WAS,0,1.0,0.8529411764705882,2.323529411764706,1.619047619047619,1.380952380952381,3.761904761904762,0.4999999683544324,0.04497354437865682,0.03835978785238376,63,1.8529411764705883,3.0,0.08333333223104059,142,4.176470588235294,6.761904761904762,0.18783068534615496,2.9705882352941178,4.80952380952381,0.6176470588235294,0.3333333333333333,22.235294117647058,0.9705882352941176,1.0,1.4705882352941178,1.0285714285714285,0.8285714285714286,0.24369747899159663,0.10793650793650794,0.09825870646766169,0
mendigi01w,5,SAC,0,0.0,0.0,0.5,0.0,0.0,2.769230769230769,0.5999988000024,0.0,0.0,0,0.0,0.0,0.0,3,0.5,2.769230769230769,0.07692305719921609,0.3333333333333333,1.846153846153846,0.0,0.0,6.5,0.0,0.17647058823529413,0.5,3.0,0.0,0.0,0.0,0.0047169811320754715,0
miaomi01w,6,SAC,0,0.2777777777777778,0.05555555555555555,0.2222222222222222,1.3333333333333333,0.26666666666666666,1.0666666666666667,0.9999975000062501,0.03703703429355301,0.007407406858710603,6,0.3333333333333333,1.6,0.04444444115226362,10,0.5555555555555556,2.6666666666666665,0.07407406858710602,0.7222222222222222,3.466666666666667,0.42857142857142855,0.35714285714285715,7.5,0.0,0.5294117647058824,0.8333333333333334,2.1666666666666665,0.16666666666666666,0.009174311926605505,0.01639344262295082,0.005925925925925926,0
millebr01w,10,DET,0,1.0,0.0,0.0,4.5,0.0,0.0,0.0,0.12499984375019532,0.0,1,1.0,4.5,0.12499984375019532,1,1.0,4.5,0.12499984375019532,1.0,4.5,0.5,0.5,8.0,0.0,0.029411764705882353,0.0,0.0,0.0,0.0,0.003816793893129771,0.0,0
milleco01w,2,WAS,0,0.3,0.0,0.2,1.5766423357664234,0.0,1.051094890510949,0.44444395061783265,0.04379561724119582,0.0,6,0.3,1.5766423357664234,0.04379561724119582,10,0.5,2.627737226277372,0.07299269540199303,0.5,2.627737226277372,0.5454545454545454,0.5454545454545454,6.85,0.0,0.5882352941176471,0.65,1.1428571428571428,0.0,0.0,0.023255813953488372,0.005714285714285714,0
milleco01w,3,WAS,0,1.03125,0.0625,2.25,1.3141592920353982,0.07964601769911504,2.8672566371681416,0.6206896016646894,0.03650442437495106,0.00221238935605764,35,1.09375,1.393805309734513,0.0387168137310087,107,3.34375,4.261061946902655,0.11836283054908374,2.625,3.345132743362832,0.4117647058823529,0.38823529411764707,28.25,1.0,0.9411764705882353,1.84375,2.411764705882353,0.058823529411764705,0.021052631578947368,0.14864864864864866,0.10155148095909731,0
milleco01w,4,WAS,0,1.1818181818181819,0.21212121212121213,2.1818181818181817,1.3048327137546467,0.2342007434944238,2.4089219330855016,0.566929089218182,0.03624535282299858,0.006505576147717694,46,1.393939393939394,1.5390334572490705,0.04275092897071627,118,3.5757575757575757,3.9479553903345725,0.10966542649009826,2.878787878787879,3.1784386617100373,0.4791666666666667,0.40625,32.60606060606061,1.0,0.9705882352941176,1.606060606060606,2.15,0.175,0.07,0.1822429906542056,0.10227272727272728,0
milleco01w,5,WAS,0,0.5454545454545454,0.09090909090909091,0.8484848484848485,1.0172684458398744,0.1695447409733124,1.5824175824175826,0.4444443738977184,0.02825745638528326,0.0047095760642138764,21,0.6363636363636364,1.1868131868131868,0.032967032449497134,49,1.4848484848484849,2.769230769230769,0.07692307571549332,1.8181818181818181,3.390894819466248,0.3442622950819672,0.29508196721311475,19.303030303030305,0.24242424242424243,0.9705882352941176,0.8181818181818182,2.263157894736842,0.15789473684210525,0.023255813953488372,0.0703125,0.03851444291609354,0
milleco01w,6,WAS,0,0.7647058823529411,0.08823529411764706,1.0294117647058822,1.8719999999999999,0.216,2.5200000000000005,0.5932202384372477,0.05199999896000002,0.005999999880000002,29,0.8529411764705882,2.088,0.057999998840000025,64,1.8823529411764706,4.6080000000000005,0.12799999744000007,1.5588235294117647,3.816,0.5370370370370371,0.48148148148148145,14.705882352941176,0.11764705882352941,1.0,0.8235294117647058,1.6296296296296295,0.1111111111111111,0.03896103896103896,0.09961685823754789,0.051622418879056046,0
milleco01w,7,WAS,0,1.0,0.11764705882352941,1.6176470588235294,1.8601823708206686,0.2188449848024316,3.0091185410334345,0.6043955379785123,0.051671731737511675,0.006079027263236668,38,1.1176470588235294,2.0790273556231003,0.057750759000748345,93,2.735294117647059,5.088145896656535,0.14133738387025252,2.1470588235294117,3.9939209726443767,0.5135135135135135,0.4594594594594595,19.352941176470587,0.11764705882352941,1.0,1.4411764705882353,1.6857142857142857,0.11428571428571428,0.03508771929824561,0.11074918566775244,0.07133592736705577,0
milleco01w,8,WAS,0,0.6333333333333333,0.06666666666666667,0.9666666666666667,1.5032967032967033,0.15824175824175823,2.2945054945054943,0.591836613910895,0.041758240840478224,0.004395604298997708,21,0.7,1.6615384615384616,0.04615384513947594,50,1.6666666666666667,3.956043956043956,0.1098901074749427,1.5,3.5604395604395602,0.45652173913043476,0.41304347826086957,15.166666666666666,0.06666666666666667,0.8823529411764706,0.9666666666666667,1.25,0.1,0.014925373134328358,0.06713780918727916,0.036989795918367346,0
milleco01w,9,WAS,0,0.7647058823529411,0.14705882352941177,1.1470588235294117,1.3183098591549296,0.2535211267605634,1.9774647887323944,0.45882347543253227,0.036619717794088485,0.007042253421940093,31,0.9117647058823529,1.5718309859154929,0.04366197121602858,70,2.0588235294117645,3.549295774647887,0.0985915479071613,1.8529411764705883,3.1943661971830988,0.484375,0.40625,20.88235294117647,0.17647058823529413,1.0,1.7058823529411764,1.7407407407407407,0.18518518518518517,0.05319148936170213,0.10743801652892562,0.05058365758754864,0
milleco01w,10,ATL,0,0.35294117647058826,0.058823529411764705,0.8823529411764706,1.0614250614250615,0.1769041769041769,2.6535626535626538,0.5999998800000239,0.029484028759606176,0.004914004793267696,14,0.4117647058823529,1.2383292383292384,0.03439803355287387,44,1.2941176470588236,3.891891891891892,0.10810810545188931,1.088235294117647,3.272727272727273,0.3684210526315789,0.3157894736842105,11.970588235294118,0.14705882352941177,1.0,0.9117647058823529,2.5384615384615383,0.15384615384615385,0.01639344262295082,0.03636363636363636,0.035046728971962614,0
milleke01w,2,CHA,0,0.34615384615384615,0.0,0.6538461538461539,1.44,0.0,2.72,0.6071426403061999,0.0399999982222223,0.0,9,0.34615384615384615,1.44,0.0399999982222223,26,1.0,4.16,0.11555555041975331,0.5384615384615384,2.2399999999999998,0.6,0.6,8.653846153846153,0.0,0.7647058823529411,0.34615384615384615,1.4,0.0,0.0,0.04128440366972477,0.0265625,0
milleke01w,3,CHA,0,0.6875,0.03125,1.15625,1.4296028880866427,0.06498194945848376,2.4043321299638993,0.5441175670415342,0.03971119061893158,0.0018050541190423445,23,0.71875,1.4945848375451263,0.041516244737973926,60,1.875,3.898916967509025,0.10830324714254067,1.21875,2.5342960288808665,0.575,0.55,17.3125,0.0,0.9411764705882353,0.84375,2.130434782608696,0.043478260869565216,0.009433962264150943,0.09090909090909091,0.05657492354740061,0
milleke01w,4,CHA,0,0.5294117647058824,0.058823529411764705,0.9705882352941176,1.2390057361376674,0.13766730401529637,2.27151051625239,0.6226413919544543,0.0344168253457586,0.0038240917050842886,20,0.5882352941176471,1.3766730401529637,0.038240917050842885,53,1.5588235294117647,3.6481835564053537,0.10133843018473365,1.2941176470588236,3.0286806883365203,0.4444444444444444,0.4,15.382352941176471,0.0,1.0,1.0294117647058822,2.473684210526316,0.10526315789473684,0.017241379310344827,0.06428571428571428,0.05238095238095238,0
milleke01w,5,IND,0,1.088235294117647,0.14705882352941177,2.3529411764705883,1.2153284671532847,0.16423357664233576,2.627737226277372,0.7407406721536415,0.03375912377957004,0.004562043753995952,42,1.2352941176470589,1.3795620437956204,0.03832116753356599,122,3.588235294117647,4.007299270072993,0.11131386759750121,2.3823529411764706,2.6605839416058394,0.5121951219512195,0.45121951219512196,32.23529411764706,1.0,1.0,2.176470588235294,2.789473684210526,0.13157894736842105,0.037037037037037035,0.14122137404580154,0.11331444759206799,0
milleke01w,6,IND,0,1.1764705882352942,0.058823529411764705,1.7647058823529411,1.3623462630085146,0.06811731315042574,2.043519394512772,0.6976743374797282,0.037842951392214275,0.0018921475696107137,42,1.2352941176470589,1.4304635761589404,0.039735098961824984,102,3.0,3.4739829706717127,0.0964995260501464,2.3823529411764706,2.7587511825922424,0.5121951219512195,0.4878048780487805,31.08823529411765,1.0,1.0,1.5588235294117647,1.975609756097561,0.04878048780487805,0.020833333333333332,0.11869436201780416,0.08928571428571429,0
milleke01w,7,PHO,0,1.037037037037037,0.2222222222222222,3.814814814814815,1.2383292383292384,0.2653562653562654,4.555282555282555,0.7152777281057133,0.03439803397545413,0.007371007280454456,34,1.2592592592592593,1.5036855036855037,0.041769041255908586,137,5.074074074074074,6.058968058968059,0.1683046662370434,2.740740740740741,3.272727272727273,0.4533333333333333,0.37333333333333335,30.14814814814815,0.8888888888888888,0.7941176470588235,2.7037037037037037,3.2413793103448274,0.20689655172413793,0.046875,0.10144927536231885,0.1268472906403941,0
milleke01w,8,PHO,0,1.2352941176470589,0.14705882352941177,3.5588235294117645,1.453846153846154,0.17307692307692307,4.188461538461539,0.7202380523667826,0.040384614996301776,0.004807692261464497,47,1.3823529411764706,1.626923076923077,0.045192307257766275,168,4.9411764705882355,5.815384615384616,0.1615384599852071,2.764705882352941,3.253846153846154,0.49473684210526314,0.4421052631578947,30.58823529411765,1.0,1.0,2.5294117647058822,3.627906976744186,0.11627906976744186,0.03125,0.14685314685314685,0.13844393592677345,0
milleke01w,9,PHO,0,0.6470588235294118,0.11764705882352941,2.8823529411764706,0.8380952380952381,0.1523809523809524,3.7333333333333334,0.6621621174214786,0.0232804230340696,0.004232804188012654,26,0.7647058823529411,0.9904761904761905,0.027513227222082253,124,3.6470588235294117,4.723809523809523,0.13121692982839228,1.9411764705882353,2.5142857142857142,0.3880597014925373,0.3283582089552239,27.794117647058822,1.0,1.0,2.4705882352941178,5.869565217391305,0.17391304347826086,0.025477707006369428,0.0944206008583691,0.11502347417840375,0
milleke01w,10,MIN,0,0.7058823529411765,0.058823529411764705,1.6176470588235294,1.28,0.10666666666666666,2.9333333333333336,0.7432431428049807,0.03555555502880659,0.002962962919067216,26,0.7647058823529411,1.3866666666666667,0.03851851794787381,81,2.3823529411764706,4.32,0.11999999822222225,1.6470588235294117,2.9866666666666664,0.45614035087719296,0.42105263157894735,19.852941176470587,0.7352941176470589,1.0,1.4705882352941178,2.68,0.08,0.015503875968992248,0.07947019867549669,0.07208387942332896,0
millsta01w,1,WAS,0,0.3225806451612903,0.25806451612903225,1.3225806451612903,1.2203389830508475,0.9762711864406779,5.003389830508475,0.512499935937508,0.033898303935650714,0.027118643148520572,18,0.5806451612903226,2.1966101694915254,0.06101694708417129,59,1.903225806451613,7.2,0.19999999322033923,2.2903225806451615,8.664406779661018,0.25,0.1388888888888889,9.516129032258064,0.0,0.9117647058823529,1.1935483870967742,0.8181818181818182,0.7272727272727273,0.06299212598425197,0.04065040650406504,0.0633693972179289,0
millsta01w,2,WAS,0,0.4666666666666667,0.13333333333333333,2.1666666666666665,1.5799373040752351,0.45141065830721,7.3354231974921635,0.6190475600907085,0.0438871459596506,0.012539184559900171,18,0.6,2.031347962382445,0.056426330519550774,83,2.7666666666666666,9.36677115987461,0.26018807961792856,2.4,8.12539184952978,0.2465753424657534,0.1917808219178082,10.633333333333333,0.0,0.8823529411764706,0.8333333333333334,0.4,0.26666666666666666,0.03125,0.05426356589147287,0.09285714285714286,0
millsta01w,3,WAS,0,0.25,0.0,0.75,2.1176470588235294,0.0,6.352941176470589,0.9999966666777778,0.058823494809708936,0.0,1,0.25,2.1176470588235294,0.058823494809708936,4,1.0,8.470588235294118,0.23529397923883574,0.75,6.352941176470589,0.25,0.25,4.25,0.0,0.11764705882352941,0.5,0.0,0.0,0.0,0.0045045045045045045,0.004231311706629055,0
millsta01w,4,SAS,0,0.13793103448275862,0.06896551724137931,0.9655172413793104,0.7783783783783784,0.3891891891891892,5.448648648648649,0.5090908165289424,0.02162162045288538,0.01081081022644269,6,0.20689655172413793,1.1675675675675676,0.03243243067932807,34,1.1724137931034482,6.616216216216216,0.18378377384952574,2.0,11.286486486486487,0.1016949152542373,0.06779661016949153,6.379310344827586,0.0,0.8529411764705882,0.7931034482758621,1.4,0.4,0.011904761904761904,0.02127659574468085,0.035175879396984924,0
millsta01w,8,DET,0,0.0,0.0,1.6,0.0,0.0,5.647058823529411,0.4444441975310014,0.0,0.0,0,0.0,0.0,0.0,8,1.6,5.647058823529411,0.15686271434064425,2.2,7.764705882352942,0.0,0.0,10.2,0.2,0.14705882352941177,1.2,2.0,0.0,0.0,0.0,0.008583690987124463,0
miltode01w,1,LAS,0,1.375,0.90625,4.34375,1.6113936927772126,1.0620549338758902,5.090539165818922,0.7164948084281026,0.04476093545512782,0.0295015256408797,73,2.28125,2.673448626653103,0.07426246109600752,212,6.625,7.763987792472025,0.21566632537470676,3.875,4.541200406917599,0.584,0.352,30.71875,1.0,0.9411764705882353,2.09375,1.511111111111111,0.6444444444444445,0.18471337579617833,0.16176470588235295,0.17729591836734693,0
miltode01w,2,LAS,0,1.53125,0.90625,3.0625,1.880597014925373,1.113006396588486,3.761194029850746,0.5798816224922116,0.05223880541323235,0.03091684402007629,78,2.4375,2.9936034115138592,0.08315564943330864,176,5.5,6.754797441364606,0.18763326025977334,3.15625,3.876332622601279,0.7647058823529411,0.4803921568627451,29.3125,0.84375,0.9411764705882353,1.8125,1.36,0.58,0.20863309352517986,0.17375886524822695,0.12962962962962962,0
miltode01w,3,LAS,0,1.5625,1.09375,4.5625,1.863354037267081,1.3043478260869565,5.440993788819876,0.6919430951685737,0.05175983383271394,0.03623188368289976,85,2.65625,3.1677018633540373,0.08799171751561369,231,7.21875,8.608695652173914,0.2391304323071384,3.8125,4.546583850931677,0.6910569105691057,0.4065040650406504,30.1875,0.78125,0.9411764705882353,2.9375,0.8823529411764706,0.6862745098039216,0.21604938271604937,0.1937984496124031,0.17914110429447852,0
miltode01w,4,LAS,0,1.5806451612903225,1.3225806451612903,5.193548387096774,1.6243093922651934,1.3591160220994476,5.337016574585636,0.7318181485537205,0.04511970492523292,0.0377532224884602,90,2.903225806451613,2.983425414364641,0.08287292741369312,251,8.096774193548388,8.320441988950275,0.23112338645374414,3.5161290322580645,3.613259668508287,0.8181818181818182,0.44545454545454544,35.03225806451613,0.967741935483871,0.9117647058823529,2.5483870967741935,1.28,0.82,0.25308641975308643,0.20164609053497942,0.1977886977886978,0
miltode01w,5,LAS,0,1.2105263157894737,0.5263157894736842,2.8947368421052633,1.370860927152318,0.5960264900662252,3.278145695364238,0.6111110432098841,0.038079469568220704,0.0165562911166177,33,1.736842105263158,1.966887417218543,0.0546357606848384,88,4.631578947368421,5.245033112582782,0.14569536182623574,3.3157894736842106,3.754966887417219,0.515625,0.359375,31.789473684210527,1.0,0.5588235294117647,2.526315789473684,1.2916666666666667,0.4166666666666667,0.06711409395973154,0.08745247148288973,0.06790123456790123,0
miltode01w,6,WAS,0,1.7272727272727273,0.5454545454545454,3.8484848484848486,1.9195509822263799,0.6061739943872779,4.27689429373246,0.7383720500946482,0.05332086011860748,0.01683816635324447,75,2.272727272727273,2.5257249766136574,0.07015902647185195,202,6.121212121212121,6.802619270346118,0.1889616446308546,3.5454545454545454,3.940130963517306,0.635593220338983,0.4830508474576271,32.39393939393939,0.9090909090909091,0.9705882352941176,2.272727272727273,1.0,0.3103448275862069,0.23376623376623376,0.21839080459770116,0.1873156342182891,0
miltode01w,7,WAS,0,1.5217391304347827,0.7391304347826086,3.869565217391304,1.8666666666666667,0.9066666666666667,4.746666666666667,0.7946427861926083,0.051851851083676286,0.025185184812071337,52,2.260869565217391,2.7733333333333334,0.07703703589574762,141,6.130434782608695,7.5200000000000005,0.20888888579423873,3.782608695652174,4.64,0.5909090909090909,0.3977272727272727,29.347826086956523,0.8695652173913043,0.6764705882352942,2.9130434782608696,1.3333333333333333,0.4722222222222222,0.14912280701754385,0.11400651465798045,0.11543450064850844,0
miltode01w,8,WAS,0,1.5294117647058822,1.1176470588235294,5.0588235294117645,1.6406660823838737,1.1989482909728308,5.426818580192813,0.7926266915840234,0.045574057444574434,0.033304118901804396,90,2.6470588235294117,2.8396143733567047,0.07887817634637882,262,7.705882352941177,8.266432953549518,0.22962313558612502,3.1470588235294117,3.375985977212971,0.8333333333333334,0.48148148148148145,33.55882352941177,1.0,1.0,3.5588235294117645,1.0377358490566038,0.7169811320754716,0.2835820895522388,0.18374558303886926,0.2193877551020408,0
miltode01w,9,LAS,0,1.096774193548387,0.5806451612903226,4.258064516129032,1.204724409448819,0.6377952755905512,4.677165354330708,0.6734693533944207,0.0334645665997582,0.01771653525869552,52,1.6774193548387097,1.8425196850393701,0.051181101858453724,184,5.935483870967742,6.51968503937008,0.18110236042222086,3.5161290322580645,3.862204724409449,0.4727272727272727,0.3090909090909091,32.774193548387096,1.0,0.9117647058823529,3.193548387096774,2.085714285714286,0.5142857142857142,0.08294930875576037,0.1349206349206349,0.14715719063545152,0
miltode01w,10,LAS,0,1.2424242424242424,0.24242424242424243,3.212121212121212,1.415148609779482,0.27612655800575264,3.658676893576222,0.6751591926650196,0.03930968322809508,0.007670182093286845,49,1.4848484848484849,1.691275167785235,0.046979865321381924,155,4.696969696969697,5.349952061361457,0.1486097780574326,2.5454545454545454,2.8993288590604025,0.5764705882352941,0.4823529411764706,31.606060606060606,1.0,0.9705882352941176,2.242424242424242,1.6904761904761905,0.19047619047619047,0.04790419161676647,0.18807339449541285,0.11990950226244344,0
mitchle01w,9,NYL,0,0.5,0.08823529411764706,1.2647058823529411,1.1814671814671813,0.2084942084942085,2.988416988416988,0.754385832563889,0.032818532184970425,0.005791505679700663,20,0.5882352941176471,1.3899613899613898,0.038610037864671085,63,1.8529411764705883,4.378378378378379,0.12162161927371391,1.2647058823529411,2.988416988416988,0.45454545454545453,0.38636363636363635,15.235294117647058,0.14705882352941177,1.0,1.1470588235294117,5.388888888888889,0.16666666666666666,0.025423728813559324,0.058419243986254296,0.055198973042362,0
mitchle01w,10,NYL,0,0.2647058823529412,0.058823529411764705,0.9705882352941176,0.7431192660550459,0.1651376146788991,2.724770642201835,0.8048778524688164,0.020642201361417402,0.004587155858092756,11,0.3235294117647059,0.9082568807339451,0.025229357219510157,44,1.2941176470588236,3.6330275229357802,0.10091742887804063,1.3529411764705883,3.798165137614679,0.23404255319148937,0.19148936170212766,12.823529411764707,0.058823529411764705,1.0,0.7647058823529411,7.6,0.2,0.01639344262295082,0.032490974729241874,0.0410958904109589,0
moeggli01w,7,CHI,0,0.37037037037037035,0.2222222222222222,0.7037037037037037,1.2996389891696751,0.779783393501805,2.4693140794223827,0.41304338846882854,0.03610108172920283,0.021660649037521698,16,0.5925925925925926,2.0794223826714804,0.05776173076672453,35,1.2962962962962963,4.548736462093863,0.1263537860522099,0.5185185185185185,1.819494584837545,1.0666666666666667,0.6666666666666666,10.25925925925926,0.037037037037037035,0.7941176470588235,0.5555555555555556,1.5454545454545454,0.5454545454545454,0.047619047619047616,0.03597122302158273,0.027900146842878122,0
moeggli01w,8,CHI,0,0.13043478260869565,0.08695652173913043,0.21739130434782608,0.5242718446601942,0.3495145631067961,0.8737864077669902,0.16129027055152564,0.014563106089169607,0.009708737392779738,5,0.21739130434782608,0.8737864077669902,0.024271843481949346,10,0.43478260869565216,1.7475728155339805,0.04854368696389869,0.6521739130434783,2.6213592233009706,0.3125,0.1875,8.956521739130435,0.0,0.6764705882352942,0.43478260869565216,1.5,0.5,0.017699115044247787,0.011406844106463879,0.006385696040868455,0
moisead01w,2,PHO,0,0.8571428571428571,0.0,1.7142857142857142,1.7560975609756098,0.0,3.5121951219512195,0.749999531250293,0.048780483838985055,0.0,6,0.8571428571428571,1.7560975609756098,0.048780483838985055,18,2.5714285714285716,5.268292682926829,0.14634145151695516,1.5714285714285714,3.2195121951219514,0.5,0.5,17.571428571428573,0.0,0.20588235294117646,2.2857142857142856,2.4285714285714284,0.0,0.0,0.020477815699658702,0.01866251944012442,0
moisead01w,3,PHO,0,0.9375,0.09375,1.40625,1.7447495961227788,0.17447495961227785,2.617124394184168,0.7499998750000207,0.0484652657760054,0.00484652657760054,33,1.03125,1.9192245557350565,0.05331179235360594,78,2.4375,4.536348949919225,0.12600969101761406,1.65625,3.0823909531502425,0.6111111111111112,0.5555555555555556,19.34375,0.125,0.9411764705882353,2.25,2.5483870967741935,0.0967741935483871,0.031578947368421054,0.11194029850746269,0.07177033492822966,0
moisead01w,8,PHO,0,0.75,0.0,1.0,3.4838709677419355,0.0,4.64516129032258,0.571427755103207,0.09677416233091538,0.0,3,0.75,3.4838709677419355,0.09677416233091538,7,1.75,8.129032258064516,0.22580637877213589,0.5,2.32258064516129,1.0,1.0,7.75,0.0,0.11764705882352941,2.5,0.75,0.0,0.0,0.01048951048951049,0.004576659038901602,0
montaan01w,10,MIN,0,0.5625,0.0,0.6875,1.9171597633136095,0.0,2.3431952662721893,0.4230767603550922,0.0532544347186725,0.0,9,0.5625,1.9171597633136095,0.0532544347186725,20,1.25,4.260355029585798,0.11834318826371668,1.0625,3.621301775147929,0.5,0.5,10.5625,0.0625,0.47058823529411764,0.75,1.9,0.0,0.0,0.029801324503311258,0.014416775884665793,0
montgre01w,10,MIN,0,0.7352941176470589,0.2647058823529412,1.5,1.1780104712041886,0.42408376963350786,2.4031413612565444,0.7727271556474006,0.032722512660700094,0.011780104557852035,34,1.0,1.6020942408376964,0.04450261721855213,85,2.5,4.005235602094241,0.11125654304638033,1.088235294117647,1.743455497382199,0.8947368421052632,0.6578947368421053,22.470588235294116,0.2647058823529412,1.0,1.9411764705882353,2.769230769230769,0.34615384615384615,0.06976744186046512,0.08278145695364239,0.06684141546526867,0
mooreja01w,3,IND,0,0.2777777777777778,0.05555555555555555,1.1111111111111112,1.40625,0.28125,5.625,0.6896549346017466,0.039062496948242424,0.007812499389648485,6,0.3333333333333333,1.6875,0.04687499633789091,26,1.4444444444444444,7.3125,0.2031249841308606,0.8888888888888888,4.5,0.35294117647058826,0.29411764705882354,7.111111111111111,0.1111111111111111,0.5294117647058824,0.7777777777777778,0.5,0.16666666666666666,0.009900990099009901,0.01858736059479554,0.031545741324921134,0
mooreje01w,6,CHA,1,0.0,0.0,0.6666666666666666,0.0,0.0,2.9387755102040813,0.7999984000032001,0.0,0.0,0,0.0,0.0,0.0,4,0.6666666666666666,2.9387755102040813,0.08163263640150277,1.5,6.612244897959184,0.0,0.0,8.166666666666666,0.0,0.17647058823529413,0.6666666666666666,2.0,0.0,0.0,0.0,0.006557377049180328,0
mooreje01w,6,LAS,2,0.26666666666666666,0.0,0.26666666666666666,1.3211009174311927,0.0,1.3211009174311927,0.4999993750007813,0.03669724433970235,0.0,4,0.26666666666666666,1.3211009174311927,0.03669724433970235,8,0.5333333333333333,2.6422018348623855,0.0733944886794047,1.4,6.935779816513762,0.18181818181818182,0.18181818181818182,7.266666666666667,0.0,0.4411764705882353,0.3333333333333333,0.2,0.0,0.0,0.01509433962264151,0.005847953216374269,0
mooreje01w,7,LAS,0,0.6470588235294118,0.2647058823529412,1.8529411764705883,1.212863705972435,0.49617151607963245,3.4732006125574273,0.6428570772594819,0.033690657983297734,0.013782541902258165,31,0.9117647058823529,1.7090352220520675,0.0474731998855559,94,2.764705882352941,5.182235834609495,0.14395099320136304,2.323529411764706,4.355283307810107,0.3875,0.275,19.205882352941178,0.9705882352941176,1.0,0.8235294117647058,1.0434782608695652,0.391304347826087,0.06923076923076923,0.07407407407407407,0.0738569753810082,0
mooreje01w,8,LAS,0,0.20689655172413793,0.20689655172413793,1.793103448275862,0.4909090909090909,0.4909090909090909,4.254545454545455,0.5909090237603382,0.013636363326446289,0.013636363326446289,12,0.41379310344827586,0.9818181818181818,0.027272726652892577,64,2.206896551724138,5.236363636363636,0.1454545421487604,2.206896551724138,5.236363636363636,0.18461538461538463,0.09230769230769231,15.172413793103448,0.5862068965517241,0.8529411764705882,1.1379310344827587,2.5714285714285716,0.8571428571428571,0.05555555555555555,0.024390243902439025,0.0663265306122449,0
mooreje01w,9,LAS,0,0.14285714285714285,0.17857142857142858,1.0,0.46601941747572817,0.5825242718446602,3.2621359223300974,0.6222220839506479,0.012944983399838727,0.016181229249798406,9,0.32142857142857145,1.0485436893203883,0.029126212649637134,37,1.3214285714285714,4.310679611650485,0.11974109644850822,1.7142857142857142,5.592233009708737,0.1836734693877551,0.08163265306122448,11.035714285714286,0.07142857142857142,0.8235294117647058,0.6071428571428571,3.4,1.0,0.02304147465437788,0.015873015873015872,0.03121516164994426,0
mooreje01w,10,IND,0,0.6129032258064516,0.1935483870967742,1.8064516129032258,1.1158238172920065,0.35236541598694937,3.2887438825448614,0.5833332725694508,0.03099510553025929,0.009787928062187144,25,0.8064516129032258,1.468189233278956,0.040783033592446435,81,2.6129032258064515,4.756933115823817,0.13213702883952644,2.7419354838709675,4.99184339314845,0.29069767441860467,0.22093023255813954,19.774193548387096,0.2903225806451613,0.9117647058823529,1.032258064516129,0.7,0.3,0.05084745762711865,0.05080213903743316,0.07170294494238157,0
moorelo01w,6,NYL,0,0.4166666666666667,0.0,0.9583333333333334,1.978021978021978,0.0,4.549450549450549,0.8518515363512829,0.05494505192609605,0.0,10,0.4166666666666667,1.978021978021978,0.05494505192609605,33,1.375,6.527472527472527,0.18131867135611696,0.5,2.3736263736263736,0.7692307692307693,0.7692307692307693,7.583333333333333,0.0,0.7058823529411765,1.0416666666666667,1.7272727272727273,0.0,0.0,0.046511627906976744,0.03137789904502047,0
moorelo01w,7,NYL,0,1.7941176470588236,0.29411764705882354,3.323529411764706,2.30672268907563,0.3781512605042017,4.273109243697479,0.7847221677276273,0.06407562957903751,0.010504201570334017,71,2.088235294117647,2.6848739495798317,0.07457983114937153,184,5.411764705882353,6.957983193277311,0.19327730889414593,2.6470588235294117,3.403361344537815,0.7802197802197802,0.6703296703296703,28.0,0.8529411764705882,1.0,1.911764705882353,1.967741935483871,0.16129032258064516,0.08849557522123894,0.24110671936758893,0.15332428765264586,0
moorelo01w,8,NYL,0,2.2058823529411766,0.14705882352941177,2.8823529411764706,2.3215821152192606,0.15477214101461736,3.0335339638865,0.7101448760764583,0.06448839153492354,0.004299226102328237,80,2.3529411764705883,2.476354256233878,0.06878761763725179,178,5.235294117647059,5.509888220120379,0.15305244924288522,2.735294117647059,2.878761822871883,0.851063829787234,0.7978723404255319,34.205882352941174,0.9705882352941176,1.0,2.911764705882353,2.1447368421052633,0.06578947368421052,0.045454545454545456,0.25862068965517243,0.12420785804816223,0
moorelo01w,9,NYL,0,1.5172413793103448,0.13793103448275862,2.8275862068965516,1.9579728059332508,0.1779975278121137,3.648949320148331,0.732142791772965,0.054388132825857444,0.004944375711441586,48,1.6551724137931034,2.1359703337453646,0.05933250853729903,130,4.482758620689655,5.784919653893696,0.16069221062185154,2.4482758620689653,3.1594561186650183,0.6666666666666666,0.6111111111111112,27.896551724137932,1.0,0.8529411764705882,2.6551724137931036,2.933333333333333,0.08888888888888889,0.03389830508474576,0.15120274914089346,0.10526315789473684,0
moorelo01w,10,NYL,0,1.9411764705882353,0.058823529411764705,3.1176470588235294,2.524973432518597,0.07651434643995748,4.055260361317747,0.8479999321600054,0.07013815015793677,0.0021253984896344477,68,2.0,2.6014877789585547,0.07226354864757122,174,5.117647058823529,6.656748140276301,0.18490966859819694,1.6176470588235294,2.104144527098831,1.2142857142857142,1.1785714285714286,27.676470588235293,0.9411764705882353,1.0,2.2941176470588234,1.9850746268656716,0.029850746268656716,0.01639344262295082,0.23826714801444043,0.1320049813200498,0
moorena01w,8,MIN,0,0.15789473684210525,0.0,0.631578947368421,1.2413793103448276,0.0,4.9655172413793105,0.7999994666670223,0.034482754657154634,0.0,3,0.15789473684210525,1.2413793103448276,0.034482754657154634,15,0.7894736842105263,6.206896551724139,0.17241377328577318,1.105263157894737,8.689655172413794,0.13636363636363635,0.13636363636363635,4.578947368421052,0.0,0.5588235294117647,0.3684210526315789,1.0,0.0,0.0,0.012552301255230125,0.015267175572519083,0
moorena01w,9,MIN,0,0.25,0.1875,0.5,1.1520000000000001,0.864,2.3040000000000003,0.5333329777780148,0.031999997440000205,0.023999998080000154,7,0.4375,2.016,0.05599999552000036,15,0.9375,4.32,0.11999999040000077,1.125,5.183999999999999,0.3684210526315789,0.21052631578947367,7.8125,0.0,0.47058823529411764,0.1875,1.0,0.6,0.022727272727272728,0.012903225806451613,0.01008827238335435,0
mooreta01w,3,MIA,1,1.4,0.0,0.8,3.0361445783132526,0.0,1.7349397590361446,0.571427755103207,0.08433733923646515,0.0,7,1.4,3.0361445783132526,0.08433733923646515,11,2.2,4.771084337349398,0.13253010451444525,3.2,6.9397590361445785,0.4117647058823529,0.4117647058823529,16.6,0.6,0.14705882352941177,2.2,1.25,0.0,0.0,0.025454545454545455,0.006968641114982578,0
mooreta01w,3,MIN,2,0.8846153846153846,0.34615384615384615,2.1538461538461537,1.2679938744257275,0.49617151607963245,3.0872894333843797,0.736842008310262,0.035222051527993084,0.013782541902258165,32,1.2307692307692308,1.76416539050536,0.04900459343025125,88,3.3846153846153846,4.85145482388974,0.13476263193319094,2.5,3.583460949464012,0.48484848484848486,0.3484848484848485,25.115384615384617,0.7692307692307693,0.7647058823529411,2.8461538461538463,3.25,0.375,0.08737864077669903,0.1013215859030837,0.08602150537634409,0
mooreta01w,4,DET,1,0.26666666666666666,0.13333333333333333,0.4,2.1818181818181817,1.0909090909090908,3.272727272727273,0.666665925926749,0.06060605142332554,0.03030302571166277,6,0.4,3.272727272727273,0.0909090771349883,12,0.8,6.545454545454546,0.1818181542699766,0.3333333333333333,2.7272727272727275,1.0,0.6666666666666666,4.4,0.0,0.4411764705882353,0.4,0.8,0.4,0.012578616352201259,0.015151515151515152,0.007042253521126761,0
mooreta01w,4,PHO,2,0.45454545454545453,0.36363636363636365,1.4545454545454546,1.6363636363636365,1.309090909090909,5.236363636363636,0.8421048199448317,0.045454541322314426,0.03636363305785154,9,0.8181818181818182,2.9454545454545453,0.08181817438016596,25,2.272727272727273,8.181818181818182,0.22727270661157212,0.8181818181818182,2.9454545454545453,0.9,0.5,10.0,0.0,0.3235294117647059,0.9090909090909091,1.3333333333333333,0.6666666666666666,0.03571428571428571,0.01607717041800643,0.024844720496894408,0
mooreta01w,5,PHO,0,0.8125,0.28125,0.65625,2.418604651162791,0.8372093023255813,1.9534883720930232,0.7499997321429528,0.067183460796293,0.023255813352562965,35,1.09375,3.255813953488372,0.09043927414885597,56,1.75,5.209302325581395,0.14470283863816955,1.4375,4.27906976744186,0.7446808510638298,0.5531914893617021,12.09375,0.0,0.9411764705882353,1.0625,1.962962962962963,0.3333333333333333,0.06521739130434782,0.09187279151943463,0.03215926493108729,0
mooreta01w,6,NYL,0,0.0,0.0,1.0,0.0,0.0,5.25,0.9999985714306123,0.0,0.0,0,0.0,0.0,0.0,7,1.0,5.25,0.1458333029513952,0.8571428571428571,4.5,0.0,0.0,6.857142857142857,0.0,0.20588235294117646,0.5714285714285714,6.0,0.0,0.0,0.0,0.009549795361527967,0
mooreta01w,7,LAS,0,0.9705882352941176,0.23529411764705882,1.6176470588235294,1.8738170347003156,0.45425867507886436,3.1230283911671926,0.7746477782186227,0.052050472365134506,0.012618296330941699,41,1.2058823529411764,2.32807570977918,0.06466876869607621,96,2.823529411764706,5.451104100946372,0.15141955597130038,1.7352941176470589,3.3501577287066246,0.6833333333333333,0.55,18.647058823529413,0.9705882352941176,1.0,1.1176470588235294,1.911764705882353,0.23529411764705882,0.06153846153846154,0.1111111111111111,0.06447831184056271,0
mooreta01w,8,HOU,0,1.0666666666666667,0.13333333333333333,1.1333333333333333,1.9930795847750866,0.24913494809688583,2.1176470588235294,0.6799997280001088,0.055363319883622156,0.0069204149854527695,18,1.2,2.242214532871972,0.06228373486907492,35,2.3333333333333335,4.359861591695502,0.12110726224542347,2.533333333333333,4.73356401384083,0.46153846153846156,0.41025641025641024,19.266666666666666,0.6,0.4411764705882353,2.1333333333333333,2.588235294117647,0.11764705882352941,0.01818181818181818,0.05517241379310345,0.02204928664072633,0
moosca01w,3,MIA,0,0.0,0.5,0.0,0.0,6.0,0.0,0.0,0.0,0.16666638888935187,1,0.5,6.0,0.16666638888935187,1,0.5,6.0,0.16666638888935187,1.0,12.0,0.3333333333333333,0.0,3.0,0.0,0.058823529411764705,0.0,0.0,1.0,0.010309278350515464,0.0,0.0,0
mosbybe01w,8,WAS,0,0.2857142857142857,0.21428571428571427,1.8928571428571428,1.032258064516129,0.7741935483870969,6.838709677419354,0.6794870923734496,0.028673834097712042,0.02150537557328403,14,0.5,1.806451612903226,0.050179209670996074,67,2.392857142857143,8.64516129032258,0.24014336056833835,0.7857142857142857,2.8387096774193545,0.6086956521739131,0.34782608695652173,9.964285714285714,0.0,0.8235294117647058,0.6785714285714286,1.1111111111111112,0.6666666666666666,0.04477611940298507,0.028268551236749116,0.06760204081632654,0
mosbybe01w,9,WAS,0,0.08333333333333333,0.2916666666666667,1.5,0.39344262295081966,1.3770491803278688,7.081967213114754,0.6792451548594047,0.010928961151422887,0.038251364029980105,9,0.375,1.7704918032786885,0.049180325181402994,45,1.875,8.852459016393443,0.24590162590701498,0.8333333333333334,3.9344262295081966,0.42857142857142855,0.09523809523809523,7.625,0.041666666666666664,0.7058823529411765,0.5,0.6666666666666666,2.3333333333333335,0.07446808510638298,0.008264462809917356,0.04669260700389105,0
mosbybe01w,10,WAS,0,0.3333333333333333,0.041666666666666664,0.9166666666666666,1.7041420118343196,0.21301775147928995,4.686390532544379,0.5945944338933962,0.04733727530548667,0.005917159413185834,9,0.375,1.9171597633136095,0.0532544347186725,31,1.2916666666666667,6.603550295857988,0.18343194180876082,1.2083333333333333,6.177514792899408,0.3,0.26666666666666666,7.041666666666667,0.0,0.7058823529411765,0.6666666666666666,0.3333333333333333,0.1111111111111111,0.008403361344537815,0.025396825396825397,0.02736318407960199,0
moweje01w,2,POR,0,0.0,0.2,0.4,0.0,2.1176470588235294,4.235294117647059,0.6666644444518518,0.0,0.058823494809708936,1,0.2,2.1176470588235294,0.058823494809708936,3,0.6,6.352941176470589,0.1764704844291268,1.0,10.588235294117647,0.16666666666666666,0.0,3.4,0.0,0.14705882352941177,0.4,0.0,1.0,0.009345794392523364,0.0,0.0028694404591104736,0
moweje01w,3,POR,0,0.0,0.0,0.0,0.0,0.0,0.0,0.0,0.0,0.0,0,0.0,0.0,0.0,0,0.0,0.0,0.0,0.6,6.75,0.0,0.0,3.2,0.0,0.14705882352941177,0.2,0.0,0.0,0.0,0.0,0.0,0
moweje01w,4,LAS,0,0.0,1.0,1.0,0.0,1.7142857142857142,1.7142857142857142,0.9999900000999989,0.0,0.04761902494332146,1,1.0,1.7142857142857142,0.04761902494332146,2,2.0,3.4285714285714284,0.09523804988664292,3.0,5.142857142857142,0.25,0.0,21.0,0.0,0.029411764705882353,1.0,0.0,1.0,0.006172839506172839,0.0,0.0012285012285012285,0
mulitna01w,1,UTA,0,0.18181818181818182,0.2727272727272727,1.0,0.4948453608247423,0.7422680412371134,2.721649484536082,0.647058633218049,0.01374570399499299,0.020618555992489487,10,0.45454545454545453,1.2371134020618557,0.03436425998748248,32,1.4545454545454546,3.9587628865979383,0.10996563195994392,1.6818181818181819,4.577319587628866,0.2631578947368421,0.10526315789473684,13.227272727272727,0.13636363636363635,0.6470588235294118,1.3636363636363635,1.2,1.2,0.0379746835443038,0.018604651162790697,0.030013642564802184,0
murphsh01w,8,MIN,0,0.59375,0.25,1.6875,1.5688073394495414,0.6605504587155964,4.458715596330276,0.5192307193047385,0.04357798065188118,0.018348623432371022,27,0.84375,2.229357798165138,0.061926604084252206,81,2.53125,6.6880733944954125,0.1857798122527566,1.5,3.963302752293578,0.5510204081632653,0.3877551020408163,13.625,0.0,0.9411764705882353,0.625,0.85,0.4,0.08333333333333333,0.0794979079497908,0.06870229007633588,0
murphsh01w,9,DET,2,0.46153846153846156,0.15384615384615385,1.0,1.7704918032786885,0.5901639344262295,3.8360655737704916,0.619047324263179,0.049180323837678376,0.016393441279226123,8,0.6153846153846154,2.360655737704918,0.06557376511690449,21,1.6153846153846154,6.19672131147541,0.1721311334318743,1.2307692307692308,4.721311475409836,0.47058823529411764,0.35294117647058826,9.384615384615385,0.23076923076923078,0.38235294117647056,0.6923076923076923,1.0,0.2857142857142857,0.01680672268907563,0.021505376344086023,0.015402843601895734,0
murphsh01w,9,MIN,1,0.0,0.0,0.0,0.0,0.0,0.0,0.0,0.0,0.0,0,0.0,0.0,0.0,0,0.0,0.0,0.0,1.0,14.4,0.0,0.0,2.5,0.0,0.058823529411764705,0.0,0.0,0.0,0.0,0.0,0.0,0
murphsh01w,9,WAS,3,0.0,0.0,0.0,0.0,0.0,0.0,0.0,0.0,0.0,0,0.0,0.0,0.0,0,0.0,0.0,0.0,0.5,3.272727272727273,0.0,0.0,5.5,0.0,0.058823529411764705,1.0,1.0,0.0,0.0,0.0,0.0,0
murphsh01w,10,IND,0,0.25,0.08333333333333333,0.7916666666666666,1.161290322580645,0.38709677419354843,3.67741935483871,0.4523808446712274,0.03225806278182458,0.010752687593941527,8,0.3333333333333333,1.5483870967741937,0.043010750375766106,27,1.125,5.225806451612904,0.14516128251821062,1.25,5.806451612903226,0.25806451612903225,0.1935483870967742,7.75,0.0,0.7058823529411765,0.375,1.4285714285714286,0.2857142857142857,0.01694915254237288,0.016042780748663103,0.024327784891165175,0
nagyan01w,1,WAS,0,0.7391304347826086,0.34782608695652173,2.3043478260869565,0.8818443804034581,0.41498559077809793,2.749279538904899,0.841269707734967,0.024495676880465753,0.011527377355513294,25,1.0869565217391304,1.2968299711815563,0.03602305423597905,78,3.391304347826087,4.046109510086455,0.11239192921625463,2.391304347826087,2.8530259365994235,0.44642857142857145,0.30357142857142855,30.17391304347826,1.0,0.6764705882352942,2.391304347826087,6.555555555555555,0.4444444444444444,0.06299212598425197,0.06910569105691057,0.08191653786707882,0
nagyan01w,2,NYL,0,0.08695652173913043,0.13043478260869565,0.391304347826087,0.3380281690140845,0.5070422535211268,1.5211267605633803,0.9999988888901234,0.009389670920672727,0.01408450638100909,5,0.21739130434782608,0.8450704225352113,0.023474177301681817,14,0.6086956521739131,2.366197183098592,0.06572769644470909,1.0869565217391304,4.225352112676056,0.19230769230769232,0.07692307692307693,9.26086956521739,0.0,0.6764705882352942,1.0,8.0,1.0,0.03614457831325301,0.007518796992481203,0.01361573373676248,0
nagyan01w,3,SAC,0,0.4166666666666667,0.16666666666666666,1.0833333333333333,0.880195599022005,0.35207823960880197,2.2885085574572126,0.8965514149822708,0.024449877152814742,0.009779950861125897,14,0.5833333333333334,1.2322738386308068,0.03422982801394064,40,1.6666666666666667,3.52078239608802,0.09779950861125897,2.125,4.488997555012225,0.2692307692307692,0.19230769230769232,17.041666666666668,0.3333333333333333,0.7058823529411765,1.2916666666666667,6.636363636363637,0.36363636363636365,0.03636363636363636,0.04032258064516129,0.040061633281972264,0
nanch01w,10,CHI,0,0.3076923076923077,0.34615384615384615,1.2307692307692308,0.9,1.0125,3.6,0.581818076033077,0.024999999218750027,0.02812499912109378,17,0.6538461538461539,1.9124999999999999,0.053124998339843806,49,1.8846153846153846,5.5125,0.1531249952148439,1.4615384615384615,4.2749999999999995,0.4358974358974359,0.20512820512820512,12.307692307692308,0.19230769230769232,0.7647058823529411,1.1153846153846154,0.6666666666666666,1.0,0.06474820143884892,0.032,0.04118404118404118,0
ndiayas01w,1,DET,0,0.71875,0.6875,3.8125,0.9539170506912442,0.9124423963133641,5.059907834101383,0.6524063822242576,0.026497695547261575,0.02534562182781542,45,1.40625,1.866359447004608,0.05184331737507699,167,5.21875,6.926267281105991,0.19239631114750794,2.71875,3.608294930875576,0.5113636363636364,0.26136363636363635,27.125,1.0,0.9411764705882353,2.0,1.6666666666666667,0.9166666666666666,0.24719101123595505,0.08812260536398467,0.18914728682170542,0
ndiayas01w,2,DET,0,0.6875,0.875,3.46875,0.8674698795180723,1.1040525739320919,4.376779846659365,0.6491227690571479,0.024096385278243315,0.03066812671776422,50,1.5625,1.9715224534501643,0.054764511996007535,161,5.03125,6.348302300109529,0.17634172862714426,2.5625,3.2332968236582693,0.6024096385542169,0.26506024096385544,28.53125,0.96875,0.9411764705882353,2.28125,2.130434782608696,1.2173913043478262,0.3373493975903614,0.09734513274336283,0.17845659163987138,0
ndiayas01w,3,DET,0,0.53125,0.375,3.6875,0.788659793814433,0.5567010309278351,5.4742268041237105,0.7283950167657397,0.021907216212535875,0.01546391732649591,29,0.90625,1.345360824742268,0.037371133539031785,147,4.59375,6.819587628865979,0.1894329872495749,2.03125,3.015463917525773,0.4393939393939394,0.25757575757575757,24.25,1.0,0.9411764705882353,1.8125,2.1666666666666665,0.6666666666666666,0.09022556390977443,0.08415841584158416,0.1638888888888889,0
ndiayas01w,4,DET,0,0.2727272727272727,0.09090909090909091,0.8181818181818182,1.542857142857143,0.5142857142857142,4.628571428571428,0.6428566836737974,0.042857136734694753,0.01428571224489825,4,0.36363636363636365,2.057142857142857,0.057142848979593,13,1.1818181818181819,6.685714285714286,0.18571425918367726,0.2727272727272727,1.542857142857143,1.0,0.75,6.363636363636363,0.18181818181818182,0.3235294117647059,0.8181818181818182,0.25,0.25,0.006289308176100629,0.011363636363636364,0.01056338028169014,0
ndiayas01w,5,IND,0,0.1,0.3,0.9,0.4864864864864865,1.4594594594594597,4.378378378378379,0.8181810743808415,0.013513511687363285,0.04054053506208986,4,0.4,1.945945945945946,0.05405404674945314,13,1.3,6.324324324324325,0.1756756519357227,0.7,3.4054054054054057,0.5,0.125,7.4,0.0,0.29411764705882354,0.8,2.0,1.5,0.022222222222222223,0.003816793893129771,0.012747875354107648,0
ndiayas01w,7,HOU,0,0.09090909090909091,0.09090909090909091,1.8181818181818181,0.28346456692913385,0.28346456692913385,5.669291338582677,0.6666664444445185,0.007874015128030305,0.007874015128030305,2,0.18181818181818182,0.5669291338582677,0.01574803025606061,22,2.0,6.2362204724409445,0.1732283328166667,1.2727272727272727,3.968503937007874,0.13333333333333333,0.06666666666666667,11.545454545454545,0.2727272727272727,0.3235294117647059,0.9090909090909091,4.0,0.5,0.011764705882352941,0.003952569169960474,0.024301336573511544,0
ndiayas01w,8,SEA,0,0.25,0.25,0.75,0.6206896551724138,0.6206896551724138,1.8620689655172413,0.4285708163274053,0.017241376337693733,0.017241376337693733,2,0.5,1.2413793103448276,0.03448275267538747,5,1.25,3.1034482758620694,0.08620688168846867,1.5,3.7241379310344827,0.2857142857142857,0.14285714285714285,14.5,0.0,0.11764705882352941,1.25,0.0,0.5,0.006578947368421052,0.00411522633744856,0.0036540803897685747,0
ndongem01w,7,LAS,0,0.4117647058823529,0.47058823529411764,0.6470588235294118,2.27027027027027,2.5945945945945947,3.5675675675675675,0.4230767603550922,0.06306305738170655,0.0720720655790932,15,0.8823529411764706,4.864864864864865,0.13513512296079974,26,1.5294117647058822,8.432432432432432,0.23423421313205287,1.3529411764705883,7.45945945945946,0.625,0.2916666666666667,6.529411764705882,0.0,0.5,0.35294117647058826,0.375,1.0,0.06153846153846154,0.02356902356902357,0.012895662368112544,0
nemcoev01w,1,CLE,0,1.0714285714285714,0.5714285714285714,2.2857142857142856,1.2189616252821671,0.6501128668171557,2.600451467268623,0.7804876145152159,0.03386004438239178,0.018058690337275612,23,1.6428571428571428,1.8690744920993227,0.05191873471966739,55,3.9285714285714284,4.469525959367946,0.12415349606876985,2.0714285714285716,2.3566591422121896,0.7666666666666667,0.5,31.642857142857142,1.0,0.4117647058823529,1.9285714285714286,1.4375,0.5,0.08695652173913043,0.057692307692307696,0.052980132450331126,0
nemcoev01w,2,CLE,0,0.25,0.625,1.125,0.6371681415929203,1.592920353982301,2.8672566371681416,0.8999991000009,0.01769911347795456,0.0442477836948864,7,0.875,2.230088495575221,0.06194689717284096,16,2.0,5.097345132743363,0.14159290782363648,1.125,2.8672566371681416,0.7,0.2,14.125,0.25,0.23529411764705882,0.75,2.6666666666666665,1.6666666666666667,0.05952380952380952,0.007462686567164179,0.013574660633484163,0
nevescl01w,1,DET,0,1.0333333333333334,0.03333333333333333,0.9,1.7547169811320755,0.05660377358490566,1.5283018867924527,0.771428351020471,0.04874213759839407,0.0015723270193030343,32,1.0666666666666667,1.8113207547169812,0.0503144646176971,59,1.9666666666666666,3.339622641509434,0.09276729413887903,1.0,1.6981132075471699,1.032258064516129,1.0,21.2,0.6666666666666666,0.8823529411764706,1.8333333333333333,1.84375,0.03125,0.011235955056179775,0.11877394636015326,0.04186046511627907,0
nevescl01w,2,DET,0,0.9545454545454546,0.0,1.1818181818181819,1.8574938574938573,0.0,2.2997542997542997,0.8965514149822708,0.051597050329310806,0.0,21,0.9545454545454546,1.8574938574938573,0.051597050329310806,47,2.1363636363636362,4.157248157248157,0.11547911264179085,0.9545454545454546,1.8574938574938573,0.9545454545454546,0.9545454545454546,18.5,0.6818181818181818,0.6470588235294118,1.2727272727272727,1.5454545454545454,0.0,0.0,0.09292035398230089,0.04180064308681672,0
nevescl01w,3,MIA,0,0.4,0.0,0.35,1.4845360824742269,0.0,1.2989690721649483,0.9999985714306123,0.04123711127643756,0.0,8,0.4,1.4845360824742269,0.04123711127643756,15,0.75,2.783505154639175,0.07731958364332044,0.9,3.3402061855670104,0.42105263157894735,0.42105263157894735,9.7,0.0,0.5882352941176471,0.65,2.7777777777777777,0.0,0.0,0.02909090909090909,0.012195121951219513,0
newtoch01w,6,SAC,0,0.7058823529411765,0.2647058823529412,1.0,1.2083916083916084,0.45314685314685316,1.7118881118881117,0.515151437098267,0.033566433096972964,0.012587412411364862,33,0.9705882352941176,1.6615384615384616,0.04615384550833783,67,1.9705882352941178,3.373426573426573,0.09370629239571619,3.0,5.135664335664336,0.32038834951456313,0.23300970873786409,21.029411764705884,1.0,1.0,1.088235294117647,2.2,0.36,0.08256880733944955,0.07868852459016394,0.05037037037037037,0
newtoch01w,7,CHI,0,1.3333333333333333,0.25925925925925924,1.9259259259259258,2.0,0.38888888888888884,2.888888888888889,0.7323942630430615,0.05555555469821675,0.010802468969097702,43,1.5925925925925926,2.388888888888889,0.06635802366731446,95,3.5185185185185186,5.277777777777779,0.1466049360091831,2.5555555555555554,3.8333333333333335,0.6142857142857143,0.5142857142857142,24.0,0.4074074074074074,0.7941176470588235,1.4814814814814814,1.5675675675675675,0.1891891891891892,0.05555555555555555,0.12949640287769784,0.0763582966226138,0
newtoch01w,8,SAC,0,0.9117647058823529,0.17647058823529413,1.0,1.603448275862069,0.3103448275862069,1.7586206896551726,0.548387008324676,0.044540229245111654,0.008620689531311933,37,1.088235294117647,1.9137931034482758,0.05316091877642358,71,2.088235294117647,3.6724137931034484,0.1020114927871912,2.823529411764706,4.9655172413793105,0.38144329896907214,0.31958762886597936,20.470588235294116,1.0,1.0,1.2352941176470589,1.4375,0.1875,0.058823529411764705,0.0950920245398773,0.04696132596685083,0
newtoch01w,9,SAC,0,1.1538461538461537,0.038461538461538464,0.8461538461538461,2.7480916030534353,0.09160305343511452,2.015267175572519,0.6285712489796431,0.07633587592020673,0.0025445291973402243,31,1.1923076923076923,2.8396946564885495,0.07888040511754695,53,2.0384615384615383,4.854961832061069,0.13486004745903188,2.1538461538461537,5.129770992366412,0.543859649122807,0.5263157894736842,15.115384615384615,0.0,0.7647058823529411,0.9615384615384616,0.9032258064516129,0.03225806451612903,0.01282051282051282,0.09375,0.030470914127423823,0
newtoch01w,10,SAC,0,0.782608695652174,0.13043478260869565,0.8695652173913043,1.9285714285714284,0.3214285714285714,2.142857142857143,0.6666664444445185,0.05357142697704087,0.008928571162840144,21,0.9130434782608695,2.25,0.06249999813988101,41,1.7826086956521738,4.392857142857142,0.12202380589214865,1.3478260869565217,3.3214285714285716,0.65625,0.5625,14.608695652173912,0.0,0.6764705882352942,0.6956521739130435,2.0526315789473686,0.15789473684210525,0.030303030303030304,0.06206896551724138,0.02617801047120419,0
ngarsch01w,7,NYL,0,0.3333333333333333,0.13333333333333333,0.4666666666666667,1.9565217391304348,0.7826086956521738,2.739130434782609,0.3888886728396262,0.05434782017958476,0.021739128071833903,7,0.4666666666666667,2.739130434782609,0.07608694825141867,14,0.9333333333333333,5.478260869565218,0.15217389650283733,0.6666666666666666,3.9130434782608696,0.6363636363636364,0.45454545454545453,6.133333333333334,0.0,0.4411764705882353,0.5333333333333333,0.8333333333333334,0.3333333333333333,0.017699115044247787,0.019762845849802372,0.009497964721845319,0
ngoyibe01w,3,NYL,0,0.0,0.2857142857142857,0.5714285714285714,0.0,6.0,12.0,0.7999984000032001,0.0,0.16666652777789354,2,0.2857142857142857,6.0,0.16666652777789354,6,0.8571428571428571,18.0,0.49999958333368055,0.2857142857142857,6.0,0.6666666666666666,0.0,1.7142857142857142,0.0,0.20588235294117646,0.0,0.0,2.0,0.019801980198019802,0.0,0.006546644844517185,0
ngoyibe01w,6,SAS,0,0.19230769230769232,0.07692307692307693,1.6923076923076923,0.7171314741035857,0.28685258964143423,6.310756972111554,0.7213113571620725,0.019920317931461436,0.007968127172584575,7,0.2692307692307692,1.00398406374502,0.027888445104046013,51,1.9615384615384615,7.314741035856574,0.20318724290090664,1.7307692307692308,6.454183266932271,0.15217391304347827,0.10869565217391304,9.653846153846153,0.0,0.7647058823529411,0.9615384615384616,0.8333333333333334,0.3333333333333333,0.02197802197802198,0.025510204081632654,0.06367583212735166,0
ngoyibe01w,7,CHI,0,0.4666666666666667,0.23333333333333334,3.5,0.8038277511961722,0.4019138755980861,6.028708133971293,0.6176470224913516,0.022328548288220923,0.011164274144110461,21,0.7,1.2057416267942584,0.033492822432331384,126,4.2,7.23444976076555,0.20095693459398828,2.966666666666667,5.110047846889953,0.23333333333333334,0.15555555555555556,20.9,0.7666666666666667,0.8823529411764706,2.0,1.8666666666666667,0.4666666666666667,0.05555555555555555,0.050359712230215826,0.15418502202643172,0
ngoyibe01w,9,IND,0,0.1935483870967742,0.22580645161290322,1.064516129032258,0.9557522123893805,1.1150442477876106,5.256637168141593,0.6226413919544543,0.026548671391651707,0.030973449956926993,13,0.41935483870967744,2.0707964601769913,0.0575221213485787,46,1.4838709677419355,7.327433628318585,0.2035398140026631,1.4516129032258065,7.168141592920354,0.2826086956521739,0.13043478260869565,7.290322580645161,0.03225806451612903,0.9117647058823529,1.0,1.0,1.0,0.04216867469879518,0.018461538461538463,0.04236200256739409,0
nieuwma01w,6,LAS,0,0.0,0.0,0.0,0.0,0.0,0.0,0.0,0.0,0.0,0,0.0,0.0,0.0,0,0.0,0.0,0.0,0.7142857142857143,11.25,0.0,0.0,2.2857142857142856,0.0,0.20588235294117646,0.2857142857142857,0.0,0.0,0.0,0.0,0.0,0
nnamach01w,9,ATL,0,0.4166666666666667,0.0,0.5,2.142857142857143,0.0,2.571428571428571,0.49999958333368055,0.05952380243764256,0.0,5,0.4166666666666667,2.142857142857143,0.05952380243764256,11,0.9166666666666666,4.714285714285714,0.13095236536281366,0.9166666666666666,4.714285714285714,0.4166666666666667,0.4166666666666667,7.0,0.0,0.35294117647058826,0.3333333333333333,0.3333333333333333,0.0,0.0,0.017482517482517484,0.008130081300813009,0
nolande01w,2,DET,0,0.6296296296296297,0.2222222222222222,1.3703703703703705,1.1229357798165138,0.3963302752293578,2.4440366972477063,0.6981130758277215,0.031192659978116332,0.01100917410992341,23,0.8518518518518519,1.5192660550458716,0.04220183408803974,60,2.2222222222222223,3.963302752293578,0.11009174109923411,1.5925925925925926,2.8403669724770646,0.5227272727272727,0.38636363636363635,20.185185185185187,0.0,0.7941176470588235,1.2962962962962963,1.6666666666666667,0.3333333333333333,0.07228915662650602,0.0752212389380531,0.0594855305466238,0
nolande01w,3,DET,0,0.84375,0.375,2.1875,1.208955223880597,0.5373134328358209,3.1343283582089554,0.8045976086669415,0.03358208913455113,0.014925372948689392,39,1.21875,1.7462686567164178,0.04850746208324052,109,3.40625,4.880597014925373,0.13557213761726197,2.3125,3.3134328358208953,0.52,0.36,25.125,1.0,0.9411764705882353,1.90625,2.2142857142857144,0.42857142857142855,0.09022556390977443,0.13366336633663367,0.09722222222222222,0
nolande01w,4,DET,0,1.28125,0.4375,2.96875,1.5471698113207548,0.5283018867924528,3.5849056603773586,0.8878503843130482,0.04297693875286228,0.014675052257074925,55,1.71875,2.0754716981132075,0.057651991009937203,150,4.6875,5.660377358490566,0.15723270275437418,2.03125,2.452830188679245,0.8333333333333334,0.6212121212121212,29.8125,1.0,0.9411764705882353,2.15625,1.9761904761904763,0.3333333333333333,0.0880503144654088,0.1553030303030303,0.11150234741784038,0
nolande01w,5,DET,0,1.9411764705882353,0.35294117647058826,3.088235294117647,2.0878734622144113,0.3796133567662566,3.3216168717047454,0.7835820310759678,0.05799648455187623,0.010544815373068407,78,2.2941176470588234,2.4674868189806682,0.06854129992494465,183,5.382352941176471,5.789103690685414,0.16080843443929319,2.2058823529411766,2.3725834797891037,1.0263157894736843,0.868421052631579,33.470588235294116,1.0,1.0,2.6470588235294117,1.671641791044776,0.1791044776119403,0.08053691275167785,0.23741007194244604,0.13565891472868216,0
nolande01w,6,DET,0,1.6666666666666667,0.42424242424242425,3.787878787878788,1.6323165704863973,0.4154987633965375,3.709810387469085,0.8012819999178205,0.045342126584153944,0.011541632221421004,69,2.090909090909091,2.047815333882935,0.05688375880557495,194,5.878787878787879,5.75762572135202,0.1599340464968339,1.9393939393939394,1.8994229183841715,1.0615384615384615,0.8461538461538461,36.75757575757576,1.0,0.9705882352941176,3.0303030303030303,2.1607142857142856,0.25,0.08974358974358974,0.22727272727272727,0.15547263681592038,0
nolande01w,7,DET,0,1.3823529411764706,0.3235294117647059,3.5588235294117645,1.5551470588235294,0.36397058823529416,4.0036764705882355,0.7908496215130966,0.043198529014719406,0.010110294024721562,58,1.7058823529411764,1.9191176470588234,0.05330882303944096,179,5.264705882352941,5.922794117647059,0.16452205731137814,2.323529411764706,2.6139705882352944,0.725,0.5875,32.0,1.0,1.0,2.5294117647058822,2.5833333333333335,0.22916666666666666,0.07971014492753623,0.21962616822429906,0.1373439273552781,0
nolande01w,8,DET,0,1.4411764705882353,0.35294117647058826,3.323529411764706,1.501276595744681,0.36765957446808506,3.4621276595744677,0.7635134619247661,0.041702127304662745,0.010212765870529652,61,1.7941176470588236,1.868936170212766,0.0519148931751924,174,5.117647058823529,5.331063829787234,0.14808510512267997,2.0294117647058822,2.1140425531914895,0.8714285714285714,0.7,34.55882352941177,1.0,1.0,2.411764705882353,2.64,0.24,0.1016949152542373,0.2149122807017544,0.12124463519313304,0
nolande01w,9,DET,0,1.2352941176470589,0.29411764705882354,3.1470588235294117,1.3216783216783217,0.3146853146853147,3.367132867132867,0.8045112177059235,0.03671328639236638,0.008741258664849138,52,1.5294117647058822,1.6363636363636365,0.045454545057215516,159,4.676470588235294,5.003496503496503,0.13898601277110129,2.0,2.13986013986014,0.7536231884057971,0.6086956521739131,33.64705882352941,1.0,1.0,2.1470588235294117,3.488372093023256,0.23255813953488372,0.08403361344537816,0.15053763440860216,0.12677725118483413,0
nolande01w,10,DET,0,1.3333333333333333,0.30303030303030304,3.1818181818181817,1.423180592991914,0.3234501347708895,3.3962264150943398,0.7446807982495888,0.03953279389458406,0.008984725885132742,54,1.6363636363636365,1.7466307277628033,0.04851751977971681,159,4.818181818181818,5.142857142857142,0.1428571415736106,2.757575757575758,2.943396226415094,0.5869565217391305,0.4782608695652174,33.72727272727273,1.0,0.9705882352941176,2.212121212121212,2.577777777777778,0.2222222222222222,0.10204081632653061,0.16793893129770993,0.12295081967213115,0
nygaava01w,1,POR,0,0.53125,0.15625,2.21875,0.7259786476868327,0.21352313167259787,3.03202846975089,0.5867768110101809,0.020166073307638515,0.005931198031658386,22,0.6875,0.9395017793594306,0.0260972713392969,93,2.90625,3.9715302491103204,0.11032028338884599,3.0625,4.185053380782918,0.2222222222222222,0.1717171717171717,26.34375,0.875,0.9411764705882353,1.1875,1.6666666666666667,0.2777777777777778,0.05319148936170213,0.06390977443609022,0.11305732484076433,0
nygaava01w,2,POR,0,0.1935483870967742,0.06451612903225806,0.7096774193548387,0.833976833976834,0.277992277992278,3.057915057915058,0.6285712489796431,0.023166022271582154,0.007722007423860718,8,0.25806451612903225,1.111969111969112,0.03088802969544287,30,0.967741935483871,4.16988416988417,0.11583011135791077,1.5483870967741935,6.671814671814672,0.16326530612244897,0.12244897959183673,8.35483870967742,0.0,0.9117647058823529,0.45161290322580644,1.4285714285714286,0.2857142857142857,0.018691588785046728,0.024489795918367346,0.03156384505021521,0
nygaava01w,3,MIA,0,0.3793103448275862,0.034482758620689655,1.3793103448275863,0.8939051918735891,0.08126410835214447,3.250564334085779,0.5970148362664424,0.02483069921375397,0.0022573362921594516,12,0.41379310344827586,0.9751693002257336,0.027088035505913422,52,1.793103448275862,4.225733634311513,0.1173814871922915,1.6896551724137931,3.9819413092550793,0.24,0.22,15.275862068965518,0.7586206896551724,0.8529411764705882,0.4482758620689655,0.75,0.08333333333333333,0.010309278350515464,0.04,0.06968641114982578,0
nygaava01w,4,LAS,0,0.2727272727272727,0.0,0.7272727272727273,0.6428571428571428,0.0,1.7142857142857142,0.42105240997241583,0.01785714179421775,0.0,3,0.2727272727272727,0.6428571428571428,0.01785714179421775,11,1.0,2.357142857142857,0.06547618657879842,2.0,4.714285714285714,0.13043478260869565,0.13043478260869565,15.272727272727273,0.2727272727272727,0.3235294117647059,0.36363636363636365,1.25,0.0,0.0,0.012345679012345678,0.009828009828009828,0
ogayu01w,9,PHO,0,0.30434782608695654,0.0,0.5217391304347826,1.4,0.0,2.4,0.7058819377165072,0.03888888672839518,0.0,7,0.30434782608695654,1.4,0.03888888672839518,19,0.8260869565217391,3.8,0.10555554969135834,0.5652173913043478,2.5999999999999996,0.5,0.5,7.826086956521739,0.0,0.6764705882352942,0.9565217391304348,1.75,0.0,0.0,0.030042918454935622,0.014084507042253521,0
ohldeni01w,5,MIN,0,0.47058823529411764,1.3235294117647058,3.264705882352941,0.5658153241650294,1.5913555992141455,3.925343811394892,0.5721649189605712,0.015717092183525617,0.0442043217661658,61,1.7941176470588236,2.1571709233791747,0.059921413949691416,172,5.0588235294117645,6.082514734774066,0.1689587409729004,3.0294117647058822,3.642436149312377,0.5865384615384616,0.15384615384615385,29.941176470588236,1.0,1.0,2.176470588235294,3.5294117647058822,2.6470588235294117,0.32142857142857145,0.06201550387596899,0.15310344827586206,0
ohldeni01w,6,MIN,0,0.6176470588235294,0.6470588235294118,3.8529411764705883,0.7283236994219653,0.7630057803468208,4.543352601156069,0.6752576971516651,0.02023121367792665,0.02119460480544697,43,1.2647058823529411,1.4913294797687862,0.04142581848337362,174,5.117647058823529,6.034682080924855,0.1676300561885351,2.7058823529411766,3.1907514450867054,0.46236559139784944,0.22580645161290322,30.529411764705884,1.0,1.0,2.4705882352941178,3.5454545454545454,1.0,0.171875,0.08108108108108109,0.1829608938547486,0
ohldeni01w,7,MIN,0,0.5882352941176471,0.7352941176470589,3.7941176470588234,0.8275862068965517,1.0344827586206897,5.337931034482758,0.6789473326869825,0.02298850548289074,0.028735631853613428,45,1.3235294117647058,1.8620689655172413,0.05172413733650417,174,5.117647058823529,7.2,0.19999999770114946,2.911764705882353,4.096551724137932,0.45,0.2,25.58823529411765,1.0,1.0,2.176470588235294,2.5714285714285716,1.1904761904761905,0.21929824561403508,0.10309278350515463,0.16024844720496895,0
ohldeni01w,8,MIN,0,0.5,0.5882352941176471,4.088235294117647,0.6637744034707158,0.7809110629067245,5.427331887201735,0.668269198640904,0.018438177674206316,0.02169197373436037,37,1.088235294117647,1.4446854663774404,0.04013015140856669,176,5.176470588235294,6.872017353579175,0.1908893688623713,3.735294117647059,4.9587852494577005,0.2890625,0.1328125,27.11764705882353,1.0,1.0,2.411764705882353,3.111111111111111,1.1111111111111112,0.20833333333333334,0.07112970711297072,0.17684478371501272,0
ohldeni01w,9,MIN,0,0.29411764705882354,0.6470588235294118,2.0,0.6440071556350626,1.4168157423971377,4.379248658318426,0.6071428029336783,0.017889087336510068,0.03935599214032215,32,0.9411764705882353,2.0608228980322005,0.05724507947683221,100,2.9411764705882355,6.440071556350627,0.17889087336510065,2.588235294117647,5.667262969588551,0.3595505617977528,0.11235955056179775,16.441176470588236,1.0,1.0,1.4705882352941178,4.090909090909091,2.0,0.16666666666666666,0.03225806451612903,0.08575031525851198,0
ohldeni01w,10,PHO,0,0.23809523809523808,0.9523809523809523,1.9047619047619047,0.5787781350482315,2.315112540192926,4.630225080385852,0.677965986785426,0.01607716990105563,0.06430867960422253,25,1.1904761904761905,2.8938906752411575,0.08038584950527816,65,3.0952380952380953,7.524115755627009,0.20900320871372322,2.619047619047619,6.366559485530547,0.44642857142857145,0.08928571428571429,14.80952380952381,0.0,0.6176470588235294,1.380952380952381,1.0,3.3333333333333335,0.10989010989010989,0.022123893805309734,0.044101433296582136,0
oneilkr01w,9,SEA,0,0.0,0.0,0.2727272727272727,0.0,0.0,3.4838709677419355,0.9999966666777778,0.0,0.0,0,0.0,0.0,0.0,3,0.2727272727272727,3.4838709677419355,0.09677416233091538,0.36363636363636365,4.64516129032258,0.0,0.0,2.8181818181818183,0.0,0.3235294117647059,0.09090909090909091,1.0,0.0,0.0,0.0,0.0036452004860267314,0
osipoir01w,7,DET,0,0.0,0.0,0.0,0.0,0.0,0.0,0.0,0.0,0.0,0,0.0,0.0,0.0,0,0.0,0.0,0.0,0.5,3.0,0.0,0.0,6.0,0.0,0.058823529411764705,0.5,0.0,0.0,0.0,0.0,0.0,0
owenhe01w,1,WAS,0,0.0,0.0,0.6363636363636364,0.0,0.0,4.2,0.7777769135812072,0.0,0.0,0,0.0,0.0,0.0,7,0.6363636363636364,4.2,0.11666664722222546,1.0909090909090908,7.2,0.0,0.0,5.454545454545454,0.0,0.3235294117647059,0.2727272727272727,2.0,0.0,0.0,0.0,0.010819165378670788,0
owenssh01w,1,MIA,0,0.3548387096774194,0.8387096774193549,1.6129032258064515,0.6545454545454545,1.5471074380165288,2.975206611570248,0.5154638643851686,0.018181817881292268,0.04297520590123627,37,1.1935483870967742,2.2016528925619836,0.06115702378252853,87,2.806451612903226,5.176859504132231,0.1438016505156752,3.064516129032258,5.652892561983471,0.3854166666666667,0.11458333333333333,19.516129032258064,0.5161290322580645,0.9117647058823529,1.7419354838709677,1.75,2.1666666666666665,0.29213483146067415,0.040293040293040296,0.08389261744966443,0
owenssh01w,3,CHA,0,0.0,0.0,1.0,0.0,0.0,12.0,0.9999950000249999,0.0,0.0,0,0.0,0.0,0.0,2,1.0,12.0,0.33333277777870374,0.0,0.0,0.0,0.0,3.0,0.0,0.058823529411764705,0.0,0.0,0.0,0.0,0.0,0.0030581039755351682,0
pageda01w,9,CON,0,0.0,0.0,1.3333333333333333,0.0,0.0,12.0,0.6666655555574075,0.0,0.0,0,0.0,0.0,0.0,4,1.3333333333333333,12.0,0.33333305555578707,1.0,9.0,0.0,0.0,4.0,0.0,0.08823529411764706,0.6666666666666666,0.0,0.0,0.0,0.0,0.004597701149425287,0
pagemu01w,1,WAS,0,0.71875,1.0,4.03125,0.7915869980879541,1.101338432122371,4.4397705544933075,0.6201922778753712,0.021988527514450025,0.03059273393314786,55,1.71875,1.8929254302103249,0.052581261447597887,184,5.75,6.332695984703633,0.1759082201156002,3.21875,3.5449330783938815,0.5288461538461539,0.22115384615384615,32.6875,1.0,0.9411764705882353,1.96875,2.6666666666666665,1.3333333333333333,0.25196850393700787,0.09349593495934959,0.19938176197836166,0
pagemu01w,2,WAS,0,0.9375,1.125,3.21875,1.0920121334681496,1.3104145601617796,3.749241658240647,0.5819208710779169,0.030333670067404752,0.036400404080885705,66,2.0625,2.402426693629929,0.06673407414829045,169,5.28125,6.151668351870576,0.17087967471304677,2.75,3.203235591506572,0.7415730337078652,0.33707865168539325,30.90625,1.0,0.9411764705882353,1.875,1.7741935483870968,1.1612903225806452,0.28125,0.11627906976744186,0.14714285714285713,0
pagemu01w,3,WAS,0,0.4375,0.46875,3.125,0.672,0.72,4.8,0.6451612486992743,0.018666666417777783,0.019999999733333336,29,0.90625,1.3920000000000001,0.03866666615111112,129,4.03125,6.191999999999999,0.1719999977066667,2.46875,3.792,0.3625,0.175,23.4375,0.46875,0.9411764705882353,1.40625,2.466666666666667,1.0,0.15789473684210525,0.06306306306306306,0.14104372355430184,0
pagemu01w,4,WAS,0,0.5294117647058824,0.7058823529411765,2.6470588235294117,0.7623529411764706,1.0164705882352942,3.8117647058823527,0.5921052242036037,0.02117647033910035,0.028235293785467134,42,1.2352941176470589,1.7788235294117647,0.049411764124567485,132,3.8823529411764706,5.590588235294118,0.15529411582006922,2.9705882352941178,4.277647058823529,0.4117647058823529,0.17647058823529413,25.0,1.0,1.0,1.2058823529411764,1.8421052631578947,1.263157894736842,0.24,0.08411214953271028,0.1278409090909091,0
pagemu01w,5,WAS,0,0.7575757575757576,0.48484848484848486,3.0303030303030303,1.1124845488257107,0.7119901112484548,4.449938195302843,0.7142856632653097,0.030902348196509912,0.019777502845766345,41,1.2424242424242424,1.8244746600741655,0.05067985104227626,141,4.2727272727272725,6.274412855377008,0.1742892438283159,2.5757575757575757,3.7824474660074165,0.47674418604651164,0.29069767441860467,24.515151515151516,0.5757575757575758,0.9705882352941176,0.9090909090909091,1.3846153846153846,0.6153846153846154,0.12403100775193798,0.09765625,0.1375515818431912,0
pagemu01w,6,WAS,0,0.4411764705882353,0.2647058823529412,1.8235294117647058,0.9168081494057725,0.5500848896434635,3.789473684210526,0.7469878618086914,0.02546689260667415,0.015280135564004491,24,0.7058823529411765,1.466893039049236,0.04074702817067864,86,2.5294117647058822,5.256366723259762,0.14601018427826512,1.6470588235294117,3.422750424448217,0.42105263157894735,0.2631578947368421,17.323529411764707,0.11764705882352941,1.0,0.6764705882352942,1.5625,0.5625,0.11688311688311688,0.05747126436781609,0.09144542772861357,0
pagemu01w,7,LAS,0,0.5,0.2647058823529412,2.3823529411764706,0.8869565217391304,0.4695652173913043,4.22608695652174,0.6694214322792205,0.024637680802352454,0.01304347807183365,26,0.7647058823529411,1.356521739130435,0.037681158874186105,107,3.1470588235294117,5.5826086956521745,0.15507246152068896,1.8529411764705883,3.2869565217391306,0.40625,0.265625,20.294117647058822,0.11764705882352941,1.0,0.8823529411764706,1.8333333333333333,0.5,0.06923076923076923,0.05723905723905724,0.09495896834701055,0
pagemu01w,8,LAS,0,0.4117647058823529,0.2647058823529412,2.2941176470588234,0.8038277511961722,0.5167464114832536,4.478468899521531,0.7027026393961586,0.022328548288220923,0.01435406675671345,23,0.6764705882352942,1.3205741626794258,0.03668261504493437,101,2.9705882352941178,5.7990430622009566,0.16108452693645092,2.0,3.9043062200956937,0.3333333333333333,0.2028985507246377,18.441176470588236,0.23529411764705882,1.0,0.7352941176470589,3.0,0.6,0.08333333333333333,0.056910569105691054,0.09948979591836735,0
pagemu01w,9,LAS,0,0.18518518518518517,0.037037037037037035,0.8148148148148148,0.7407407407407407,0.14814814814814817,3.2592592592592595,0.6285712489796431,0.020576130840488444,0.004115226168097688,6,0.2222222222222222,0.8888888888888888,0.024691357008586132,28,1.037037037037037,4.148148148148148,0.11522633270673528,1.2222222222222223,4.888888888888888,0.17647058823529413,0.14705882352941177,9.0,0.037037037037037035,0.7941176470588235,0.4074074074074074,2.3333333333333335,0.16666666666666666,0.004608294930875576,0.01984126984126984,0.024526198439241916,0
paigeyo01w,6,IND,0,0.15384615384615385,0.0,0.5384615384615384,0.923076923076923,0.0,3.230769230769231,0.7777769135812072,0.02564102235371508,0.0,2,0.15384615384615385,0.923076923076923,0.02564102235371508,9,0.6923076923076923,4.153846153846154,0.11538460059171787,0.07692307692307693,0.4615384615384615,1.0,1.0,6.0,0.0,0.38235294117647056,0.46153846153846156,4.333333333333333,0.0,0.0,0.005934718100890208,0.010416666666666666,0
paliesa01w,7,DET,0,0.09090909090909091,0.09090909090909091,0.0,0.7058823529411764,0.7058823529411764,0.0,0.0,0.01960783929258053,0.01960783929258053,2,0.18181818181818182,1.4117647058823528,0.03921567858516106,2,0.18181818181818182,1.4117647058823528,0.03921567858516106,0.8181818181818182,6.352941176470589,0.2,0.1,4.636363636363637,0.0,0.3235294117647059,0.9090909090909091,3.0,0.5,0.007246376811594203,0.004672897196261682,0.0,0
palmewe01w,1,DET,0,0.625,0.3125,4.75,0.787746170678337,0.3938730853391685,5.98687089715536,0.694063895248224,0.021881837834990835,0.010940918917495417,30,0.9375,1.1816192560175054,0.03282275675248625,182,5.6875,7.168490153172867,0.1991247242984166,3.5,4.411378555798687,0.26548672566371684,0.17699115044247787,28.5625,0.9375,0.9411764705882353,2.03125,1.8571428571428572,0.47619047619047616,0.11235955056179775,0.07662835249042145,0.23565891472868217,0
palmewe01w,2,DET,0,1.0454545454545454,0.18181818181818182,5.2727272727272725,1.2718894009216588,0.22119815668202764,6.414746543778802,0.7532467043346296,0.035330260594005215,0.006144393146783516,27,1.2272727272727273,1.4930875576036866,0.04147465374078873,143,6.5,7.907834101382489,0.21966205499751068,2.909090909090909,3.539170506912442,0.4153846153846154,0.35384615384615387,29.59090909090909,1.0,0.6470588235294118,2.1818181818181817,0.9583333333333334,0.16666666666666666,0.04819277108433735,0.10176991150442478,0.1864951768488746,0
palmewe01w,3,DET,1,0.8125,0.125,4.3125,1.0086206896551724,0.15517241379310345,5.353448275862069,0.7187499251302161,0.0280172407754905,0.004310344734690846,15,0.9375,1.163793103448276,0.03232758551018135,84,5.25,6.517241379310345,0.18103447885701554,2.75,3.413793103448276,0.3333333333333333,0.28888888888888886,29.0,1.0,0.47058823529411764,2.125,1.4285714285714286,0.14285714285714285,0.015037593984962405,0.06435643564356436,0.09583333333333334,0
palmewe01w,3,ORL,2,1.375,0.375,4.5625,1.5808383233532934,0.4311377245508982,5.245508982035928,0.7849461521563277,0.043912174772212084,0.01197604766514875,28,1.75,2.0119760479041915,0.05588822243736083,101,6.3125,7.25748502994012,0.2015968023633373,2.875,3.305389221556886,0.5957446808510638,0.46808510638297873,31.3125,1.0,0.47058823529411764,1.4375,0.9130434782608695,0.2608695652173913,0.05263157894736842,0.07432432432432433,0.12248322147651007,0
palmewe01w,4,CON,0,0.34375,0.09375,2.40625,0.9145496535796767,0.24942263279445728,6.401847575057737,0.7264150258099032,0.025404156457178837,0.006928406306503319,14,0.4375,1.163972286374134,0.032332562763682154,91,2.84375,7.565819861431871,0.21016165796393402,1.9375,5.1547344110854505,0.2222222222222222,0.1746031746031746,13.53125,0.03125,0.9411764705882353,1.09375,1.3333333333333333,0.25,0.026785714285714284,0.04059040590405904,0.10091743119266056,0
palmewe01w,5,CON,0,0.696969696969697,0.15151515151515152,4.090909090909091,1.0534351145038168,0.22900763358778625,6.183206106870229,0.7417582010022966,0.02926208614170374,0.006361323074283422,28,0.8484848484848485,1.282442748091603,0.03562340921598716,163,4.9393939393939394,7.465648854961832,0.20737913222163953,2.3333333333333335,3.5267175572519083,0.358974358974359,0.2948717948717949,23.818181818181817,1.0,0.9705882352941176,1.2121212121212122,1.25,0.20833333333333334,0.05154639175257732,0.07666666666666666,0.18620689655172415,0
palmewe01w,6,SAS,0,0.5882352941176471,0.20588235294117646,4.117647058823529,0.8163265306122449,0.2857142857142857,5.7142857142857135,0.7253885634513697,0.022675736704356728,0.007936507846524854,27,0.7941176470588235,1.1020408163265305,0.030612244550881584,167,4.911764705882353,6.816326530612245,0.18934240148137868,2.176470588235294,3.0204081632653064,0.36,0.26666666666666666,25.941176470588236,0.8529411764705882,1.0,1.2352941176470589,1.5714285714285714,0.3333333333333333,0.07692307692307693,0.10204081632653061,0.20260492040520983,0
palmewe01w,7,SEA,0,1.0,0.6,5.0,1.5,0.9,7.5,0.6578945637119569,0.04166666319444473,0.02499999791666684,8,1.6,2.4,0.06666666111111157,33,6.6,9.9,0.27499997708333523,3.4,5.1,0.4444444444444444,0.2777777777777778,24.0,0.4,0.14705882352941177,2.0,0.5,0.5,0.0234375,0.02145922746781116,0.030413625304136254,0
palmewe01w,8,SEA,0,0.4411764705882353,0.20588235294117646,2.9705882352941178,1.139240506329114,0.5316455696202531,7.670886075949367,0.6965516760998844,0.03164556895262513,0.014767932177891727,22,0.6470588235294118,1.6708860759493671,0.04641350113051686,123,3.6176470588235294,9.341772151898734,0.2594936654115261,2.2058823529411766,5.69620253164557,0.2894736842105263,0.19736842105263158,13.941176470588236,0.08823529411764706,1.0,1.0588235294117647,1.0625,0.4375,0.046052631578947366,0.06172839506172839,0.12302070645554203,0
parisco01w,10,SAC,0,0.3333333333333333,0.30303030303030304,2.3636363636363638,0.8959276018099547,0.8144796380090498,6.352941176470589,0.5820895087992903,0.02488687726500278,0.022624433877275252,21,0.6363636363636364,1.7104072398190044,0.04751131114227803,99,3.0,8.063348416289593,0.223981895385025,1.4545454545454546,3.9095022624434392,0.42857142857142855,0.22448979591836735,13.393939393939394,0.18181818181818182,0.9705882352941176,0.6060606060606061,1.8333333333333333,0.8333333333333334,0.10101010101010101,0.03793103448275862,0.10209424083769633,0
parkeca01w,9,LAS,0,1.2727272727272727,2.272727272727273,6.9393939393939394,1.363390441839495,2.434625788999098,7.433724075743913,0.7316293695965058,0.0378719563762673,0.06762849352904875,117,3.5454545454545454,3.7980162308385936,0.10550044990531605,346,10.484848484848484,11.231740306582507,0.31199278348067827,2.757575757575758,2.9540126239855726,1.2717391304347827,0.45652173913043476,33.60606060606061,1.0,0.9705882352941176,2.8181818181818183,2.627906976744186,1.744186046511628,0.3456221198156682,0.16666666666666666,0.2552954292084727,0
parkeca01w,10,LAS,0,0.6,2.12,7.36,0.6625766871165645,2.3411042944785274,8.12760736196319,0.7540983297500684,0.018404907749633034,0.06503067404870339,68,2.72,3.003680981595092,0.08343558179833642,252,10.08,11.131288343558282,0.30920245019383497,2.12,2.3411042944785274,1.2592592592592593,0.2777777777777778,32.6,0.96,0.7352941176470589,2.2,4.0,3.3125,0.31736526946107785,0.06880733944954129,0.2081447963800905,0
pascafl01w,9,SEA,0,0.0,0.0,0.0,0.0,0.0,0.0,0.0,0.0,0.0,0,0.0,0.0,0.0,0,0.0,0.0,0.0,0.3333333333333333,4.0,0.0,0.0,3.0,0.0,0.08823529411764706,0.3333333333333333,0.0,0.0,0.0,0.0,0.0,0
pavlimi01w,2,UTA,0,0.0,0.2,0.6,0.0,3.4285714285714284,10.285714285714285,0.9999983333361112,0.0,0.09523804988664292,2,0.2,3.4285714285714284,0.09523804988664292,8,0.8,13.714285714285714,0.38095219954657167,0.0,0.0,2.0,0.0,2.1,0.0,0.29411764705882354,0.1,1.0,2.0,0.012738853503184714,0.0,0.007731958762886598,0
pavlimi01w,4,PHO,0,0.125,0.0,0.375,1.2413793103448276,0.0,3.7241379310344827,0.7499981250046875,0.03448274673008733,0.0,1,0.125,1.2413793103448276,0.03448274673008733,4,0.5,4.9655172413793105,0.13793098692034933,0.125,1.2413793103448276,0.5,0.5,3.625,0.0,0.23529411764705882,0.25,0.5,0.0,0.0,0.003215434083601286,0.004658385093167702,0
payeka01w,1,MIN,0,0.2857142857142857,0.21428571428571427,0.9642857142857143,0.7058823529411764,0.5294117647058824,2.3823529411764706,0.8999997000001,0.019607842656670524,0.014705881992502893,14,0.5,1.2352941176470589,0.03431372464917342,41,1.4642857142857142,3.6176470588235294,0.10049019361543644,1.75,4.323529411764706,0.28,0.16,14.571428571428571,0.42857142857142855,0.8235294117647058,1.0,4.222222222222222,0.6666666666666666,0.09375,0.03361344537815126,0.04404567699836868,0
payeka01w,2,MIN,0,0.65625,0.0,1.6875,1.1595092024539877,0.0,2.9815950920245395,0.885245756517089,0.03220858846305846,0.0,21,0.65625,1.1595092024539877,0.03220858846305846,75,2.34375,4.141104294478527,0.11503067308235164,1.71875,3.03680981595092,0.375,0.375,20.375,0.5,0.9411764705882353,1.4375,4.409090909090909,0.0,0.0,0.0995260663507109,0.07780979827089338,0
payeka01w,3,SEA,0,0.15789473684210525,0.0,0.2631578947368421,0.9473684210526315,0.0,1.5789473684210527,0.7142846938790088,0.026315787165281827,0.0,3,0.15789473684210525,0.9473684210526315,0.026315787165281827,8,0.42105263157894735,2.526315789473684,0.07017543244075154,0.9473684210526315,5.684210526315789,0.15789473684210525,0.15789473684210525,6.0,0.0,0.5588235294117647,0.42105263157894735,1.25,0.0,0.0,0.01060070671378092,0.007886435331230283,0
penicti01w,1,SAC,0,2.3333333333333335,0.2,2.566666666666667,2.692307692307692,0.23076923076923075,2.9615384615384617,0.8651684421159054,0.0747863239873256,0.006410256341770766,76,2.533333333333333,2.9230769230769234,0.08119658032909637,153,5.1,5.884615384615385,0.16346153671515454,2.3666666666666667,2.7307692307692304,1.0555555555555556,0.9722222222222222,31.2,1.0,0.8823529411764706,2.3666666666666667,3.323943661971831,0.08450704225352113,0.0379746835443038,0.21021021021021022,0.11827956989247312,0
penicti01w,2,SAC,0,1.7391304347826086,0.34782608695652173,3.4782608695652173,1.935483870967742,0.38709677419354843,3.870967741935484,0.9302324499729709,0.05376344013758817,0.010752688027517634,48,2.0869565217391304,2.32258064516129,0.06451612816510581,128,5.565217391304348,6.193548387096775,0.17204300844028214,2.5217391304347827,2.806451612903226,0.8135593220338984,0.6779661016949152,32.34782608695652,0.9565217391304348,0.6764705882352942,2.782608695652174,4.195121951219512,0.1951219512195122,0.050314465408805034,0.1444043321299639,0.11049723756906077,0
penicti01w,3,SAC,0,2.6666666666666665,0.041666666666666664,3.9583333333333335,2.7010550996483,0.04220398593200469,4.009378663540446,0.9313724577085826,0.0750293074439706,0.0011723329288120406,65,2.7083333333333335,2.7432590855803047,0.07620164037278265,160,6.666666666666667,6.75263774912075,0.1875732686099265,2.0416666666666665,2.0679953106682296,1.3,1.28,35.541666666666664,1.0,0.7058823529411765,2.875,2.953846153846154,0.015384615384615385,0.00909090909090909,0.25806451612903225,0.14637904468412943,0
penicti01w,4,SAC,0,1.7941176470588236,0.029411764705882353,2.6470588235294117,2.0165289256198347,0.03305785123966942,2.975206611570248,0.7563024574535749,0.05601469186396059,0.000918273637114108,62,1.8235294117647058,2.049586776859504,0.0569329655010747,152,4.470588235294118,5.024793388429752,0.1395775928413444,2.235294117647059,2.512396694214876,0.8051948051948052,0.7922077922077922,32.029411764705884,1.0,1.0,2.3823529411764706,3.693548387096774,0.016129032258064516,0.008130081300813009,0.20469798657718122,0.12517385257301808,0
penicti01w,5,SAC,0,1.9393939393939394,0.06060606060606061,2.6666666666666665,2.375257731958763,0.07422680412371134,3.265979381443299,0.8627450134563712,0.06597938076309917,0.002061855648846849,66,2.0,2.449484536082474,0.06804123641194602,154,4.666666666666667,5.715463917525772,0.15876288496120738,1.9393939393939394,2.375257731958763,1.0153846153846153,0.9846153846153847,29.393939393939394,0.9696969696969697,0.9705882352941176,2.1818181818181817,2.5076923076923077,0.03076923076923077,0.01680672268907563,0.20317460317460317,0.13836477987421383,0
penicti01w,6,SAC,0,1.411764705882353,0.17647058823529413,2.6176470588235294,1.8640776699029127,0.23300970873786409,3.4563106796116507,0.9175256786056001,0.05177993471650556,0.006472491839563195,54,1.588235294117647,2.0970873786407767,0.058252426556068757,143,4.205882352941177,5.5533980582524265,0.1542610555095895,1.8823529411764706,2.4854368932038833,0.8307692307692308,0.7384615384615385,27.264705882352942,0.9705882352941176,1.0,1.9705882352941178,3.0408163265306123,0.12244897959183673,0.05504587155963303,0.15737704918032788,0.13185185185185186,0
penicti01w,7,SAC,0,1.7058823529411764,0.058823529411764705,2.3823529411764706,2.4680851063829787,0.0851063829787234,3.4468085106382977,0.8901097922956271,0.06855791881137212,0.0023640661659093836,60,1.7647058823529411,2.5531914893617023,0.0709219849772815,141,4.147058823529412,6.0,0.16666666469661154,1.6470588235294117,2.382978723404255,1.0526315789473684,1.0175438596491229,24.88235294117647,1.0,1.0,1.9705882352941178,1.9661016949152543,0.03389830508474576,0.02247191011235955,0.17522658610271905,0.11234396671289876,0
penicti01w,8,SAC,0,1.53125,0.03125,2.03125,2.3302509907529725,0.047556142668428,3.0911492734478205,0.7831324357671764,0.06472919333250736,0.0013210039455613747,50,1.5625,2.3778071334214004,0.06605019727806873,115,3.59375,5.468956406869221,0.1519154537395581,1.84375,2.8058124174372523,0.8333333333333334,0.8166666666666667,23.65625,1.0,0.9411764705882353,1.875,2.88,0.02,0.00980392156862745,0.15030674846625766,0.08977900552486189,0
penicti01w,9,SAC,0,2.0303030303030303,0.12121212121212122,2.4242424242424243,2.817757009345794,0.16822429906542055,3.364485981308411,0.8080807264564922,0.07827102712300202,0.0046728971416717625,71,2.1515151515151514,2.9859813084112146,0.08294392426467379,151,4.575757575757576,6.350467289719626,0.17640186709810904,2.4242424242424243,3.364485981308411,0.8765432098765432,0.8271604938271605,25.939393939393938,1.0,0.9705882352941176,2.6363636363636362,2.5294117647058822,0.058823529411764705,0.05128205128205128,0.209375,0.11080332409972299,0
penicti01w,10,SAC,0,1.0,0.13333333333333333,2.3,1.4917127071823204,0.19889502762430938,3.430939226519337,0.8518517466849695,0.04143646351607095,0.005524861802142793,34,1.1333333333333333,1.6906077348066297,0.04696132531821374,103,3.433333333333333,5.121546961325967,0.14226519140517693,1.5,2.2375690607734806,0.7391304347826086,0.6521739130434783,24.133333333333333,0.9333333333333333,0.8823529411764706,2.1333333333333333,5.0,0.12903225806451613,0.04040404040404041,0.10344827586206896,0.09031413612565445,0
pennjo01w,4,WAS,0,0.5,0.03333333333333333,1.1,1.875,0.125,4.125,0.6346152625739879,0.05208333152488433,0.003472222101658955,16,0.5333333333333333,2.0,0.05555555362654328,49,1.6333333333333333,6.125,0.1701388829812888,0.9333333333333333,3.5,0.5517241379310345,0.5172413793103449,9.6,0.0,0.8823529411764706,0.6666666666666666,1.0,0.0625,0.01,0.07009345794392523,0.046875,0
pennjo01w,5,SAS,0,0.0,0.0,1.0,0.0,0.0,12.0,0.9999900000999989,0.0,0.0,0,0.0,0.0,0.0,1,1.0,12.0,0.3333322222259259,0.0,0.0,0.0,0.0,3.0,0.0,0.029411764705882353,0.0,0.0,0.0,0.0,0.0,0.0014245014245014246,0
perkiji01w,5,CHA,0,0.75,0.0,0.5,6.352941176470589,0.0,4.235294117647059,0.6666644444518518,0.1764704844291268,0.0,3,0.75,6.352941176470589,0.1764704844291268,5,1.25,10.588235294117647,0.29411747404854466,0.5,4.235294117647059,1.0,1.0,4.25,0.0,0.11764705882352941,0.25,0.25,0.0,0.0,0.014218009478672985,0.0032414910858995136,0
perkiji01w,6,CHA,0,0.9666666666666667,0.3,0.6666666666666666,2.25,0.6982758620689655,1.5517241379310347,0.45454535123969286,0.06249999865301727,0.01939655130610881,38,1.2666666666666666,2.9482758620689653,0.08189654995912608,58,1.9333333333333333,4.5,0.12499999730603455,1.5,3.4913793103448274,0.8260869565217391,0.6304347826086957,15.466666666666667,0.36666666666666664,0.8823529411764706,1.0666666666666667,1.0666666666666667,0.3,0.07894736842105263,0.10175438596491228,0.03278688524590164,0
perkiji01w,7,CHI,0,1.4333333333333333,0.43333333333333335,2.466666666666667,1.8406658739595718,0.5564803804994054,3.1676575505350772,0.6915887204122692,0.051129607002026074,0.015457788163403232,56,1.8666666666666667,2.3971462544589777,0.06658739516542932,130,4.333333333333333,5.564803804994055,0.15457788163403233,2.4,3.0820451843043997,0.7671232876712328,0.589041095890411,28.033333333333335,0.9,0.8823529411764706,1.8666666666666667,2.2045454545454546,0.29545454545454547,0.10317460317460317,0.15467625899280577,0.10866372980910426,0
perkiji01w,8,CHI,0,1.5151515151515151,0.21212121212121213,2.4242424242424243,2.3622047244094486,0.3307086614173228,3.779527559055118,0.7272726611570308,0.06561679703914965,0.00918635158548095,57,1.7272727272727273,2.6929133858267718,0.0748031486246306,137,4.151515151515151,6.47244094488189,0.17979002388727003,1.9696969696969697,3.070866141732284,0.8636363636363636,0.7575757575757576,23.09090909090909,0.15151515151515152,0.9705882352941176,1.5454545454545454,1.4705882352941178,0.13725490196078433,0.061946902654867256,0.19011406844106463,0.10217113665389528,0
perkiji01w,9,CHI,0,1.8823529411764706,0.29411764705882354,2.735294117647059,2.1274238227146816,0.33240997229916897,3.0914127423822713,0.6788320672385352,0.05909510564085775,0.009233610256384023,74,2.176470588235294,2.4598337950138505,0.06832871589724178,167,4.911764705882353,5.551246537396122,0.1542012912816132,2.235294117647059,2.526315789473684,0.961038961038961,0.8311688311688312,31.852941176470587,1.0,1.0,1.7941176470588236,1.476923076923077,0.15384615384615385,0.06666666666666667,0.23703703703703705,0.12062256809338522,0
perkiji01w,10,CHI,0,2.1470588235294117,0.17647058823529413,2.588235294117647,2.8227712137486574,0.23200859291084855,3.402792696025779,0.7586206242568427,0.07841031065080226,0.006444683067189226,79,2.323529411764706,3.0547798066595058,0.08485499371799148,167,4.911764705882353,6.457572502685284,0.1793770120367668,2.2941176470588234,3.016111707841031,1.0,0.9240506329113924,27.38235294117647,1.0,1.0,1.6176470588235294,1.3513513513513513,0.08108108108108109,0.04316546762589928,0.292,0.11325611325611326,0
pettibr01w,1,PHO,0,0.96875,0.125,1.28125,1.9142367066895367,0.2469982847341338,2.5317324185248715,0.6833332194444633,0.053173240940424686,0.006861063347151572,35,1.09375,2.1612349914236706,0.06003430428757626,76,2.375,4.692967409948542,0.13036020359587988,1.9375,3.8284734133790734,0.5555555555555556,0.49206349206349204,18.21875,0.1875,0.9411764705882353,1.21875,1.4375,0.125,0.043478260869565216,0.10839160839160839,0.06612903225806452,0
pettibr01w,2,PHO,0,0.875,0.125,0.9375,2.028169014084507,0.289738430583501,2.1730382293762576,0.49999991666668053,0.056338027035452175,0.008048289576493168,32,1.0,2.317907444668008,0.06438631661194534,62,1.9375,4.490945674044266,0.12474848843564411,1.46875,3.4044265593561365,0.6666666666666666,0.5833333333333334,15.53125,0.03125,0.9411764705882353,1.1875,1.7241379310344827,0.13793103448275862,0.02877697841726619,0.09556313993174062,0.04665629860031104,0
pettibr01w,3,IND,0,0.25,0.0,0.6875,0.768,0.0,2.112,0.564102419460918,0.021333332764444463,0.0,8,0.25,0.768,0.021333332764444463,30,0.9375,2.88,0.07999999786666673,0.6875,2.112,0.34782608695652173,0.34782608695652173,11.71875,0.0,0.9411764705882353,0.75,1.8888888888888888,0.0,0.0,0.02973977695167286,0.03470031545741325,0
pettibr01w,4,IND,0,0.12903225806451613,0.03225806451612903,0.45161290322580644,0.972972972972973,0.24324324324324326,3.4054054054054057,0.7368417174517277,0.027027025200876676,0.006756756300219169,5,0.16129032258064516,1.2162162162162162,0.033783781501095844,19,0.6129032258064516,4.621621621621621,0.12837836970416422,0.5483870967741935,4.135135135135135,0.2777777777777778,0.2222222222222222,4.774193548387097,0.0,0.9117647058823529,0.25806451612903225,1.6,0.2,0.00819672131147541,0.013333333333333334,0.021374045801526718,0
pettibr01w,7,PHO,0,0.2727272727272727,0.0,0.36363636363636365,1.6119402985074627,0.0,2.1492537313432836,0.44444395061783265,0.04477611271998318,0.0,3,0.2727272727272727,1.6119402985074627,0.04477611271998318,7,0.6363636363636364,3.761194029850746,0.1044775963466274,1.0,5.91044776119403,0.25,0.25,6.090909090909091,0.0,0.3235294117647059,0.18181818181818182,2.5,0.0,0.0,0.010869565217391304,0.0049261083743842365,0
philler01w,7,CON,0,0.8529411764705882,0.058823529411764705,1.5588235294117647,1.6975609756097563,0.11707317073170731,3.102439024390244,0.7260272978044797,0.04715447077797609,0.0032520324674466267,31,0.9117647058823529,1.8146341463414635,0.050406503245422715,84,2.4705882352941178,4.917073170731708,0.13658536363275833,1.1176470588235294,2.2243902439024392,0.7948717948717948,0.7435897435897436,18.08823529411765,0.38235294117647056,1.0,1.1176470588235294,2.6666666666666665,0.06666666666666667,0.012987012987012988,0.11462450592885376,0.05717367853290183,0
philler01w,9,CON,0,0.5,0.125,1.0,1.6744186046511627,0.41860465116279066,3.3488372093023253,0.4705879584776715,0.04651162249864854,0.011627905624662135,5,0.625,2.0930232558139537,0.058139528123310684,13,1.625,5.441860465116279,0.15116277312060777,0.875,2.930232558139535,0.625,0.5,10.75,0.0,0.23529411764705882,0.75,0.6,0.2,0.01020408163265306,0.018867924528301886,0.009195402298850575,0
philler01w,10,CON,0,1.34375,0.09375,2.28125,2.091891891891892,0.14594594594594595,3.5513513513513515,0.7087377952681752,0.058108107322863416,0.0040540539992695405,46,1.4375,2.237837837837838,0.06216216132213296,119,3.71875,5.789189189189189,0.1608108086376918,1.625,2.5297297297297296,0.8679245283018868,0.8113207547169812,23.125,0.5625,0.9411764705882353,1.34375,1.5,0.06818181818181818,0.022900763358778626,0.17131474103585656,0.08827085852478839,0
phillta01w,1,NYL,0,1.903225806451613,0.6774193548387096,5.193548387096774,2.1717791411042944,0.7730061349693251,5.92638036809816,0.6518218359586301,0.06032719774716567,0.021472392418482696,80,2.5806451612903225,2.94478527607362,0.08179959016564836,241,7.774193548387097,8.871165644171779,0.2464212653740157,3.5483870967741935,4.049079754601227,0.7207207207207207,0.5315315315315315,31.548387096774192,0.967741935483871,0.9117647058823529,2.7419354838709675,0.4666666666666667,0.35,0.20388349514563106,0.2388663967611336,0.24655436447166923,0
phillta01w,2,NYL,0,1.5,0.53125,5.25,1.6472831267874166,0.5834127740705434,5.7654909437559585,0.6536964726188144,0.04575786419677918,0.016205910236359294,65,2.03125,2.23069590085796,0.06196377443313847,233,7.28125,7.996186844613918,0.2221162991218656,3.4375,3.775023832221163,0.5855855855855856,0.43243243243243246,32.78125,1.0,0.9411764705882353,2.625,0.6938775510204082,0.3469387755102041,0.20481927710843373,0.18045112781954886,0.25416036308623297,0
phillta01w,3,NYL,0,1.8125,0.4375,4.8125,2.0693756194251733,0.49950445986124875,5.494549058473737,0.6905829286734113,0.057482655525444445,0.013875123747521072,72,2.25,2.568880079286422,0.07135777927296552,226,7.0625,8.063429137760158,0.22398414049569731,3.53125,4.031714568880079,0.631578947368421,0.5087719298245614,31.53125,0.96875,0.9411764705882353,2.90625,0.6949152542372882,0.23728813559322035,0.13861386138613863,0.22137404580152673,0.2520458265139116,0
phillta01w,4,NYL,0,1.696969696969697,0.8484848484848485,5.484848484848484,1.951597289448209,0.9757986447241045,6.30784123910939,0.6464285483418376,0.0542110352932136,0.0271055176466068,84,2.5454545454545454,2.927395934172314,0.0813165529398204,265,8.030303030303031,9.235237173281703,0.2565343634411001,3.5757575757575757,4.112294288480155,0.7058823529411765,0.47058823529411764,31.303030303030305,0.9696969696969697,0.9705882352941176,2.787878787878788,0.9824561403508771,0.49122807017543857,0.21705426356589147,0.21292775665399238,0.26346433770014555,0
phillta01w,5,NYL,0,1.0769230769230769,0.7692307692307693,3.230769230769231,1.6205787781350482,1.157556270096463,4.861736334405145,0.5999999142857265,0.04501607572295577,0.03215433980211126,24,1.8461538461538463,2.7781350482315115,0.07717041552506704,66,5.076923076923077,7.639871382636656,0.21221864269393434,3.1538461538461537,4.745980707395498,0.5714285714285714,0.3333333333333333,23.923076923076923,1.0,0.38235294117647056,2.5384615384615383,1.0666666666666667,0.6666666666666666,0.08,0.06666666666666667,0.05660377358490566,0
phillta01w,6,HOU,0,0.34375,0.25,1.53125,1.081967213114754,0.7868852459016393,4.8196721311475414,0.6202530860439132,0.030054643987578036,0.021857922900056753,19,0.59375,1.8688524590163935,0.051912566887634785,68,2.125,6.688524590163935,0.1857923446504824,1.75,5.508196721311475,0.3333333333333333,0.19298245614035087,11.4375,0.03125,0.9411764705882353,0.9375,1.1666666666666667,0.6666666666666666,0.07547169811320754,0.044534412955465584,0.07153284671532846,0
phillta01w,7,HOU,0,0.42857142857142855,0.23809523809523808,1.6666666666666667,1.4594594594594597,0.8108108108108107,5.675675675675675,0.7446806926211291,0.040540538714390145,0.022522521507994525,14,0.6666666666666666,2.27027027027027,0.06306306022238467,49,2.3333333333333335,7.945945945945946,0.22072071077834635,1.7619047619047619,6.0,0.3684210526315789,0.23684210526315788,10.571428571428571,0.09523809523809523,0.6176470588235294,1.0952380952380953,0.4,0.5,0.058823529411764705,0.03557312252964427,0.0425273390036452,0
phillta01w,8,HOU,0,0.42857142857142855,0.0,0.42857142857142855,3.085714285714286,0.0,3.085714285714286,0.5999988000024,0.08571426122449678,0.0,3,0.42857142857142855,3.085714285714286,0.08571426122449678,6,0.8571428571428571,6.171428571428572,0.17142852244899356,1.2857142857142858,9.257142857142856,0.3,0.3,5.0,0.0,0.20588235294117646,0.7142857142857143,0.25,0.0,0.0,0.010344827586206896,0.0038910505836575876,0
pierspl01w,4,PHO,0,0.5757575757575758,0.3939393939393939,1.303030303030303,1.1362126245847175,0.7774086378737541,2.571428571428571,0.5374999328125084,0.03156146126974317,0.02159468402666638,32,0.9696969696969697,1.9136212624584719,0.05315614529640955,75,2.272727272727273,4.485049833887043,0.12458471553845989,2.6363636363636362,5.20265780730897,0.36363636363636365,0.2159090909090909,18.242424242424242,0.15151515151515152,0.9705882352941176,1.2727272727272727,1.1,0.65,0.11607142857142858,0.06109324758842444,0.06677018633540373,0
pierspl01w,5,PHO,0,0.8387096774193549,0.5483870967741935,2.7419354838709675,1.165628891656289,0.7621419676214197,3.8107098381070985,0.6488549123011517,0.03237857992056563,0.021170609948062143,43,1.3870967741935485,1.9277708592777085,0.05354918986862777,128,4.129032258064516,5.738480697384807,0.15940223960893848,3.2903225806451615,4.572851805728519,0.4174757281553398,0.2524271844660194,25.903225806451612,0.8064516129032258,0.9117647058823529,1.5806451612903225,0.9629629629629629,0.6296296296296297,0.12318840579710146,0.09187279151943463,0.13016845329249618,0
pierspl01w,6,DET,2,0.6086956521739131,0.2608695652173913,1.5217391304347827,1.135135135135135,0.4864864864864865,2.8378378378378377,0.5645160379812841,0.03153153082136192,0.01351351320915511,20,0.8695652173913043,1.6216216216216215,0.045045044030517026,55,2.391304347826087,4.45945945945946,0.12387387108392182,2.347826086956522,4.378378378378379,0.36363636363636365,0.2545454545454545,19.304347826086957,0.0,0.6764705882352942,1.826086956521739,1.4,0.4,0.038461538461538464,0.05785123966942149,0.043532338308457715,0
pierspl01w,6,PHO,1,0.8333333333333334,1.0833333333333333,3.3333333333333335,1.1320754716981132,1.471698113207547,4.528301886792453,0.677965986785426,0.03144653989161825,0.04088050185910372,23,1.9166666666666667,2.6037735849056602,0.07232704175072197,63,5.25,7.132075471698114,0.19811320131719495,3.25,4.415094339622642,0.575,0.25,26.5,0.9166666666666666,0.35294117647058826,2.6666666666666665,1.1818181818181819,1.1818181818181819,0.07222222222222222,0.040983606557377046,0.05547850208044383,0
pierspl01w,7,DET,0,0.5294117647058824,0.4117647058823529,2.588235294117647,1.1469026548672567,0.8920353982300885,5.607079646017699,0.6666666161616199,0.03185840651578042,0.024778760623384768,32,0.9411764705882353,2.038938053097345,0.05663716713916519,120,3.5294117647058822,7.646017699115044,0.21238937677186945,2.4705882352941178,5.352212389380531,0.3764705882352941,0.21176470588235294,16.61764705882353,0.0,1.0,1.088235294117647,1.263157894736842,0.7368421052631579,0.10144927536231885,0.08411214953271028,0.09988649262202043,0
pierspl01w,8,DET,0,0.7647058823529411,0.8529411764705882,3.735294117647059,1.0909090909090908,1.2167832167832169,5.328671328671329,0.6446700180370549,0.030303029949848136,0.033799533405599845,55,1.6176470588235294,2.3076923076923075,0.06410256335544798,182,5.352941176470588,7.636363636363637,0.21212120964893696,3.235294117647059,4.615384615384615,0.4954954954954955,0.23423423423423423,25.235294117647058,0.0,1.0,2.323529411764706,2.185185185185185,1.0740740740740742,0.2457627118644068,0.11403508771929824,0.13626609442060086,0
pierspl01w,9,DET,0,0.8571428571428571,1.2142857142857142,2.5714285714285716,1.3312788906009245,1.8859784283513097,3.9938366718027734,0.5294117257785496,0.03697996861355981,0.05238828886920973,58,2.0714285714285716,3.217257318952234,0.08936825748276954,130,4.642857142857143,7.211093990755008,0.20030816332344895,3.5357142857142856,5.491525423728814,0.58,0.24,23.178571428571427,0.0,0.8235294117647058,1.7142857142857142,2.52,1.36,0.2857142857142857,0.08602150537634409,0.08530805687203792,0
pierspl01w,10,DET,0,1.0,1.0,0.0,7.2,7.2,0.0,0.0,0.19999960000080003,0.19999960000080003,2,2.0,14.4,0.39999920000160005,2,2.0,14.4,0.39999920000160005,2.0,14.4,0.6666666666666666,0.3333333333333333,5.0,0.0,0.029411764705882353,0.0,0.0,0.5,0.01020408163265306,0.003816793893129771,0.0,0
pondeca01w,7,PHO,0,1.15625,0.125,2.1875,1.2483598875351454,0.13495782567947517,2.3617619493908153,0.6542055463359302,0.03467666321765077,0.003748828455962245,41,1.28125,1.3833177132146204,0.03842549167361301,111,3.46875,3.7450796626054355,0.1040299896529523,2.625,2.8341143392689783,0.4823529411764706,0.43529411764705883,33.34375,1.0,0.9411764705882353,1.40625,2.5789473684210527,0.10526315789473684,0.03125,0.13405797101449277,0.08620689655172414,0
pondeca01w,8,PHO,0,0.9354838709677419,0.25806451612903225,3.129032258064516,1.0807453416149069,0.2981366459627329,3.6149068322981366,0.8660713512436293,0.030020703622974085,0.00828157341323423,37,1.1935483870967742,1.3788819875776397,0.03830227703620831,134,4.32258064516129,4.9937888198757765,0.13871635467167334,1.903225806451613,2.198757763975155,0.6166666666666667,0.48333333333333334,31.161290322580644,1.0,0.9117647058823529,2.225806451612903,4.1,0.26666666666666666,0.05,0.10139860139860139,0.11098398169336385,0
pondeca01w,9,PHO,0,1.1875,0.15625,2.90625,1.3652694610778444,0.17964071856287425,3.341317365269461,0.7815125393686941,0.03792415131812224,0.004990019910279243,43,1.34375,1.5449101796407188,0.042914171228401486,136,4.25,4.88622754491018,0.1357285415595954,2.5625,2.9461077844311374,0.5180722891566265,0.4578313253012048,31.3125,1.0,0.9411764705882353,2.90625,3.4615384615384617,0.1282051282051282,0.03184713375796178,0.1630901287553648,0.10915492957746478,0
pondeca01w,10,PHO,0,0.9117647058823529,0.35294117647058826,3.2941176470588234,1.0381395348837208,0.4018604651162791,3.7506976744186047,0.7777777237654359,0.028837209034072473,0.011162790593834506,43,1.2647058823529411,1.44,0.03999999962790698,155,4.5588235294117645,5.190697674418605,0.14418604517036238,2.911764705882353,3.315348837209302,0.43,0.31,31.61764705882353,1.0,1.0,2.5294117647058822,5.34375,0.375,0.06593406593406594,0.13716814159292035,0.12348401323042998,0
potthan01w,1,MIN,0,0.0,0.0,0.6666666666666666,0.0,0.0,9.0,0.9999950000249999,0.0,0.0,0,0.0,0.0,0.0,2,0.6666666666666666,9.0,0.24999968750039064,1.0,13.5,0.0,0.0,2.6666666666666665,0.0,0.08823529411764706,0.0,1.0,0.0,0.0,0.0,0.0032626427406199023,0
powelel01w,1,ORL,0,0.6,0.05,1.65,1.244956772334294,0.10374639769452448,3.4236311239193085,0.6599998680000264,0.034582131568238285,0.0028818442973531904,13,0.65,1.3487031700288183,0.03746397586559148,46,2.3,4.772334293948127,0.13256483767824676,1.05,2.1786743515850144,0.5909090909090909,0.5454545454545454,17.35,0.05,0.5882352941176471,1.5,3.230769230769231,0.07692307692307693,0.007633587786259542,0.046875,0.054365733113673806,0
powelel01w,2,ORL,0,1.53125,0.21875,2.0625,1.672037914691943,0.23886255924170616,2.2521327014218007,0.673469319033743,0.04644549719009008,0.006635071027155725,56,1.75,1.9109004739336493,0.0530805682172458,122,3.8125,4.163033175355451,0.11563980933042835,2.0,2.1838862559241705,0.8615384615384616,0.7538461538461538,32.96875,1.0,0.9411764705882353,2.46875,1.96,0.14,0.05555555555555555,0.1526479750778816,0.1073170731707317,0
powelel01w,3,DET,2,1.5333333333333334,0.5333333333333333,2.466666666666667,2.0856423173803527,0.72544080604534,3.355163727959698,0.5873014940791279,0.05793450735681342,0.020151132993674232,31,2.066666666666667,2.8110831234256928,0.07808564035048765,68,4.533333333333333,6.166246851385391,0.171284630446231,1.2666666666666666,1.7229219143576826,1.55,1.15,26.466666666666665,0.8666666666666667,0.4411764705882353,2.7333333333333334,2.5,0.3333333333333333,0.06015037593984962,0.11386138613861387,0.05138888888888889,0
powelel01w,3,ORL,1,1.3333333333333333,0.26666666666666666,1.6666666666666667,2.3376623376623376,0.4675324675324676,2.9220779220779223,0.7812497558594512,0.06493506282678368,0.012987012565356736,24,1.6,2.8051948051948052,0.07792207539214041,49,3.2666666666666666,5.7272727272727275,0.15909090392562,2.066666666666667,3.6233766233766236,0.75,0.625,20.533333333333335,0.06666666666666667,0.4411764705882353,2.0,1.4285714285714286,0.19047619047619047,0.03508771929824561,0.06756756756756757,0.04194630872483222,0
powelel01w,4,DET,0,1.3636363636363635,0.2727272727272727,1.9090909090909092,1.7270788912579957,0.3454157782515992,2.417910447761194,0.594339566571739,0.04797441313460114,0.009594882626920228,54,1.6363636363636365,2.0724946695095947,0.057569295761521366,117,3.5454545454545454,4.490405117270789,0.12473347414996297,1.9696969696969697,2.4946695095948828,0.8181818181818182,0.6818181818181818,28.424242424242426,1.0,0.9705882352941176,2.393939393939394,2.8043478260869565,0.1956521739130435,0.05660377358490566,0.17045454545454544,0.07394366197183098,0
powelel01w,5,DET,0,1.2,0.26666666666666666,1.7666666666666666,1.7052631578947368,0.37894736842105264,2.5105263157894733,0.6309523058390112,0.047368420429362894,0.010526315650969531,44,1.4666666666666666,2.0842105263157893,0.05789473608033242,97,3.2333333333333334,4.594736842105263,0.12763157726800556,2.2333333333333334,3.1736842105263157,0.6470588235294118,0.5294117647058824,25.333333333333332,0.8666666666666667,0.8823529411764706,2.033333333333333,3.6216216216216215,0.21621621621621623,0.053691275167785234,0.12949640287769784,0.06847545219638243,0
powelel01w,6,DET,0,1.0,0.13793103448275862,1.896551724137931,1.5558867362146052,0.21460506706408344,2.9508196721311473,0.6874999140625108,0.04321907536186177,0.0059612517740499,33,1.1379310344827587,1.7704918032786885,0.04918032713591167,88,3.0344827586206895,4.721311475409836,0.1311475390290978,2.1379310344827585,3.3263785394932937,0.5238095238095238,0.4603174603174603,23.137931034482758,0.7241379310344828,0.8529411764705882,1.7586206896551724,2.566666666666667,0.13333333333333333,0.02564102564102564,0.11983471074380166,0.06840796019900497,0
powelel01w,7,CHI,1,0.9285714285714286,0.21428571428571427,1.2857142857142858,1.8645418326693228,0.4302788844621514,2.5816733067729087,0.7199997120001153,0.05179282662179974,0.011952190758876862,16,1.1428571428571428,2.294820717131474,0.0637450173806766,34,2.4285714285714284,4.876494023904382,0.13545816193393778,1.8571428571428572,3.7290836653386457,0.5925925925925926,0.48148148148148145,17.928571428571427,0.21428571428571427,0.4117647058823529,1.8571428571428572,2.642857142857143,0.21428571428571427,0.023809523809523808,0.046762589928057555,0.02643171806167401,0
powelel01w,7,DET,2,0.2727272727272727,0.0,0.5454545454545454,0.9,0.0,1.8,0.46153810650914884,0.02499999791666684,0.0,3,0.2727272727272727,0.9,0.02499999791666684,9,0.8181818181818182,2.6999999999999997,0.07499999375000052,0.8181818181818182,2.6999999999999997,0.3,0.3,10.909090909090908,0.0,0.3235294117647059,0.8181818181818182,3.75,0.0,0.0,0.014018691588785047,0.00681044267877412,0
powelel01w,8,DET,0,0.375,0.0625,0.71875,1.3374613003095974,0.22291021671826627,2.563467492260062,0.6764703892734149,0.03715170163617023,0.006191950272695038,14,0.4375,1.5603715170278638,0.04334365190886527,37,1.15625,4.123839009287926,0.11455108004485821,1.03125,3.678018575851393,0.4117647058823529,0.35294117647058826,10.09375,0.375,0.9411764705882353,0.90625,3.3846153846153846,0.15384615384615385,0.01694915254237288,0.05263157894736842,0.02467811158798283,0
powelel01w,9,DET,0,0.375,0.0625,2.0,0.6900958466453674,0.11501597444089456,3.680511182108626,0.6399998720000255,0.01916932846104382,0.0031948880768406366,7,0.4375,0.805111821086262,0.02236421653788446,39,2.4375,4.485623003194888,0.12460063499678484,1.3125,2.415335463258786,0.3181818181818182,0.2727272727272727,19.5625,1.0,0.47058823529411764,1.125,5.0,0.14285714285714285,0.008403361344537815,0.021505376344086023,0.037914691943127965,0
powelni01w,5,CHA,0,0.4838709677419355,0.12903225806451613,1.967741935483871,1.40625,0.375,5.71875,0.8591548085697452,0.039062498982747426,0.010416666395399314,19,0.6129032258064516,1.78125,0.04947916537814674,80,2.5806451612903225,7.5,0.20833332790798625,1.1935483870967742,3.46875,0.5,0.39473684210526316,12.387096774193548,0.0,0.9117647058823529,0.7096774193548387,1.0,0.25,0.02962962962962963,0.07109004739336493,0.09886547811993517,0
powelni01w,6,SAC,0,1.1470588235294117,0.47058823529411764,2.7058823529411766,1.4210526315789473,0.582995951417004,3.3522267206477734,0.7419354240374658,0.03947368381099511,0.01619433181989543,55,1.6176470588235294,2.004048582995951,0.05566801563089053,147,4.323529411764706,5.3562753036437245,0.14878542359528923,2.4411764705882355,3.0242914979757085,0.6547619047619048,0.4642857142857143,29.058823529411764,1.0,1.0,1.2941176470588236,1.55,0.4,0.14678899082568808,0.12786885245901639,0.1362962962962963,0
powelni01w,7,SAC,0,1.2352941176470589,0.4411764705882353,3.1176470588235294,1.706546275395034,0.6094808126410836,4.306997742663657,0.8091602435755539,0.047404062670383044,0.01693002238227966,57,1.6764705882352942,2.3160270880361176,0.06433408505266269,163,4.794117647058823,6.623024830699775,0.18397290988743895,2.411764705882353,3.331828442437923,0.6867469879518072,0.5060240963855421,26.058823529411764,1.0,1.0,1.3823529411764706,1.4186046511627908,0.3488372093023256,0.16853932584269662,0.1268882175226586,0.14701803051317613,0
powelni01w,8,SAC,0,1.411764705882353,0.35294117647058826,3.7058823529411766,1.7525354969574036,0.4381338742393509,4.600405679513185,0.6596858293358204,0.04868154108842251,0.012170385272105627,60,1.7647058823529411,2.1906693711967544,0.06085192636052813,186,5.470588235294118,6.7910750507099396,0.18864097171763722,1.8529411764705883,2.3002028397565923,0.9375,0.75,29.0,1.0,1.0,1.8823529411764706,1.183673469387755,0.24489795918367346,0.11764705882352941,0.147239263803681,0.17403314917127072,0
powelni01w,9,SAC,0,1.1764705882352942,0.17647058823529413,3.2058823529411766,1.5254237288135593,0.2288135593220339,4.156779661016949,0.7266666182222254,0.042372880907066944,0.006355932136060041,46,1.3529411764705883,1.7542372881355932,0.048728813043126984,155,4.5588235294117645,5.911016949152542,0.16419491351488438,2.2941176470588234,2.9745762711864407,0.5822784810126582,0.5063291139240507,27.764705882352942,0.9705882352941176,1.0,1.8235294117647058,1.1219512195121952,0.14634146341463414,0.07692307692307693,0.125,0.15096952908587258,0
powelni01w,10,SAC,0,1.4411764705882353,0.23529411764705882,4.382352941176471,1.7043478260869567,0.2782608695652174,5.182608695652174,0.7449999627500018,0.04734299471166189,0.007729468524352961,57,1.6764705882352942,1.9826086956521738,0.05507246323601485,206,6.0588235294117645,7.165217391304348,0.19903381450208876,1.8235294117647058,2.1565217391304348,0.9047619047619048,0.7777777777777778,30.441176470588236,1.0,1.0,2.4705882352941178,1.54,0.16,0.08080808080808081,0.16896551724137931,0.1950261780104712,0
pricear01w,8,CHI,0,1.1764705882352942,0.20588235294117646,3.5588235294117645,1.612541993281075,0.28219484882418816,4.877939529675252,0.5931372258266066,0.04479283264509706,0.007838745712891986,47,1.3823529411764706,1.894736842105263,0.052631578357989046,168,4.9411764705882355,6.7726763717805145,0.18812989710940764,1.9705882352941178,2.701007838745801,0.6911764705882353,0.5882352941176471,26.264705882352942,1.0,1.0,1.7352941176470589,2.4146341463414633,0.17073170731707318,0.061946902654867256,0.1520912547528517,0.1545338441890166,0
pricear01w,9,CHI,0,1.0588235294117647,0.35294117647058826,2.0,1.6985583224115333,0.5661861074705111,3.2083879423328963,0.5439999564800034,0.047182175004165466,0.015727391668055157,48,1.411764705882353,2.2647444298820445,0.06290956667222063,116,3.411764705882353,5.473132372214941,0.15203145279119984,2.323529411764706,3.727391874180865,0.6,0.45,22.441176470588236,0.3235294117647059,1.0,1.4705882352941178,1.5945945945945945,0.32432432432432434,0.08,0.13333333333333333,0.08819714656290532,0
pricear01w,10,ATL,2,0.2727272727272727,0.18181818181818182,0.8181818181818182,1.1020408163265305,0.7346938775510203,3.306122448979592,0.5624996484377197,0.030612241774261043,0.020408161182840695,5,0.45454545454545453,1.836734693877551,0.05102040295710174,14,1.2727272727272727,5.142857142857142,0.14285712827988487,1.0909090909090908,4.408163265306122,0.38461538461538464,0.23076923076923078,8.909090909090908,0.0,0.3235294117647059,0.8181818181818182,1.0,0.5,0.01639344262295082,0.00909090909090909,0.010514018691588784,0
pricear01w,10,CHI,1,0.5454545454545454,0.045454545454545456,1.5454545454545454,1.3333333333333333,0.1111111111111111,3.7777777777777777,0.576271088767612,0.03703703589391865,0.003086419657826554,13,0.5909090909090909,1.4444444444444444,0.0401234555517452,47,2.1363636363636362,5.222222222222222,0.14506172391784805,1.4545454545454546,3.5555555555555554,0.3939393939393939,0.36363636363636365,14.727272727272727,0.0,0.6470588235294118,0.8181818181818182,2.0,0.07692307692307693,0.007194244604316547,0.048,0.043758043758043756,0
pridely01w,1,POR,0,0.5,0.28125,1.21875,1.2467532467532467,0.7012987012987013,3.038961038961039,0.6393441574845643,0.03463203388242351,0.019480519058863225,25,0.78125,1.948051948051948,0.05411255294128674,64,2.0,4.987012987012987,0.13852813552969404,1.84375,4.597402597402597,0.4166666666666667,0.26666666666666666,14.4375,0.03125,0.9411764705882353,1.03125,2.3529411764705883,0.5294117647058824,0.09574468085106383,0.06015037593984962,0.06210191082802548,0
pridely01w,2,MIN,0,0.875,0.625,3.09375,1.4137447405329593,1.0098176718092566,4.998597475455821,0.6780821453368393,0.03927068668624563,0.02805049049017545,48,1.5,2.423562412342216,0.06732117717642108,147,4.59375,7.422159887798037,0.20617110510278955,2.40625,3.887798036465638,0.6153846153846154,0.358974358974359,22.28125,0.4375,0.9411764705882353,1.4375,0.9655172413793104,0.6896551724137931,0.15625,0.13270142180094788,0.14265129682997119,0
pridely01w,3,MIN,0,0.8064516129032258,0.8064516129032258,2.5161290322580645,1.5280135823429541,1.5280135823429541,4.767402376910017,0.7572814798755845,0.04244482101112358,0.04244482101112358,50,1.6129032258064515,3.0560271646859083,0.08488964202224716,128,4.129032258064516,7.823429541595925,0.21731748357695274,2.3548387096774195,4.461799660441426,0.6756756756756757,0.33783783783783783,19.0,0.4838709677419355,0.9117647058823529,1.5161290322580645,1.6538461538461537,0.9615384615384616,0.24271844660194175,0.11013215859030837,0.11981566820276497,0
pridely01w,4,LAS,2,0.0,0.0,0.75,0.0,0.0,3.8571428571428568,0.4999991666680556,0.0,0.0,0,0.0,0.0,0.0,3,0.75,3.8571428571428568,0.10714281887756469,2.25,11.571428571428573,0.0,0.0,7.0,0.0,0.11764705882352941,0.75,0.0,0.0,0.0,0.0,0.0036855036855036856,0
pridely01w,4,MIN,1,0.23076923076923078,0.07692307692307693,0.6923076923076923,1.6363636363636365,0.5454545454545454,4.909090909090908,0.5294114532873805,0.04545453856749415,0.015151512855831386,4,0.3076923076923077,2.1818181818181817,0.06060605142332554,13,1.0,7.090909090909091,0.196969667125808,0.8461538461538461,6.0,0.3333333333333333,0.25,5.076923076923077,0.0,0.38235294117647056,0.6153846153846154,0.25,0.25,0.00980392156862745,0.012345679012345678,0.012517385257301807,0
pringla01w,9,PHO,0,0.3448275862068966,1.5172413793103448,1.7241379310344827,0.9549071618037136,4.201591511936339,4.774535809018568,0.4901960303729382,0.026525198235405886,0.11671087223578588,54,1.8620689655172413,5.156498673740053,0.14323607047119177,104,3.586206896551724,9.931034482758621,0.2758620616482212,2.4482758620689653,6.779840848806366,0.75,0.1388888888888889,13.0,0.2413793103448276,0.8529411764705882,0.9310344827586207,0.8181818181818182,4.0,0.2802547770700637,0.04291845493562232,0.05868544600938967,0
pringla01w,10,MIN,0,0.17647058823529413,0.8235294117647058,1.3529411764705883,0.6792452830188679,3.1698113207547167,5.2075471698113205,0.6216214536158233,0.01886792334164004,0.08805030892765353,17,1.0,3.849056603773585,0.10691823226929356,40,2.3529411764705883,9.056603773584905,0.25157231122186724,1.2941176470588236,4.981132075471698,0.7391304347826086,0.13043478260869565,9.352941176470589,0.0,0.5,0.8235294117647058,2.0,3.5,0.10852713178294573,0.009933774834437087,0.03014416775884666,0
queenbr01w,7,CON,0,0.0,0.0,0.0,0.0,0.0,0.0,0.0,0.0,0.0,0,0.0,0.0,0.0,0,0.0,0.0,0.0,0.0,0.0,0.0,0.0,2.5,0.0,0.11764705882352941,0.25,0.0,0.0,0.0,0.0,0.0,0
queenbr01w,9,CHI,0,0.0,0.0,0.375,0.0,0.0,3.0,0.7499981250046875,0.0,0.0,0,0.0,0.0,0.0,3,0.375,3.0,0.0833333101851916,0.625,5.0,0.0,0.0,4.5,0.0,0.23529411764705882,0.625,2.0,0.0,0.0,0.0,0.0038910505836575876,0
quiglal01w,9,PHO,0,0.42857142857142855,0.07142857142857142,0.35714285714285715,2.16,0.36,1.8,0.45454504132268975,0.0599999940000006,0.0099999990000001,7,0.5,2.5200000000000005,0.0699999930000007,12,0.8571428571428571,4.32,0.1199999880000012,0.6428571428571429,3.2399999999999998,0.7,0.6,7.142857142857143,0.0,0.4117647058823529,0.42857142857142855,0.5714285714285714,0.14285714285714285,0.006369426751592357,0.02575107296137339,0.005868544600938967,0
quiglal01w,10,PHO,0,0.0,0.0,0.6666666666666666,0.0,0.0,4.5,0.7999984000032001,0.0,0.0,0,0.0,0.0,0.0,4,0.6666666666666666,4.5,0.1249999609375122,1.0,6.75,0.0,0.0,5.333333333333333,0.0,0.17647058823529413,0.8333333333333334,1.0,0.0,0.0,0.0,0.004410143329658214,0
quinnno01w,8,MIN,0,0.8529411764705882,0.38235294117647056,2.088235294117647,1.5582089552238807,0.6985074626865672,3.8149253731343284,0.797752719353627,0.04328358144352864,0.019402984785030077,42,1.2352941176470589,2.2567164179104475,0.06268656622855871,113,3.323529411764706,6.071641791044776,0.16865671390064607,1.1764705882352942,2.1492537313432836,1.024390243902439,0.7073170731707317,19.705882352941178,0.5588235294117647,1.0,1.9705882352941178,4.933333333333334,0.43333333333333335,0.13541666666666666,0.12133891213389121,0.09033078880407125,0
quinnno01w,9,MIN,0,0.65625,0.0625,1.78125,1.4183864915572233,0.1350844277673546,3.849906191369606,0.8260868367990091,0.03939962402627347,0.0037523451453593784,23,0.71875,1.553470919324578,0.04315196917163285,80,2.5,5.403377110694184,0.15009380581437512,1.03125,2.2288930581613506,0.6764705882352942,0.6176470588235294,16.65625,0.78125,0.9411764705882353,1.4375,3.6818181818181817,0.09090909090909091,0.015151515151515152,0.06774193548387097,0.07187894073139975,0
quinnno01w,10,LAS,0,1.1764705882352942,0.3235294117647059,2.6176470588235294,1.5500538213132402,0.426264800861141,3.448869752421959,0.7295081369255625,0.04305705012855705,0.011840688785353189,51,1.5,1.976318622174381,0.05489773891391024,140,4.117647058823529,5.42518837459634,0.15069967544994967,1.7352941176470589,2.2863293864370293,0.85,0.6666666666666666,27.323529411764707,0.2647058823529412,1.0,1.5,2.8780487804878048,0.2682926829268293,0.0658682634730539,0.1834862385321101,0.10067873303167421,0
quinnte01w,1,IND,0,0.23529411764705882,0.0,0.29411764705882354,1.2203389830508475,0.0,1.5254237288135593,0.31249980468762206,0.033898302212008284,0.0,4,0.23529411764705882,1.2203389830508475,0.033898302212008284,9,0.5294117647058824,2.745762711864407,0.07627117997701864,0.7058823529411765,3.6610169491525424,0.3076923076923077,0.3076923076923077,6.9411764705882355,0.0,0.5,0.5882352941176471,3.0,0.0,0.0,0.014705882352941176,0.007716049382716049,0
radunha01w,2,NYL,0,0.0,0.25,0.75,0.0,4.0,12.0,0.7499981250046875,0.0,0.11111098765445816,1,0.25,4.0,0.11111098765445816,4,1.0,16.0,0.44444395061783265,0.75,12.0,0.25,0.0,2.25,0.0,0.11764705882352941,0.5,0.0,1.0,0.012048192771084338,0.0,0.0045385779122541605,0
raglafe01w,3,SEA,0,0.8709677419354839,0.03225806451612903,0.6774193548387096,2.25,0.08333333333333333,1.75,0.4374999088541856,0.06249999855324078,0.00231481476123114,28,0.9032258064516129,2.333333333333333,0.06481481331447192,49,1.5806451612903225,4.083333333333334,0.11342592330032586,1.4193548387096775,3.6666666666666665,0.6222222222222222,0.6,13.935483870967742,0.0967741935483871,0.9117647058823529,0.9354838709677419,0.8214285714285714,0.03571428571428571,0.006578947368421052,0.09540636042402827,0.033123028391167195,0
raglafe01w,4,PHO,0,0.6666666666666666,0.0,0.6666666666666666,1.846153846153846,0.0,1.846153846153846,0.9999950000249999,0.05128203813281073,0.0,2,0.6666666666666666,1.846153846153846,0.05128203813281073,4,1.3333333333333333,3.692307692307692,0.10256407626562146,1.3333333333333333,3.692307692307692,0.4,0.4,13.0,0.0,0.08823529411764706,1.0,0.6666666666666666,0.0,0.0,0.006430868167202572,0.003105590062111801,0
raglafe01w,5,HOU,0,0.7352941176470589,0.08823529411764706,1.411764705882353,1.7408123791102512,0.20889748549323017,3.3423597678916828,0.7164178035197308,0.048355898484412026,0.0058027078181294425,28,0.8235294117647058,1.9497098646034816,0.05415860630254147,76,2.235294117647059,5.292069632495164,0.14700193139261256,1.411764705882353,3.3423597678916828,0.5714285714285714,0.5102040816326531,15.205882352941176,0.29411764705882354,1.0,0.9411764705882353,1.4615384615384615,0.11538461538461539,0.027777777777777776,0.102880658436214,0.06620689655172414,0
raglafe01w,6,HOU,0,0.0,0.0,0.0,0.0,0.0,0.0,0.0,0.0,0.0,0,0.0,0.0,0.0,0,0.0,0.0,0.0,0.75,12.0,0.0,0.0,2.25,0.0,0.11764705882352941,0.0,1.0,0.0,0.0,0.0,0.0,0
randase01w,2,SEA,0,0.90625,0.125,2.28125,1.1809954751131222,0.16289592760180996,2.9728506787330318,0.6952380290249496,0.03280542949315125,0.004524886826641552,33,1.03125,1.343891402714932,0.037330316319792806,106,3.3125,4.316742081447964,0.11990950090600112,1.40625,1.832579185520362,0.717391304347826,0.6304347826086957,27.625,0.9375,0.9411764705882353,2.28125,1.4666666666666666,0.13333333333333333,0.03125,0.10583941605839416,0.12457337883959044,0
randase01w,3,SEA,1,0.9523809523809523,0.047619047619047616,1.4285714285714286,1.5720524017467248,0.07860262008733623,2.3580786026200875,0.44117640570935207,0.04366812131728993,0.0021834060658644963,21,1.0,1.6506550218340612,0.04585152738315443,51,2.4285714285714284,4.008733624454148,0.11135370935908932,1.5714285714285714,2.593886462882096,0.6176470588235294,0.5882352941176471,21.80952380952381,0.7619047619047619,0.6176470588235294,1.7142857142857142,1.380952380952381,0.047619047619047616,0.006578947368421052,0.0706713780918728,0.0473186119873817,0
randase01w,3,UTA,2,0.5,0.125,2.125,1.0666666666666667,0.26666666666666666,4.533333333333333,0.8095234240364647,0.02962962743484241,0.007407406858710603,5,0.625,1.3333333333333333,0.03703703429355301,22,2.75,5.866666666666667,0.16296295089163326,2.0,4.266666666666667,0.29411764705882354,0.23529411764705882,16.875,0.0,0.23529411764705882,1.25,1.6,0.2,0.00558659217877095,0.017467248908296942,0.023545706371191136,0
randase01w,4,SAS,0,0.3333333333333333,0.0,0.8484848484848485,1.168141592920354,0.0,2.9734513274336285,0.5283017871128703,0.0324483766239417,0.0,11,0.3333333333333333,1.168141592920354,0.0324483766239417,39,1.1818181818181819,4.1415929203539825,0.1150442443939751,1.2424242424242424,4.353982300884955,0.2619047619047619,0.2619047619047619,10.272727272727273,0.030303030303030304,0.9705882352941176,1.3333333333333333,1.9166666666666667,0.0,0.0,0.05851063829787234,0.035175879396984924,0
randase01w,5,SAS,0,0.7586206896551724,0.13793103448275862,1.1724137931034482,1.7142857142857142,0.3116883116883117,2.64935064935065,0.5666665722222379,0.047619046588332326,0.008658008470605877,26,0.896551724137931,2.025974025974026,0.05627705505893821,60,2.0689655172413794,4.675324675324675,0.12987012705908815,1.4137931034482758,3.194805194805195,0.6190476190476191,0.5238095238095238,15.931034482758621,0.27586206896551724,0.8529411764705882,0.9655172413793104,0.8695652173913043,0.17391304347826086,0.037383177570093455,0.08058608058608059,0.04843304843304843,0
rasmukr01w,1,MIA,2,0.96,0.56,2.08,1.9030837004405288,1.1101321585903083,4.1233480176211454,0.5416666102430614,0.05286343495895518,0.03083700372605719,38,1.52,3.013215859030837,0.08370043868501237,90,3.6,7.136563876651982,0.19823788109608192,1.88,3.7268722466960353,0.7916666666666666,0.5,18.16,0.28,0.7352941176470589,1.16,1.08,0.56,0.15730337078651685,0.08791208791208792,0.087248322147651,0
rasmukr01w,1,UTA,1,1.0,0.0,1.0,4.0,0.0,4.0,0.49999750001249993,0.11111098765445816,0.0,1,1.0,4.0,0.11111098765445816,2,2.0,8.0,0.22222197530891633,2.0,8.0,0.3333333333333333,0.3333333333333333,9.0,0.0,0.029411764705882353,1.0,0.5,0.0,0.0,0.004651162790697674,0.001364256480218281,0
rasmukr01w,2,MIA,0,0.39285714285714285,0.5,1.9642857142857142,0.9519230769230769,1.2115384615384615,4.759615384615385,0.6249999289772807,0.026442307056675312,0.03365384534485949,25,0.8928571428571429,2.1634615384615383,0.0600961524015348,80,2.857142857142857,6.923076923076923,0.19230768768491135,1.7142857142857142,4.153846153846154,0.5102040816326531,0.22448979591836735,14.857142857142858,0.10714285714285714,0.8235294117647058,1.1071428571428572,1.3333333333333333,1.1666666666666667,0.09090909090909091,0.036544850498338874,0.0843558282208589,0
rasmukr01w,3,MIA,0,0.5806451612903226,0.5161290322580645,2.4516129032258065,0.9614243323442137,0.8545994065281899,4.059347181008902,0.6495725940536244,0.026706231057771052,0.02373887205135205,34,1.096774193548387,1.8160237388724036,0.050445103109123104,110,3.5483870967741935,5.8753709198813056,0.16320474535304533,2.032258064516129,3.3649851632047474,0.53125,0.28125,21.741935483870968,0.16129032258064516,0.9117647058823529,1.1935483870967742,2.1578947368421053,0.8421052631578947,0.16494845360824742,0.06545454545454546,0.13240418118466898,0
rasmukr01w,4,IND,0,0.7272727272727273,0.45454545454545453,2.1515151515151514,1.0614250614250615,0.6633906633906634,3.14004914004914,0.6173912506616304,0.029484029121817825,0.01842751820113614,39,1.1818181818181819,1.7248157248157248,0.04791154732295397,110,3.3333333333333335,4.864864864864865,0.13513513347499836,1.9696969696969697,2.8746928746928746,0.5909090909090909,0.36363636363636365,24.666666666666668,0.7575757575757576,0.9705882352941176,1.4545454545454546,2.56,0.6,0.12295081967213115,0.08,0.1083969465648855,0
rasmukr01w,5,IND,0,0.6363636363636364,0.42424242424242425,2.1818181818181817,1.092485549132948,0.7283236994219653,3.7456647398843934,0.6371680852063641,0.030346820370710688,0.020231213580473792,35,1.0606060606060606,1.8208092485549134,0.05057803395118448,107,3.242424242424242,5.566473988439306,0.15462427522219255,1.5454545454545454,2.6531791907514455,0.6730769230769231,0.40384615384615385,20.96969696969697,0.12121212121212122,0.9705882352941176,1.0606060606060606,2.1363636363636362,0.6363636363636364,0.1037037037037037,0.08015267175572519,0.10198300283286119,0
rasmukr01w,6,CHA,2,0.3333333333333333,0.0,1.0,1.2413793103448276,0.0,3.7241379310344827,0.5999988000024,0.03448274673008733,0.0,1,0.3333333333333333,1.2413793103448276,0.03448274673008733,4,1.3333333333333333,4.9655172413793105,0.13793098692034933,2.6666666666666665,9.931034482758621,0.1111111111111111,0.1111111111111111,9.666666666666666,0.0,0.08823529411764706,0.3333333333333333,1.0,0.0,0.0,0.0035087719298245615,0.004918032786885246,0
rasmukr01w,6,HOU,1,0.5416666666666666,0.6666666666666666,2.0833333333333335,0.8965517241379309,1.103448275862069,3.4482758620689657,0.6578946502770197,0.024904214082294752,0.030651340408978156,29,1.2083333333333333,2.0,0.055555554491272904,79,3.2916666666666665,5.448275862068965,0.15134099326932965,2.3333333333333335,3.8620689655172415,0.5087719298245614,0.22807017543859648,21.75,0.7916666666666666,0.7058823529411765,0.7916666666666666,1.5714285714285714,1.1428571428571428,0.1509433962264151,0.05263157894736842,0.072992700729927,0
rasmukr01w,7,PHO,0,0.8235294117647058,0.7941176470588235,4.0,1.1101321585903083,1.0704845814977972,5.392070484581498,0.6538461224112441,0.03083700406567176,0.029735682491897772,55,1.6176470588235294,2.1806167400881056,0.06057268655756953,191,5.617647058823529,7.572687224669603,0.21035242059083237,2.8823529411764706,3.8854625550660797,0.5555555555555556,0.2828282828282828,26.705882352941178,0.9411764705882353,1.0,0.9705882352941176,2.4827586206896552,0.9310344827586207,0.2109375,0.10144927536231885,0.16748768472906403,0
rasmukr01w,8,CON,0,0.3333333333333333,0.15151515151515152,1.696969696969697,0.7586206896551725,0.3448275862068965,3.8620689655172415,0.6153845477599398,0.021072796531172482,0.009578543877805674,16,0.48484848484848486,1.103448275862069,0.030651340408978156,72,2.1818181818181817,4.9655172413793105,0.1379310318404017,1.6363636363636365,3.7241379310344827,0.2909090909090909,0.2,15.818181818181818,0.09090909090909091,0.9705882352941176,1.0606060606060606,2.4166666666666665,0.4166666666666667,0.03184713375796178,0.040293040293040296,0.06444188722669736,0
rasmukr01w,9,MIN,0,0.3870967741935484,0.1935483870967742,1.7096774193548387,1.099236641221374,0.549618320610687,4.854961832061069,0.6235293384083131,0.03053435036808269,0.015267175184041346,18,0.5806451612903226,1.6488549618320612,0.04580152555212404,71,2.2903225806451615,6.5038167938931295,0.1806615730111559,1.5483870967741935,4.396946564885496,0.3673469387755102,0.24489795918367346,12.67741935483871,0.0,0.9117647058823529,0.6129032258064516,2.076923076923077,0.46153846153846156,0.045454545454545456,0.03870967741935484,0.06683480453972257,0
raymost01w,8,CHI,0,0.2,0.0,0.6,0.8,0.0,2.4,0.8571422448983965,0.02222222098765439,0.0,4,0.2,0.8,0.02222222098765439,16,0.8,3.2,0.08888888395061756,0.55,2.1999999999999997,0.3333333333333333,0.3333333333333333,9.0,0.0,0.5882352941176471,0.9,5.4,0.0,0.0,0.015209125475285171,0.01532567049808429,0
reddja01w,1,SEA,0,0.7307692307692307,0.038461538461538464,1.0384615384615385,1.7674418604651163,0.09302325581395349,2.511627906976744,0.5999998666666962,0.049095605966521814,0.0025839792613958847,20,0.7692307692307693,1.8604651162790697,0.0516795852279177,47,1.8076923076923077,4.372093023255814,0.1214470252856066,2.0384615384615383,4.930232558139535,0.37037037037037035,0.35185185185185186,14.884615384615385,0.3076923076923077,0.7647058823529411,1.3461538461538463,0.8,0.05,0.010638297872340425,0.07421875,0.05018587360594796,0
reddja01w,2,SEA,0,0.53125,0.09375,1.65625,0.928679817905918,0.1638846737481032,2.895295902883156,0.646341384592514,0.025796661217046112,0.004552351979478726,20,0.625,1.0925644916540214,0.03034901319652484,73,2.28125,3.9878603945371776,0.11077389816731566,3.15625,5.517450682852807,0.19607843137254902,0.16666666666666666,20.59375,0.1875,0.9411764705882353,1.5,2.6666666666666665,0.16666666666666666,0.0234375,0.06204379562043796,0.09044368600682594,0
reddja01w,3,SEA,0,0.2,0.0,0.5,0.6428571428571428,0.0,1.6071428571428572,0.38461508875762407,0.017857141262755245,0.0,2,0.2,0.6428571428571428,0.017857141262755245,7,0.7,2.25,0.06249999441964335,1.7,5.4642857142857135,0.1111111111111111,0.1111111111111111,11.2,0.0,0.29411764705882354,0.7,2.3333333333333335,0.0,0.0,0.007067137809187279,0.007886435331230283,0
reedbr01w,1,PHO,0,2.0625,0.65625,4.0,2.179816513761468,0.6935779816513762,4.227522935779817,0.6844919420057785,0.06055045816008754,0.019266054869118764,87,2.71875,2.8733944954128443,0.07981651302920631,215,6.71875,7.100917431192661,0.19724770461240637,1.625,1.7174311926605506,1.6415094339622642,1.2452830188679245,34.0625,0.9375,0.9411764705882353,2.8125,1.2835820895522387,0.31343283582089554,0.22826086956521738,0.23076923076923078,0.2064516129032258,0
reedbr01w,2,PHO,0,0.0,0.0,3.0,0.0,0.0,8.307692307692308,0.9999966666777778,0.0,0.0,0,0.0,0.0,0.0,3,3.0,8.307692307692308,0.23076905325457442,0.0,0.0,0.0,0.0,13.0,0.0,0.029411764705882353,0.0,0.0,0.0,0.0,0.0,0.004665629860031105,0
reedbr01w,3,PHO,0,0.4,0.6,0.6,0.8470588235294118,1.2705882352941176,1.2705882352941176,0.7499981250046875,0.023529408996540116,0.035294113494810174,5,1.0,2.1176470588235294,0.05882352249135029,8,1.6,3.388235294117647,0.09411763598616046,1.6,3.388235294117647,0.5555555555555556,0.2222222222222222,17.0,0.8,0.14705882352941177,1.6,1.3333333333333333,1.0,0.031578947368421054,0.007462686567164179,0.004784688995215311,0
reidtr01w,1,CHA,0,0.4827586206896552,0.3103448275862069,1.896551724137931,0.8129032258064516,0.5225806451612903,3.1935483870967745,0.5499999450000055,0.022580644797086376,0.014516128798126955,23,0.7931034482758621,1.335483870967742,0.03709677359521333,78,2.689655172413793,4.5290322580645155,0.12580644958376694,1.6206896551724137,2.729032258064516,0.4791666666666667,0.2916666666666667,21.379310344827587,0.5862068965517241,0.8529411764705882,1.7586206896551724,1.9333333333333333,0.6,0.0989010989010989,0.06278026905829596,0.08716323296354993,0
reidtr01w,2,MIA,0,0.7142857142857143,0.23809523809523808,1.2857142857142858,1.9424460431654675,0.6474820143884892,3.496402877697842,0.7297295325055317,0.05395683259148085,0.01798561086382695,20,0.9523809523809523,2.5899280575539567,0.0719424434553078,47,2.238095238095238,6.086330935251799,0.16906474211997333,1.3333333333333333,3.6258992805755397,0.6896551724137931,0.5172413793103449,13.238095238095237,0.09523809523809523,0.6176470588235294,1.1904761904761905,0.8125,0.3125,0.032467532467532464,0.04983388704318937,0.04141104294478527,0
reidtr01w,3,PHO,0,0.9166666666666666,0.08333333333333333,1.8333333333333333,1.8812351543942993,0.17102137767220904,3.7624703087885987,0.5714284972170782,0.05225653082526056,0.004750593711387323,24,1.0,2.0522565320665085,0.05700712453664788,68,2.8333333333333335,5.814726840855108,0.16152018618716898,1.2083333333333333,2.4798099762470307,0.8,0.7333333333333333,17.541666666666668,0.5,0.7058823529411765,1.5,0.6086956521739131,0.08695652173913043,0.021052631578947368,0.08208955223880597,0.07017543859649122,0
reidtr01w,4,PHO,0,1.0,0.0,0.0,6.0,0.0,0.0,0.0,0.16666652777789354,0.0,2,1.0,6.0,0.16666652777789354,2,1.0,6.0,0.16666652777789354,2.0,12.0,0.4,0.4,6.0,0.0,0.058823529411764705,0.5,0.3333333333333333,0.0,0.0,0.006430868167202572,0.0,0
rileyru01w,2,MIA,0,0.78125,1.4375,2.46875,1.1264080100125158,2.072590738423029,3.559449311639549,0.6076922609467491,0.03128911099763315,0.05757196423564501,71,2.21875,3.1989987484355447,0.08886107523327816,150,4.6875,6.758448060075094,0.18773466598579894,3.34375,4.821026282853567,0.6574074074074074,0.23148148148148148,24.96875,0.625,0.9411764705882353,1.96875,1.0,1.7692307692307692,0.2987012987012987,0.08305647840531562,0.12116564417177914,0
rileyru01w,3,MIA,0,0.4230769230769231,1.5769230769230769,2.5384615384615383,0.7630057803468208,2.8439306358381504,4.578034682080925,0.7333332518518609,0.021194604601260027,0.07899807169560556,52,2.0,3.606936416184971,0.10019267629686558,118,4.538461538461538,8.184971098265896,0.22736030390442574,3.3461538461538463,6.034682080924855,0.5909090909090909,0.125,19.96153846153846,0.3076923076923077,0.7647058823529411,1.8846153846153846,2.0833333333333335,3.4166666666666665,0.422680412371134,0.04,0.11498257839721254,0
rileyru01w,4,DET,0,0.7352941176470589,1.7058823529411764,4.176470588235294,0.9045226130653267,2.0984924623115577,5.137688442211055,0.7064676265438992,0.025125627888184645,0.05829145670058838,83,2.4411764705882355,3.0030150753768843,0.08341708458877302,225,6.617647058823529,8.14070351758794,0.2261306509936618,3.764705882352941,4.631155778894473,0.6434108527131783,0.1937984496124031,29.264705882352942,1.0,1.0,2.411764705882353,2.4615384615384617,2.230769230769231,0.36477987421383645,0.0946969696969697,0.16666666666666666,0
rileyru01w,5,DET,0,0.9117647058823529,1.5588235294117647,3.8529411764705883,1.0761812921890068,1.839922854387657,4.547733847637415,0.6582914242064611,0.029893924494754826,0.051108967684580835,84,2.4705882352941178,2.9161041465766635,0.08100289217933566,215,6.323529411764706,7.463837994214079,0.20732883117329962,3.5588235294117645,4.200578592092575,0.6885245901639344,0.2540983606557377,30.5,1.0,1.0,2.411764705882353,1.5625,1.65625,0.35570469798657717,0.11151079136690648,0.16925064599483206,0
rileyru01w,6,DET,0,0.696969696969697,1.393939393939394,3.4242424242424243,0.968421052631579,1.936842105263158,4.757894736842106,0.7243589279257098,0.02690058448069492,0.05380116896138984,69,2.090909090909091,2.905263157894737,0.08070175344208476,182,5.515151515151516,7.663157894736842,0.2128654945863685,3.9696969696969697,5.515789473684211,0.5227272727272727,0.17424242424242425,25.90909090909091,1.0,0.9705882352941176,2.0606060606060606,1.625,1.9166666666666667,0.2948717948717949,0.09504132231404959,0.14054726368159204,0
rileyru01w,7,DET,0,0.5294117647058824,1.4411764705882353,3.7941176470588234,0.7405714285714285,2.016,5.307428571428572,0.7818181344352646,0.020571428336326535,0.05599999936000001,67,1.9705882352941178,2.7565714285714282,0.07657142769632655,196,5.764705882352941,8.064,0.22399999744000004,3.235294117647059,4.525714285714286,0.6036036036036037,0.16216216216216217,25.735294117647058,1.0,1.0,1.588235294117647,2.736842105263158,2.5789473684210527,0.35507246376811596,0.08411214953271028,0.14642451759364358,0
rileyru01w,8,SAS,0,0.9,1.9666666666666666,3.8666666666666667,1.257438551099612,2.7477360931435966,5.402328589909444,0.7837837308254236,0.03492884818979498,0.07632600159992237,86,2.8666666666666667,4.005174644243208,0.11125484978971734,202,6.733333333333333,9.407503234152651,0.2613195309014291,3.8,5.309184993531694,0.7478260869565218,0.23478260869565218,25.766666666666666,0.9666666666666667,0.8823529411764706,2.3,1.3214285714285714,2.107142857142857,0.45038167938931295,0.09507042253521127,0.15163398692810456,0
rileyru01w,9,SAS,0,0.4666666666666667,1.3666666666666667,3.1333333333333333,0.8689655172413793,2.5448275862068965,5.834482758620689,0.8703702897805287,0.024137930618311543,0.07068965395362665,55,1.8333333333333333,3.413793103448276,0.0948275845719382,149,4.966666666666667,9.248275862068965,0.25689654729488715,3.3666666666666667,6.268965517241379,0.5392156862745098,0.13725490196078433,19.333333333333332,0.1,0.8823529411764706,1.7333333333333334,2.066666666666667,2.7333333333333334,0.271523178807947,0.05128205128205128,0.11084905660377359,0
rileyru01w,10,SAS,0,0.45161290322580644,1.4516129032258065,3.3870967741935485,0.7753846153846153,2.4923076923076923,5.815384615384616,0.7499999464285753,0.0215384612071006,0.0692307681656805,59,1.903225806451613,3.2676923076923075,0.09076922937278109,164,5.290322580645161,9.083076923076922,0.25230768842603557,2.903225806451613,4.984615384615385,0.6483516483516484,0.15384615384615385,20.967741935483872,0.5483870967741935,0.9117647058823529,1.1290322580645162,1.8666666666666667,3.0,0.38461538461538464,0.05426356589147287,0.13654096228868662,0
rizzoje01w,1,HOU,0,0.46875,0.0625,0.9375,1.2356979405034325,0.16475972540045766,2.471395881006865,0.8333331018519161,0.03432494200629423,0.004576658934172565,17,0.53125,1.40045766590389,0.0389016009404668,47,1.46875,3.871853546910755,0.10755148495305528,1.1875,3.1304347826086953,0.4358974358974359,0.38461538461538464,13.65625,0.0625,0.9411764705882353,0.8125,2.75,0.125,0.01904761904761905,0.05263157894736842,0.041379310344827586,0
rizzoje01w,2,CLE,0,0.78125,0.0625,0.875,1.8907563025210083,0.15126050420168066,2.1176470588235294,0.933333022222326,0.05252100729997884,0.004201680583998307,27,0.84375,2.042016806722689,0.05672268788397715,55,1.71875,4.159663865546219,0.11554621605995345,0.9375,2.26890756302521,0.8709677419354839,0.8064516129032258,14.875,0.0,0.9411764705882353,1.28125,1.9615384615384615,0.07692307692307693,0.023809523809523808,0.09328358208955224,0.042232277526395176,0
rizzoje01w,3,CLE,0,0.8846153846153846,0.11538461538461539,2.5,1.19136690647482,0.1553956834532374,3.366906474820144,0.9285712959183863,0.03309352470369029,0.004316546700481342,26,1.0,1.3467625899280575,0.03741007140417164,91,3.5,4.713669064748202,0.13093524991460073,2.0384615384615383,2.7453237410071942,0.48148148148148145,0.42592592592592593,26.73076923076923,0.9615384615384616,0.7647058823529411,1.7307692307692308,3.5416666666666665,0.125,0.03571428571428571,0.1036036036036036,0.0962962962962963,0
rizzoje01w,4,CLE,0,0.42424242424242425,0.0,1.1515151515151516,0.9600000000000001,0.0,2.605714285714286,0.9047616893424548,0.02666666615873017,0.0,14,0.42424242424242425,0.9600000000000001,0.02666666615873017,52,1.5757575757575757,3.565714285714286,0.09904761716099778,0.6666666666666666,1.5085714285714285,0.6086956521739131,0.6086956521739131,15.909090909090908,0.0,0.9705882352941176,1.0606060606060606,4.333333333333333,0.0,0.0,0.06167400881057269,0.052704576976421634,0
robinas01w,5,PHO,0,0.42105263157894735,0.5263157894736842,0.47368421052631576,2.2153846153846155,2.769230769230769,2.4923076923076923,0.6923071597637233,0.06153845680473409,0.07692307100591761,18,0.9473684210526315,4.984615384615385,0.1384615278106517,27,1.4210526315789473,7.476923076923077,0.20769229171597756,1.1578947368421053,6.092307692307693,0.782608695652174,0.34782608695652173,6.842105263157895,0.0,0.5588235294117647,0.21052631578947367,0.2222222222222222,1.1111111111111112,0.07246376811594203,0.028268551236749116,0.013782542113323124,0
robinas01w,6,PHO,0,0.5882352941176471,1.0,2.0588235294117645,1.0925644916540214,1.857359635811836,3.823975720789074,0.593220288710145,0.03034901319652484,0.051593322434092224,54,1.588235294117647,2.9499241274658576,0.08194233563061706,124,3.6470588235294117,6.773899848254932,0.188163881818454,3.176470588235294,5.899848254931715,0.4954128440366973,0.1834862385321101,19.38235294117647,0.4411764705882353,1.0,1.1176470588235294,1.4761904761904763,1.619047619047619,0.18888888888888888,0.08196721311475409,0.0970873786407767,0
robinas01w,7,CHI,1,0.16666666666666666,0.6666666666666666,1.5,0.5806451612903225,2.32258064516129,5.225806451612904,0.5294116089965856,0.016129030957336213,0.06451612382934485,10,0.8333333333333334,2.903225806451613,0.08064515478668106,28,2.3333333333333335,8.129032258064516,0.22580643340270698,1.5833333333333333,5.516129032258065,0.5,0.1,10.333333333333334,0.4166666666666667,0.35294117647058826,0.8333333333333334,2.0,2.6666666666666665,0.06349206349206349,0.007194244604316547,0.02643171806167401,0
robinas01w,7,SEA,2,0.35294117647058826,0.47058823529411764,1.5294117647058822,1.0964467005076142,1.4619289340101522,4.751269035532995,0.5909089566116007,0.030456851245845115,0.04060913499446015,14,0.8235294117647058,2.5583756345177666,0.07106598624030526,40,2.3529411764705883,7.309644670050761,0.20304567497230075,2.0,6.213197969543147,0.4,0.17142857142857143,11.588235294117647,0.0,0.5,0.7058823529411765,1.0,1.1428571428571428,0.0625,0.02575107296137339,0.031630170316301706,0
robinas01w,8,SEA,0,0.48484848484848486,0.7575757575757576,2.121212121212121,1.4083129584352079,2.200488997555012,6.161369193154035,0.6999999300000069,0.03911980344450359,0.061124692882036855,41,1.2424242424242424,3.60880195599022,0.10024449632654044,111,3.3636363636363638,9.770171149144254,0.27139363639624364,1.7272727272727273,5.017114914425428,0.7068965517241379,0.27586206896551724,12.393939393939394,0.15151515151515152,0.9705882352941176,0.7878787878787878,0.8235294117647058,1.4705882352941178,0.16447368421052633,0.06584362139917696,0.08526187576126674,0
robinas01w,9,SEA,0,0.36363636363636365,0.6060606060606061,1.303030303030303,1.3130699088145896,2.188449848024316,4.7051671732522795,0.5972221392747028,0.03647416302510143,0.06079027170850238,32,0.9696969696969697,3.501519756838906,0.09726443473360381,75,2.272727272727273,8.206686930091186,0.22796351890688393,1.878787878787879,6.78419452887538,0.5079365079365079,0.19047619047619047,9.969696969696969,0.030303030303030304,0.9705882352941176,0.8484848484848485,0.9230769230769231,1.5384615384615385,0.14184397163120568,0.044444444444444446,0.05224787363304982,0
robinas01w,10,SEA,0,0.07692307692307693,0.5,0.7307692307692307,0.4311377245508982,2.8023952095808387,4.095808383233533,0.791666336805693,0.011976047187063042,0.07784430671590978,15,0.5769230769230769,3.2335329341317367,0.08982035390297281,34,1.3076923076923077,7.3293413173652695,0.20359280218007172,1.1923076923076923,6.682634730538922,0.46875,0.0625,6.423076923076923,0.07692307692307693,0.7647058823529411,0.38461538461538464,0.6666666666666666,4.333333333333333,0.08609271523178808,0.007220216606498195,0.024081115335868188,0
robincr01w,1,NYL,0,0.8518518518518519,0.37037037037037035,1.5555555555555556,1.1468144044321331,0.4986149584487535,2.0941828254847645,0.6176469679930929,0.031855955237452147,0.013850415320631367,33,1.2222222222222223,1.6454293628808865,0.04570637055808351,75,2.7777777777777777,3.739612188365651,0.10387811490473525,2.740740740740741,3.689750692520776,0.44,0.30666666666666664,26.74074074074074,0.5185185185185185,0.7941176470588235,1.2222222222222223,2.0,0.4166666666666667,0.0970873786407767,0.0931174089068826,0.06431852986217458,0
robincr01w,2,NYL,0,1.0,0.25,2.15625,1.1755102040816328,0.2938775510204082,2.53469387755102,0.7499999184782697,0.0326530608912953,0.008163265222823825,40,1.25,1.4693877551020407,0.040816326114119124,109,3.40625,4.004081632653062,0.1112244886609746,2.6875,3.1591836734693874,0.45977011494252873,0.367816091954023,30.625,1.0,0.9411764705882353,0.875,2.515151515151515,0.24242424242424243,0.0963855421686747,0.12030075187969924,0.1043872919818457,0
robincr01w,3,NYL,0,1.5,0.375,2.1875,1.6179775280898876,0.4044943820224719,2.359550561797753,0.7608694825141866,0.04494381980389682,0.011235954950974205,60,1.875,2.0224719101123596,0.05617977475487102,130,4.0625,4.382022471910113,0.12172284530222055,3.15625,3.4044943820224716,0.5882352941176471,0.47058823529411764,33.375,1.0,0.9411764705882353,1.625,1.653061224489796,0.24489795918367346,0.1188118811881188,0.183206106870229,0.11456628477905073,0
robincr01w,4,NYL,0,1.2121212121212122,0.3939393939393939,1.7272727272727273,1.3358070500927643,0.43413729128014844,1.9035250463821891,0.8142855979592003,0.03710575104725648,0.012059369090358358,53,1.606060606060606,1.7699443413729128,0.04916512013761484,110,3.3333333333333335,3.673469387755102,0.10204081537995534,2.8484848484848486,3.139146567717996,0.5578947368421052,0.42105263157894735,32.666666666666664,1.0,0.9705882352941176,1.303030303030303,1.5365853658536586,0.3170731707317073,0.10077519379844961,0.1520912547528517,0.08296943231441048,0
robincr01w,5,NYL,0,0.8571428571428571,0.2857142857142857,2.2857142857142856,0.9707865168539326,0.32359550561797756,2.5887640449438205,0.7710842444476813,0.026966291831839417,0.008988763943946473,32,1.1428571428571428,1.2943820224719103,0.035955055775785894,96,3.4285714285714284,3.8831460674157303,0.10786516732735767,2.75,3.1146067415730334,0.41025641025641024,0.3076923076923077,31.785714285714285,0.9642857142857143,0.8235294117647058,1.1785714285714286,2.32,0.32,0.064,0.11428571428571428,0.0862533692722372,0
robincr01w,6,NYL,0,0.65625,0.15625,2.21875,0.7801857585139319,0.18575851393188855,2.6377708978328176,0.7099999290000071,0.02167182640173554,0.00515995866707989,26,0.8125,0.9659442724458204,0.02683178506881543,97,3.03125,3.6037151702786376,0.10010319814134987,2.6875,3.195046439628483,0.2988505747126437,0.2413793103448276,30.28125,0.96875,0.9411764705882353,1.1875,2.6363636363636362,0.22727272727272727,0.04424778761061947,0.09767441860465116,0.09686221009549795,0
robincr01w,7,WAS,0,1.2222222222222223,0.0,1.9259259259259258,1.6341127922971115,0.0,2.5749656121045392,0.742857036734709,0.04539202138387866,0.0,33,1.2222222222222223,1.6341127922971115,0.04539202138387866,85,3.1481481481481484,4.209078404401651,0.11691884295847534,3.074074074074074,4.110041265474553,0.39285714285714285,0.39285714285714285,26.925925925925927,1.0,0.7941176470588235,1.0,1.4411764705882353,0.0,0.0,0.10749185667752444,0.06744487678339818,0
robincr01w,8,WAS,0,1.0,0.5,1.0,2.1176470588235294,1.0588235294117647,2.1176470588235294,0.9999950000249999,0.058823512110731724,0.029411756055365862,3,1.5,3.1764705882352944,0.08823526816609759,5,2.5,5.294117647058823,0.1470587802768293,2.0,4.235294117647059,0.6,0.4,17.0,0.5,0.058823529411764705,0.5,0.6666666666666666,0.3333333333333333,0.007462686567164179,0.007067137809187279,0.002551020408163265,0
robinre01w,1,WAS,0,0.5,0.0,0.0,7.2,0.0,0.0,0.0,0.19999960000080003,0.0,1,0.5,7.2,0.19999960000080003,1,0.5,7.2,0.19999960000080003,1.5,21.599999999999998,0.25,0.25,2.5,0.0,0.058823529411764705,0.5,0.0,0.0,0.0,0.0040650406504065045,0.0,0
rolanja01w,1,ORL,0,0.2857142857142857,0.0,0.47619047619047616,1.2485549132947975,0.0,2.0809248554913293,0.5882349480970893,0.03468207892011104,0.0,6,0.2857142857142857,1.2485549132947975,0.03468207892011104,16,0.7619047619047619,3.329479768786127,0.09248554378696279,0.7619047619047619,3.329479768786127,0.35294117647058826,0.35294117647058826,8.238095238095237,0.0,0.6176470588235294,0.9047619047619048,1.1428571428571428,0.0,0.0,0.0234375,0.016474464579901153,0
rossad01w,9,SAS,0,0.0,0.0,0.25,0.0,0.0,5.142857142857142,0.9999900000999989,0.0,0.0,0,0.0,0.0,0.0,1,0.25,5.142857142857142,0.14285693877580175,0.5,10.285714285714285,0.0,0.0,1.75,0.0,0.11764705882352941,0.0,0.0,0.0,0.0,0.0,0.0011792452830188679,0
rushle01w,9,CHI,0,0.0,0.0,0.0,0.0,0.0,0.0,0.0,0.0,0.0,0,0.0,0.0,0.0,0,0.0,0.0,0.0,2.0,12.0,0.0,0.0,6.0,0.0,0.058823529411764705,1.0,0.0,0.0,0.0,0.0,0.0,0
salesny01w,1,ORL,0,1.46875,0.375,3.0,1.7005025125628142,0.43417085427135677,3.473366834170854,0.6906474323275228,0.04723618042978713,0.01206030138632863,59,1.84375,2.134673366834171,0.05929648181611576,155,4.84375,5.608040201005025,0.1557788929067448,2.875,3.328643216080402,0.6344086021505376,0.5053763440860215,31.09375,1.0,0.9411764705882353,2.09375,1.4375,0.25,0.0916030534351145,0.18359375,0.15815485996705106,0
salesny01w,2,ORL,0,2.1875,0.1875,3.59375,2.4254090471607315,0.2078922040423484,3.9846005774783446,0.6686046122904296,0.06737247288380681,0.0057747833900405835,76,2.375,2.6333012512030796,0.0731472562738474,191,5.96875,6.617901828681424,0.18383060458295858,3.40625,3.776708373435996,0.6909090909090909,0.6363636363636364,32.46875,0.96875,0.9411764705882353,2.25,0.8169014084507042,0.08450704225352113,0.047619047619047616,0.21806853582554517,0.18699186991869918,0
salesny01w,3,ORL,0,1.875,0.21875,2.625,2.0729366602687143,0.2418426103646833,2.9021113243762,0.6999999416666715,0.057581573343746896,0.006717850223437138,67,2.09375,2.314779270633397,0.06429942356718403,151,4.71875,5.2168905950095965,0.14491362624842968,3.03125,3.3512476007677545,0.6836734693877551,0.6122448979591837,32.5625,1.0,0.9411764705882353,2.21875,0.9836065573770492,0.11475409836065574,0.06140350877192982,0.20270270270270271,0.14093959731543623,0
salesny01w,4,CON,0,1.3529411764705883,0.38235294117647056,3.4705882352941178,1.4972875226039783,0.4231464737793852,3.840867992766727,0.8137930473246174,0.041591319696281014,0.011754068609818548,59,1.7352941176470589,1.9204339963833634,0.05334538830609956,177,5.205882352941177,5.76130198915009,0.1600361649182987,3.1470588235294117,3.4828209764918627,0.5462962962962963,0.42592592592592593,32.529411764705884,1.0,1.0,2.1470588235294117,1.9574468085106382,0.2765957446808511,0.11607142857142858,0.16974169741697417,0.15465268676277852,0
salesny01w,5,CON,0,2.2058823529411766,0.23529411764705882,3.0,2.4635036496350367,0.26277372262773724,3.3503649635036497,0.7555554995884814,0.06843065630993928,0.007299270006393522,83,2.4411764705882355,2.726277372262774,0.0757299263163328,185,5.4411764705882355,6.076642335766423,0.1687956188978502,2.8823529411764706,3.218978102189781,0.8383838383838383,0.7575757575757576,32.23529411764706,1.0,1.0,2.235294117647059,1.2763157894736843,0.10526315789473684,0.08247422680412371,0.25,0.1406896551724138,0
salesny01w,6,CON,0,1.7941176470588236,0.29411764705882354,2.588235294117647,2.0446927374301676,0.335195530726257,2.9497206703910615,0.7096773621227933,0.05679701995533501,0.009310986877923772,71,2.088235294117647,2.3798882681564244,0.06610800683325878,159,4.676470588235294,5.329608938547486,0.14804469135898798,2.823529411764706,3.217877094972067,0.7319587628865979,0.6288659793814433,31.58823529411765,1.0,1.0,1.8823529411764706,1.1935483870967742,0.16129032258064516,0.07633587786259542,0.25738396624472576,0.11153358681875793,0
salesny01w,7,CON,0,1.1818181818181819,0.2727272727272727,2.772727272727273,1.536945812807882,0.35467980295566504,3.605911330049261,0.7439023483045917,0.04269293854362991,0.009852216586991518,32,1.4545454545454546,1.8916256157635467,0.052545155130621427,93,4.2272727272727275,5.497536945812808,0.15270935709836853,1.9545454545454546,2.541871921182266,0.7272727272727273,0.5909090909090909,27.681818181818183,0.9090909090909091,0.6470588235294118,1.3181818181818181,2.2222222222222223,0.2222222222222222,0.03896103896103896,0.10276679841897234,0.06580366774541532,0
salesny01w,8,CON,0,1.3846153846153846,0.4230769230769231,2.769230769230769,1.7007874015748032,0.5196850393700787,3.4015748031496065,0.6857142204081694,0.047244093868187745,0.014435695348612922,47,1.8076923076923077,2.220472440944882,0.061679789216800666,119,4.576923076923077,5.622047244094488,0.15616797695317616,2.269230769230769,2.78740157480315,0.7833333333333333,0.6,29.307692307692307,0.9615384615384616,0.7647058823529411,2.1923076923076925,2.2162162162162162,0.2972972972972973,0.07006369426751592,0.13186813186813187,0.08285385500575373,0
sampsch01w,1,SEA,0,0.8571428571428571,0.2857142857142857,1.2857142857142858,2.314285714285714,0.7714285714285715,3.4714285714285715,0.6749998312500421,0.064285711989796,0.021428570663265336,24,1.1428571428571428,3.085714285714286,0.08571428265306134,51,2.4285714285714284,6.557142857142857,0.18214285063775534,1.7619047619047619,4.757142857142857,0.631578947368421,0.47368421052631576,13.333333333333334,0.2857142857142857,0.6176470588235294,0.6666666666666666,0.5789473684210527,0.3157894736842105,0.06382978723404255,0.0703125,0.05018587360594796,0
samsh01w,1,MIA,0,1.1290322580645162,0.16129032258064516,3.032258064516129,1.393805309734513,0.19911504424778761,3.743362831858407,0.7121211581726395,0.0387168137310087,0.0055309733901441,40,1.2903225806451613,1.592920353982301,0.0442477871211528,134,4.32258064516129,5.336283185840708,0.14823008685586186,2.161290322580645,2.668141592920354,0.5882352941176471,0.5147058823529411,29.161290322580644,0.8709677419354839,0.9117647058823529,2.3870967741935485,1.8333333333333333,0.1388888888888889,0.056179775280898875,0.1282051282051282,0.15771812080536912,0
samsh01w,2,MIA,0,1.71875,0.25,3.0,1.8,0.26181818181818184,3.141818181818182,0.7007298758591332,0.04999999954545455,0.007272727206611571,63,1.96875,2.061818181818182,0.05727272675206612,159,4.96875,5.203636363636363,0.14454545323140497,2.09375,2.1927272727272724,0.9264705882352942,0.8088235294117647,34.375,1.0,0.9411764705882353,2.71875,1.5714285714285714,0.14285714285714285,0.05194805194805195,0.18272425249169436,0.147239263803681,0
samsh01w,3,MIA,0,2.15625,0.1875,3.03125,2.3150046598322462,0.20130475302889098,3.2544268406337373,0.6258064112382961,0.06430568439603276,0.005591798643133284,75,2.34375,2.516309412861137,0.06989748303916606,172,5.375,5.770736253494874,0.1602982277698208,2.59375,2.7847157502329916,0.8928571428571429,0.8214285714285714,33.53125,1.0,0.9411764705882353,2.21875,1.1857142857142857,0.08571428571428572,0.061855670103092786,0.2509090909090909,0.16898954703832753,0
samsh01w,4,MIN,0,1.1176470588235294,0.17647058823529413,2.823529411764706,1.435466946484785,0.2266526757607555,3.626442812172088,0.6760562904185711,0.03987408142839369,0.006295907593956898,44,1.2941176470588236,1.6621196222455403,0.04616998902235059,140,4.117647058823529,5.288562434417629,0.14690451052566098,2.0588235294117645,2.6442812172088144,0.6197183098591549,0.5352112676056338,28.029411764705884,0.8235294117647058,1.0,1.411764705882353,2.2564102564102564,0.15384615384615385,0.058823529411764705,0.15637860082304528,0.13351877607788595,0
samsh01w,5,SEA,0,1.5588235294117647,0.17647058823529413,2.8529411764705883,1.8742632612966603,0.21218074656188604,3.4302554027504915,0.6978416764142679,0.05206286785792861,0.005893909568822107,59,1.7352941176470589,2.086444007858546,0.05795677742675071,156,4.588235294117647,5.516699410609037,0.15324164878937477,3.176470588235294,3.819253438113949,0.5412844036697247,0.48623853211009177,29.941176470588236,0.9411764705882353,1.0,1.8529411764705883,1.5185185185185186,0.1111111111111111,0.045454545454545456,0.17491749174917492,0.13661971830985917,0
samsh01w,6,CHA,0,1.2941176470588236,0.058823529411764705,2.7058823529411766,1.4734883720930232,0.06697674418604652,3.08093023255814,0.634482714863261,0.04093023217739319,0.0018604650989724177,46,1.3529411764705883,1.54046511627907,0.04279069727636561,138,4.0588235294117645,4.6213953488372095,0.1283720918290968,2.5588235294117645,2.9134883720930236,0.5227272727272727,0.5,31.61764705882353,0.9705882352941176,1.0,2.9411764705882355,2.022222222222222,0.044444444444444446,0.017543859649122806,0.1543859649122807,0.15081967213114755,0
samsh01w,7,CHA,0,1.6176470588235294,0.08823529411764706,3.5,2.0,0.10909090909090909,4.327272727272727,0.6918604248918357,0.055555554994388336,0.003030302999693909,58,1.7058823529411764,2.1090909090909093,0.058585857994082245,177,5.205882352941177,6.4363636363636365,0.17878787698194065,2.2941176470588234,2.836363636363636,0.7341772151898734,0.6962025316455697,29.11764705882353,1.0,1.0,2.1470588235294117,1.6071428571428572,0.05357142857142857,0.019230769230769232,0.17405063291139242,0.1590909090909091,0
samsh01w,8,IND,0,0.8787878787878788,0.18181818181818182,1.878787878787879,1.766497461928934,0.36548223350253806,3.7766497461928936,0.6391751918376091,0.04906937311219335,0.010152284092177935,35,1.0606060606060606,2.1319796954314723,0.05922165720437129,97,2.9393939393939394,5.908629441624366,0.16412859282354328,1.7575757575757576,3.532994923857868,0.5932203389830508,0.4915254237288136,17.90909090909091,0.12121212121212122,0.9705882352941176,1.1818181818181819,1.4,0.2,0.043795620437956206,0.09385113268608414,0.07626076260762607,0
samsh01w,9,DET,0,0.59375,0.09375,1.9375,1.4309623430962344,0.22594142259414227,4.669456066945607,0.6813186064485047,0.03974895314332734,0.006276150496314844,22,0.6875,1.6569037656903767,0.046025103639642184,84,2.625,6.3263598326359824,0.17573221389681562,1.125,2.711297071129707,0.5945945945945946,0.5135135135135135,14.9375,0.46875,0.9411764705882353,0.96875,1.9,0.15,0.025210084033613446,0.06810035842293907,0.07345971563981042,0
sanchis01w,5,DET,0,0.2,0.0,0.2,1.161290322580645,0.0,1.161290322580645,0.39999920000160005,0.032258059313216236,0.0,2,0.2,1.161290322580645,0.032258059313216236,4,0.4,2.32258064516129,0.06451611862643247,0.6,3.4838709677419355,0.2857142857142857,0.2857142857142857,6.2,0.0,0.29411764705882354,1.1,1.0,0.0,0.0,0.007194244604316547,0.002583979328165375,0
sandeam01w,8,DET,0,0.0,0.0,0.3333333333333333,0.0,0.0,8.0,0.9999950000249999,0.0,0.0,0,0.0,0.0,0.0,2,0.3333333333333333,8.0,0.22222197530891633,0.5,12.0,0.0,0.0,1.5,0.0,0.17647058823529413,0.3333333333333333,0.0,0.0,0.0,0.0,0.002145922746781116,0
sanfona01w,4,WAS,0,0.17647058823529413,0.11764705882352941,0.9411764705882353,0.8059701492537313,0.5373134328358209,4.298507462686567,0.6153843786983159,0.02238805803074194,0.014925372020494624,5,0.29411764705882354,1.3432835820895521,0.037313430051236565,21,1.2352941176470589,5.64179104477612,0.15671640621519356,2.0588235294117645,9.402985074626866,0.1388888888888889,0.08333333333333333,7.882352941176471,0.0,0.5,0.8235294117647058,0.25,0.5,0.02,0.014018691588785047,0.022727272727272728,0
sanfona01w,5,WAS,0,0.5806451612903226,0.5161290322580645,3.2580645161290325,0.9923430321592649,0.88208269525268,5.568147013782542,0.6558441132568757,0.02756508380451633,0.024502296715125625,34,1.096774193548387,1.874425727411945,0.05206738051964195,135,4.354838709677419,7.442572741194487,0.20673812853387247,3.193548387096774,5.457886676875957,0.34,0.18,21.06451612903226,0.9354838709677419,0.9117647058823529,1.1935483870967742,0.9473684210526315,0.8421052631578947,0.12403100775193798,0.0703125,0.13892709766162312,0
sanfona01w,6,WAS,0,0.37037037037037035,0.4074074074074074,1.1111111111111112,1.2286689419795223,1.3515358361774745,3.6860068259385663,0.6666665185185514,0.03412969166792861,0.03754266083472148,21,0.7777777777777778,2.5802047781569963,0.0716723525026501,51,1.8888888888888888,6.266211604095563,0.17406142750643594,1.8518518518518519,6.143344709897612,0.4117647058823529,0.19607843137254902,10.851851851851851,0.0,0.7941176470588235,0.6296296296296297,0.5454545454545454,1.0,0.14285714285714285,0.038314176245210725,0.04424778761061947,0
sanfona01w,7,WAS,0,0.8235294117647058,0.6176470588235294,3.9411764705882355,1.1389830508474577,0.8542372881355933,5.450847457627119,0.6600984896503207,0.0316384177215998,0.02372881329119985,49,1.4411764705882353,1.9932203389830507,0.05536723101279965,183,5.382352941176471,7.444067796610169,0.20677965868045584,3.4705882352941178,4.8,0.4117647058823529,0.23529411764705882,26.029411764705884,0.5588235294117647,1.0,2.1176470588235294,1.2413793103448276,0.7241379310344828,0.18421052631578946,0.09120521172638436,0.17380025940337224,0
sanfona01w,8,WAS,0,0.7941176470588235,0.8235294117647058,4.176470588235294,0.977867203219316,1.0140845070422535,5.142857142857142,0.5867768352571555,0.027162977593933827,0.02816901380111656,55,1.6176470588235294,1.9919517102615694,0.05533199139505039,197,5.794117647058823,7.134808853118712,0.19818913281499867,4.147058823529412,5.106639839034206,0.3873239436619718,0.19014084507042253,29.235294117647058,0.9117647058823529,1.0,2.588235294117647,0.8214285714285714,1.0,0.208955223880597,0.09540636042402827,0.18112244897959184,0
sanfona01w,9,WAS,0,0.6176470588235294,0.3235294117647059,3.411764705882353,0.9509433962264151,0.4981132075471698,5.252830188679245,0.6010362382882778,0.02641509400735731,0.013836477813377638,32,0.9411764705882353,1.4490566037735848,0.040251571820734945,148,4.352941176470588,6.70188679245283,0.18616351967089914,4.0588235294117645,6.249056603773584,0.2302158273381295,0.1510791366906475,23.38235294117647,0.8235294117647058,1.0,2.4411764705882355,1.8181818181818181,0.5,0.11702127659574468,0.08677685950413223,0.1504539559014267,0
sanfona01w,10,WAS,0,0.7647058823529411,0.4117647058823529,2.7058823529411766,1.4117647058823528,0.7601809954751132,4.995475113122172,0.6258502975612042,0.039215685683021334,0.021116138444703794,40,1.1764705882352942,2.171945701357466,0.06033182412772513,132,3.8823529411764706,7.167420814479637,0.19909501962149292,3.2058823529411766,5.918552036199095,0.36363636363636365,0.23636363636363636,19.5,0.38235294117647056,1.0,2.1470588235294117,0.8148148148148148,0.5185185185185185,0.11764705882352941,0.08253968253968254,0.11442786069651742,0
sanniol01w,9,DET,0,0.3548387096774194,0.22580645161290322,1.2258064516129032,1.2184615384615385,0.7753846153846153,4.2092307692307696,0.593749907226577,0.03384615280473376,0.021538460875739667,18,0.5806451612903226,1.9938461538461538,0.05538461368047343,56,1.8064516129032258,6.203076923076923,0.17230768700591734,1.903225806451613,6.535384615384615,0.3,0.18333333333333332,10.483870967741936,0.2903225806451613,0.9117647058823529,1.2903225806451613,0.5,0.5833333333333334,0.058823529411764705,0.03942652329749104,0.045023696682464455,0
sanniol01w,10,DET,0,0.3548387096774194,0.16129032258064516,0.967741935483871,1.3288590604026846,0.6040268456375839,3.624161073825503,0.526315697137597,0.03691275043916945,0.016778522926895204,16,0.5161290322580645,1.9328859060402683,0.053691273366064655,46,1.4838709677419355,5.557046979865772,0.15436241092743588,1.8064516129032258,6.76510067114094,0.2807017543859649,0.19298245614035087,9.612903225806452,0.03225806451612903,0.9117647058823529,0.967741935483871,1.3333333333333333,0.4166666666666667,0.05102040816326531,0.04198473282442748,0.0351288056206089,0
santoal01w,1,IND,0,0.0,0.0,1.0,0.0,0.0,9.818181818181817,0.9999966666777778,0.0,0.0,0,0.0,0.0,0.0,3,1.0,9.818181818181817,0.2727270247936138,1.0,9.818181818181817,0.0,0.0,3.6666666666666665,0.0,0.08823529411764706,0.6666666666666666,0.0,0.0,0.0,0.0,0.004629629629629629,0
santoal01w,2,SEA,0,0.0,0.0,0.6,0.0,0.0,3.4838709677419355,0.3749997656251465,0.0,0.0,0,0.0,0.0,0.0,6,0.6,3.4838709677419355,0.09677417793964871,1.2,6.967741935483871,0.0,0.0,6.2,0.1,0.29411764705882354,0.3,0.0,0.0,0.0,0.0,0.010238907849829351,0
santoke01w,2,DET,0,0.21428571428571427,0.21428571428571427,1.1428571428571428,0.7058823529411764,0.7058823529411764,3.764705882352941,0.5925923731139359,0.01960784185569661,0.01960784185569661,6,0.42857142857142855,1.4117647058823528,0.03921568371139322,22,1.5714285714285714,5.1764705882352935,0.14379084027510847,1.6428571428571428,5.411764705882352,0.25,0.125,10.928571428571429,0.0,0.4117647058823529,0.8571428571428571,1.25,0.75,0.03614457831325301,0.01327433628318584,0.02572347266881029,0
santoke01w,3,DET,0,0.25,0.75,1.6666666666666667,0.6390532544378699,1.9171597633136095,4.260355029585798,0.624999804687561,0.0177514782395575,0.0532544347186725,12,1.0,2.5562130177514795,0.07100591295823,32,2.6666666666666665,6.816568047337278,0.18934910122194668,1.6666666666666667,4.260355029585798,0.5714285714285714,0.14285714285714285,14.083333333333334,0.0,0.35294117647058826,1.1666666666666667,1.75,2.25,0.06766917293233082,0.01485148514851485,0.027777777777777776,0
santoke01w,9,SEA,0,0.18181818181818182,0.09090909090909091,0.8181818181818182,1.0746268656716418,0.5373134328358209,4.835820895522388,0.6428569132653881,0.02985074404098925,0.014925372020494624,6,0.2727272727272727,1.6119402985074627,0.04477611606148388,24,1.0909090909090908,6.447761194029851,0.1791044642459355,1.1818181818181819,6.985074626865671,0.2222222222222222,0.14814814814814814,6.090909090909091,0.045454545454545456,0.6470588235294118,0.45454545454545453,1.0,0.4,0.014184397163120567,0.014814814814814815,0.02187120291616039,0
sarenra01w,1,PHO,0,0.0,0.05,0.95,0.0,0.2535211267605634,4.816901408450704,0.6333331222222927,0.0,0.007042253025193449,1,0.05,0.2535211267605634,0.007042253025193449,20,1.0,5.070422535211268,0.14084506050386897,1.5,7.605633802816901,0.03225806451612903,0.0,7.1,0.0,0.5882352941176471,0.85,8.0,1.0,0.010869565217391304,0.0,0.03064516129032258,0
sauerpa01w,1,LAS,0,0.16666666666666666,0.08333333333333333,1.0833333333333333,1.0909090909090908,0.5454545454545454,7.090909090909091,0.8124994921878174,0.03030302571166277,0.015151512855831386,3,0.25,1.6363636363636365,0.04545453856749415,16,1.3333333333333333,8.727272727272727,0.24242420569330217,0.8333333333333334,5.454545454545455,0.2727272727272727,0.18181818181818182,5.5,0.0,0.35294117647058826,0.5,1.0,0.3333333333333333,0.006369426751592357,0.007352941176470588,0.016581632653061226,0
sauerpa01w,2,CLE,0,0.0,0.5,0.5,0.0,9.0,9.0,0.49999750001249993,0.0,0.24999937500156252,1,0.5,9.0,0.24999937500156252,2,1.0,18.0,0.49999875000312505,0.5,9.0,0.5,0.0,2.0,0.0,0.058823529411764705,0.5,0.0,1.0,0.011904761904761904,0.0,0.0015082956259426848,0
sauerpa01w,3,CLE,0,1.0,0.0,1.0,5.142857142857142,0.0,5.142857142857142,0.49999750001249993,0.14285693877580175,0.0,1,1.0,5.142857142857142,0.14285693877580175,2,2.0,10.285714285714285,0.2857138775516035,0.0,0.0,1.0,1.0,7.0,0.0,0.029411764705882353,1.0,0.0,0.0,0.0,0.0045045045045045045,0.0014814814814814814,0
saundja01w,2,PHO,0,0.35714285714285715,0.2857142857142857,0.9642857142857143,1.4229249011857708,1.1383399209486165,3.841897233201581,0.6749998312500421,0.0395256901373245,0.0316205521098596,18,0.6428571428571429,2.5612648221343877,0.0711462422471841,45,1.6071428571428572,6.403162055335969,0.17786560561796025,1.0,3.984189723320158,0.6206896551724138,0.3448275862068966,9.035714285714286,0.21428571428571427,0.8235294117647058,0.5,0.6363636363636364,0.7272727272727273,0.05755395683453238,0.034129692832764506,0.041990668740279936,0
saundja01w,3,PHO,0,0.3333333333333333,0.14814814814814814,1.037037037037037,1.0728476821192052,0.4768211920529801,3.337748344370861,0.7368419113573916,0.02980132351651247,0.013245032674005541,13,0.48148148148148145,1.5496688741721854,0.04304635619051801,41,1.5185185185185186,4.887417218543046,0.1357615849085568,0.8518518518518519,2.741721854304636,0.5416666666666666,0.375,11.185185185185185,0.037037037037037035,0.7941176470588235,0.7407407407407407,2.3,0.4,0.042105263157894736,0.033582089552238806,0.044657097288676235,0
saureau01w,2,WAS,0,0.96,0.16,1.24,1.8989010989010988,0.31648351648351647,2.4527472527472525,0.7380950623583185,0.05274725158797249,0.008791208597995415,28,1.12,2.2153846153846155,0.06153846018596791,59,2.36,4.668131868131868,0.1296703268204324,1.56,3.085714285714286,0.7,0.6,18.2,0.12,0.7352941176470589,1.64,1.72,0.16,0.03125,0.09302325581395349,0.04428571428571428,0
saureau01w,3,WAS,0,0.5333333333333333,0.13333333333333333,0.5333333333333333,1.7454545454545454,0.43636363636363634,1.7454545454545454,0.7272720661163036,0.048484845546372994,0.012121211386593249,10,0.6666666666666666,2.1818181818181817,0.060606056932966244,18,1.2,3.9272727272727272,0.10909090247933924,0.8,2.618181818181818,0.7692307692307693,0.6153846153846154,11.0,0.13333333333333333,0.4411764705882353,1.0,2.0,0.2222222222222222,0.021052631578947368,0.036036036036036036,0.011283497884344146,0
schumke01w,2,IND,0,0.17857142857142858,1.0357142857142858,1.6785714285714286,0.47368421052631576,2.7473684210526317,4.4526315789473685,0.6714284755102178,0.013157894390581728,0.07631578746537401,34,1.2142857142857142,3.2210526315789476,0.08947368185595575,81,2.892857142857143,7.673684210526316,0.21315788912742398,1.4642857142857142,3.8842105263157896,0.8095238095238095,0.11904761904761904,13.571428571428571,0.17857142857142858,0.8235294117647058,0.75,1.6666666666666667,4.833333333333333,0.24369747899159663,0.0205761316872428,0.07230769230769231,0
schumke01w,3,IND,0,0.22580645161290322,0.7419354838709677,1.3225806451612903,0.7159090909090909,2.352272727272727,4.193181818181818,0.6949151364550615,0.019886363071410142,0.06534090723463332,30,0.967741935483871,3.068181818181818,0.08522727030604346,71,2.2903225806451615,7.261363636363636,0.20170453972430286,1.5806451612903225,5.011363636363636,0.6,0.14,11.35483870967742,0.03225806451612903,0.9117647058823529,0.6774193548387096,1.625,2.875,0.22772277227722773,0.026022304832713755,0.06466876971608833,0
schumke01w,4,IND,0,0.20588235294117646,0.7058823529411765,1.7352941176470589,0.525,1.8,4.425,0.595959535761663,0.014583333029513895,0.04999999895833336,31,0.9117647058823529,2.325,0.06458333198784726,90,2.6470588235294117,6.75,0.1874999960937501,1.8529411764705883,4.7250000000000005,0.484375,0.109375,14.117647058823529,0.029411764705882353,1.0,0.9411764705882353,2.5,3.0,0.19672131147540983,0.023333333333333334,0.0900763358778626,0
schumke01w,5,IND,0,0.3125,0.96875,2.125,0.5990016638935107,1.8569051580698837,4.0732113144758735,0.6538460909763374,0.016638934831298923,0.051580697977026656,41,1.28125,2.455906821963394,0.06821963280832558,109,3.40625,6.529118136439268,0.18136438966115825,2.09375,4.0133111480865225,0.6029411764705882,0.14705882352941177,18.78125,0.21875,0.9411764705882353,1.625,2.272727272727273,2.8181818181818183,0.22962962962962963,0.03816793893129771,0.09631728045325778,0
schumke01w,6,IND,0,0.29411764705882354,0.7058823529411765,1.2352941176470589,0.6976744186046512,1.6744186046511627,2.930232558139535,0.6176469679930929,0.01937984458566193,0.04651162700558863,34,1.0,2.372093023255814,0.06589147159125056,76,2.235294117647059,5.302325581395349,0.14728681885103065,1.7352941176470589,4.116279069767442,0.5666666666666667,0.16666666666666666,15.176470588235293,0.4117647058823529,1.0,0.9705882352941176,1.2727272727272727,2.1818181818181817,0.25,0.02967359050445104,0.0625,0
schumke01w,7,NYL,0,0.14285714285714285,1.1904761904761905,3.7142857142857144,0.20037105751391465,1.6697588126159553,5.209647495361781,0.672413735136747,0.005565862605457095,0.04638218837880912,28,1.3333333333333333,1.8701298701298703,0.05194805098426622,106,5.0476190476190474,7.079777365491651,0.1966604787261507,3.238095238095238,4.541743970315399,0.4057971014492754,0.043478260869565216,25.666666666666668,1.0,0.6176470588235294,1.6666666666666667,5.75,6.25,0.22123893805309736,0.011857707509881422,0.10583446404341927,0
schumke01w,8,PHO,0,0.5,0.7352941176470589,3.4705882352941178,1.1270718232044201,1.6574585635359116,7.823204419889503,0.8027210338285011,0.03130755006800092,0.046040514805883705,42,1.2352941176470589,2.7845303867403315,0.07734806487388463,160,4.705882352941177,10.607734806629836,0.29465929475765573,1.9411764705882353,4.375690607734806,0.6268656716417911,0.2537313432835821,15.970588235294118,0.0,1.0,1.0,0.6666666666666666,1.3888888888888888,0.15625,0.05944055944055944,0.13501144164759726,0
schumke01w,9,DET,0,0.2857142857142857,0.42857142857142855,2.2857142857142856,0.8089887640449438,1.2134831460674156,6.47191011235955,0.7999996000002,0.022471907587426114,0.03370786138113917,5,0.7142857142857143,2.0224719101123596,0.05617976896856528,21,3.0,8.49438202247191,0.2359550296679742,1.8571428571428572,5.258426966292134,0.35714285714285715,0.14285714285714285,12.714285714285714,0.0,0.20588235294117646,1.1428571428571428,1.6666666666666667,1.0,0.025210084033613446,0.007168458781362007,0.018957345971563982,0
schumke01w,10,DET,0,0.0,1.0,0.0,0.0,3.6,0.0,0.0,0.0,0.0999999000001,1,1.0,3.6,0.0999999000001,1,1.0,3.6,0.0999999000001,2.0,7.2,0.3333333333333333,0.0,10.0,0.0,0.029411764705882353,0.0,0.0,1.0,0.01020408163265306,0.0,0.0,0
schwege01w,2,MIN,0,0.4583333333333333,0.25,1.4583333333333333,0.9361702127659575,0.5106382978723404,2.978723404255319,0.699999860000028,0.026004727517618738,0.014184396827792038,17,0.7083333333333334,1.446808510638298,0.040189124345410776,52,2.1666666666666665,4.425531914893617,0.12293143917419766,1.4166666666666667,2.893617021276596,0.4857142857142857,0.3142857142857143,17.625,0.3333333333333333,0.7058823529411765,0.7083333333333334,2.8333333333333335,0.5,0.046875,0.052132701421800945,0.05043227665706052,0
schwege01w,3,MIN,0,0.5,0.16666666666666666,1.4666666666666666,1.0609037328094302,0.35363457760314343,3.1119842829076623,0.8627449288735433,0.029469547554625785,0.009823182518208596,20,0.6666666666666666,1.4145383104125737,0.03929273007283438,64,2.1333333333333333,4.5265225933202355,0.12573673623307002,1.5666666666666667,3.324165029469548,0.4166666666666667,0.3125,16.966666666666665,0.3,0.8823529411764706,0.9,2.3125,0.3125,0.04854368932038835,0.06607929515418502,0.06758832565284179,0
schwege01w,4,MIN,0,0.1875,0.0625,0.6875,0.9152542372881356,0.3050847457627119,3.3559322033898304,0.611110771605127,0.025423726659006215,0.008474575553002071,4,0.25,1.2203389830508475,0.033898302212008284,15,0.9375,4.576271186440678,0.12711863329503106,0.375,1.8305084745762712,0.5714285714285714,0.42857142857142855,7.375,0.0,0.47058823529411764,0.5,1.75,0.25,0.00980392156862745,0.012345679012345678,0.015299026425591099,0
scottol01w,1,DET,0,0.42857142857142855,0.35714285714285715,1.8571428571428572,1.1707317073170733,0.9756097560975611,5.073170731707316,0.6499999187500102,0.032520324321942434,0.027100270268285362,22,0.7857142857142857,2.1463414634146343,0.059620594590227796,74,2.642857142857143,7.219512195121951,0.20054199998531166,2.9642857142857144,8.097560975609756,0.2619047619047619,0.14285714285714285,13.178571428571429,0.0,0.8235294117647058,1.6071428571428572,2.1538461538461537,0.7692307692307693,0.11235955056179775,0.04597701149425287,0.08062015503875969,0
scottol01w,2,IND,0,0.6875,0.375,3.40625,1.0219354838709678,0.5574193548387096,5.063225806451613,0.6770185914895285,0.028387096407908433,0.015483870767950055,34,1.0625,1.5793548387096774,0.04387096717585849,143,4.46875,6.64258064516129,0.18451612665140482,3.375,5.016774193548387,0.3119266055045872,0.2018348623853211,24.21875,0.9375,0.9411764705882353,2.25,1.7391304347826086,0.5217391304347826,0.10084033613445378,0.09053497942386832,0.1676923076923077,0
scottol01w,3,IND,0,1.2258064516129032,0.41935483870967744,4.225806451612903,1.403076923076923,0.48000000000000004,4.836923076923077,0.6208530511444051,0.03897435857462196,0.013333333196581199,51,1.6451612903225807,1.8830769230769229,0.05230769177120316,182,5.870967741935484,6.720000000000001,0.18666666475213678,4.096774193548387,4.689230769230769,0.3984375,0.296875,31.451612903225808,1.0,0.9117647058823529,2.225806451612903,1.3333333333333333,0.3333333333333333,0.12871287128712872,0.1412639405204461,0.20662460567823343,0
scottol01w,5,CHA,0,0.2647058823529412,0.38235294117647056,1.088235294117647,0.8140703517587939,1.1758793969849246,3.3467336683417086,0.5692306816568182,0.022613064758465713,0.03266331576222825,22,0.6470588235294118,1.9899497487437188,0.05527638052069396,59,1.7352941176470589,5.336683417085427,0.14824120230549745,2.2941176470588234,7.055276381909548,0.27848101265822783,0.11392405063291139,11.705882352941176,0.0,1.0,1.0588235294117647,1.0,1.3,0.0962962962962963,0.04265402843601896,0.059967585089141004,0
scottol01w,6,SAC,0,0.2222222222222222,0.1111111111111111,0.8888888888888888,0.8470588235294118,0.4235294117647059,3.388235294117647,0.484848337924746,0.02352941038062292,0.01176470519031146,6,0.3333333333333333,1.2705882352941176,0.03529411557093438,22,1.2222222222222223,4.658823529411765,0.12941175709342606,1.5,5.717647058823529,0.21428571428571427,0.14285714285714285,9.444444444444445,0.0,0.5294117647058824,1.2222222222222223,1.0,0.4,0.01834862385321101,0.013114754098360656,0.023703703703703703,0
scottol01w,7,IND,0,0.3333333333333333,0.09523809523809523,1.1904761904761905,1.5849056603773584,0.4528301886792453,5.660377358490566,0.7575755280074157,0.044025154463826766,0.01257861556109336,9,0.42857142857142855,2.0377358490566038,0.056603770024920126,34,1.619047619047619,7.69811320754717,0.21383646453858712,1.380952380952381,6.566037735849056,0.3,0.23333333333333334,7.571428571428571,0.0,0.6176470588235294,0.7142857142857143,0.875,0.25,0.02127659574468085,0.01971830985915493,0.03306878306878307,0
scottol01w,8,PHO,0,0.375,0.125,0.25,3.375,1.125,2.25,0.49999875000312505,0.09374997070313415,0.03124999023437805,4,0.5,4.5,0.1249999609375122,6,0.75,6.75,0.1874999414062683,0.75,6.75,0.5714285714285714,0.42857142857142855,4.0,0.0,0.23529411764705882,0.375,0.5,0.25,0.00625,0.01048951048951049,0.002288329519450801,0
scottol01w,9,PHO,0,0.16666666666666666,1.0,2.8333333333333335,0.5217391304347826,3.1304347826086953,8.869565217391305,0.8947363711913836,0.014492751522789634,0.0869565091367378,7,1.1666666666666667,3.6521739130434785,0.10144926065952743,24,4.0,12.521739130434781,0.3478260365469512,3.8333333333333335,12.0,0.2916666666666667,0.041666666666666664,11.5,0.0,0.17647058823529413,1.0,1.5,3.0,0.03821656050955414,0.004291845493562232,0.01995305164319249,0
shakiel01w,1,HOU,0,0.35714285714285715,0.14285714285714285,1.2142857142857142,1.2,0.48000000000000004,4.08,0.5483869198751872,0.03333333111111126,0.013333332444444504,7,0.5,1.6800000000000002,0.046666663555555765,24,1.7142857142857142,5.76,0.15999998933333404,0.8571428571428571,2.88,0.5384615384615384,0.38461538461538464,10.714285714285714,0.0,0.4117647058823529,0.5,0.6666666666666666,0.3333333333333333,0.01904761904761905,0.017543859649122806,0.023448275862068966,0
shakiel01w,2,HOU,0,0.23076923076923078,0.07692307692307693,0.7692307692307693,1.064039408866995,0.35467980295566504,3.5467980295566504,0.5714284081633119,0.02955664879031287,0.009852216263437623,8,0.3076923076923077,1.4187192118226601,0.03940886505375049,28,1.0769230769230769,4.9655172413793105,0.1379310276881267,0.4230769230769231,1.9507389162561577,0.6666666666666666,0.5,7.8076923076923075,0.07692307692307693,0.7647058823529411,0.34615384615384615,1.2857142857142858,0.2857142857142857,0.020833333333333332,0.023809523809523808,0.02812939521800281,0
shakiel01w,3,CHA,0,1.0,0.0,0.0,7.2,0.0,0.0,0.0,0.19999960000080003,0.0,1,1.0,7.2,0.19999960000080003,1,1.0,7.2,0.19999960000080003,0.0,0.0,1.0,1.0,5.0,0.0,0.029411764705882353,0.0,0.0,0.0,0.0,0.004132231404958678,0.0,0
sharpkb01w,4,NYL,0,0.4666666666666667,0.0,0.7,1.2663316582914572,0.0,1.899497487437186,0.656249794921939,0.03517587851316888,0.0,14,0.4666666666666667,1.2663316582914572,0.03517587851316888,35,1.1666666666666667,3.1658291457286434,0.08793969628292221,0.5,1.3567839195979898,0.875,0.875,13.266666666666667,0.0,0.8823529411764706,0.8666666666666667,2.466666666666667,0.0,0.0,0.053231939163498096,0.03056768558951965,0
sharpkb01w,5,NYL,0,0.2,0.03333333333333333,0.5333333333333333,0.9,0.15,2.4,0.7619043990931433,0.024999998958333377,0.004166666493055563,7,0.23333333333333334,1.05,0.029166665451388938,23,0.7666666666666667,3.45,0.09583332934027794,0.23333333333333334,1.05,0.875,0.75,8.0,0.0,0.8823529411764706,0.6666666666666666,4.714285714285714,0.14285714285714285,0.008,0.02857142857142857,0.0215633423180593,0
sharpkb01w,7,IND,0,0.30434782608695654,0.0,0.2608695652173913,1.6258064516129032,0.0,1.3935483870967742,0.666665925926749,0.045161287408949195,0.0,7,0.30434782608695654,1.6258064516129032,0.045161287408949195,13,0.5652173913043478,3.0193548387096776,0.08387096233090566,0.13043478260869565,0.6967741935483871,1.75,1.75,6.739130434782608,0.0,0.6764705882352942,0.34782608695652173,2.875,0.0,0.0,0.01971830985915493,0.007936507936507936,0
sharpkb01w,8,IND,0,0.38235294117647056,0.0,0.6470588235294118,1.0308370044052864,0.0,1.7444933920704846,0.687499785156317,0.02863436060276739,0.0,13,0.38235294117647056,1.0308370044052864,0.02863436060276739,35,1.0294117647058822,2.775330396475771,0.07709250931514297,0.5,1.3480176211453745,0.7222222222222222,0.7222222222222222,13.352941176470589,0.0,1.0,0.7647058823529411,3.5,0.0,0.0,0.042071197411003236,0.02706027060270603,0
sharpkb01w,9,CHI,0,0.4117647058823529,0.0,1.1176470588235294,0.8428093645484949,0.0,2.2876254180602005,0.8444442567901651,0.0234113708459637,0.0,14,0.4117647058823529,0.8428093645484949,0.0234113708459637,52,1.5294117647058822,3.1304347826086953,0.08695652028500803,0.7941176470588235,1.6254180602006687,0.5,0.5,17.58823529411765,0.17647058823529413,1.0,0.9117647058823529,3.2666666666666666,0.0,0.0,0.05185185185185185,0.04928664072632944,0
sharpkb01w,10,CHI,0,0.2962962962962963,0.07407407407407407,0.6296296296296297,0.8861538461538462,0.22153846153846155,1.8830769230769229,0.8499995750002125,0.024615383857988192,0.006153845964497048,10,0.37037037037037035,1.1076923076923078,0.03076922982248524,27,1.0,2.9907692307692306,0.08307692052071014,0.5555555555555556,1.6615384615384616,0.625,0.5,12.037037037037036,0.0,0.7941176470588235,0.8518518518518519,2.7777777777777777,0.2222222222222222,0.014388489208633094,0.032,0.021879021879021878,0
shielas01w,8,HOU,0,0.38461538461538464,0.038461538461538464,0.7307692307692307,1.1842105263157894,0.11842105263157894,2.25,0.5757574012856359,0.03289473576004159,0.003289473576004159,11,0.4230769230769231,1.3026315789473686,0.03618420933604575,30,1.1538461538461537,3.5526315789473686,0.09868420728012477,0.9615384615384616,2.960526315789474,0.4230769230769231,0.38461538461538464,11.692307692307692,0.0,0.7647058823529411,1.6923076923076923,1.8181818181818181,0.09090909090909091,0.00909090909090909,0.034482758620689655,0.02464332036316472,0
shielas01w,9,DET,2,0.14285714285714285,0.0,0.42857142857142855,0.8181818181818182,0.0,2.454545454545454,0.9999966666777778,0.022727267561984642,0.0,1,0.14285714285714285,0.8181818181818182,0.022727267561984642,4,0.5714285714285714,3.272727272727273,0.09090907024793857,0.42857142857142855,2.454545454545454,0.25,0.25,6.285714285714286,0.0,0.20588235294117646,0.8571428571428571,1.0,0.0,0.0,0.0035842293906810036,0.0035545023696682463,0
shielas01w,9,HOU,1,0.3333333333333333,0.0,0.0,3.0,0.0,0.0,0.0,0.08333326388894677,0.0,1,0.3333333333333333,3.0,0.08333326388894677,1,0.3333333333333333,3.0,0.08333326388894677,1.0,9.0,0.25,0.25,4.0,0.0,0.08823529411764706,0.3333333333333333,0.5,0.0,0.0,0.0033783783783783786,0.0,0
slaisma01w,1,DET,0,0.3333333333333333,0.0,0.3333333333333333,5.142857142857142,0.0,5.142857142857142,0.9999900000999989,0.14285693877580175,0.0,1,0.3333333333333333,5.142857142857142,0.14285693877580175,2,0.6666666666666666,10.285714285714285,0.2857138775516035,0.0,0.0,1.0,1.0,2.3333333333333335,0.0,0.08823529411764706,0.0,0.0,0.0,0.0,0.0038314176245210726,0.0015503875968992248,0
slauggw01w,5,MIN,0,0.0,0.3333333333333333,0.3333333333333333,0.0,5.142857142857142,5.142857142857142,0.9999900000999989,0.0,0.14285693877580175,1,0.3333333333333333,5.142857142857142,0.14285693877580175,2,0.6666666666666666,10.285714285714285,0.2857138775516035,0.0,0.0,1.0,0.0,2.3333333333333335,0.0,0.08823529411764706,0.0,0.0,1.0,0.007142857142857143,0.0,0.001379310344827586,0
slavtge01w,4,PHO,0,0.0,0.0,0.0,0.0,0.0,0.0,0.0,0.0,0.0,0,0.0,0.0,0.0,0,0.0,0.0,0.0,1.0,6.0,0.0,0.0,6.0,0.0,0.058823529411764705,0.5,1.0,0.0,0.0,0.0,0.0,0
smithai01w,4,WAS,0,0.3548387096774194,0.2903225806451613,1.4193548387096775,0.938388625592417,0.7677725118483413,3.753554502369668,0.676922972781081,0.026066350093214456,0.02132701371263001,20,0.6451612903225806,1.7061611374407581,0.04739336380584446,64,2.064516129032258,5.459715639810427,0.15165876417870228,1.4193548387096775,3.753554502369668,0.4444444444444444,0.24444444444444444,13.612903225806452,0.06451612903225806,0.9117647058823529,0.8387096774193549,0.8333333333333334,0.75,0.09,0.0514018691588785,0.0625,0
smithai01w,5,WAS,0,0.5862068965517241,0.41379310344827586,1.4827586206896552,1.5186104218362284,1.0719602977667493,3.8411910669975184,0.6231883154799542,0.04218362178204413,0.029776674199089973,29,1.0,2.5905707196029777,0.0719602959811341,72,2.4827586206896552,6.431761786600496,0.17866004519453985,1.3103448275862069,3.3945409429280398,0.7435897435897436,0.4358974358974359,13.89655172413793,0.10344827586206896,0.8529411764705882,0.7241379310344828,0.8333333333333334,0.6666666666666666,0.09302325581395349,0.06640625,0.059147180192572216,0
smithbr01w,9,PHO,0,0.2,0.3,2.6,0.5373134328358209,0.8059701492537313,6.985074626865671,0.7222220216049939,0.014925372020494624,0.02238805803074194,5,0.5,1.3432835820895521,0.037313430051236565,31,3.1,8.328358208955224,0.2313432663176667,2.9,7.791044776119403,0.16666666666666666,0.06666666666666667,13.4,0.0,0.29411764705882354,0.9,3.0,1.0,0.01910828025477707,0.008583690987124463,0.03051643192488263,0
smithbr01w,10,PHO,0,0.09523809523809523,0.14285714285714285,1.1428571428571428,0.5,0.75,6.0,0.6857140897959743,0.013888887924382783,0.020833331886574175,5,0.23809523809523808,1.25,0.03472221981095696,29,1.380952380952381,7.25,0.20138887490355034,1.4285714285714286,7.5,0.16129032258064516,0.06451612903225806,6.857142857142857,0.0,0.6176470588235294,0.3333333333333333,1.0,1.0,0.016483516483516484,0.008849557522123894,0.026460859977949284,0
smithch02w,1,CHA,0,0.5,0.5666666666666667,2.566666666666667,0.8194233687405159,0.928679817905918,4.206373292867982,0.7264150258099032,0.022761759897393628,0.025796661217046112,32,1.0666666666666667,1.748103186646434,0.04855842111443974,109,3.6333333333333333,5.954476479514416,0.16540212192106038,2.933333333333333,4.8072837632776935,0.3595505617977528,0.16853932584269662,21.966666666666665,0.23333333333333334,0.8823529411764706,1.6,3.4375,1.0625,0.18681318681318682,0.06726457399103139,0.12202852614896989,0
smithch02w,2,CHA,0,0.5333333333333333,0.43333333333333335,2.1666666666666665,0.8495575221238938,0.6902654867256637,3.4513274336283186,0.6435642927164067,0.023598819710931862,0.019174041015132138,29,0.9666666666666667,1.5398230088495575,0.042772860726064,94,3.1333333333333333,4.991150442477877,0.1386430658017247,2.433333333333333,3.8761061946902657,0.3918918918918919,0.21621621621621623,22.6,0.8,0.8823529411764706,1.3666666666666667,2.9411764705882355,0.7647058823529411,0.11304347826086956,0.07339449541284404,0.1015625,0
smithch02w,3,CHA,0,0.65625,0.53125,2.5625,0.849438202247191,0.6876404494382022,3.3168539325842694,0.6776858944061244,0.02359550535285949,0.019101123380886254,38,1.1875,1.5370786516853934,0.042696628733745745,120,3.75,4.853932584269662,0.1348314591591971,3.53125,4.570786516853932,0.3333333333333333,0.18421052631578946,27.8125,1.0,0.9411764705882353,1.875,2.409090909090909,0.7727272727272727,0.16037735849056603,0.08677685950413223,0.12538226299694188,0
smithch02w,4,CHA,0,0.37037037037037035,0.07407407407407407,1.3703703703703705,0.8126410835214447,0.16252821670428894,3.0067720090293455,0.616666563888906,0.02257336292159452,0.004514672584318903,12,0.4444444444444444,0.9751693002257336,0.027088035505913422,49,1.8148148148148149,3.9819413092550793,0.11060947831581314,2.0,4.388261851015802,0.21818181818181817,0.18181818181818182,16.40740740740741,0.3333333333333333,0.7941176470588235,0.8888888888888888,1.6363636363636365,0.18181818181818182,0.017241379310344827,0.03571428571428571,0.05873015873015873,0
smithch02w,5,CHA,0,0.5294117647058824,0.38235294117647056,2.6176470588235294,0.6632548618219037,0.4790174002047083,3.27942681678608,0.6402877237203076,0.018423745973144872,0.013306038758382408,31,0.9117647058823529,1.142272262026612,0.03172978473152728,120,3.5294117647058822,4.421699078812692,0.12282497315429915,3.2058823529411766,4.016376663254862,0.2818181818181818,0.16363636363636364,28.735294117647058,1.0,1.0,1.6176470588235294,2.1052631578947367,0.6842105263157895,0.0962962962962963,0.08530805687203792,0.14424635332252836,0
smithch02w,6,WAS,0,0.6470588235294118,0.3235294117647059,2.764705882352941,0.7644787644787645,0.38223938223938225,3.2664092664092665,0.7343749426269576,0.021235521030545164,0.010617760515272582,33,0.9705882352941176,1.1467181467181466,0.03185328154581775,127,3.735294117647059,4.413127413127413,0.12258687140360162,2.735294117647059,3.2316602316602316,0.35106382978723405,0.23404255319148937,30.470588235294116,1.0,1.0,1.3529411764705883,3.0869565217391304,0.4782608695652174,0.14285714285714285,0.0842911877394636,0.13864306784660768,0
smithch02w,7,IND,0,0.16666666666666666,0.05555555555555555,0.8333333333333334,0.6242774566473988,0.20809248554913293,3.121387283236994,0.6249997395834419,0.01734103946005552,0.005780346486685174,4,0.2222222222222222,0.8323699421965317,0.023121385946740697,19,1.0555555555555556,3.953757225433526,0.10982658324701831,1.1666666666666667,4.369942196531792,0.18181818181818182,0.13636363636363635,9.61111111111111,0.1111111111111111,0.5294117647058824,0.7222222222222222,1.75,0.25,0.010638297872340425,0.008450704225352112,0.01984126984126984,0
smithch03w,1,SEA,0,0.5,0.09375,1.03125,1.1162790697674418,0.20930232558139533,2.302325581395349,0.7021275101856361,0.031007751337059086,0.005813953375698578,19,0.59375,1.3255813953488373,0.03682170471275766,52,1.625,3.627906976744186,0.10077519184544202,1.625,3.627906976744186,0.3584905660377358,0.3018867924528302,16.125,0.09375,0.9411764705882353,1.0,3.1176470588235294,0.17647058823529413,0.031914893617021274,0.0625,0.06133828996282528,0
smithch03w,2,SEA,0,0.53125,0.03125,1.15625,1.0390492359932089,0.06112054329371817,2.261460101867572,0.6727271504132454,0.028862478287564036,0.0016977928404449433,18,0.5625,1.100169779286927,0.030560271128008982,55,1.71875,3.3616298811544993,0.09337860622447189,1.625,3.1782682512733444,0.33962264150943394,0.32075471698113206,18.40625,0.25,0.9411764705882353,0.8125,2.1666666666666665,0.05555555555555555,0.0078125,0.06204379562043796,0.06313993174061433,0
smithch03w,4,PHO,0,0.0,0.0,0.75,0.0,0.0,6.352941176470589,0.7499981250046875,0.0,0.0,0,0.0,0.0,0.0,3,0.75,6.352941176470589,0.1764704844291268,0.5,4.235294117647059,0.0,0.0,4.25,0.0,0.11764705882352941,0.0,1.0,0.0,0.0,0.0,0.004658385093167702,0
smithcr01w,7,PHO,0,0.7391304347826086,0.0,0.782608695652174,3.1065989847715736,0.0,3.2893401015228427,0.8181814462811607,0.08629441186322782,0.0,17,0.7391304347826086,3.1065989847715736,0.08629441186322782,35,1.5217391304347827,6.395939086294416,0.17766496560076317,1.0434782608695652,4.385786802030457,0.68,0.68,8.565217391304348,0.0,0.6764705882352942,0.782608695652174,1.2222222222222223,0.0,0.0,0.06159420289855073,0.022167487684729065,0
smithcr01w,8,HOU,0,1.2592592592592593,0.1111111111111111,1.5185185185185186,1.7920937042459737,0.1581259150805271,2.1610541727672037,0.7735847597009887,0.04978037994465037,0.0043923864657044445,37,1.3703703703703705,1.950219619326501,0.05417276641035481,78,2.888888888888889,4.111273792093704,0.11420204810831555,1.8518518518518519,2.635431918008785,0.7254901960784313,0.6666666666666666,25.296296296296298,0.8518518518518519,0.7941176470588235,2.074074074074074,2.057142857142857,0.08571428571428572,0.02727272727272727,0.11724137931034483,0.05317769130998703,0
smithcr01w,9,MIN,1,0.0,0.0,0.0,,,,0.0,0.0,0.0,0,0.0,,0.0,0,0.0,,0.0,0.0,,0.0,0.0,0.0,0.0,0.029411764705882353,0.0,0.0,0.0,0.0,0.0,0.0,0
smithcr01w,9,WAS,2,0.5,0.07142857142857142,0.6428571428571429,1.2857142857142856,0.18367346938775508,1.653061224489796,0.6428569132653881,0.03571428480320702,0.005102040686172432,16,0.5714285714285714,1.4693877551020407,0.040816325489379454,34,1.2142857142857142,3.122448979591837,0.08673469166493133,1.5357142857142858,3.9489795918367347,0.36363636363636365,0.3181818181818182,14.0,0.14285714285714285,0.8235294117647058,1.2142857142857142,1.6666666666666667,0.13333333333333333,0.02127659574468085,0.05785123966942149,0.023346303501945526,0
smithje01w,6,NYL,0,0.0,0.0,0.0,0.0,0.0,0.0,0.0,0.0,0.0,0,0.0,0.0,0.0,0,0.0,0.0,0.0,0.0,0.0,0.0,0.0,3.5,0.0,0.058823529411764705,0.0,0.0,0.0,0.0,0.0,0.0,0
smithka01w,1,MIN,0,1.375,0.21875,2.03125,1.3277451802179379,0.2112321877619447,1.9614417435037719,0.6989246560296069,0.036881810252457584,0.005867560721981888,51,1.59375,1.5389773679798826,0.042749370974439475,116,3.625,3.5004191114836547,0.09723386339284272,2.21875,2.142497904442582,0.7083333333333334,0.6111111111111112,37.28125,1.0,0.9411764705882353,2.375,2.0,0.15555555555555556,0.109375,0.18487394957983194,0.10603588907014681,0
smithka01w,2,MIN,0,0.71875,0.15625,2.5625,0.6709886547811993,0.1458670988654781,2.392220421393841,0.6721310924482711,0.018638573592880278,0.004051863824539191,28,0.875,0.8168557536466775,0.02269043741741947,110,3.4375,3.2090761750405186,0.0891410041398622,2.9375,2.7423014586709886,0.29473684210526313,0.24210526315789474,38.5625,1.0,0.9411764705882353,2.71875,2.9166666666666665,0.20833333333333334,0.0390625,0.10900473933649289,0.11815561959654179,0
smithka01w,3,MIN,0,1.032258064516129,0.22580645161290322,2.193548387096774,1.0123022847100176,0.22144112478031633,2.1511423550087874,0.7391303544423528,0.02811950766151575,0.0061511423009565705,39,1.2580645161290323,1.2337434094903341,0.034270649962472324,107,3.4516129032258065,3.3848857644991215,0.0940246037431933,2.806451612903226,2.7521968365553606,0.4431818181818182,0.36363636363636365,36.70967741935484,1.0,0.9117647058823529,2.2580645161290325,2.393939393939394,0.21212121212121213,0.06796116504854369,0.14096916299559473,0.10445468509984639,0
smithka01w,4,MIN,0,0.7352941176470589,0.17647058823529413,2.8823529411764706,0.7594936708860759,0.18227848101265823,2.977215189873418,0.7101448760764583,0.021097046235467966,0.005063291096512311,31,0.9117647058823529,0.9417721518987341,0.026160337331980275,129,3.7941176470588234,3.918987341772152,0.1088607585750147,3.2941176470588234,3.40253164556962,0.2743362831858407,0.22123893805309736,34.85294117647059,1.0,1.0,1.9705882352941178,3.230769230769231,0.23076923076923078,0.058823529411764705,0.102880658436214,0.13630041724617525,0
smithka01w,5,MIN,0,1.0,0.2608695652173913,2.9130434782608696,1.0350000000000001,0.27,3.015,0.7976189526644104,0.028749999640625006,0.0074999999062500015,29,1.2608695652173914,1.305,0.03624999954687501,96,4.173913043478261,4.32,0.11999999850000002,2.739130434782609,2.835,0.453125,0.359375,34.78260869565217,1.0,0.6764705882352942,2.217391304347826,2.1666666666666665,0.25,0.04285714285714286,0.08914728682170543,0.09241379310344827,0
smithka01w,6,DET,2,0.38461538461538464,0.23076923076923078,1.3076923076923077,0.45685279187817257,0.27411167512690354,1.5532994923857868,0.6071426403061999,0.01269035500785901,0.007614213004715407,8,0.6153846153846154,0.7309644670050761,0.020304568012574416,25,1.9230769230769231,2.284263959390863,0.06345177503929506,2.076923076923077,2.467005076142132,0.2857142857142857,0.17857142857142858,30.307692307692307,0.6923076923076923,0.38235294117647056,1.3076923076923077,4.333333333333333,0.5,0.019230769230769232,0.02066115702479339,0.021144278606965175,0
smithka01w,6,MIN,1,1.0869565217391304,0.08695652173913043,1.8695652173913044,1.174934725848564,0.09399477806788512,2.02088772845953,0.7818180396694473,0.032637075291944186,0.002610966023355535,27,1.173913043478261,1.2689295039164492,0.035248041315299725,70,3.0434782608695654,3.289817232375979,0.09138381081744372,2.0,2.161879895561358,0.574468085106383,0.5319148936170213,33.30434782608695,1.0,0.6764705882352942,2.347826086956522,2.3461538461538463,0.07692307692307693,0.015625,0.09652509652509653,0.06005586592178771,0
smithka01w,7,DET,0,0.7352941176470589,0.11764705882352941,2.1470588235294117,0.79155672823219,0.1266490765171504,2.311345646437995,0.7934781746219375,0.021987686701955264,0.003518029872312842,29,0.8529411764705882,0.9182058047493403,0.025505716574268103,102,3.0,3.2295514511873353,0.08970976174397748,2.2941176470588234,2.4696569920844325,0.3670886075949367,0.31645569620253167,33.44117647058823,1.0,1.0,1.911764705882353,4.3076923076923075,0.15384615384615385,0.028985507246376812,0.11682242990654206,0.08286038592508513,0
smithka01w,8,DET,0,1.2352941176470589,0.08823529411764706,3.235294117647059,1.2967409948542026,0.09262435677530018,3.3962264150943398,0.8593749328613334,0.03602058288147013,0.0025728987772478664,45,1.3235294117647058,1.3893653516295026,0.038593481658717996,155,4.5588235294117645,4.785591766723843,0.13293310349113976,2.3823529411764706,2.500857632933105,0.5487804878048781,0.5121951219512195,34.294117647058826,1.0,1.0,1.7352941176470589,2.883720930232558,0.06976744186046512,0.025423728813559324,0.18421052631578946,0.11802575107296137,0
smithka01w,9,DET,0,0.9411764705882353,0.08823529411764706,2.4705882352941178,1.0,0.09375,2.625,0.8936169262109652,0.027777777536651237,0.0026041666440610534,35,1.0294117647058822,1.09375,0.03038194418071229,119,3.5,3.71875,0.10329861021442178,2.0588235294117645,2.1875,0.49295774647887325,0.4507042253521127,33.88235294117647,1.0,1.0,2.3529411764705883,4.151515151515151,0.09090909090909091,0.025210084033613446,0.11469534050179211,0.0995260663507109,0
smithka01w,10,DET,0,0.7777777777777778,0.07407407407407407,1.8518518518518519,0.8456375838926175,0.08053691275167785,2.013422818791946,0.7936506676744971,0.023489932623155116,0.0022371364403004873,23,0.8518518518518519,0.9261744966442953,0.025727069063455604,73,2.7037037037037037,2.9395973154362416,0.08165548007096779,2.5555555555555554,2.778523489932886,0.32857142857142857,0.3,33.111111111111114,1.0,0.7941176470588235,2.2962962962962963,3.4545454545454546,0.09090909090909091,0.02040816326530612,0.08015267175572519,0.0585480093676815,0
smithki01w,7,SAC,0,0.2903225806451613,0.0,0.9032258064516129,1.035143769968051,0.0,3.220447284345048,0.7179485338593502,0.02875399269156573,0.0,9,0.2903225806451613,1.035143769968051,0.02875399269156573,37,1.1935483870967742,4.255591054313099,0.11821085884310356,1.064516129032258,3.7955271565495208,0.2647058823529412,0.2647058823529412,10.096774193548388,0.0,0.9117647058823529,0.7096774193548387,2.0,0.0,0.0,0.027190332326283987,0.038834951456310676,0
smithki01w,8,SAC,0,0.0,0.0,0.6666666666666666,0.0,0.0,12.0,0.9999950000249999,0.0,0.0,0,0.0,0.0,0.0,2,0.6666666666666666,12.0,0.33333277777870374,0.3333333333333333,6.0,0.0,0.0,2.0,0.0,0.08823529411764706,0.3333333333333333,0.0,0.0,0.0,0.0,0.0027624309392265192,0
smithki01w,9,SAC,0,0.3333333333333333,0.09523809523809523,0.42857142857142855,1.7622377622377623,0.5034965034965035,2.265734265734266,0.6428566836737974,0.04895104552789891,0.013986013007971119,9,0.42857142857142855,2.265734265734266,0.06293705853587003,18,0.8571428571428571,4.531468531468532,0.12587411707174007,1.0476190476190477,5.538461538461538,0.391304347826087,0.30434782608695654,6.809523809523809,0.0,0.6176470588235294,0.42857142857142855,0.625,0.25,0.02564102564102564,0.021875,0.012465373961218837,0
smithla01w,1,ORL,0,0.6666666666666666,0.0,0.3333333333333333,6.0,0.0,3.0,0.49999750001249993,0.16666652777789354,0.0,2,0.6666666666666666,6.0,0.16666652777789354,3,1.0,9.0,0.24999979166684028,0.6666666666666666,6.0,0.6666666666666666,0.6666666666666666,4.0,0.0,0.08823529411764706,0.6666666666666666,0.3333333333333333,0.0,0.0,0.0078125,0.0016474464579901153,0
smithta01w,1,SAC,0,0.9375,2.0,3.65625,1.1675675675675676,2.4908108108108107,4.553513513513514,0.6573033338593632,0.03243243208181155,0.06918918844119797,94,2.9375,3.6583783783783783,0.1016216205230095,211,6.59375,8.211891891891892,0.22810810564207454,3.34375,4.164324324324324,0.8703703703703703,0.2777777777777778,28.90625,1.0,0.9411764705882353,1.875,1.3870967741935485,2.064516129032258,0.4050632911392405,0.09009009009009009,0.17972350230414746,0
smithta01w,2,SAC,0,1.0625,1.71875,4.09375,1.3421052631578947,2.1710526315789473,5.171052631578948,0.7318435345338807,0.03728070134560635,0.0603070168825985,89,2.78125,3.513157894736842,0.09758771822820485,220,6.875,8.68421052631579,0.241228067530394,3.3125,4.184210526315789,0.8317757009345794,0.3177570093457944,28.5,1.0,0.9411764705882353,2.0625,1.1714285714285715,1.5714285714285714,0.34591194968553457,0.12274368231046931,0.18093922651933703,0
smithta01w,3,SAC,0,0.84375,1.4375,4.125,0.9143932267168391,1.5578551269990593,4.470366886171213,0.7021276222272541,0.025399811614300927,0.04327375312066084,73,2.28125,2.472248353715899,0.06867356473496176,205,6.40625,6.942615239887112,0.19285042151598852,3.9375,4.267168391345249,0.5748031496062992,0.2125984251968504,33.21875,1.0,0.9411764705882353,1.84375,1.4285714285714286,1.6428571428571428,0.41818181818181815,0.10887096774193548,0.2033898305084746,0
smithta01w,4,SAC,0,1.2647058823529411,0.9411764705882353,3.7058823529411766,1.5699797160243407,1.1683569979716024,4.600405679513185,0.6737967554119382,0.04361054722504516,0.032454360725615,75,2.2058823529411766,2.7383367139959436,0.07606490795066016,201,5.911764705882353,7.338742393509128,0.20385395330776923,3.0294117647058822,3.7606490872210956,0.7211538461538461,0.41346153846153844,29.0,1.0,1.0,1.6470588235294117,1.1818181818181819,0.7272727272727273,0.2601626016260163,0.14429530201342283,0.17524339360222532,0
smithta01w,5,SAC,0,1.1176470588235294,0.7352941176470589,2.7058823529411766,1.5066079295154184,0.9911894273127753,3.647577092511013,0.6666666183574914,0.04185021980341168,0.027533039344349787,63,1.8529411764705883,2.497797356828194,0.06938325914776146,155,4.5588235294117645,6.145374449339207,0.17070484393496868,2.5294117647058822,3.409691629955947,0.7241379310344828,0.4367816091954023,26.705882352941178,0.9705882352941176,1.0,1.5588235294117647,1.2820512820512822,0.6410256410256411,0.21008403361344538,0.12063492063492064,0.14465408805031446,0
smithta01w,6,CHA,0,1.6451612903225807,1.032258064516129,3.774193548387097,1.727187206020696,1.0837253057384761,3.962370649106303,0.7222221776406063,0.047977421938123974,0.03010348043176406,83,2.6774193548387095,2.810912511759172,0.07808090236988803,200,6.451612903225806,6.773283160865475,0.18814675269852538,3.3870967741935485,3.5559736594543745,0.7830188679245284,0.4811320754716981,34.29032258064516,1.0,0.9117647058823529,2.7096774193548385,0.7884615384615384,0.6153846153846154,0.2807017543859649,0.17894736842105263,0.1918032786885246,0
smithta01w,7,CHA,0,1.2058823529411764,0.8529411764705882,3.8823529411764706,1.5185185185185186,1.074074074074074,4.888888888888888,0.7333332925925948,0.042181069524886115,0.029835390639553594,70,2.0588235294117645,2.5925925925925926,0.07201646016443972,202,5.9411764705882355,7.481481481481481,0.20781892790309744,2.9411764705882355,3.7037037037037037,0.693069306930693,0.40594059405940597,28.58823529411765,1.0,1.0,2.0588235294117645,1.1904761904761905,0.6904761904761905,0.1858974358974359,0.12974683544303797,0.17647058823529413,0
smithta01w,8,PHO,0,1.1764705882352942,1.6470588235294117,4.882352941176471,1.3432835820895521,1.880597014925373,5.574626865671642,0.7545454202479355,0.03731343248774783,0.05223880548284696,96,2.823529411764706,3.2238805970149254,0.08955223797059479,262,7.705882352941177,8.798507462686567,0.2444029827947483,2.9705882352941178,3.3917910447761193,0.9411764705882353,0.39215686274509803,31.529411764705884,1.0,1.0,1.6470588235294117,1.0731707317073171,1.3658536585365855,0.35,0.13986013986013987,0.18993135011441648,0
smithta01w,9,PHO,0,1.12,1.16,5.04,1.3961218836565097,1.445983379501385,6.282548476454293,0.7159090502324403,0.038781162897767826,0.040166204429830966,57,2.28,2.8421052631578947,0.0789473673275988,183,7.32,9.124653739612189,0.253462600367554,3.92,4.886426592797784,0.5757575757575758,0.2828282828282828,28.88,1.0,0.7352941176470589,1.64,0.9655172413793104,1.0,0.18471337579617833,0.12017167381974249,0.14788732394366197,0
smithta01w,10,PHO,0,1.0,1.6764705882352942,4.352941176470588,1.3304347826086957,2.230434782608696,5.791304347826086,0.8087431252052937,0.03695652133742912,0.06195652106568999,91,2.676470588235294,3.5608695652173914,0.0989130424031191,239,7.029411764705882,9.352173913043478,0.2597826058719282,3.1470588235294117,4.1869565217391305,0.8425925925925926,0.3148148148148148,27.058823529411764,1.0,1.0,1.088235294117647,0.7714285714285715,1.6285714285714286,0.3131868131868132,0.1504424778761062,0.1631753031973539,0
smithty01w,8,DET,0,1.0,0.0,1.0,5.142857142857142,0.0,5.142857142857142,0.49999750001249993,0.14285693877580175,0.0,1,1.0,5.142857142857142,0.14285693877580175,2,2.0,10.285714285714285,0.2857138775516035,0.0,0.0,1.0,1.0,7.0,0.0,0.029411764705882353,0.0,0.0,0.0,0.0,0.0043859649122807015,0.001072961373390558,0
smithwa01w,9,DET,0,0.0,0.0,0.0,,,,0.0,0.0,0.0,0,0.0,,0.0,0,0.0,,0.0,0.0,,0.0,0.0,0.0,0.0,0.029411764705882353,0.0,0.0,0.0,0.0,0.0,0.0,0
snellbe01w,6,PHO,0,0.35,0.05,0.85,1.1150442477876106,0.1592920353982301,2.7079646017699117,0.4722220910494191,0.030973449956926993,0.004424778565275285,8,0.4,1.2743362831858407,0.03539822852220228,25,1.25,3.9823008849557526,0.11061946413188212,1.55,4.938053097345133,0.25,0.21875,11.3,0.0,0.5882352941176471,0.55,2.25,0.125,0.005555555555555556,0.028688524590163935,0.023578363384188627,0
snellbe01w,7,PHO,0,0.5,0.1,0.9333333333333333,2.16,0.432,4.032,0.7179485338593502,0.0599999976000001,0.01199999952000002,18,0.6,2.5919999999999996,0.07199999712000012,46,1.5333333333333334,6.624,0.1839999926400003,0.9333333333333333,4.032,0.6206896551724138,0.5172413793103449,8.333333333333334,0.0,0.8823529411764706,0.5666666666666667,1.1875,0.1875,0.0234375,0.05434782608695652,0.034482758620689655,0
snellbe01w,8,PHO,0,0.6666666666666666,0.13333333333333333,1.1333333333333333,2.0991253644314867,0.4198250728862974,3.568513119533528,0.7391302741021143,0.05830903620090274,0.011661807240180547,24,0.8,2.5189504373177845,0.06997084344108329,58,1.9333333333333333,6.087463556851311,0.16909620498261793,1.0333333333333334,3.2536443148688043,0.75,0.625,11.433333333333334,0.06666666666666667,0.8823529411764706,0.6,2.0952380952380953,0.19047619047619047,0.025,0.06993006993006994,0.038901601830663615,0
snellbe01w,10,SAS,0,0.9,0.1,1.6333333333333333,1.7576853526220615,0.19529837251356238,3.189873417721519,0.6999999000000142,0.04882459224548658,0.0054249546939429535,30,1.0,1.952983725135624,0.05424954693942954,79,2.6333333333333333,5.142857142857142,0.14285714027383112,1.6666666666666667,3.2549728752260396,0.5882352941176471,0.5294117647058824,18.433333333333334,0.2,0.8823529411764706,0.9666666666666667,1.3214285714285714,0.10714285714285714,0.02564102564102564,0.10465116279069768,0.06371911573472042,0
snowmi01w,3,HOU,0,0.375,0.8125,2.75,0.9,1.9500000000000002,6.6,0.7394957361768288,0.02499999947916668,0.05416666553819447,38,1.1875,2.8499999999999996,0.07916666501736115,126,3.9375,9.450000000000001,0.2624999945312501,1.84375,4.425,0.6333333333333333,0.2,15.0,0.0625,0.9411764705882353,0.6875,1.0,2.0,0.2047244094488189,0.04597701149425287,0.1251778093883357,0
snowmi01w,4,HOU,0,1.0294117647058822,1.8235294117647058,5.5,1.229268292682927,2.1775609756097563,6.56780487804878,0.7110265889343503,0.034146341130279596,0.060487804287923864,97,2.8529411764705883,3.406829268292683,0.09463414541820346,284,8.352941176470589,9.974634146341465,0.2770731680285545,3.5294117647058822,4.214634146341464,0.8016528925619835,0.2892561983471074,30.147058823529413,1.0,1.0,2.0,1.1666666666666667,1.7222222222222223,0.47692307692307695,0.15086206896551724,0.24444444444444444,0
snowmi01w,5,HOU,0,0.9032258064516129,1.1290322580645162,5.709677419354839,1.1287793952967526,1.4109742441209407,7.135498320268757,0.7405857430717262,0.031354982851567945,0.03919372856445993,63,2.032258064516129,2.539753639417693,0.07054871141602786,240,7.741935483870968,9.67525195968645,0.2687569958705824,2.870967741935484,3.587905935050392,0.7,0.3111111111111111,28.806451612903224,1.0,0.9117647058823529,2.2903225806451615,1.0689655172413792,1.206896551724138,0.32407407407407407,0.11522633744855967,0.24413793103448275,0
snowmi01w,6,HOU,0,0.6060606060606061,1.1515151515151516,4.757575757575758,0.7453416149068323,1.4161490683229814,5.850931677018633,0.6977777467654335,0.020703933533085576,0.03933747371286259,58,1.7575757575757576,2.1614906832298137,0.06004140724594817,215,6.515151515151516,8.012422360248447,0.22256728548066992,3.6363636363636362,4.472049689440993,0.4793388429752066,0.1652892561983471,29.272727272727273,1.0,0.9705882352941176,1.9696969696969697,1.9047619047619047,1.8095238095238095,0.3584905660377358,0.08097165991902834,0.2291970802919708,0
snowmi01w,7,HOU,0,0.9705882352941176,1.1176470588235294,5.617647058823529,1.1939698492462312,1.3748743718592966,6.910552763819095,0.7100371483257566,0.03316582881240373,0.03819095439004066,71,2.088235294117647,2.5688442211055276,0.07135678320244439,262,7.705882352941177,9.479396984924623,0.26331658026817506,3.5588235294117645,4.37788944723618,0.5819672131147541,0.27049180327868855,29.264705882352942,1.0,1.0,2.588235294117647,1.3823529411764706,1.1176470588235294,0.4470588235294118,0.13043478260869565,0.23207776427703525,0
snowmi01w,8,HOU,0,0.5294117647058824,1.0294117647058822,4.470588235294118,0.726457399103139,1.4125560538116593,6.134529147982063,0.6608695364839332,0.020179371971083274,0.03923766772155081,53,1.5588235294117647,2.139013452914798,0.05941703969263409,205,6.029411764705882,8.27354260089686,0.22982062522622618,3.1470588235294117,4.318385650224215,0.49074074074074076,0.16666666666666666,26.235294117647058,1.0,1.0,2.676470588235294,2.473684210526316,1.8421052631578947,0.3181818181818182,0.06206896551724138,0.19714656290531776,0
snowmi01w,9,HOU,0,0.5294117647058824,0.9117647058823529,4.5588235294117645,0.7570093457943925,1.3037383177570092,6.518691588785047,0.673913014177695,0.02102803713752293,0.03621495284795616,49,1.4411764705882353,2.060747663551402,0.05724298998547909,204,6.0,8.57943925233645,0.2383177542252599,3.264705882352941,4.668224299065421,0.4375,0.16071428571428573,25.176470588235293,1.0,1.0,1.8823529411764706,2.263157894736842,1.631578947368421,0.256198347107438,0.060810810810810814,0.1927860696517413,0
snowmi01w,10,ATL,0,0.4411764705882353,0.5,3.088235294117647,1.073558648111332,1.216699801192843,7.514910536779324,0.7241378810939392,0.02982107296578384,0.03379721602788835,32,0.9411764705882353,2.290258449304175,0.0636182889936722,137,4.029411764705882,9.805168986083498,0.2723657997541591,2.1470588235294117,5.224652087475149,0.43243243243243246,0.20270270270270271,14.794117647058824,0.058823529411764705,1.0,1.1470588235294117,1.0625,1.0625,0.13934426229508196,0.045454545454545456,0.12266355140186916,0
spencsi01w,8,LAS,0,0.7941176470588235,0.3235294117647059,2.6470588235294117,1.1739130434782608,0.4782608695652174,3.9130434782608696,0.6521738657845024,0.03260869525834909,0.013285023994142223,38,1.1176470588235294,1.6521739130434783,0.04589371925249131,128,3.764705882352941,5.565217391304348,0.15458937011365495,2.5294117647058822,3.739130434782609,0.4367816091954023,0.3103448275862069,24.352941176470587,0.6470588235294118,1.0,1.0294117647058822,1.5,0.39285714285714285,0.10185185185185185,0.10975609756097561,0.11479591836734694,0
spencsi01w,9,LAS,0,0.42424242424242425,0.12121212121212122,1.0303030303030303,1.1175166297117518,0.31929046563192903,2.7139689578713972,0.548387008324676,0.031042127914808697,0.008869179404231056,18,0.5454545454545454,1.4368070953436807,0.03991130731903975,52,1.5757575757575757,4.150776053215077,0.11529933225500373,1.4545454545454546,3.8314855875831486,0.3673469387755102,0.2857142857142857,13.666666666666666,0.06060606060606061,0.9705882352941176,0.696969696969697,1.2,0.26666666666666666,0.018433179723502304,0.05555555555555555,0.0379041248606466,0
spencsi01w,10,NYL,0,0.18181818181818182,0.030303030303030304,0.9393939393939394,0.6352941176470588,0.10588235294117647,3.2823529411764705,0.8157892590028265,0.017647058304498288,0.0029411763840830477,7,0.21212121212121213,0.7411764705882353,0.020588234688581335,38,1.1515151515151516,4.023529411764706,0.11176470259515582,0.7272727272727273,2.541176470588235,0.28,0.24,10.303030303030303,0.0,0.9705882352941176,0.2727272727272727,2.142857142857143,0.14285714285714285,0.00819672131147541,0.021660649819494584,0.038605230386052306,0
spornra01w,2,DET,0,0.30434782608695654,0.17391304347826086,1.3478260869565217,0.9509433962264151,0.5433962264150943,4.211320754716981,0.5961537315088977,0.02641509334282667,0.01509433905304381,11,0.4782608695652174,1.4943396226415093,0.04150943239587048,42,1.826086956521739,5.70566037735849,0.15849056005696002,0.6956521739130435,2.1735849056603773,0.6470588235294118,0.4117647058823529,11.521739130434783,0.043478260869565216,0.6764705882352942,0.5652173913043478,1.375,0.5,0.04819277108433735,0.030973451327433628,0.04983922829581994,0
stafftr01w,2,HOU,0,0.4,0.06666666666666667,1.6,1.1835616438356162,0.19726027397260273,4.734246575342465,0.5647058159169628,0.032876711428035305,0.005479451904672551,14,0.4666666666666667,1.3808219178082193,0.03835616333270786,62,2.066666666666667,6.115068493150685,0.16986300904484908,1.4,4.142465753424657,0.32558139534883723,0.27906976744186046,12.166666666666666,0.13333333333333333,0.8823529411764706,0.8666666666666667,1.2307692307692308,0.15384615384615385,0.020833333333333332,0.047619047619047616,0.06751054852320675,0
stafftr01w,3,MIA,0,0.16666666666666666,0.0,0.5,0.9473684210526315,0.0,2.8421052631578947,0.4999991666680556,0.026315782548478276,0.0,1,0.16666666666666666,0.9473684210526315,0.026315782548478276,4,0.6666666666666666,3.789473684210526,0.1052631301939131,0.8333333333333334,4.7368421052631575,0.16666666666666666,0.16666666666666666,6.333333333333333,0.0,0.17647058823529413,1.0,1.0,0.0,0.0,0.0036363636363636364,0.005226480836236934,0
staleda01w,1,CHA,0,1.15625,0.03125,1.75,1.2120109190172885,0.03275705186533212,1.8343949044585988,0.7272726328217359,0.033666969666360604,0.0009099180990908271,38,1.1875,1.2447679708826207,0.03457688776545143,94,2.9375,3.0791628753412192,0.08553230131453775,2.5,2.620564149226569,0.4691358024691358,0.4567901234567901,34.34375,1.0,0.9411764705882353,2.84375,5.0,0.02631578947368421,0.01098901098901099,0.16591928251121077,0.08874801901743265,0
staleda01w,2,CHA,0,1.625,0.03125,1.875,1.625,0.03125,1.875,0.8450703035112248,0.04513888849705826,0.0008680555480203512,53,1.65625,1.65625,0.04600694404507861,113,3.53125,3.53125,0.09809027692629968,1.6875,1.6875,0.9636363636363636,0.9454545454545454,36.0,1.0,0.9411764705882353,3.125,3.3773584905660377,0.018867924528301886,0.008695652173913044,0.23853211009174313,0.09375,0
staleda01w,3,CHA,0,1.5,0.0,1.5,1.6286522148916118,0.0,1.6286522148916118,0.8571427040816599,0.04524033887615138,0.0,48,1.5,1.6286522148916118,0.04524033887615138,96,3.0,3.2573044297832237,0.09048067775230276,2.09375,2.273327049952875,0.7058823529411765,0.7058823529411765,33.15625,1.0,0.9411764705882353,2.5,3.3469387755102042,0.0,0.0,0.19834710743801653,0.07339449541284404,0
staleda01w,4,CHA,0,1.4411764705882353,0.11764705882352941,1.2941176470588236,1.6243093922651934,0.13259668508287292,1.4585635359116023,0.7586205588585243,0.04511970492523292,0.003683241218386361,53,1.5588235294117647,1.7569060773480663,0.04880294614361928,97,2.8529411764705883,3.2154696132596685,0.08931859954586925,2.235294117647059,2.519337016574586,0.6883116883116883,0.6363636363636364,31.941176470588236,1.0,1.0,2.2941176470588234,3.48,0.08,0.034482758620689655,0.175,0.06984126984126984,0
staleda01w,5,CHA,0,1.2647058823529411,0.058823529411764705,1.3529411764705883,1.3543307086614174,0.06299212598425197,1.4488188976377954,0.7931033115339118,0.03762029713368069,0.00174978126203166,45,1.3235294117647058,1.4173228346456692,0.03937007839571235,91,2.676470588235294,2.8661417322834644,0.07961504742244054,2.4411764705882355,2.614173228346457,0.5357142857142857,0.5119047619047619,33.61764705882353,1.0,1.0,2.176470588235294,3.8863636363636362,0.045454545454545456,0.014814814814814815,0.2037914691943128,0.07455429497568881,0
staleda01w,6,CHA,1,1.3043478260869565,0.0,2.0,1.5789473684210527,0.0,2.4210526315789473,0.8679243645425727,0.043859648481584086,0.0,30,1.3043478260869565,1.5789473684210527,0.043859648481584086,76,3.3043478260869565,4.0,0.1111111094866797,2.0434782608695654,2.4736842105263155,0.625,0.625,29.73913043478261,1.0,0.6764705882352942,1.826086956521739,3.903225806451613,0.0,0.0,0.10526315789473684,0.07540983606557378,0
staleda01w,6,HOU,2,0.6,0.1,1.5,0.9773755656108598,0.16289592760180996,2.443438914027149,0.882352422145634,0.027149320038492304,0.004524886673082051,7,0.7,1.1402714932126696,0.03167420671157436,22,2.2,3.5837104072398187,0.09954750680780512,2.3,3.746606334841629,0.2916666666666667,0.25,22.1,0.3,0.29411764705882354,1.2,4.0,0.14285714285714285,0.009433962264150943,0.024291497975708502,0.021897810218978103,0
staleda01w,7,HOU,0,1.0294117647058822,0.14705882352941177,1.7941176470588236,1.2377210216110022,0.17681728880157171,2.1571709233791747,0.8133332248889034,0.034381139151462285,0.004911591307351755,40,1.1764705882352942,1.4145383104125737,0.03929273045881404,101,2.9705882352941178,3.5717092337917484,0.09921414440850546,1.4705882352941178,1.768172888015717,0.7843137254901961,0.6862745098039216,29.941176470588236,1.0,1.0,2.235294117647059,3.6944444444444446,0.1388888888888889,0.058823529411764705,0.1383399209486166,0.07411907654921021,0
stansti01w,7,LAS,0,0.25,0.5,0.25,1.5652173913043477,3.1304347826086953,1.5652173913043477,0.14285693877580175,0.043478241965981754,0.08695648393196351,3,0.75,4.695652173913043,0.13043472589794528,4,1.0,6.260869565217391,0.17391296786392701,1.0,6.260869565217391,0.6,0.2,5.75,0.0,0.11764705882352941,0.5,1.0,1.0,0.015384615384615385,0.003367003367003367,0.0011723329425556857,0
stansti01w,8,MIN,0,0.43333333333333335,0.36666666666666664,2.6666666666666665,1.070938215102975,0.9061784897025171,6.590389016018307,0.6153845680473409,0.02974828307212167,0.025171624137949107,24,0.8,1.9771167048054918,0.05491990721007078,104,3.466666666666667,8.5675057208238,0.23798626457697336,2.6,6.42562929061785,0.3037974683544304,0.16455696202531644,14.566666666666666,0.4666666666666667,0.8823529411764706,0.9666666666666667,1.0714285714285714,0.7857142857142857,0.11458333333333333,0.05439330543933055,0.10178117048346055,0
starbka01w,1,UTA,0,0.4482758620689655,0.3793103448275862,0.7241379310344828,1.3764705882352941,1.1647058823529413,2.223529411764706,0.6363634435262292,0.03823529299307962,0.03235294022491352,24,0.8275862068965517,2.541176470588235,0.07058823321799315,45,1.5517241379310345,4.764705882352941,0.13235293728373715,1.103448275862069,3.388235294117647,0.7272727272727273,0.3939393939393939,11.724137931034482,0.0,0.8529411764705882,1.0,2.142857142857143,0.7857142857142857,0.06962025316455696,0.06046511627906977,0.0286493860845839,0
starbka01w,2,UTA,0,0.34782608695652173,0.043478260869565216,0.7391304347826086,0.9290322580645162,0.11612903225806452,1.9741935483870967,0.5666664777778407,0.025806450780437074,0.0032258063475546343,9,0.391304347826087,1.0451612903225806,0.029032257127991706,26,1.1304347826086956,3.0193548387096776,0.08387096503642048,1.3043478260869565,3.4838709677419355,0.2903225806451613,0.25806451612903225,13.478260869565217,0.30434782608695654,0.6764705882352942,0.6521739130434783,2.3333333333333335,0.1111111111111111,0.006369426751592357,0.03940886699507389,0.02190721649484536,0
starbka01w,3,SEA,2,0.6666666666666666,0.4444444444444444,1.7777777777777777,1.161290322580645,0.7741935483870969,3.0967741935483875,0.8421048199448317,0.03225806278182458,0.021505375187883053,10,1.1111111111111112,1.935483870967742,0.05376343796970764,26,2.888888888888889,5.032258064516128,0.13978493872123984,2.111111111111111,3.67741935483871,0.5,0.3,20.666666666666668,0.0,0.2647058823529412,1.2222222222222223,1.7142857142857142,0.5714285714285714,0.02631578947368421,0.02120141342756184,0.025236593059936908,0
starbka01w,3,UTA,1,0.6,0.26666666666666666,0.4666666666666667,3.681818181818182,1.6363636363636365,2.8636363636363638,0.9999985714306123,0.10227271565082777,0.04545454028925679,13,0.8666666666666667,5.318181818181818,0.14772725594008454,20,1.3333333333333333,8.181818181818182,0.22727270144628392,1.0666666666666667,6.545454545454546,0.7647058823529411,0.5294117647058824,5.866666666666666,0.0,0.4411764705882353,0.13333333333333333,0.7,0.4,0.0223463687150838,0.039301310043668124,0.009695290858725761,0
starbka01w,5,IND,0,0.5,0.0,0.25,1.846153846153846,0.0,0.923076923076923,0.3333329629633745,0.05128204689897035,0.0,6,0.5,1.846153846153846,0.05128204689897035,9,0.75,2.769230769230769,0.07692307034845552,0.5833333333333334,2.1538461538461537,0.75,0.75,9.75,0.0,0.35294117647058826,0.75,1.5714285714285714,0.0,0.0,0.022900763358778626,0.00424929178470255,0
stedika01w,1,SAC,0,0.3793103448275862,0.3448275862068966,0.9655172413793104,1.2815533980582525,1.1650485436893203,3.2621359223300974,0.7179485338593502,0.0355987043495565,0.03236245849959681,21,0.7241379310344828,2.4466019417475726,0.06796116284915331,49,1.6896551724137931,5.70873786407767,0.15857604664802438,0.7586206896551724,2.563106796116505,0.9130434782608695,0.4782608695652174,10.655172413793103,0.0,0.8529411764705882,0.5862068965517241,1.1666666666666667,0.8333333333333334,0.06329113924050633,0.03303303303303303,0.043010752688172046,0
stedika01w,2,SEA,0,0.6153846153846154,0.34615384615384615,1.0,1.4656488549618323,0.8244274809160306,2.381679389312977,0.7428569306123055,0.04071246715744359,0.02290076277606202,25,0.9615384615384616,2.2900763358778624,0.0636132299335056,51,1.9615384615384615,4.67175572519084,0.12977098906435144,0.8846153846153846,2.1068702290076335,1.0416666666666667,0.6666666666666666,15.115384615384615,0.6538461538461539,0.7647058823529411,0.8461538461538461,1.411764705882353,0.5294117647058824,0.0703125,0.058394160583941604,0.04436860068259386,0
stepama01w,1,PHO,0,0.26666666666666666,0.6,2.2,0.8470588235294118,1.9058823529411764,6.988235294117647,0.6874998567708631,0.02352941038062292,0.05294117335640157,13,0.8666666666666667,2.7529411764705882,0.07647058373702448,46,3.066666666666667,9.741176470588234,0.27058821937716354,2.8,8.894117647058824,0.3023255813953488,0.09302325581395349,11.333333333333334,0.06666666666666667,0.4411764705882353,1.4666666666666666,1.6,1.8,0.09782608695652174,0.013986013986013986,0.0532258064516129,0
stepama01w,2,PHO,0,1.34375,2.0,4.21875,1.8993865030674848,2.826993865030675,5.963190184049079,0.6716417576297633,0.05276073554894803,0.07852760639843429,107,3.34375,4.726380368098159,0.13128834194738231,242,7.5625,10.68957055214724,0.29693251169407964,3.4375,4.858895705521473,0.963963963963964,0.38738738738738737,25.46875,0.96875,0.9411764705882353,1.5625,0.9318181818181818,1.4545454545454546,0.460431654676259,0.14675767918088736,0.2099533437013997,0
stepama01w,6,PHO,0,1.3333333333333333,2.533333333333333,3.4,1.76039119804401,3.3447432762836184,4.488997555012225,0.6374999203125099,0.048899754305629484,0.09290953318069602,58,3.8666666666666667,5.1051344743276275,0.14180928748632549,109,7.266666666666667,9.594132029339853,0.2665036609656807,2.2,2.904645476772616,1.7058823529411764,0.5882352941176471,27.266666666666666,0.9333333333333333,0.4411764705882353,1.4666666666666666,1.0952380952380953,1.8095238095238095,0.2111111111111111,0.08196721311475409,0.07073509015256588,0
stephst01w,5,DET,0,0.0,0.0,1.0,0.0,0.0,7.0,0.7777769135812072,0.0,0.0,0,0.0,0.0,0.0,7,1.0,7.0,0.19444439043211376,1.0,7.0,0.0,0.0,5.142857142857143,0.14285714285714285,0.20588235294117646,0.2857142857142857,3.0,0.0,0.0,0.0,0.00904392764857881,0
stevema01w,5,SAS,0,0.20689655172413793,0.13793103448275862,0.8275862068965517,0.833976833976834,0.555984555984556,3.335907335907336,0.6857140897959743,0.023166022271582154,0.015444014847721435,10,0.3448275862068966,1.3899613899613898,0.03861003711930359,34,1.1724137931034482,4.725868725868725,0.1312741262056322,1.103448275862069,4.447876447876448,0.30303030303030304,0.18181818181818182,8.931034482758621,0.0,0.8529411764705882,0.3793103448275862,0.7142857142857143,0.5714285714285714,0.037383177570093455,0.02197802197802198,0.03418803418803419,0
stevema01w,6,SEA,0,0.5,0.0,1.0,1.3584905660377358,0.0,2.7169811320754715,0.6666655555574075,0.037735841936633596,0.0,2,0.5,1.3584905660377358,0.037735841936633596,6,1.5,4.0754716981132075,0.11320752580990079,0.75,2.0377358490566038,0.5,0.5,13.25,0.25,0.11764705882352941,1.0,0.3333333333333333,0.0,0.0,0.009900990099009901,0.005148005148005148,0
stevema01w,7,PHO,0,0.5,0.5,0.5,2.0,2.0,2.0,0.49999750001249993,0.055555524691375174,0.055555524691375174,2,1.0,4.0,0.11111104938275035,3,1.5,6.0,0.16666657407412552,1.5,6.0,0.5,0.25,9.0,0.0,0.058823529411764705,1.0,0.0,0.5,0.0078125,0.0036231884057971015,0.0012315270935960591,0
stileja01w,2,POR,0,0.75,0.09375,1.65625,0.844574780058651,0.10557184750733138,1.8651026392961878,0.6883115989205716,0.023460410327855227,0.0029325512909819033,27,0.84375,0.9501466275659824,0.02639296161883713,80,2.5,2.8152492668621703,0.07820136775951743,2.34375,2.6392961876832848,0.35526315789473684,0.3157894736842105,31.96875,1.0,0.9411764705882353,2.125,2.2,0.12,0.028037383177570093,0.09795918367346938,0.07604017216642754,0
stileja01w,3,POR,0,0.19047619047619047,0.0,0.5238095238095238,0.3769633507853403,0.0,1.0366492146596857,0.611110771605127,0.01047120391436639,0.0,4,0.19047619047619047,0.3769633507853403,0.01047120391436639,15,0.7142857142857143,1.4136125654450262,0.03926701467887397,1.8095238095238095,3.5811518324607325,0.10256410256410256,0.10256410256410256,18.19047619047619,0.14285714285714285,0.6176470588235294,1.0,4.0,0.0,0.0,0.016666666666666666,0.017133956386292833,0
stinsan01w,1,CHA,0,1.71875,0.71875,3.15625,1.7631344612644702,0.7373107747105966,3.237756010685663,0.742647004217132,0.04897595682122924,0.020480854670695863,78,2.4375,2.500445235975067,0.0694568114919251,179,5.59375,5.73820124666073,0.15939447765454606,2.40625,2.4683882457702584,1.0,0.7051282051282052,35.09375,1.0,0.9411764705882353,2.6875,2.1607142857142856,0.4107142857142857,0.25274725274725274,0.24663677130044842,0.1600633914421553,0
stinsan01w,2,CHA,0,1.34375,0.59375,3.0625,1.5387673956262424,0.6799204771371768,3.506958250497018,0.7153284149395317,0.04274353834250956,0.01888667973273678,62,1.9375,2.2186878727634194,0.061630218075246344,160,5.0,5.725646123260438,0.15904572406515186,1.84375,2.1113320079522864,1.0333333333333334,0.7166666666666667,31.4375,1.0,0.9411764705882353,2.1875,2.0,0.4318181818181818,0.16521739130434782,0.19724770642201836,0.153125,0
stinsan01w,3,CHA,0,1.15625,0.28125,4.375,1.4021052631578947,0.3410526315789474,5.3052631578947365,0.7909604072903724,0.03894736801108034,0.009473684110803326,46,1.4375,1.743157894736842,0.04842105212188366,186,5.8125,7.0484210526315785,0.19578947162326873,1.75,2.1221052631578945,0.8070175438596491,0.6491228070175439,29.6875,1.0,0.9411764705882353,1.625,2.3947368421052633,0.23684210526315788,0.08490566037735849,0.15289256198347106,0.21406727828746178,0
stinsan01w,4,CHA,0,1.411764705882353,0.14705882352941177,3.2941176470588234,1.728,0.18,4.032,0.7999999428571469,0.04799999952,0.00499999995,53,1.5588235294117647,1.908,0.05299999947,165,4.852941176470588,5.94,0.16499999835,2.0588235294117645,2.5200000000000005,0.7464788732394366,0.676056338028169,29.41176470588235,1.0,1.0,2.2058823529411766,1.9795918367346939,0.10204081632653061,0.04310344827586207,0.17142857142857143,0.17777777777777778,0
stinsan01w,5,CHA,0,0.7941176470588235,0.20588235294117646,2.764705882352941,1.250965250965251,0.32432432432432434,4.355212355212355,0.7899159000070672,0.03474903430181423,0.009009008893062949,34,1.0,1.5752895752895753,0.04375804319487718,128,3.764705882352941,5.93050193050193,0.1647361626160082,1.7647058823529411,2.7799227799227797,0.5573770491803278,0.4426229508196721,22.852941176470587,1.0,1.0,1.2058823529411764,1.75,0.25,0.05185185185185185,0.12796208530805686,0.15235008103727715,0
stinsan01w,6,DET,0,0.16666666666666666,0.0,0.3333333333333333,1.0588235294117647,0.0,2.1176470588235294,0.49999958333368055,0.02941176182237629,0.0,3,0.16666666666666666,1.0588235294117647,0.02941176182237629,9,0.5,3.1764705882352944,0.08823528546712887,0.3333333333333333,2.1176470588235294,0.42857142857142855,0.42857142857142855,5.666666666666667,0.05555555555555555,0.5294117647058824,0.2222222222222222,3.25,0.0,0.0,0.012396694214876033,0.007462686567164179,0
stiresh01w,1,MIN,0,0.2857142857142857,0.0,0.38095238095238093,1.846153846153846,0.0,2.4615384615384617,0.5714281632655976,0.05128204689897035,0.0,6,0.2857142857142857,1.846153846153846,0.05128204689897035,14,0.6666666666666666,4.3076923076923075,0.11965810943093082,1.0476190476190477,6.769230769230769,0.2608695652173913,0.2608695652173913,5.571428571428571,0.0,0.6176470588235294,0.6666666666666666,1.0,0.0,0.0,0.025210084033613446,0.013050570962479609,0
stiresh01w,2,MIN,0,0.4444444444444444,0.2222222222222222,0.9444444444444444,1.4328358208955223,0.7164179104477612,3.044776119402985,0.6296293964335569,0.039800993044726715,0.019900496522363358,12,0.6666666666666666,2.1492537313432836,0.05970148956709007,29,1.6111111111111112,5.1940298507462686,0.14427859978713434,1.4444444444444444,4.656716417910448,0.4444444444444444,0.2962962962962963,11.166666666666666,0.2777777777777778,0.5294117647058824,1.0555555555555556,1.5555555555555556,0.4444444444444444,0.03125,0.037914691943127965,0.024495677233429394,0
stiresh01w,3,MIN,0,0.0,0.1111111111111111,0.2222222222222222,0.0,1.6363636363636365,3.272727272727273,0.33333277777870374,0.0,0.04545452479339782,1,0.1111111111111111,1.6363636363636365,0.04545452479339782,3,0.3333333333333333,4.909090909090908,0.13636357438019348,0.3333333333333333,4.909090909090908,0.25,0.0,2.4444444444444446,0.0,0.2647058823529412,0.2222222222222222,1.0,1.0,0.009708737864077669,0.0,0.0030721966205837174,0
stockta01w,2,WAS,0,0.0,0.0,0.6666666666666666,0.0,0.0,6.545454545454546,0.9999950000249999,0.0,0.0,0,0.0,0.0,0.0,2,0.6666666666666666,6.545454545454546,0.1818180165290759,1.0,9.818181818181817,0.0,0.0,3.6666666666666665,0.0,0.08823529411764706,0.0,0.0,0.0,0.0,0.0,0.002857142857142857,0
streiju01w,1,IND,0,0.5925925925925926,0.8518518518518519,1.7037037037037037,1.3584905660377358,1.9528301886792454,3.905660377358491,0.647887232691939,0.037735848166607355,0.05424528173949807,39,1.4444444444444444,3.3113207547169807,0.09198112990610544,85,3.1481481481481484,7.216981132075472,0.2004716933851016,2.4814814814814814,5.688679245283018,0.5735294117647058,0.23529411764705882,15.703703703703704,0.2222222222222222,0.7941176470588235,1.1851851851851851,2.588235294117647,1.3529411764705883,0.18110236220472442,0.058823529411764705,0.07098765432098765,0
streiju01w,2,IND,0,1.3703703703703705,0.7037037037037037,3.4814814814814814,1.8840169731258842,0.9674681753889676,4.7864214992927865,0.6762589441540328,0.0523338040688288,0.026874115602912085,56,2.074074074074074,2.8514851485148514,0.07920791967174089,150,5.555555555555555,7.637906647807638,0.21216407054930594,3.0,4.124469589816124,0.6829268292682927,0.45121951219512196,26.185185185185187,0.9629629629629629,0.7941176470588235,1.9259259259259258,1.368421052631579,0.5,0.15966386554621848,0.1522633744855967,0.14461538461538462,0
streiju01w,6,IND,0,0.8529411764705882,0.3235294117647059,1.8823529411764706,1.5218658892128278,0.5772594752186588,3.358600583090379,0.6336633035976927,0.04227405186189429,0.016034985188994384,40,1.1764705882352942,2.0991253644314867,0.058309037050888676,104,3.0588235294117645,5.457725947521866,0.15160349633231054,2.2058823529411766,3.935860058309038,0.5263157894736842,0.3815789473684211,20.176470588235293,0.5882352941176471,1.0,1.0588235294117647,1.0666666666666667,0.36666666666666664,0.11458333333333333,0.08605341246290801,0.09523809523809523,0
strotan01w,7,PHO,0,0.125,0.25,0.375,0.923076923076923,1.846153846153846,2.769230769230769,0.5999988000024,0.025641019066405365,0.05128203813281073,3,0.375,2.769230769230769,0.07692305719921609,6,0.75,5.538461538461538,0.15384611439843218,0.375,2.769230769230769,0.75,0.25,4.875,0.0,0.23529411764705882,0.0,1.0,1.0,0.015625,0.0036231884057971015,0.003694581280788177,0
strotan01w,8,IND,0,0.0,0.0,0.25,0.0,0.0,1.5652173913043477,0.3333329629633745,0.0,0.0,0,0.0,0.0,0.0,3,0.25,1.5652173913043477,0.0434782545683689,0.4166666666666667,2.608695652173913,0.0,0.0,5.75,0.0,0.35294117647058826,0.16666666666666666,3.0,0.0,0.0,0.0,0.0036900369003690036,0
strotan01w,9,ATL,0,0.23809523809523808,0.14285714285714285,0.38095238095238093,1.125,0.6749999999999999,1.8,0.6153841420121985,0.031249998046875123,0.018749998828125072,8,0.38095238095238093,1.8,0.049999996875000195,16,0.7619047619047619,3.6,0.09999999375000039,0.8095238095238095,3.8249999999999997,0.4444444444444444,0.2777777777777778,7.619047619047619,0.0,0.6176470588235294,0.14285714285714285,1.1666666666666667,0.5,0.02097902097902098,0.017482517482517484,0.01084010840108401,0
summela01w,6,CON,0,0.18181818181818182,0.0,0.45454545454545453,1.6744186046511627,0.0,4.186046511627907,0.49999950000050003,0.0465116170903216,0.0,2,0.18181818181818182,1.6744186046511627,0.0465116170903216,7,0.6363636363636364,5.86046511627907,0.16279065981612562,1.0,9.209302325581396,0.16666666666666666,0.16666666666666666,3.909090909090909,0.0,0.3235294117647059,0.36363636363636365,1.0,0.0,0.0,0.008438818565400843,0.0063371356147021544,0
summela01w,7,CON,0,0.09090909090909091,0.06060606060606061,0.7272727272727273,0.3008356545961003,0.20055710306406685,2.4066852367688023,0.6666664814815328,0.008356545728229924,0.0055710304854866164,5,0.15151515151515152,0.5013927576601671,0.013927576213716542,29,0.8787878787878788,2.9080779944289694,0.08077994203955594,1.1515151515151516,3.81058495821727,0.1282051282051282,0.07692307692307693,10.878787878787879,0.09090909090909091,0.9705882352941176,0.6060606060606061,4.75,0.5,0.012987012987012988,0.011857707509881422,0.025889967637540454,0
sun-mju01w,4,SEA,0,0.29411764705882354,0.0,0.5294117647058824,1.5254237288135593,0.0,2.745762711864407,0.8999991000009,0.04237287776501036,0.0,5,0.29411764705882354,1.5254237288135593,0.04237287776501036,14,0.8235294117647058,4.271186440677966,0.118644057742029,0.7647058823529411,3.9661016949152543,0.35714285714285715,0.35714285714285715,6.9411764705882355,0.0,0.5,0.29411764705882354,0.16666666666666666,0.0,0.0,0.02145922746781116,0.01227830832196453,0
suttota01w,2,CHA,0,0.7241379310344828,1.3448275862068966,2.689655172413793,1.255813953488372,2.3322259136212624,4.664451827242525,0.6046511159185182,0.03488372035076877,0.06478405207999914,60,2.0689655172413794,3.5880398671096345,0.09966777243076791,138,4.758620689655173,8.252491694352159,0.2292358765907662,2.896551724137931,5.023255813953488,0.7058823529411765,0.24705882352941178,20.75862068965517,0.7241379310344828,0.8529411764705882,1.3793103448275863,0.5,1.7727272727272727,0.3391304347826087,0.0963302752293578,0.121875,0
suttota01w,3,CHA,0,0.90625,1.125,3.59375,1.1796610169491526,1.464406779661017,4.677966101694915,0.6020942093144392,0.03276836121165694,0.04067796564205688,65,2.03125,2.6440677966101696,0.07344632685371383,180,5.625,7.322033898305085,0.20338982821028442,3.90625,5.084745762711864,0.5158730158730159,0.23015873015873015,27.65625,0.90625,0.9411764705882353,1.53125,0.5,1.2,0.33962264150943394,0.11983471074380166,0.17584097859327216,0
suttota01w,4,CHA,0,0.5588235294117647,1.4705882352941178,3.764705882352941,0.7916666666666667,2.0833333333333335,5.333333333333333,0.6368158887156274,0.021990740486218283,0.05787036970057443,69,2.0294117647058822,2.875,0.0798611101867927,197,5.794117647058823,8.208333333333334,0.22800925662026325,3.8823529411764706,5.5,0.518796992481203,0.14285714285714285,25.41176470588235,0.9705882352941176,1.0,1.7352941176470589,0.75,2.5,0.43103448275862066,0.06785714285714285,0.20317460317460317,0
suttota01w,5,CHA,0,0.9117647058823529,2.088235294117647,4.352941176470588,1.1505154639175257,2.6350515463917525,5.492783505154639,0.7014217677051294,0.03195876255712616,0.07319587553406313,102,3.0,3.7855670103092782,0.1051546380911893,250,7.352941176470588,9.278350515463917,0.25773195610585614,3.264705882352941,4.119587628865979,0.9107142857142857,0.2767857142857143,28.529411764705884,1.0,1.0,2.088235294117647,0.46875,2.21875,0.5259259259259259,0.14691943127962084,0.23987034035656402,0
suttota01w,6,CHA,0,0.8823529411764706,1.088235294117647,3.3823529411764706,1.2175873731679818,1.5016910935738446,4.667418263810598,0.6424580646671472,0.033821871095582066,0.041713641017884544,67,1.9705882352941178,2.7192784667418266,0.07553551211346661,182,5.352941176470588,7.386696730552424,0.20518601797986452,4.0588235294117645,5.600901916572718,0.48201438848920863,0.2158273381294964,26.08823529411765,0.9705882352941176,1.0,2.0294117647058822,0.45161290322580644,1.1935483870967742,0.32456140350877194,0.10526315789473684,0.1885245901639344,0
suttota01w,7,CHA,0,0.8666666666666667,1.8333333333333333,3.533333333333333,1.17,2.475,4.7700000000000005,0.6022726930526879,0.03249999959375001,0.06874999914062502,81,2.7,3.6450000000000005,0.10124999873437501,187,6.233333333333333,8.415000000000001,0.23374999707812505,3.5,4.7250000000000005,0.7641509433962265,0.24528301886792453,26.666666666666668,1.0,0.8823529411764706,2.3666666666666667,0.7407407407407407,2.037037037037037,0.3525641025641026,0.08227848101265822,0.14171122994652408,0
suttota01w,8,IND,0,1.0294117647058822,1.3823529411764706,3.4705882352941178,1.4651162790697676,1.9674418604651165,4.93953488372093,0.6413043129725917,0.040697673945375885,0.05465116215521905,82,2.411764705882353,3.432558139534884,0.09534883610059493,200,5.882352941176471,8.372093023255815,0.23255813683071935,3.3823529411764706,4.813953488372093,0.7068965517241379,0.3017241379310345,25.294117647058822,0.9705882352941176,1.0,2.5,0.8333333333333334,1.3055555555555556,0.34306569343065696,0.11326860841423948,0.14514145141451415,0
suttota01w,9,IND,0,0.6060606060606061,1.7272727272727273,4.393939393939394,0.7531380753138075,2.1464435146443517,5.460251046025104,0.6971153511002235,0.020920501873216507,0.05962343033866705,77,2.3333333333333335,2.899581589958159,0.08054393221188355,222,6.7272727272727275,8.359832635983263,0.23221757079270325,3.4242424242424243,4.2552301255230125,0.6754385964912281,0.17543859649122806,28.96969696969697,1.0,0.9705882352941176,2.090909090909091,0.8095238095238095,2.7142857142857144,0.3433734939759036,0.06153846153846154,0.18613607188703465,0
suttota01w,10,IND,0,0.5555555555555556,1.4814814814814814,4.222222222222222,0.7941176470588236,2.1176470588235294,6.035294117647059,0.7215189416760164,0.022058823205017307,0.05882352854671282,55,2.037037037037037,2.9117647058823533,0.08088235175173013,169,6.2592592592592595,8.947058823529412,0.24852940810986165,2.814814814814815,4.023529411764706,0.7142857142857143,0.19480519480519481,25.185185185185187,0.9259259259259259,0.7941176470588235,1.8148148148148149,1.4375,2.5,0.3389830508474576,0.040106951871657755,0.14596670934699105,0
swanike01w,9,CON,0,0.56,0.04,0.96,2.1818181818181817,0.15584415584415584,3.7402597402597406,0.8275859215220961,0.06060605798242173,0.0043290041416015525,15,0.6,2.3376623376623376,0.06493506212402328,39,1.56,6.077922077922078,0.16883116152246053,0.68,2.64935064935065,0.8333333333333334,0.7777777777777778,9.24,0.24,0.7352941176470589,0.8,1.7333333333333334,0.06666666666666667,0.01020408163265306,0.0660377358490566,0.027586206896551724,0
swanike01w,10,PHO,0,0.45454545454545453,0.09090909090909091,1.393939393939394,1.3917525773195876,0.27835051546391754,4.268041237113402,0.8679243645425727,0.03865979281804658,0.007731958563609316,18,0.5454545454545454,1.6701030927835052,0.046391751381655896,64,1.9393939393939394,5.938144329896907,0.16494844935699873,1.0303030303030303,3.154639175257732,0.5142857142857142,0.42857142857142855,11.757575757575758,0.0,0.9705882352941176,1.393939393939394,3.375,0.1875,0.016483516483516484,0.06637168141592921,0.050716648291069456,0
swoopsh01w,1,HOU,0,2.806451612903226,1.064516129032258,5.0,2.8733944954128443,1.089908256880734,5.1192660550458715,0.7948717541091408,0.07981651302920631,0.03027522908004377,120,3.870967741935484,3.963302752293578,0.11009174210925007,275,8.870967741935484,9.082568807339449,0.2522935756670314,2.161290322580645,2.212844036697248,1.7647058823529411,1.2794117647058822,35.16129032258065,1.0,0.9117647058823529,2.6451612903225805,1.3522727272727273,0.375,0.3142857142857143,0.30526315789473685,0.21379310344827587,1
swoopsh01w,3,HOU,0,2.75,0.71875,4.0,2.7452339688041594,0.7175043327556325,3.993067590987868,0.8101265310046499,0.07625649847264733,0.01993067573716919,111,3.46875,3.4627383015597917,0.09618717420981651,239,7.46875,7.4558058925476605,0.20710571744275807,1.5625,1.5597920277296362,2.176470588235294,1.7254901960784315,36.0625,1.0,0.9411764705882353,2.71875,1.202247191011236,0.25842696629213485,0.18110236220472442,0.3371647509578544,0.18207681365576103,1
swoopsh01w,4,HOU,0,2.4838709677419355,0.8387096774193549,3.5806451612903225,2.5571955719557193,0.8634686346863469,3.6863468634686347,0.7762237219423971,0.07103320967681541,0.023985239631132475,103,3.3225806451612905,3.4206642066420665,0.09501844930794788,214,6.903225806451613,7.107011070110701,0.19741697234855193,1.5483870967741935,1.5940959409594095,2.1020408163265305,1.5714285714285714,34.96774193548387,0.967741935483871,0.9117647058823529,2.3548387096774195,1.5512820512820513,0.3333333333333333,0.2,0.33189655172413796,0.1450980392156863,1
swoopsh01w,5,HOU,0,1.5161290322580645,0.5161290322580645,3.7096774193548385,1.5813084112149531,0.5383177570093458,3.8691588785046727,0.7516339378017034,0.043925233234343615,0.014953270888287188,63,2.032258064516129,2.119626168224299,0.058878504122630806,178,5.741935483870968,5.988785046728972,0.16635513863219498,1.8064516129032258,1.8841121495327104,1.105263157894737,0.8245614035087719,34.516129032258064,1.0,0.9117647058823529,1.903225806451613,1.8958333333333333,0.3333333333333333,0.14814814814814814,0.1934156378600823,0.15862068965517243,0
swoopsh01w,6,HOU,0,2.0,0.7878787878787878,2.787878787878788,1.9395918367346938,0.7640816326530613,2.703673469387755,0.7731091787303211,0.053877550580591425,0.021224489622657227,92,2.787878787878788,2.703673469387755,0.07510204020324865,184,5.575757575757576,5.40734693877551,0.1502040804064973,1.6363636363636365,1.586938775510204,1.6727272727272726,1.2,37.121212121212125,1.0,0.9705882352941176,2.1818181818181817,2.1044776119402986,0.3880597014925373,0.24528301886792453,0.26720647773279355,0.1343065693430657,0
swoopsh01w,7,HOU,0,2.064516129032258,0.2903225806451613,4.806451612903226,2.073807380738074,0.29162916291629165,4.828082808280828,0.8142076057810052,0.05760576005755392,0.008100810008093519,73,2.3548387096774195,2.365436543654366,0.06570657006564744,222,7.161290322580645,7.193519351935193,0.19981998019964015,1.4838709677419355,1.4905490549054905,1.553191489361702,1.3617021276595744,35.83870967741935,1.0,0.9117647058823529,2.3870967741935485,1.7692307692307692,0.13846153846153847,0.10588235294117647,0.25296442687747034,0.181044957472661,0
swoopsh01w,8,HOU,0,1.6666666666666667,0.3333333333333333,4.666666666666667,1.6981132075471699,0.33962264150943394,4.754716981132075,0.8235289273359251,0.047169806870772935,0.009433961374154587,6,2.0,2.0377358490566038,0.05660376824492752,20,6.666666666666667,6.7924528301886795,0.18867922748309174,1.0,1.0188679245283019,1.5,1.25,35.333333333333336,1.0,0.08823529411764706,3.0,1.8333333333333333,0.16666666666666666,0.00909090909090909,0.017241379310344827,0.018158236057068743,0
swoopsh01w,9,SEA,0,1.4827586206896552,0.3103448275862069,3.4482758620689653,2.1926345609065154,0.45892351274787535,5.09915014164306,0.7936507306626404,0.06090651471803804,0.012747875173542846,52,1.793103448275862,2.6515580736543907,0.07365438989158088,152,5.241379310344827,7.7507082152974505,0.21529744737539028,1.5172413793103448,2.2436260623229463,1.1555555555555554,0.9555555555555556,24.344827586206897,0.8620689655172413,0.8529411764705882,1.0689655172413792,1.3636363636363635,0.20454545454545456,0.06382978723404255,0.15925925925925927,0.12150668286755771,0
tateso01w,1,MIN,0,0.375,0.0,0.875,1.1489361702127658,0.0,2.6808510638297873,0.5384611242606736,0.03191489022182019,0.0,3,0.375,1.1489361702127658,0.03191489022182019,10,1.25,3.8297872340425534,0.1063829674060673,1.625,4.9787234042553195,0.21428571428571427,0.21428571428571427,11.75,0.0,0.23529411764705882,0.875,1.25,0.0,0.0,0.012605042016806723,0.011419249592169658,0
tauradi01w,5,PHO,0,1.2647058823529411,0.7352941176470589,3.5588235294117645,1.3699115044247787,0.7964601769911505,3.8548672566371684,0.8120804824107059,0.03805309700837967,0.022123893609523066,68,2.0,2.1663716814159293,0.06017699061790274,189,5.5588235294117645,6.021238938053098,0.16725663568799437,3.4411764705882355,3.7274336283185843,0.576271186440678,0.3644067796610169,33.23529411764706,1.0,1.0,2.6470588235294117,3.0,0.5681818181818182,0.18115942028985507,0.1519434628975265,0.18529862174578868,0
tauradi01w,6,PHO,0,1.1515151515151516,0.8484848484848485,3.515151515151515,1.256198347107438,0.9256198347107437,3.834710743801653,0.8405796492333587,0.0348943982103361,0.025711661839195026,66,2.0,2.1818181818181817,0.06060606004953113,182,5.515151515151516,6.016528925619834,0.16712580195476767,3.3636363636363638,3.669421487603306,0.5892857142857143,0.3392857142857143,33.0,1.0,0.9705882352941176,3.393939393939394,3.8461538461538463,0.717948717948718,0.15555555555555556,0.1557377049180328,0.1608876560332871,0
tauradi01w,7,PHO,0,1.2352941176470589,0.7941176470588235,2.8529411764705883,1.3125,0.84375,3.03125,0.795081902042467,0.03645833301685475,0.023437499796549483,69,2.0294117647058822,2.15625,0.05989583281340423,166,4.882352941176471,5.1875,0.14409722097137828,2.9411764705882355,3.125,0.6831683168316832,0.4158415841584158,33.88235294117647,1.0,1.0,2.323529411764706,3.2325581395348837,0.627906976744186,0.2109375,0.15217391304347827,0.11945812807881774,0
tauradi01w,8,PHO,0,1.40625,1.0625,3.65625,1.5804878048780486,1.1941463414634148,4.109268292682927,0.8666666024691405,0.04390243859607377,0.033170731383700185,79,2.46875,2.774634146341463,0.07707316997977395,196,6.125,6.88390243902439,0.19121951032956575,3.3125,3.7229268292682924,0.7383177570093458,0.4205607476635514,32.03125,1.0,0.9411764705882353,2.625,2.9782608695652173,0.7391304347826086,0.2125,0.15734265734265734,0.13386727688787187,0
tauradi01w,9,PHO,0,1.3529411764705883,1.3529411764705883,4.294117647058823,1.5290858725761771,1.5290858725761771,4.853185595567867,0.8488371599513279,0.04247460717936651,0.04247460717936651,92,2.7058823529411766,3.0581717451523542,0.08494921435873302,238,7.0,7.9113573407202225,0.21975992410193976,3.676470588235294,4.155124653739612,0.7301587301587301,0.36507936507936506,31.852941176470587,1.0,1.0,2.4411764705882355,2.574468085106383,0.9787234042553191,0.2929936305732484,0.19742489270386265,0.17136150234741784,0
tauradi01w,10,PHO,0,1.1612903225806452,1.3870967741935485,5.161290322580645,1.3278688524590163,1.5860655737704918,5.9016393442622945,0.8988763539957104,0.03688524552371675,0.044057376597772785,79,2.5483870967741935,2.9139344262295084,0.08094262212148953,239,7.709677419354839,8.815573770491804,0.24487704667134175,3.064516129032258,3.5040983606557377,0.8229166666666666,0.375,31.483870967741936,1.0,0.9117647058823529,2.6451612903225805,2.945945945945946,1.162162162162162,0.23626373626373626,0.1592920353982301,0.17640573318632854,0
tayloli01w,5,PHO,0,0.2,0.2,0.6,1.3846153846153846,1.3846153846153846,4.153846153846154,0.9999966666777778,0.03846152366864474,0.03846152366864474,2,0.4,2.769230769230769,0.07692304733728948,5,1.0,6.923076923076923,0.1923076183432237,1.4,9.692307692307692,0.25,0.125,5.2,0.0,0.14705882352941177,0.2,1.0,0.5,0.007246376811594203,0.0035335689045936395,0.004594180704441042,0
taylope01w,2,CLE,0,1.09375,0.34375,2.375,2.2459893048128343,0.7058823529411764,4.877005347593583,0.6785713679846993,0.06238859068826042,0.01960784278773899,46,1.4375,2.951871657754011,0.0819964334759994,122,3.8125,7.828877005347594,0.2174688018276506,1.4375,2.951871657754011,0.9787234042553191,0.7446808510638298,17.53125,0.0,0.9411764705882353,1.1875,1.2222222222222223,0.3055555555555556,0.13095238095238096,0.13059701492537312,0.11463046757164404,0
taylope01w,3,CLE,0,1.2333333333333334,0.36666666666666664,3.566666666666667,1.4669603524229073,0.43612334801762115,4.242290748898679,0.6772151470116995,0.04074889822963768,0.012114537311513907,48,1.6,1.9030837004405288,0.05286343554115159,155,5.166666666666667,6.145374449339207,0.17070484393496868,2.2,2.616740088105727,0.7164179104477612,0.5522388059701493,30.266666666666666,0.8666666666666667,0.8823529411764706,1.9333333333333333,1.7894736842105263,0.2894736842105263,0.13095238095238096,0.16666666666666666,0.15851851851851853,0
taylope01w,4,CLE,0,1.1176470588235294,0.29411764705882354,3.0588235294117645,1.5233853006681515,0.40089086859688194,4.169265033407572,0.7027026552227935,0.04231625788066528,0.011135857337017179,48,1.411764705882353,1.9242761692650334,0.05345211521768246,152,4.470588235294118,6.093541202672606,0.16926503152266112,1.5588235294117647,2.1247216035634744,0.8888888888888888,0.7037037037037037,26.41176470588235,0.9705882352941176,1.0,1.7647058823529411,2.051282051282051,0.2564102564102564,0.11494252873563218,0.16740088105726872,0.14424410540915394,0
taylope01w,5,PHO,0,1.5757575757575757,0.42424242424242425,3.303030303030303,1.7397769516728625,0.4684014869888476,3.6468401486988844,0.6812499574218777,0.04832713709733144,0.013011152295435388,66,2.0,2.2081784386617103,0.06133828939276683,175,5.303030303030303,5.855018587360595,0.16263940369294236,3.272727272727273,3.613382899628253,0.6055045871559633,0.47706422018348627,32.60606060606061,1.0,0.9705882352941176,2.4545454545454546,1.5471698113207548,0.2641509433962264,0.10144927536231885,0.18374558303886926,0.1669218989280245,0
taylope01w,6,PHO,0,1.3103448275862069,0.3793103448275862,2.8275862068965516,1.6056338028169013,0.46478873239436624,3.464788732394366,0.6833332763888936,0.044600938443650956,0.012910797970530541,49,1.6896551724137931,2.0704225352112675,0.0575117364141815,131,4.517241379310345,5.535211267605634,0.15375586673995462,2.9655172413793105,3.6338028169014085,0.5632183908045977,0.4367816091954023,29.379310344827587,1.0,0.8529411764705882,2.6551724137931036,2.41025641025641,0.28205128205128205,0.06111111111111111,0.1557377049180328,0.11373092926490985,0
taylope01w,7,PHO,0,1.45,0.45,4.05,1.9477611940298507,0.6044776119402985,5.440298507462686,0.7168140958571596,0.05410447660252842,0.01679104446285365,38,1.9,2.5522388059701493,0.07089552106538208,119,5.95,7.992537313432836,0.22201492123106492,2.85,3.828358208955224,0.6551724137931034,0.5,26.8,0.4,0.5882352941176471,1.45,1.7,0.3,0.0703125,0.10507246376811594,0.09975369458128079,0
taylope01w,8,PHO,0,1.5,0.6470588235294118,4.147058823529412,1.8178217821782179,0.7841584158415841,5.025742574257427,0.6588784738841834,0.050495049004999515,0.021782178002156653,73,2.1470588235294117,2.6019801980198016,0.07227722700715616,214,6.294117647058823,7.627722772277227,0.21188118602097836,3.5294117647058822,4.2772277227722775,0.6033057851239669,0.4214876033057851,29.705882352941178,1.0,1.0,2.264705882352941,1.8846153846153846,0.4230769230769231,0.1375,0.17832167832167833,0.16132723112128147,0
taylope01w,10,PHO,0,1.2857142857142858,0.14285714285714285,1.5714285714285714,2.2897526501766783,0.254416961130742,2.7985865724381624,0.647058633218049,0.06360423803518594,0.007067137559465105,20,1.4285714285714286,2.544169611307421,0.07067137559465105,42,3.0,5.342756183745583,0.1484098887487672,2.2857142857142856,4.070671378091872,0.6060606060606061,0.5454545454545454,20.214285714285715,0.07142857142857142,0.4117647058823529,2.2142857142857144,1.6842105263157894,0.10526315789473684,0.01098901098901099,0.07964601769911504,0.024255788313120176,0
teaslni01w,3,LAS,0,0.78125,0.28125,2.09375,1.0204081632653061,0.36734693877551017,2.734693877551021,0.7976189526644104,0.02834467088044591,0.010204081516960527,34,1.0625,1.3877551020408163,0.03854875239740644,101,3.15625,4.122448979591836,0.11451247035700148,1.96875,2.571428571428571,0.53125,0.390625,27.5625,1.0,0.9411764705882353,2.125,5.384615384615385,0.34615384615384615,0.05555555555555555,0.09689922480620156,0.08220858895705521,0
teaslni01w,4,LAS,0,1.1470588235294117,0.4411764705882353,4.264705882352941,1.1808242220353238,0.4541631623212784,4.390243902439025,0.8285713812244925,0.032800672558446826,0.012615643291710317,54,1.588235294117647,1.634987384356602,0.045416315850157145,199,5.852941176470588,6.025231286795626,0.16736753433669022,2.0,2.0588730025231285,0.782608695652174,0.5652173913043478,34.970588235294116,1.0,1.0,3.176470588235294,5.35,0.375,0.09259259259259259,0.16049382716049382,0.17813267813267813,0
teaslni01w,5,LAS,0,1.2647058823529411,0.20588235294117646,2.5588235294117645,1.4009049773755655,0.22805429864253393,2.834389140271493,0.7499999353448331,0.03891402679715813,0.006334841571630393,50,1.4705882352941178,1.6289592760180995,0.045248868368788525,137,4.029411764705882,4.463348416289593,0.12398189933048055,2.6176470588235294,2.8995475113122176,0.5555555555555556,0.4777777777777778,32.5,1.0,1.0,3.0294117647058822,4.704545454545454,0.1590909090909091,0.04697986577181208,0.1634980988593156,0.10740740740740741,0
teaslni01w,6,LAS,0,1.2105263157894737,0.21052631578947367,2.473684210526316,1.5027223230490019,0.2613430127041742,3.0707803992740472,0.8867922855108895,0.04174228599378792,0.007259527998919637,27,1.4210526315789473,1.764065335753176,0.04900181399270755,74,3.8947368421052633,4.834845735027224,0.1343012679800133,2.0,2.4827586206896552,0.6923076923076923,0.5897435897435898,29.0,1.0,0.5588235294117647,2.473684210526316,2.9166666666666665,0.16666666666666666,0.029197080291970802,0.08679245283018867,0.06871345029239766,0
teaslni01w,7,WAS,0,1.2941176470588236,0.3235294117647059,2.235294117647059,1.6246153846153848,0.4061538461538462,2.806153846153846,0.8539324883221923,0.04512820466535175,0.011282051166337938,55,1.6176470588235294,2.0307692307692307,0.05641025583168968,131,3.8529411764705883,4.836923076923077,0.1343589729809336,2.3823529411764706,2.9907692307692306,0.6707317073170732,0.5365853658536586,28.676470588235293,1.0,1.0,2.264705882352941,4.066666666666666,0.24444444444444444,0.09649122807017543,0.14332247557003258,0.09857328145265888,0
teaslni01w,8,WAS,0,0.696969696969697,0.18181818181818182,1.6363636363636365,1.1099195710455765,0.289544235924933,2.605898123324397,0.7397259260649416,0.03083109878242495,0.008042895334545639,29,0.8787878787878788,1.3994638069705094,0.03887399411697059,83,2.515151515151515,4.005361930294907,0.11126005212788134,2.4242424242424243,3.8605898123324396,0.35802469135802467,0.2839506172839506,22.606060606060606,1.0,0.9705882352941176,1.878787878787879,4.541666666666667,0.25,0.04477611940298507,0.0812720848056537,0.06887755102040816,0
teaslni01w,10,ATL,1,0.9,0.1,1.5,1.3846153846153846,0.15384615384615385,2.3076923076923075,0.882352422145634,0.038461536817883044,0.004273504090875894,10,1.0,1.5384615384615385,0.04273504090875894,25,2.5,3.846153846153846,0.10683760227189734,2.8,4.3076923076923075,0.3448275862068966,0.3103448275862069,23.4,1.0,0.29411764705882354,1.2,3.5,0.1,0.00819672131147541,0.02727272727272727,0.017523364485981307,0
teaslni01w,10,DET,2,0.5454545454545454,0.36363636363636365,1.1818181818181819,0.972972972972973,0.6486486486486487,2.108108108108108,0.9285707653065962,0.02702702580959343,0.01801801720639562,10,0.9090909090909091,1.6216216216216215,0.04504504301598905,23,2.090909090909091,3.72972972972973,0.10360359893677482,1.4545454545454546,2.5945945945945947,0.5882352941176471,0.35294117647058826,20.181818181818183,0.6363636363636364,0.3235294117647059,1.4545454545454546,3.4285714285714284,0.5714285714285714,0.04081632653061224,0.022900763358778626,0.01522248243559719,0
teilaza01w,7,WAS,0,0.1875,0.1875,1.0,1.0285714285714285,1.0285714285714285,5.485714285714286,0.5925923731139359,0.028571425850340393,0.028571425850340393,6,0.375,2.057142857142857,0.057142851700680786,22,1.375,7.542857142857143,0.2095237895691629,1.125,6.171428571428572,0.3157894736842105,0.15789473684210525,6.5625,0.0,0.47058823529411764,0.25,0.25,0.75,0.02631578947368421,0.009771986970684038,0.020752269779507133,0
terryka01w,7,IND,0,0.0,0.3,1.0,0.0,2.0377358490566038,6.7924528301886795,0.7142852040819971,0.0,0.056603762904950394,3,0.3,2.0377358490566038,0.056603762904950394,13,1.3,8.830188679245284,0.24528297258811838,1.4,9.50943396226415,0.2,0.0,5.3,0.0,0.29411764705882354,0.8,0.0,3.0,0.031914893617021274,0.0,0.013227513227513227,0
terryka01w,8,IND,0,0.2222222222222222,0.3333333333333333,1.0,1.3333333333333333,2.0,6.0,0.6428566836737974,0.03703703017832774,0.05555554526749162,5,0.5555555555555556,3.333333333333333,0.09259257544581935,14,1.5555555555555556,9.333333333333332,0.2592592112482942,2.0,12.0,0.2631578947368421,0.10526315789473684,6.0,0.0,0.2647058823529412,1.2222222222222223,0.3333333333333333,1.0,0.021897810218978103,0.006472491909385114,0.01107011070110701,0
terryka01w,9,ATL,2,0.5,0.55,1.85,1.309090909090909,1.44,4.843636363636364,0.5781249096679828,0.03636363504132237,0.0399999985454546,21,1.05,2.7490909090909095,0.07636363358677696,58,2.9,7.592727272727273,0.21090908323966973,2.6,6.807272727272727,0.39622641509433965,0.18867924528301888,13.75,0.4,0.5882352941176471,1.85,0.9090909090909091,1.0,0.07692307692307693,0.03496503496503497,0.05013550135501355,0
terryka01w,9,IND,1,0.0,0.0,2.0,0.0,0.0,6.0,0.7999984000032001,0.0,0.0,0,0.0,0.0,0.0,4,2.0,6.0,0.16666659722225116,1.5,4.5,0.0,0.0,12.0,0.0,0.058823529411764705,3.0,2.0,0.0,0.0,0.0,0.005134788189987163,0
thomaca01w,8,CHI,0,0.058823529411764705,0.23529411764705882,1.0,0.29508196721311475,1.180327868852459,5.016393442622951,0.6071426403061999,0.008196720639613062,0.032786882558452246,5,0.29411764705882354,1.4754098360655736,0.04098360319806531,22,1.2941176470588236,6.491803278688525,0.18032785407148735,1.2941176470588236,6.491803278688525,0.21739130434782608,0.043478260869565216,7.176470588235294,0.0,0.5,0.4117647058823529,1.5,2.0,0.035398230088495575,0.0038022813688212928,0.021711366538952746,0
thomach01w,5,LAS,0,0.5806451612903226,0.45161290322580644,2.4838709677419355,1.1846435100548445,0.9213893967093236,5.06764168190128,0.6416666131944488,0.03290676356660396,0.02559414944069197,32,1.032258064516129,2.106032906764168,0.05850091300729592,109,3.5161290322580645,7.173674588665448,0.19926873493110175,2.5806451612903225,5.2650822669104205,0.3950617283950617,0.2222222222222222,17.64516129032258,0.25806451612903225,0.9117647058823529,0.8709677419354839,1.2105263157894737,0.7368421052631579,0.09395973154362416,0.06844106463878327,0.09506172839506173,0
thomach01w,6,LAS,0,0.34375,0.59375,2.375,0.7615384615384616,1.3153846153846154,5.2615384615384615,0.7307691605029654,0.02115384574704143,0.036538460835798835,30,0.9375,2.076923076923077,0.05769230658284026,106,3.3125,7.338461538461538,0.20384614992603559,3.1875,7.061538461538461,0.2912621359223301,0.10679611650485436,16.25,0.0,0.9411764705882353,0.78125,1.4166666666666667,1.5833333333333333,0.1386861313868613,0.04150943396226415,0.1111111111111111,0
thomach01w,7,LAS,0,0.7407407407407407,0.5185185185185185,3.7037037037037037,1.3358070500927643,0.9350649350649352,6.679035250463821,0.6993006503985559,0.0371057507030473,0.02597402549213311,34,1.2592592592592593,2.2708719851576995,0.0630797761951804,134,4.962962962962963,8.949907235621522,0.2486085297104169,2.962962962962963,5.343228200371057,0.41975308641975306,0.24691358024691357,19.962962962962962,0.037037037037037035,0.7941176470588235,1.5555555555555556,1.2380952380952381,0.6666666666666666,0.1076923076923077,0.06734006734006734,0.11723329425556858,0
thomach01w,8,LAS,0,0.6470588235294118,0.2647058823529412,3.323529411764706,1.2375,0.50625,6.35625,0.6312848809338055,0.03437499946289063,0.014062499780273442,31,0.9117647058823529,1.7437500000000001,0.048437499243164074,144,4.235294117647059,8.1,0.22499999648437508,3.5,6.6937500000000005,0.25833333333333336,0.18333333333333332,18.823529411764707,0.5588235294117647,1.0,1.3529411764705883,0.782608695652174,0.391304347826087,0.08333333333333333,0.08943089430894309,0.1441326530612245,0
thomach01w,9,LAS,0,0.1,0.4,1.5,0.4528301886792453,1.8113207547169812,6.7924528301886795,0.7499998125000468,0.01257861556109336,0.05031446224437344,10,0.5,2.2641509433962264,0.06289307780546681,40,2.0,9.056603773584905,0.25157231122186724,1.65,7.471698113207547,0.29411764705882354,0.058823529411764705,7.95,0.0,0.5882352941176471,0.4,2.0,2.6666666666666665,0.03686635944700461,0.007936507936507936,0.033444816053511704,0
thomach01w,10,MIN,0,0.2727272727272727,0.45454545454545453,0.9090909090909091,1.6363636363636365,2.7272727272727275,5.454545454545455,0.6666662222225186,0.04545453856749415,0.07575756427915692,8,0.7272727272727273,4.363636363636363,0.12121210284665108,18,1.6363636363636365,9.818181818181817,0.2727272314049649,1.3636363636363635,8.181818181818182,0.5,0.1875,6.0,0.0,0.3235294117647059,0.5454545454545454,0.75,1.25,0.03875968992248062,0.009933774834437087,0.01310615989515072,0
thomala01w,4,CLE,0,0.875,0.40625,3.15625,1.183098591549296,0.5492957746478874,4.267605633802817,0.6158536209845353,0.03286384937953229,0.015258215783354276,41,1.28125,1.732394366197183,0.048122065162886564,142,4.4375,6.0,0.16666666471048516,1.9375,2.619718309859155,0.6507936507936508,0.4444444444444444,26.625,0.78125,0.9411764705882353,1.3125,1.2758620689655173,0.4482758620689655,0.14942528735632185,0.12334801762114538,0.14008321775312066,0
thomala01w,5,SAS,0,0.8064516129032258,0.3548387096774194,2.903225806451613,0.9336099585062241,0.4107883817427386,3.3609958506224067,0.6521738657845024,0.02593360968948538,0.011410788263373566,36,1.1612903225806452,1.3443983402489625,0.037344397952858946,126,4.064516129032258,4.7053941908713695,0.1307053928350063,3.193548387096774,3.697095435684647,0.36,0.25,31.096774193548388,0.967741935483871,0.9117647058823529,1.8064516129032258,1.6153846153846154,0.4230769230769231,0.102803738317757,0.09157509157509157,0.1282051282051282,0
thomala01w,6,SAS,0,0.3333333333333333,0.38095238095238093,2.380952380952381,0.499009900990099,0.5702970297029704,3.5643564356435644,0.7352940095155868,0.013861385864130974,0.015841583844721112,15,0.7142857142857143,1.0693069306930694,0.029702969708852087,65,3.0952380952380953,4.633663366336634,0.12871286873835905,2.0,2.994059405940594,0.3488372093023256,0.16279069767441862,24.047619047619047,0.5714285714285714,0.6176470588235294,1.5714285714285714,2.75,1.0,0.08791208791208792,0.03571428571428571,0.0723589001447178,0
thomala01w,7,SAS,0,0.7368421052631579,0.3684210526315789,2.8947368421052633,1.3658536585365852,0.6829268292682926,5.365853658536586,0.6707316255205334,0.03794037837559951,0.018970189187799753,21,1.105263157894737,2.048780487804878,0.05691056756339926,76,4.0,7.414634146341464,0.20596205403896875,2.5789473684210527,4.780487804878049,0.42,0.28,19.42105263157895,0.0,0.5588235294117647,1.4210526315789473,1.4666666666666666,0.4666666666666667,0.08333333333333333,0.05668016194331984,0.06748466257668712,0
thomala01w,8,LAS,0,0.3333333333333333,0.25925925925925924,1.2592592592592593,0.6652977412731006,0.5174537987679672,2.513347022587269,0.5573769578070561,0.018480492433665455,0.014373716337295353,16,0.5925925925925926,1.1827515400410678,0.032854208770960805,50,1.8518518518518519,3.6960985626283365,0.10266940240925253,2.3333333333333335,4.657084188911704,0.25,0.140625,18.037037037037038,0.25925925925925924,0.7941176470588235,1.0740740740740742,3.2,0.7,0.06481481481481481,0.036585365853658534,0.04336734693877551,0
thomala01w,9,DET,1,0.14285714285714285,0.14285714285714285,0.42857142857142855,0.9,0.9,2.6999999999999997,0.5999988000024,0.02499999375000156,0.02499999375000156,2,0.2857142857142857,1.8,0.04999998750000312,5,0.7142857142857143,4.5,0.12499996875000781,0.42857142857142855,2.6999999999999997,0.5,0.25,5.714285714285714,0.0,0.20588235294117646,0.2857142857142857,0.5,0.5,0.008403361344537815,0.0035842293906810036,0.0035545023696682463,0
thomala01w,9,MIN,2,0.15384615384615385,0.0,1.3076923076923077,0.4897959183673469,0.0,4.163265306122449,0.6799997280001088,0.013605441251330527,0.0,2,0.15384615384615385,0.4897959183673469,0.013605441251330527,19,1.4615384615384615,4.653061224489796,0.12925169188764,1.2307692307692308,3.9183673469387754,0.11764705882352941,0.11764705882352941,11.307692307692308,0.0,0.38235294117647056,1.3846153846153846,1.0,0.0,0.0,0.0064516129032258064,0.021437578814627996,0
thomast01w,1,POR,0,1.6875,0.46875,2.4375,2.2526071842410196,0.6257242178447278,3.2537659327925836,0.6190475699168595,0.06257242105941575,0.01738122807205993,69,2.15625,2.8783314020857476,0.07995364913147568,147,4.59375,6.132097334878331,0.1703360351061873,2.90625,3.8794901506373116,0.7340425531914894,0.574468085106383,26.96875,0.96875,0.9411764705882353,2.125,1.8363636363636364,0.2727272727272727,0.1595744680851064,0.20300751879699247,0.12420382165605096,0
thomast01w,2,POR,0,0.9375,0.3125,1.21875,2.61501210653753,0.8716707021791767,3.3995157384987893,0.5571427775510317,0.07263922342277909,0.0242130744742597,40,1.25,3.486682808716707,0.0968522978970388,79,2.46875,6.886198547215496,0.19128328834665162,1.78125,4.968523002421307,0.6896551724137931,0.5172413793103449,12.90625,0.03125,0.9411764705882353,1.25,1.3225806451612903,0.3225806451612903,0.09345794392523364,0.12244897959183673,0.05595408895265423,0
thomast01w,3,POR,0,1.3125,0.375,1.875,2.434782608695652,0.6956521739130435,3.4782608695652173,0.6382978044364037,0.0676328491524501,0.019323671186414315,54,1.6875,3.1304347826086953,0.0869565203388644,114,3.5625,6.608695652173913,0.18357487627093597,1.9375,3.5942028985507246,0.8571428571428571,0.6666666666666666,19.40625,0.1875,0.9411764705882353,1.125,1.558139534883721,0.27906976744186046,0.09917355371900827,0.175,0.09345794392523364,0
thomast01w,4,DET,2,0.8181818181818182,0.09090909090909091,1.0,3.951219512195122,0.43902439024390244,4.829268292682928,0.6874995703127685,0.10975608417608729,0.012195120464009699,10,0.9090909090909091,4.390243902439025,0.121951204640097,21,1.9090909090909092,9.21951219512195,0.2560975297442037,0.9090909090909091,4.390243902439025,0.9090909090909091,0.8181818181818182,7.454545454545454,0.0,0.3235294117647059,0.5454545454545454,0.5,0.1,0.006289308176100629,0.03409090909090909,0.012910798122065728,0
thomast01w,4,PHO,1,0.5789473684210527,0.42105263157894735,0.8947368421052632,2.1176470588235294,1.5401069518716577,3.272727272727273,0.6296293964335569,0.05882352626612159,0.04278074637536115,19,1.0,3.657754010695187,0.10160427264148275,36,1.894736842105263,6.930481283422459,0.1925133586891252,0.7368421052631579,2.6951871657754007,1.2666666666666666,0.7333333333333333,9.842105263157896,0.05263157894736842,0.5588235294117647,0.5263157894736842,0.8333333333333334,0.6666666666666666,0.07142857142857142,0.03536977491961415,0.026397515527950312,0
thomast01w,5,DET,0,0.0,0.0,0.0,0.0,0.0,0.0,0.0,0.0,0.0,0,0.0,0.0,0.0,0,0.0,0.0,0.0,0.0,0.0,0.0,0.0,1.0,0.0,0.029411764705882353,0.0,0.0,0.0,0.0,0.0,0.0,0
thomast01w,6,DET,1,0.47058823529411764,0.17647058823529413,0.5882352941176471,2.1654135338345863,0.8120300751879699,2.706766917293233,0.49999975000012503,0.06015037141726531,0.02255638928147449,11,0.6470588235294118,2.977443609022556,0.08270676069873979,21,1.2352941176470589,5.684210526315789,0.15789472497032142,0.8823529411764706,4.060150375939849,0.6875,0.5,7.823529411764706,0.0,0.5,0.17647058823529413,0.8888888888888888,0.3333333333333333,0.019230769230769232,0.03305785123966942,0.012437810945273632,0
thomast01w,6,MIN,2,0.0,0.0,1.0,0.0,0.0,12.0,0.49999750001249993,0.0,0.0,0,0.0,0.0,0.0,1,1.0,12.0,0.3333322222259259,0.0,0.0,0.0,0.0,3.0,0.0,0.029411764705882353,0.0,0.0,0.0,0.0,0.0,0.0013966480446927375,0
thompal01w,1,IND,0,0.7741935483870968,0.12903225806451613,3.5161290322580645,1.0909090909090908,0.18181818181818182,4.954545454545454,0.6942674717027087,0.03030302992041629,0.005050504986736049,28,0.9032258064516129,1.2727272727272727,0.03535353490715234,137,4.419354838709677,6.2272727272727275,0.17297979579570966,2.7419354838709675,3.8636363636363633,0.32558139534883723,0.27906976744186046,25.548387096774192,0.8387096774193549,0.9117647058823529,1.7096774193548387,1.64,0.16,0.031496062992125984,0.08823529411764706,0.16820987654320987,0
thompal01w,2,IND,0,0.4090909090909091,0.3181818181818182,1.9090909090909092,0.8503937007874016,0.6614173228346456,3.968503937007874,0.6666665608465776,0.023622046624093267,0.01837270292985032,16,0.7272727272727273,1.5118110236220472,0.04199474955394358,58,2.6363636363636362,5.480314960629921,0.15223096713304549,1.0909090909090908,2.267716535433071,0.64,0.36,17.318181818181817,0.3181818181818182,0.6470588235294118,1.0,2.5,0.7,0.058823529411764705,0.037037037037037035,0.06461538461538462,0
thompal01w,3,IND,0,0.3888888888888889,0.1111111111111111,1.6666666666666667,0.8025477707006369,0.22929936305732485,3.4394904458598727,0.7142855442177275,0.022292992920605322,0.006369426548744378,9,0.5,1.0318471337579618,0.0286624194693497,39,2.1666666666666665,4.471337579617835,0.12420381770051538,1.1111111111111112,2.2929936305732483,0.42857142857142855,0.3333333333333333,17.444444444444443,0.1111111111111111,0.5294117647058824,1.0,1.75,0.25,0.019801980198019802,0.026022304832713755,0.0473186119873817,0
thompal01w,5,SEA,0,0.2608695652173913,0.0,0.6956521739130435,1.1868131868131868,0.0,3.164835164835165,0.6666663888890046,0.032967031155657626,0.0,6,0.2608695652173913,1.1868131868131868,0.032967031155657626,22,0.9565217391304348,4.351648351648351,0.12087911423741131,0.391304347826087,1.7802197802197801,0.6,0.6,7.913043478260869,0.08695652173913043,0.6764705882352942,0.30434782608695654,1.2857142857142858,0.0,0.0,0.019801980198019802,0.022535211267605635,0
thompal01w,6,SEA,0,0.13333333333333333,0.13333333333333333,1.1666666666666667,0.4376899696048632,0.4376899696048632,3.8297872340425534,0.7777776049383099,0.012158054341700477,0.012158054341700477,8,0.26666666666666666,0.8753799392097265,0.024316108683400953,43,1.4333333333333333,4.7051671732522795,0.13069908417328013,0.5666666666666667,1.8601823708206686,0.4444444444444444,0.2222222222222222,10.966666666666667,0.03333333333333333,0.8823529411764706,0.6,2.8,0.8,0.025157232704402517,0.019801980198019802,0.04504504504504504,0
thompti01w,1,HOU,0,1.46875,0.78125,5.53125,1.5565777368905243,0.8279668813247469,5.862005519779209,0.7224489501041245,0.04323827007140506,0.022999079825215457,72,2.25,2.3845446182152714,0.06623734989662051,249,7.78125,8.246550137994479,0.22907083505914597,2.75,2.9144434222631093,0.8089887640449438,0.5280898876404494,33.96875,1.0,0.9411764705882353,2.625,1.0,0.5208333333333334,0.23809523809523808,0.1649122807017544,0.24413793103448275,0
thompti01w,2,HOU,0,0.9666666666666667,0.7333333333333333,4.966666666666667,0.9473684210526315,0.7186932849364791,4.867513611615245,0.6394849510950664,0.026315789234883945,0.019963702178187822,51,1.7,1.6660617059891107,0.04627949141307177,200,6.666666666666667,6.533575317604356,0.1814882016198893,2.466666666666667,2.417422867513612,0.68,0.38666666666666666,36.733333333333334,1.0,0.8823529411764706,2.9,1.9333333333333333,0.7333333333333333,0.22916666666666666,0.11507936507936507,0.20956399437412096,0
thompti01w,3,HOU,0,0.8620689655172413,0.6896551724137931,5.172413793103448,0.8555133079847909,0.6844106463878327,5.133079847908745,0.6912442077767647,0.02376425832923709,0.01901140666338967,45,1.5517241379310345,1.5399239543726235,0.04277566499262676,195,6.724137931034483,6.673003802281369,0.1853612149680493,2.6206896551724137,2.600760456273764,0.5844155844155844,0.3246753246753247,36.275862068965516,1.0,0.8529411764705882,3.1724137931034484,2.3846153846153846,0.7692307692307693,0.15748031496062992,0.09578544061302682,0.21337126600284495,0
thompti01w,4,HOU,0,0.6428571428571429,0.8214285714285714,4.5,0.6652977412731006,0.8501026694045174,4.657084188911704,0.7636363173553747,0.018480492623403566,0.023613962796571224,41,1.4642857142857142,1.515400410677618,0.042094455419974794,167,5.964285714285714,6.172484599589322,0.17145790378379977,2.3214285714285716,2.402464065708419,0.6212121212121212,0.2727272727272727,34.785714285714285,1.0,0.8235294117647058,2.4642857142857144,2.473684210526316,1.2105263157894737,0.17692307692307693,0.07758620689655173,0.16470588235294117,0
thompti01w,5,HOU,0,0.8461538461538461,0.8846153846153846,4.346153846153846,0.8398727465535525,0.8780487804878049,4.31389183457052,0.7197451770862945,0.023329798267976688,0.024390243643793812,45,1.7307692307692308,1.7179215270413573,0.047720041911770504,158,6.076923076923077,6.031813361611877,0.1675503693791053,2.6153846153846154,2.5959703075291625,0.6521739130434783,0.3188405797101449,36.26923076923077,1.0,0.7647058823529411,2.6923076923076925,2.0869565217391304,1.0,0.21296296296296297,0.09053497942386832,0.15586206896551724,0
thompti01w,6,HOU,0,0.8,0.26666666666666666,2.6666666666666665,0.9840546697038725,0.32801822323462415,3.2801822323462417,0.7017542628501293,0.02733485131355692,0.009111617104518972,16,1.0666666666666667,1.3120728929384966,0.03644646841807589,56,3.7333333333333334,4.592255125284739,0.12756263946326563,2.1333333333333333,2.624145785876993,0.48484848484848486,0.36363636363636365,29.266666666666666,1.0,0.4411764705882353,2.1333333333333333,1.6923076923076923,0.3076923076923077,0.03773584905660377,0.048582995951417005,0.058394160583941604,0
thompti01w,7,HOU,0,0.9523809523809523,0.6190476190476191,4.142857142857143,1.0344827586206897,0.6724137931034483,4.5,0.7372880731111803,0.028735631771039775,0.018678160651175852,33,1.5714285714285714,1.706896551724138,0.04741379242221563,120,5.714285714285714,6.206896551724139,0.17241379062623866,2.5238095238095237,2.741379310344828,0.6111111111111112,0.37037037037037035,33.142857142857146,1.0,0.6176470588235294,2.4761904761904763,2.238095238095238,0.6190476190476191,0.15294117647058825,0.07905138339920949,0.10571081409477522,0
thompti01w,8,HOU,0,0.8529411764705882,0.6764705882352942,4.823529411764706,0.846029173419773,0.6709886547811993,4.784440842787682,0.7161571739669357,0.02350081018232731,0.018638573592880278,52,1.5294117647058822,1.5170178282009723,0.04213938377520759,216,6.352941176470588,6.301458670988655,0.17504051722009306,1.8235294117647058,1.8087520259319287,0.8253968253968254,0.4603174603174603,36.294117647058826,1.0,1.0,3.2941176470588234,3.1333333333333333,0.7666666666666667,0.20909090909090908,0.1,0.2127107652399481,0
thompti01w,9,HOU,0,1.1,0.6666666666666666,5.333333333333333,1.106145251396648,0.670391061452514,5.363128491620112,0.7692307322485225,0.030726256697148447,0.018621973755847544,53,1.7666666666666666,1.7765363128491622,0.049348230452995995,213,7.1,7.139664804469274,0.19832402049977635,2.466666666666667,2.4804469273743015,0.7066666666666667,0.44,35.8,0.9666666666666667,0.8823529411764706,3.7333333333333334,1.8823529411764706,0.5882352941176471,0.1652892561983471,0.11148648648648649,0.19900497512437812,0
thompti01w,10,LAS,0,0.7647058823529411,0.7058823529411765,4.5,0.7918781725888325,0.7309644670050761,4.659898477157361,0.7688441824701415,0.02199661571914877,0.020304568356137323,50,1.4705882352941178,1.5228426395939085,0.04230118407528609,203,5.970588235294118,6.182741116751269,0.17174280734566152,2.088235294117647,2.1624365482233503,0.6944444444444444,0.3611111111111111,34.76470588235294,1.0,1.0,2.764705882352941,2.888888888888889,0.8888888888888888,0.1437125748502994,0.11926605504587157,0.17307692307692307,0
thorbsh01w,7,MIN,0,0.18181818181818182,0.09090909090909091,0.6363636363636364,1.0212765957446808,0.5106382978723404,3.5744680851063833,0.7777773456792524,0.028368792314270048,0.014184396157135024,6,0.2727272727272727,1.5319148936170213,0.04255318847140507,20,0.9090909090909091,5.1063829787234045,0.14184396157135024,0.5,2.8085106382978724,0.5,0.3333333333333333,6.409090909090909,0.0,0.6470588235294118,0.6363636363636364,3.8,0.4,0.017543859649122806,0.020618556701030927,0.017391304347826087,0
thorbsh01w,8,SEA,0,0.0,0.0,0.5,0.0,0.0,4.5,0.9999900000999989,0.0,0.0,0,0.0,0.0,0.0,1,0.5,4.5,0.12499984375019532,0.0,0.0,0.0,0.0,4.0,0.0,0.058823529411764705,1.0,0.0,0.0,0.0,0.0,0.001218026796589525,0
thorner01w,4,NYL,0,0.17391304347826086,0.043478260869565216,0.34782608695652173,0.7955801104972375,0.19889502762430938,1.591160220994475,0.7272720661163036,0.02209944629284827,0.005524861573212068,5,0.21739130434782608,0.9944751381215469,0.02762430786606034,13,0.5652173913043478,2.585635359116022,0.07182320045175689,0.34782608695652173,1.591160220994475,0.5555555555555556,0.4444444444444444,7.869565217391305,0.0,0.6764705882352942,0.5652173913043478,3.2,0.2,0.007751937984496124,0.015209125475285171,0.011644832605531296,0
thorner01w,5,NYL,0,0.23529411764705882,0.058823529411764705,0.47058823529411764,0.923076923076923,0.23076923076923075,1.846153846153846,0.9999987500015626,0.025641023997370255,0.006410255999342564,5,0.29411764705882354,1.1538461538461537,0.03205127999671282,13,0.7647058823529411,3.0,0.08333332799145333,0.29411764705882354,1.1538461538461537,0.8333333333333334,0.6666666666666666,9.176470588235293,0.058823529411764705,0.5,0.5294117647058824,1.6,0.2,0.008,0.01904761904761905,0.01078167115902965,0
thorner01w,6,NYL,0,0.19047619047619047,0.0,0.47619047619047616,0.7093596059113301,0.0,1.7733990147783252,0.7142852040819971,0.019704432526875246,0.0,4,0.19047619047619047,0.7093596059113301,0.019704432526875246,14,0.6666666666666666,2.4827586206896552,0.06896551384406335,0.5714285714285714,2.12807881773399,0.3076923076923077,0.3076923076923077,9.666666666666666,0.0,0.6176470588235294,0.3333333333333333,2.6,0.0,0.0,0.018604651162790697,0.013642564802182811,0
thorner01w,7,NYL,0,0.2222222222222222,0.037037037037037035,1.0740740740740742,0.5714285714285714,0.09523809523809523,2.761904761904762,0.76315769390587,0.01587301545309483,0.0026455025755158052,7,0.25925925925925924,0.6666666666666666,0.018518518028610636,36,1.3333333333333333,3.4285714285714284,0.09523809271856898,0.8148148148148148,2.095238095238095,0.30434782608695654,0.2608695652173913,14.0,0.037037037037037035,0.7941176470588235,0.7777777777777778,4.714285714285714,0.14285714285714285,0.008849557522123894,0.023715415019762844,0.03934871099050204,0
thorner01w,8,NYL,0,0.8620689655172413,0.034482758620689655,2.413793103448276,1.0192525481313703,0.04077010192525481,2.853907134767837,0.8045976086669415,0.028312570460786293,0.0011325028184314516,26,0.896551724137931,1.060022650056625,0.029445073279217745,96,3.310344827586207,3.913929784824462,0.10872027056941937,1.3793103448275863,1.6308040770101924,0.6341463414634146,0.6097560975609756,30.448275862068964,1.0,0.8529411764705882,1.6551724137931034,2.8076923076923075,0.038461538461538464,0.00909090909090909,0.08620689655172414,0.08871989860583017,0
thorner01w,9,NYL,0,0.21875,0.0625,0.5625,0.6631578947368421,0.18947368421052632,1.7052631578947368,0.899999550000225,0.01842105214681442,0.005263157756232691,9,0.28125,0.8526315789473684,0.02368420990304711,27,0.84375,2.557894736842105,0.07105262970914134,0.6875,2.0842105263157893,0.391304347826087,0.30434782608695654,11.875,0.15625,0.9411764705882353,0.625,4.5,0.25,0.01694915254237288,0.024054982817869417,0.023106546854942234,0
thorner01w,10,CHI,0,0.5882352941176471,0.0,1.1764705882352942,1.2478336221837087,0.0,2.4956672443674175,0.7547168387326719,0.03466204445992991,0.0,20,0.5882352941176471,1.2478336221837087,0.03466204445992991,60,1.7647058823529411,3.7435008665511265,0.10398613337978972,0.9411764705882353,1.996533795493934,0.6060606060606061,0.6060606060606061,16.970588235294116,0.0,1.0,0.9117647058823529,2.5238095238095237,0.0,0.0,0.08,0.05148005148005148,0
threaro01w,1,SEA,0,0.65,0.15,1.1,1.2413793103448276,0.2864721485411141,2.1007957559681696,0.687499785156317,0.03448275770602765,0.007957559470621765,16,0.8,1.5278514588859415,0.042440317176649416,38,1.9,3.628647214854112,0.10079575329454236,1.8,3.4376657824933683,0.43243243243243246,0.35135135135135137,18.85,0.35,0.5882352941176471,1.5,1.2857142857142858,0.21428571428571427,0.031914893617021274,0.05078125,0.040892193308550186,0
tilliic01w,5,DET,0,0.2903225806451613,0.25806451612903225,0.8387096774193549,1.1289198606271778,1.0034843205574913,3.261324041811847,0.6666664957265395,0.031358883924777564,0.02787456348869117,17,0.5483870967741935,2.132404181184669,0.05923344741346873,43,1.3870967741935485,5.393728222996515,0.14982577875171504,0.7419354838709677,2.8850174216027873,0.7083333333333334,0.375,9.258064516129032,0.03225806451612903,0.9117647058823529,0.7419354838709677,1.3,0.8,0.053691275167785234,0.03237410071942446,0.03359173126614987,0
tilliic01w,7,NYL,0,0.4,0.16,1.36,1.40625,0.5625,4.78125,0.6181817057851444,0.03906249847412116,0.015624999389648463,14,0.56,1.96875,0.05468749786376962,48,1.92,6.75,0.18749999267578155,1.84,6.46875,0.2978723404255319,0.2127659574468085,10.24,0.0,0.7352941176470589,0.88,1.0,0.36363636363636365,0.035398230088495575,0.039525691699604744,0.04613297150610583,0
tilliic01w,8,DET,2,0.0,0.0,0.625,0.0,0.0,6.923076923076923,0.7142846938790088,0.0,0.0,0,0.0,0.0,0.0,5,0.625,6.923076923076923,0.1923076183432237,0.375,4.153846153846154,0.0,0.0,3.25,0.125,0.23529411764705882,0.875,1.0,0.0,0.0,0.0,0.00536480686695279,0
tilliic01w,8,LAS,1,0.0,0.0,0.3333333333333333,0.0,0.0,4.5,0.9999900000999989,0.0,0.0,0,0.0,0.0,0.0,1,0.3333333333333333,4.5,0.12499984375019532,1.0,13.5,0.0,0.0,2.6666666666666665,0.0,0.08823529411764706,1.3333333333333333,0.0,0.0,0.0,0.0,0.0012755102040816326,0
timmsmi01w,1,PHO,0,1.875,0.25,1.75,3.068181818181818,0.4090909090909091,2.8636363636363638,0.8749994531253418,0.08522726788481433,0.011363635717975244,17,2.125,3.477272727272727,0.09659090360278956,31,3.875,6.340909090909092,0.17613635362861627,2.75,4.5,0.7391304347826086,0.6521739130434783,22.0,1.0,0.23529411764705882,2.25,1.125,0.125,0.021739130434782608,0.05244755244755245,0.02258064516129032,0
timmsmi01w,2,PHO,0,1.0,0.09523809523809523,1.619047619047619,1.852941176470588,0.1764705882352941,3.0,0.7555553876543583,0.05147058697376013,0.004901960664167631,23,1.0952380952380953,2.0294117647058822,0.056372547637927754,57,2.7142857142857144,5.029411764705882,0.13970587892877748,2.0,3.705882352941176,0.5348837209302325,0.4883720930232558,19.428571428571427,0.8571428571428571,0.6176470588235294,2.0,3.9545454545454546,0.09090909090909091,0.014388489208633094,0.07167235494880546,0.05287713841368585,0
tolivkr01w,10,CHI,0,0.37037037037037035,0.1111111111111111,1.1481481481481481,0.9326424870466321,0.27979274611398963,2.891191709844559,0.83783761139524,0.025906735080136398,0.007772020524040919,13,0.48148148148148145,1.2124352331606219,0.03367875560417732,44,1.6296296296296295,4.103626943005182,0.11398963435260015,1.2222222222222223,3.077720207253886,0.38235294117647056,0.29411764705882354,14.296296296296296,0.0,0.7941176470588235,1.6296296296296295,4.636363636363637,0.2727272727272727,0.02158273381294964,0.04,0.039897039897039896,0
torniel01w,1,DET,0,0.90625,0.40625,2.15625,1.201380897583429,0.5385500575373994,2.8584579976985043,0.6272726702479391,0.033371691215515635,0.014959723648334596,42,1.3125,1.7399309551208284,0.04833141486385023,111,3.46875,4.598388952819333,0.12773302499731848,2.28125,3.0241657077100115,0.5675675675675675,0.3918918918918919,27.15625,1.0,0.9411764705882353,2.125,2.7333333333333334,0.43333333333333335,0.14606741573033707,0.1111111111111111,0.10697674418604651,0
torniel01w,2,DET,0,0.59375,0.4375,1.53125,0.8803088803088802,0.6486486486486487,2.27027027027027,0.636363553719019,0.02445302413831372,0.018018017786125898,33,1.03125,1.528957528957529,0.042471041924439616,82,2.5625,3.7992277992277996,0.10553410417588026,1.84375,2.733590733590734,0.55,0.31666666666666665,24.28125,1.0,0.9411764705882353,1.84375,2.8,0.7,0.1686746987951807,0.084070796460177,0.07877813504823152,0
torrele01w,2,MIA,0,0.0,0.0,0.0,0.0,0.0,0.0,0.0,0.0,0.0,0,0.0,0.0,0.0,0,0.0,0.0,0.0,0.0,0.0,0.0,0.0,4.0,0.0,0.058823529411764705,1.0,0.0,0.0,0.0,0.0,0.0,0
traviti01w,1,CHA,0,0.96875,0.125,1.78125,1.9442508710801394,0.2508710801393728,3.5749128919860627,0.7037036168267139,0.054006967700227046,0.006968640993577684,35,1.09375,2.1951219512195124,0.06097560869380473,92,2.875,5.770034843205575,0.16027874285228672,2.3125,4.641114982578397,0.4666666666666667,0.41333333333333333,17.9375,0.375,0.9411764705882353,1.0,0.8125,0.125,0.04395604395604396,0.13901345291479822,0.09033280507131537,0
tremich01w,1,IND,0,0.4,0.04,1.0,1.1320754716981132,0.11320754716981132,2.830188679245283,0.8064513527576281,0.03144653989161825,0.0031446539891618244,11,0.44,1.2452830188679245,0.034591193880780066,36,1.44,4.0754716981132075,0.11320754360982568,1.2,3.3962264150943398,0.3548387096774194,0.3225806451612903,12.72,0.12,0.7352941176470589,1.2,4.636363636363637,0.09090909090909091,0.007874015748031496,0.03676470588235294,0.038580246913580245,0
turneba01w,7,SEA,0,0.38235294117647056,0.17647058823529413,1.7647058823529411,0.752411575562701,0.34726688102893893,3.472668810289389,0.6976743374797282,0.020900321207390334,0.009646302095718616,19,0.5588235294117647,1.09967845659164,0.030546623303108953,79,2.323529411764706,4.572347266881029,0.12700964426029512,1.6470588235294117,3.2411575562700965,0.3333333333333333,0.22807017543859648,18.294117647058822,0.2647058823529412,1.0,1.3823529411764706,3.4285714285714284,0.42857142857142855,0.046875,0.055793991416309016,0.072992700729927,0
turneba01w,8,HOU,0,0.36363636363636365,0.18181818181818182,1.5,1.0950570342205324,0.5475285171102662,4.517110266159696,0.7857140986395003,0.0304182497939829,0.01520912489699145,12,0.5454545454545454,1.6425855513307985,0.04562737469097435,45,2.0454545454545454,6.159695817490494,0.17110265509115383,1.1363636363636365,3.4220532319391634,0.46153846153846156,0.3076923076923077,11.954545454545455,0.09090909090909091,0.6470588235294118,0.9545454545454546,2.2222222222222223,0.4444444444444444,0.03636363636363636,0.027586206896551724,0.042801556420233464,0
turneba01w,9,CON,0,0.35294117647058826,0.4117647058823529,2.5,0.6515837104072398,0.7601809954751132,4.615384615384615,0.7870369641632441,0.01809954723831754,0.021116138444703794,26,0.7647058823529411,1.4117647058823528,0.039215685683021334,111,3.264705882352941,6.027149321266968,0.16742081195443723,1.8235294117647058,3.3665158371040724,0.4126984126984127,0.19047619047619047,19.5,0.17647058823529413,1.0,1.1764705882352942,4.0,1.0769230769230769,0.14285714285714285,0.05660377358490566,0.09770114942528736,0
turneba01w,10,CON,0,0.7142857142857143,0.0,1.5714285714285714,1.25,0.0,2.75,0.7333328444447704,0.03472221981095696,0.0,5,0.7142857142857143,1.25,0.03472221981095696,16,2.2857142857142856,4.0,0.11111110339506226,1.7142857142857142,3.0,0.38461538461538464,0.38461538461538464,20.571428571428573,0.0,0.20588235294117646,0.5714285714285714,2.3333333333333335,0.0,0.0,0.0199203187250996,0.013301088270858524,0
tuvicsl01w,2,PHO,0,0.5333333333333333,0.5666666666666667,1.5,1.7723076923076924,1.8830769230769229,4.984615384615385,0.7142856009070474,0.049230767715976384,0.052307690698224905,33,1.1,3.6553846153846155,0.10153845841420128,78,2.6,8.64,0.23999999261538485,1.6333333333333333,5.427692307692308,0.66,0.32,10.833333333333334,0.0,0.8823529411764706,0.9333333333333333,1.0,1.0,0.1223021582733813,0.05460750853242321,0.06998444790046657,0
tuvicsl01w,3,PHO,0,0.34615384615384615,0.34615384615384615,2.0,1.0125,1.0125,5.8500000000000005,0.825396694381477,0.02812499912109378,0.02812499912109378,18,0.6923076923076923,2.025,0.05624999824218756,70,2.6923076923076925,7.875,0.21874999316406274,2.0384615384615383,5.9624999999999995,0.3333333333333333,0.16666666666666666,12.307692307692308,0.038461538461538464,0.7647058823529411,1.1923076923076923,1.1,0.9,0.09473684210526316,0.033582089552238806,0.08293460925039872,0
tuvicsl01w,4,PHO,0,0.5882352941176471,0.8823529411764706,2.1176470588235294,0.9863013698630136,1.4794520547945205,3.5506849315068494,0.5373133526397981,0.027397259523362756,0.04109588928504413,25,1.4705882352941178,2.4657534246575343,0.06849314880840689,61,3.588235294117647,6.016438356164384,0.16712328309251281,3.588235294117647,6.016438356164384,0.4032258064516129,0.16129032258064516,21.470588235294116,0.8235294117647058,0.5,1.8823529411764706,1.0909090909090908,1.3636363636363635,0.13392857142857142,0.03215434083601286,0.055900621118012424,0
tuvicsl01w,5,PHO,0,0.7575757575757576,1.121212121212121,2.9696969696969697,1.3024602026049203,1.9276410998552822,5.105643994211287,0.7967479027034226,0.036179449548777866,0.05354558533219124,62,1.878787878787879,3.2301013024602026,0.08972503488096911,160,4.848484848484849,8.33574529667149,0.23154847711217835,3.484848484848485,5.991316931982634,0.5344827586206896,0.21551724137931033,20.939393939393938,0.7878787878787878,0.9705882352941176,1.2424242424242424,1.2307692307692308,1.4230769230769231,0.26811594202898553,0.08833922261484099,0.15007656967840735,0
udokamf01w,4,HOU,0,0.16,0.08,1.16,0.5737051792828685,0.28685258964143423,4.159362549800797,0.5686273394848353,0.01593625434516915,0.007968127172584575,6,0.24,0.8605577689243028,0.023904381517753724,35,1.4,5.019920318725099,0.13944222552023006,1.52,5.4501992031872515,0.15384615384615385,0.10256410256410256,10.04,0.12,0.7352941176470589,0.84,0.8,0.4,0.015384615384615385,0.017241379310344827,0.03790849673202614,0
udokamf01w,5,LAS,0,0.0,0.0,0.3333333333333333,0.0,0.0,1.894736842105263,0.3333322222259259,0.0,0.0,0,0.0,0.0,0.0,1,0.3333333333333333,1.894736842105263,0.05263155124655198,1.6666666666666667,9.473684210526315,0.0,0.0,6.333333333333333,0.0,0.08823529411764706,0.3333333333333333,0.0,0.0,0.0,0.0,0.0012345679012345679,0
ujhelpe01w,4,DET,0,0.0,0.07142857142857142,0.6428571428571429,0.0,0.5294117647058824,4.764705882352941,0.7499993750005208,0.0,0.014705880190311736,1,0.07142857142857142,0.5294117647058824,0.014705880190311736,10,0.7142857142857143,5.294117647058823,0.14705880190311735,0.5714285714285714,4.235294117647059,0.1111111111111111,0.0,4.857142857142857,0.0,0.4117647058823529,0.7142857142857143,3.0,1.0,0.006289308176100629,0.0,0.01056338028169014,0
umoh-it01w,4,HOU,0,0.0,0.0,0.0,0.0,0.0,0.0,0.0,0.0,0.0,0,0.0,0.0,0.0,0,0.0,0.0,0.0,0.3333333333333333,6.0,0.0,0.0,2.0,0.0,0.08823529411764706,0.3333333333333333,1.0,0.0,0.0,0.0,0.0,0
valdeam01w,1,HOU,0,0.36363636363636365,0.18181818181818182,0.8181818181818182,1.6842105263157894,0.8421052631578947,3.789473684210526,0.8571424489797862,0.04678362299510976,0.02339181149755488,12,0.5454545454545454,2.526315789473684,0.07017543449266465,30,1.3636363636363635,6.315789473684211,0.17543858623166161,0.9545454545454546,4.421052631578947,0.5454545454545454,0.36363636363636365,7.7727272727272725,0.0,0.6470588235294118,0.5909090909090909,1.4444444444444444,0.4444444444444444,0.0380952380952381,0.028070175438596492,0.02482758620689655,0
vangomi01w,1,POR,0,0.10714285714285714,0.14285714285714285,0.9285714285714286,0.542713567839196,0.7236180904522613,4.703517587939698,0.6190474716553639,0.015075376126865521,0.02010050150248736,7,0.25,1.2663316582914572,0.035175877629352884,33,1.1785714285714286,5.969849246231155,0.16582913739552074,1.3214285714285714,6.693467336683417,0.18421052631578946,0.07894736842105263,7.107142857142857,0.03571428571428571,0.8235294117647058,1.0714285714285714,1.25,1.0,0.0425531914893617,0.011278195488721804,0.041401273885350316,0
vangomi01w,2,MIN,0,0.13636363636363635,0.2727272727272727,0.8636363636363636,0.4444444444444444,0.8888888888888888,2.814814814814815,0.5588233650519514,0.012345678504293066,0.024691357008586132,9,0.4090909090909091,1.3333333333333333,0.03703703551287919,28,1.2727272727272727,4.148148148148148,0.11522633270673528,1.6363636363636365,5.333333333333333,0.24324324324324326,0.08108108108108109,11.045454545454545,0.36363636363636365,0.6470588235294118,0.8181818181818182,3.0,1.5,0.046875,0.014218009478672985,0.027377521613832854,0
vangomi01w,3,MIN,0,0.2727272727272727,0.5,1.5909090909090908,0.6136363636363635,1.125,3.579545454545454,0.5468749145507946,0.017045454061208692,0.031249999112215935,17,0.7727272727272727,1.7386363636363635,0.04829545317342463,52,2.3636363636363638,5.318181818181818,0.14772726853047533,2.409090909090909,5.420454545454546,0.3148148148148148,0.1111111111111111,16.0,0.5909090909090909,0.6470588235294118,0.9090909090909091,2.0,1.5714285714285714,0.10679611650485436,0.02643171806167401,0.053763440860215055,0
vangomi01w,4,MIN,0,0.3225806451612903,0.6451612903225806,2.4193548387096775,0.6818181818181819,1.3636363636363638,5.113636363636364,0.7009345139313539,0.018939393580693305,0.03787878716138661,30,0.967741935483871,2.0454545454545454,0.056818180742079914,105,3.3870967741935485,7.159090909090908,0.19886363259727968,2.806451612903226,5.931818181818182,0.3409090909090909,0.11363636363636363,17.032258064516128,0.03225806451612903,0.9117647058823529,1.8064516129032258,1.5454545454545454,1.8181818181818181,0.19607843137254902,0.0411522633744856,0.1043115438108484,0
vangomi01w,5,MIN,0,0.0,0.125,0.875,0.0,0.5454545454545454,3.8181818181818183,0.5384611242606736,0.0,0.015151512855831386,1,0.125,0.5454545454545454,0.015151512855831386,8,1.0,4.363636363636363,0.12121210284665108,1.0,4.363636363636363,0.1111111111111111,0.0,8.25,0.0,0.23529411764705882,0.875,1.0,1.0,0.007142857142857143,0.0,0.009655172413793104,0
vaughki01w,10,NYL,0,0.17647058823529413,0.08823529411764706,1.5588235294117647,0.5454545454545454,0.2727272727272727,4.818181818181818,0.6022726588326524,0.015151514768901144,0.007575757384450572,9,0.2647058823529412,0.8181818181818182,0.022727272153351713,62,1.8235294117647058,5.636363636363637,0.15656565261197847,1.6764705882352942,5.1818181818181825,0.15517241379310345,0.10344827586206896,11.647058823529411,0.029411764705882353,1.0,0.9411764705882353,1.1428571428571428,0.42857142857142855,0.02459016393442623,0.021660649819494584,0.0660024906600249,0
vaughkr01w,9,WAS,0,0.13333333333333333,0.13333333333333333,0.7333333333333333,0.923076923076923,0.923076923076923,5.076923076923077,0.7333328444447704,0.02564102235371508,0.02564102235371508,4,0.26666666666666666,1.846153846153846,0.05128204470743016,15,1.0,6.923076923076923,0.1923076676528631,0.4,2.769230769230769,0.5714285714285714,0.2857142857142857,5.2,0.0,0.4411764705882353,0.6666666666666666,0.0,0.6666666666666666,0.02127659574468085,0.008264462809917356,0.014267185473411154,0
vealkr01w,2,PHO,0,1.1379310344827587,0.13793103448275862,1.5862068965517242,1.8054711246200608,0.2188449848024316,2.5167173252279635,0.7666665388889101,0.05015197492170251,0.006079027263236668,37,1.2758620689655173,2.0243161094224926,0.05623100218493918,83,2.8620689655172415,4.541033434650456,0.12613981571216085,2.0,3.1732522796352582,0.6271186440677966,0.559322033898305,22.689655172413794,0.4827586206896552,0.8529411764705882,2.8275862068965516,3.676470588235294,0.11764705882352941,0.02877697841726619,0.11262798634812286,0.07153965785381027,0
vealkr01w,3,PHO,0,0.6086956521739131,0.08695652173913043,0.9130434782608695,1.3961218836565097,0.1994459833795014,2.0941828254847645,0.7777774897120409,0.03878116236063262,0.005540166051518946,16,0.6956521739130435,1.5955678670360112,0.04432132841215157,37,1.608695652173913,3.689750692520776,0.1024930719531005,1.7826086956521738,4.088642659279778,0.38095238095238093,0.3333333333333333,15.695652173913043,0.43478260869565216,0.6764705882352942,1.826086956521739,2.7333333333333334,0.13333333333333333,0.021052631578947368,0.05223880597014925,0.03349282296650718,0
vilipda01w,7,LAS,0,0.0,0.5,1.0,0.0,3.0,6.0,0.9999950000249999,0.0,0.08333326388894677,1,0.5,3.0,0.08333326388894677,3,1.5,9.0,0.24999979166684028,1.0,6.0,0.3333333333333333,0.0,6.0,0.0,0.058823529411764705,0.5,0.0,1.0,0.007692307692307693,0.0,0.0023446658851113715,0
vodicka01w,1,SEA,0,0.5652173913043478,0.5217391304347826,3.0,0.9570552147239264,0.8834355828220859,5.079754601226994,0.7113401328515326,0.02658486653200682,0.024539876798775527,25,1.0869565217391304,1.8404907975460123,0.051124743330782346,94,4.086956521739131,6.920245398773006,0.19222903492374163,2.739130434782609,4.638036809815951,0.390625,0.203125,21.26086956521739,0.8260869565217391,0.6764705882352942,2.4782608695652173,1.5714285714285714,0.8571428571428571,0.1276595744680851,0.05078125,0.12825278810408922,0
vodicka01w,2,SEA,0,0.5517241379310345,0.2413793103448276,1.5862068965517242,1.4222222222222223,0.6222222222222221,4.088888888888889,0.647887232691939,0.03950617186404514,0.01728395019051975,23,0.7931034482758621,2.0444444444444443,0.05679012205456489,69,2.3793103448275863,6.133333333333333,0.17037036616369466,1.9310344827586208,4.977777777777777,0.40350877192982454,0.2807017543859649,13.96551724137931,0.13793103448275862,0.8529411764705882,1.1724137931034482,1.3529411764705883,0.4117647058823529,0.0546875,0.058394160583941604,0.07849829351535836,0
vodicka01w,3,SEA,0,1.125,0.5625,3.59375,1.5862913096695228,0.7931456548347614,5.067319461444309,0.6534090537835765,0.044063646951485354,0.022031823475742677,54,1.6875,2.3794369645042837,0.06609547042722802,169,5.28125,7.4467564259485926,0.20685434263336178,3.0,4.230110159118727,0.5567010309278351,0.3711340206185567,25.53125,0.9375,0.9411764705882353,1.71875,1.2702702702702702,0.4864864864864865,0.11842105263157894,0.127208480565371,0.18138801261829654,0
vodicka01w,4,SEA,0,0.7142857142857143,0.75,3.142857142857143,1.0155148095909732,1.0662905500705218,4.468265162200282,0.6153845723507292,0.028208744312993736,0.029619181528643422,41,1.4642857142857142,2.081805359661495,0.05782792584163716,129,4.607142857142857,6.550070521861777,0.18194640081880958,3.607142857142857,5.128349788434415,0.4019607843137255,0.19607843137254902,25.321428571428573,0.9642857142857143,0.8235294117647058,1.8928571428571428,1.4761904761904763,1.0,0.1510791366906475,0.08583690987124463,0.12005457025920874,0
vodicka01w,5,SEA,0,0.9411764705882353,0.35294117647058826,3.0294117647058822,1.3195876288659794,0.4948453608247423,4.247422680412371,0.6130952016014761,0.036655211493067455,0.013745704309900294,44,1.2941176470588236,1.8144329896907216,0.050400915802967745,147,4.323529411764706,6.0618556701030935,0.16838487779627861,3.235294117647059,4.536082474226804,0.3963963963963964,0.2882882882882883,25.676470588235293,1.0,1.0,2.1470588235294117,1.6666666666666667,0.36363636363636365,0.09090909090909091,0.10561056105610561,0.14507042253521127,0
vodicka01w,6,PHO,0,1.0,0.7857142857142857,4.857142857142857,1.2277710109622413,0.9646772228989038,5.963459196102315,0.6938775156184941,0.034104749889101706,0.026796589198579912,50,1.7857142857142858,2.192448233861145,0.06090133908768162,186,6.642857142857143,8.15590742996346,0.22655298140617564,3.0714285714285716,3.771010962241169,0.5747126436781609,0.3218390804597701,29.321428571428573,0.8928571428571429,0.8235294117647058,2.0714285714285716,2.1724137931034484,0.7586206896551724,0.12222222222222222,0.11475409836065574,0.18862690707350901,0
vodicka01w,7,PHO,0,1.0,0.6785714285714286,5.035714285714286,1.3695652173913044,0.9293478260869565,6.896739130434782,0.7540106548657404,0.038043477743974485,0.025815217040554117,47,1.6785714285714286,2.298913043478261,0.0638586947845286,188,6.714285714285714,9.195652173913045,0.2554347791381144,3.1785714285714284,4.353260869565217,0.5222222222222223,0.3111111111111111,26.285714285714285,0.9642857142857143,0.8235294117647058,1.8928571428571428,1.4137931034482758,0.6551724137931034,0.1484375,0.10144927536231885,0.17364532019704434,0
vodopna01w,6,SEA,0,0.17647058823529413,0.11764705882352941,1.0,1.1020408163265305,0.7346938775510203,6.244897959183674,0.8499995750002125,0.030612241774261043,0.020408161182840695,5,0.29411764705882354,1.836734693877551,0.05102040295710174,22,1.2941176470588236,8.081632653061224,0.22448977301124765,0.5294117647058824,3.306122448979592,0.5,0.3,5.764705882352941,0.0,0.5,0.47058823529411764,2.5,0.5,0.012578616352201259,0.01485148514851485,0.021879021879021878,0
walkeas01w,10,SEA,0,0.15384615384615385,0.15384615384615385,1.3076923076923077,0.8,0.8,6.8,0.7391301134216899,0.02222221975308669,0.02222221975308669,4,0.3076923076923077,1.6,0.04444443950617338,21,1.6153846153846154,8.4,0.2333333074074103,1.5384615384615385,8.0,0.19047619047619047,0.09523809523809523,6.923076923076923,0.0,0.38235294117647056,0.5384615384615384,1.3333333333333333,0.6666666666666666,0.013245033112582781,0.007220216606498195,0.021546261089987327,0
walkeay01w,3,DET,0,0.375,1.0625,1.9375,0.7883211678832117,2.2335766423357666,4.072992700729927,0.5254236842861284,0.021897809819383034,0.06204379448825193,46,1.4375,3.0218978102189777,0.08394160430763496,108,3.375,7.094890510948906,0.1970802883744473,1.75,3.678832116788321,0.8070175438596491,0.21052631578947367,17.125,0.0,0.9411764705882353,0.90625,1.3076923076923077,2.6153846153846154,0.2556390977443609,0.0594059405940594,0.08611111111111111,0
walkeay01w,4,DET,0,0.29411764705882354,0.3235294117647059,1.088235294117647,1.3284132841328413,1.4612546125461254,4.915129151291513,0.5211266871652553,0.03690036764205286,0.04059040440625814,21,0.6176470588235294,2.789667896678967,0.07749077204831101,58,1.7058823529411764,7.704797047970479,0.21402213232390657,0.9705882352941176,4.3837638376383765,0.6176470588235294,0.29411764705882354,7.970588235294118,0.029411764705882353,1.0,0.5588235294117647,0.9090909090909091,1.0,0.06918238993710692,0.03787878787878788,0.04342723004694836,0
walkeay01w,5,DET,0,0.05555555555555555,0.2222222222222222,0.8888888888888888,0.24324324324324326,0.972972972972973,3.891891891891892,0.6153843786983159,0.006756756300219169,0.027027025200876676,5,0.2777777777777778,1.2162162162162162,0.033783781501095844,21,1.1666666666666667,5.108108108108108,0.14189188230460253,0.7222222222222222,3.1621621621621623,0.35714285714285715,0.07142857142857142,8.222222222222221,0.05555555555555555,0.5294117647058824,0.2777777777777778,3.0,2.0,0.026845637583892617,0.0035971223021582736,0.020671834625323,0
walkeay01w,6,CHA,2,0.2222222222222222,0.2222222222222222,1.5555555555555556,0.7826086956521738,0.7826086956521738,5.478260869565218,0.7777773456792524,0.021739128071833903,0.021739128071833903,4,0.4444444444444444,1.5652173913043477,0.04347825614366781,18,2.0,7.043478260869565,0.19565215264650515,1.2222222222222223,4.304347826086957,0.3333333333333333,0.16666666666666666,10.222222222222221,0.0,0.2647058823529412,0.3333333333333333,2.0,0.6666666666666666,0.017543859649122806,0.007017543859649123,0.022950819672131147,0
walkeay01w,6,DET,1,0.5,0.8333333333333334,2.5833333333333335,0.896265560165975,1.4937759336099585,4.630705394190871,0.659574327750143,0.024896264527125952,0.04149377421187659,16,1.3333333333333333,2.3900414937759336,0.06639003873900254,47,3.9166666666666665,7.020746887966805,0.19502073879581996,1.25,2.240663900414938,1.0,0.375,20.083333333333332,0.9166666666666666,0.35294117647058826,1.3333333333333333,1.8571428571428572,1.4285714285714286,0.0641025641025641,0.024793388429752067,0.03855721393034826,0
walkeay01w,7,CHA,0,0.4,0.4,0.8,1.9889502762430937,1.9889502762430937,3.9779005524861875,0.6451610822061026,0.05524861573212068,0.05524861573212068,20,0.8,3.9779005524861875,0.11049723146424136,40,1.6,7.955801104972375,0.2209944629284827,1.24,6.165745856353592,0.625,0.3125,7.24,0.0,0.7352941176470589,0.16,0.2727272727272727,0.9090909090909091,0.0641025641025641,0.03164556962025317,0.026737967914438502,0
walkeay01w,8,DET,0,0.5,1.0,3.0,0.8372093023255813,1.6744186046511627,5.023255813953488,0.9999983333361112,0.0232558085451608,0.0465116170903216,3,1.5,2.511627906976744,0.06976742563548241,9,4.5,7.534883720930233,0.2093022769064472,4.0,6.697674418604651,0.3333333333333333,0.1111111111111111,21.5,0.5,0.058823529411764705,3.0,0.5,1.0,0.01694915254237288,0.0043859649122807015,0.006437768240343348,0
walkede01w,1,POR,0,0.5666666666666667,0.23333333333333334,0.6,1.9678456591639872,0.8102893890675241,2.0836012861736335,0.38297864191943787,0.05466237766358915,0.022508037861477884,24,0.8,2.7781350482315115,0.07717041552506704,42,1.4,4.861736334405145,0.1350482271688673,2.3,7.987138263665595,0.34285714285714286,0.24285714285714285,10.366666666666667,0.03333333333333333,0.8823529411764706,1.1666666666666667,1.0555555555555556,0.3888888888888889,0.07446808510638298,0.06390977443609022,0.028662420382165606,0
walkede01w,2,POR,0,0.3333333333333333,0.5714285714285714,1.380952380952381,0.8484848484848485,1.4545454545454546,3.515151515151515,0.4999999137931183,0.02356902277545378,0.04040403904363505,19,0.9047619047619048,2.303030303030303,0.06397306181908884,48,2.2857142857142856,5.818181818181818,0.1616161561745402,2.4285714285714284,6.181818181818182,0.36538461538461536,0.1346153846153846,14.142857142857142,0.0,0.6176470588235294,1.6666666666666667,1.25,1.5,0.11214953271028037,0.02857142857142857,0.04160688665710186,0
walkede01w,3,POR,0,0.8387096774193549,1.064516129032258,3.193548387096774,1.1037735849056605,1.400943396226415,4.202830188679245,0.6428571011131753,0.030660376996929518,0.03891509388071823,59,1.903225806451613,2.5047169811320753,0.06957547087764775,158,5.096774193548387,6.7075471698113205,0.18632075251980246,3.129032258064516,4.117924528301887,0.6020408163265306,0.2653061224489796,27.35483870967742,0.9354838709677419,0.9117647058823529,2.903225806451613,1.8888888888888888,1.2222222222222223,0.2727272727272727,0.10833333333333334,0.1542056074766355,0
walkede01w,4,SAC,0,0.7352941176470589,0.6764705882352942,2.588235294117647,1.2162162162162162,1.118918918918919,4.281081081081082,0.5906039872077861,0.03378378332724617,0.03108108066106648,48,1.411764705882353,2.3351351351351353,0.06486486398831265,136,4.0,6.616216216216216,0.1837837813002192,2.7941176470588234,4.621621621621621,0.5,0.2604166666666667,21.764705882352942,0.6176470588235294,1.0,2.0294117647058822,1.8076923076923077,0.8846153846153846,0.18699186991869918,0.08389261744966443,0.12239221140472879,0
walkede01w,5,SAC,0,0.7647058823529411,0.38235294117647056,2.088235294117647,1.0588235294117647,0.5294117647058824,2.891402714932127,0.49650346178297466,0.02941176437317009,0.014705882186585044,39,1.1470588235294117,1.5882352941176472,0.04411764655975513,110,3.235294117647059,4.479638009049774,0.12443438773264268,3.2058823529411766,4.4389140271493215,0.35454545454545455,0.23636363636363636,26.0,1.0,1.0,2.5294117647058822,3.185185185185185,0.48148148148148145,0.1092436974789916,0.08253968253968254,0.11163522012578617,0
walkede01w,6,SAC,0,1.2727272727272727,0.5909090909090909,3.1818181818181817,1.6856187290969897,0.7826086956521738,4.214046822742475,0.598290547154654,0.0468227416919274,0.021739130071252007,41,1.8636363636363635,2.4682274247491636,0.0685618717631794,111,5.045454545454546,6.682274247491638,0.1856187259929979,3.0,3.9732441471571907,0.6119402985074627,0.417910447761194,27.181818181818183,0.8636363636363636,0.6470588235294118,3.1363636363636362,1.6551724137931034,0.4482758620689655,0.11926605504587157,0.09180327868852459,0.1037037037037037,0
walkede01w,7,SAC,0,0.6521739130434783,0.30434782608695654,1.608695652173913,1.2328767123287672,0.5753424657534246,3.0410958904109586,0.40217386932892724,0.034246574560580494,0.01598173479493756,22,0.9565217391304348,1.8082191780821917,0.05022830935551805,59,2.5652173913043477,4.8493150684931505,0.1347031932716166,2.3043478260869565,4.3561643835616435,0.4074074074074074,0.2777777777777778,19.043478260869566,0.34782608695652173,0.6764705882352942,1.565217391304348,2.0,0.4375,0.07865168539325842,0.045317220543806644,0.05131761442441054,0
walkede01w,8,SAC,0,0.6,0.6,1.6,1.0285714285714285,1.0285714285714285,2.742857142857143,0.3199998720000512,0.028571425850340393,0.028571425850340393,6,1.2,2.057142857142857,0.057142851700680786,14,2.8,4.8,0.13333332063492184,2.2,3.7714285714285714,0.5,0.25,21.0,1.0,0.14705882352941177,3.0,1.5,0.75,0.029411764705882353,0.009202453987730062,0.011049723756906077,0
walkede01w,9,SAC,0,0.7142857142857143,0.0,0.2857142857142857,3.4615384615384617,0.0,1.3846153846153846,0.33333277777870374,0.09615382766272544,0.0,5,0.7142857142857143,3.4615384615384617,0.09615382766272544,7,1.0,4.846153846153846,0.13461535872781563,1.4285714285714286,6.923076923076923,0.45454545454545453,0.45454545454545453,7.428571428571429,0.0,0.20588235294117646,1.4285714285714286,0.16666666666666666,0.0,0.0,0.015625,0.002770083102493075,0
walkede01w,10,SAC,0,0.7941176470588235,0.47058823529411764,3.0294117647058822,1.1839220462850182,0.7015834348355663,4.516443361753959,0.6560509136273304,0.032886723107348075,0.01948842850805812,43,1.2647058823529411,1.8855054811205845,0.05237515161540619,146,4.294117647058823,6.4019488428745435,0.17783191013603034,3.2941176470588234,4.911084043848965,0.3805309734513274,0.23893805309734514,24.147058823529413,0.8823529411764706,1.0,2.7058823529411766,2.3214285714285716,0.5714285714285714,0.16161616161616163,0.09310344827586207,0.13481675392670156,0
walkema01w,9,HOU,0,0.0,0.5,1.0,0.0,3.272727272727273,6.545454545454546,0.2857138775516035,0.0,0.09090900826453795,1,0.5,3.272727272727273,0.09090900826453795,3,1.5,9.818181818181817,0.2727270247936138,1.5,9.818181818181817,0.25,0.0,5.5,0.0,0.058823529411764705,2.0,1.0,1.0,0.008264462809917356,0.0,0.0024875621890547263,0
walsema01w,2,SAC,0,0.0,0.0,0.0,0.0,0.0,0.0,0.0,0.0,0.0,0,0.0,0.0,0.0,0,0.0,0.0,0.0,0.5,9.0,0.0,0.0,2.0,0.0,0.11764705882352941,0.5,0.0,0.0,0.0,0.0,0.0,0
walsema01w,3,WAS,0,0.1111111111111111,0.0,0.7777777777777778,0.6923076923076923,0.0,4.846153846153846,0.6666663492065004,0.019230767381656983,0.0,2,0.1111111111111111,0.6923076923076923,0.019230767381656983,16,0.8888888888888888,5.538461538461538,0.15384613905325586,0.4444444444444444,2.769230769230769,0.2222222222222222,0.2222222222222222,5.777777777777778,0.0,0.5294117647058824,0.5,2.3333333333333335,0.0,0.0,0.009009009009009009,0.019746121297602257,0
washico01w,1,HOU,0,0.64,0.0,0.64,2.440677966101695,0.0,2.440677966101695,0.8421048199448317,0.06779660729675392,0.0,16,0.64,2.440677966101695,0.06779660729675392,32,1.28,4.88135593220339,0.13559321459350784,0.76,2.8983050847457625,0.8,0.8,9.44,0.0,0.7352941176470589,0.76,1.411764705882353,0.0,0.0,0.056140350877192984,0.022068965517241378,0
washico01w,2,HOU,0,2.15625,0.28125,3.0625,2.452122408687068,0.3198420533070089,3.482724580454097,0.830508404194203,0.0681145106800147,0.008884501393045396,78,2.4375,2.771964461994077,0.0769990120730601,176,5.5,6.254689042448174,0.17374136057510997,1.96875,2.2388943731490625,1.21875,1.078125,31.65625,1.0,0.9411764705882353,1.78125,1.7428571428571429,0.12857142857142856,0.09375,0.27380952380952384,0.13783403656821377,0
washico01w,3,HOU,1,0.6190476190476191,0.0,1.619047619047619,1.340974212034384,0.0,3.507163323782235,0.8292680904224169,0.03724928260030709,0.0,13,0.6190476190476191,1.340974212034384,0.03724928260030709,47,2.238095238095238,4.848137535816619,0.1346704832472641,1.8095238095238095,3.9197707736389686,0.3333333333333333,0.3333333333333333,16.61904761904762,0.7142857142857143,0.6176470588235294,0.9523809523809523,2.2142857142857144,0.0,0.0,0.04980842911877394,0.04836415362731152,0
washico01w,3,IND,2,2.090909090909091,0.18181818181818182,2.3636363636363638,2.5476923076923077,0.22153846153846155,2.88,0.7878785491277123,0.07076922859171605,0.006153845964497048,25,2.272727272727273,2.769230769230769,0.0769230745562131,51,4.636363636363637,5.649230769230769,0.1569230720946747,2.0,2.436923076923077,1.0869565217391304,1.0,29.545454545454547,0.7272727272727273,0.3235294117647059,2.1818181818181817,2.0,0.08333333333333333,0.019801980198019802,0.08550185873605948,0.04100946372239748,0
washico01w,4,IND,0,0.7,0.1,1.35,1.4482758620689655,0.20689655172413793,2.793103448275862,0.9310341617123581,0.04022988390144012,0.005747126271634303,16,0.8,1.6551724137931034,0.04597701017307442,43,2.15,4.448275862068965,0.12356321484013752,1.6,3.310344827586207,0.48484848484848486,0.42424242424242425,17.4,0.5,0.5882352941176471,1.5,3.2,0.13333333333333333,0.01639344262295082,0.04666666666666667,0.04122137404580153,0
washito01w,1,WAS,0,0.10526315789473684,0.0,0.42105263157894735,0.6990291262135921,0.0,2.7961165048543686,0.5714281632655976,0.019417473842963703,0.0,2,0.10526315789473684,0.6990291262135921,0.019417473842963703,10,0.5263157894736842,3.495145631067961,0.09708736921481852,0.21052631578947367,1.3980582524271843,0.4,0.4,5.421052631578948,0.0,0.5588235294117647,0.21052631578947367,1.6666666666666667,0.0,0.0,0.008130081300813009,0.012364760432766615,0
washito01w,2,WAS,0,0.13333333333333333,0.06666666666666667,0.8,0.42857142857142855,0.21428571428571427,2.571428571428571,0.5581394050838593,0.011904761550453526,0.005952380775226763,6,0.2,0.6428571428571428,0.017857142325680288,30,1.0,3.2142857142857144,0.08928571162840145,0.16666666666666666,0.5357142857142857,1.0,0.6666666666666666,11.2,0.06666666666666667,0.8823529411764706,0.4666666666666667,2.0,0.4,0.015625,0.015503875968992248,0.03428571428571429,0
washito01w,3,WAS,0,0.12,0.08,0.44,0.3711340206185567,0.24742268041237114,1.360824742268041,0.289473608033261,0.010309277996244743,0.006872851997496495,5,0.2,0.6185567010309279,0.01718212999374124,16,0.64,1.9793814432989691,0.05498281597997196,0.24,0.7422680412371134,0.7142857142857143,0.42857142857142855,11.64,0.0,0.7352941176470589,0.64,3.75,0.5,0.021052631578947368,0.013513513513513514,0.015514809590973202,0
washito01w,4,SEA,2,0.36363636363636365,0.0,0.36363636363636365,1.1900826446280992,0.0,1.1900826446280992,0.3636360330581518,0.033057848507615825,0.0,4,0.36363636363636365,1.1900826446280992,0.033057848507615825,8,0.7272727272727273,2.3801652892561984,0.06611569701523165,0.7272727272727273,2.3801652892561984,0.4444444444444444,0.4444444444444444,11.0,0.0,0.3235294117647059,0.45454545454545453,1.0,0.0,0.0,0.017167381974248927,0.005457025920873124,0
washito01w,4,WAS,1,0.07692307692307693,0.0,0.38461538461538464,0.3564356435643564,0.0,1.7821782178217822,0.49999950000050003,0.009900989118713949,0.0,1,0.07692307692307693,0.3564356435643564,0.009900989118713949,6,0.46153846153846156,2.1386138613861387,0.05940593471228369,0.3076923076923077,1.4257425742574257,0.2,0.2,7.769230769230769,0.0,0.38235294117647056,0.38461538461538464,1.5,0.0,0.0,0.004672897196261682,0.007102272727272727,0
wautean01w,1,CLE,0,0.65625,0.75,2.5625,1.2642140468227423,1.4448160535117056,4.936454849498327,0.6356588654528011,0.03511705626894555,0.04013377859308063,45,1.40625,2.7090301003344486,0.07525083486202618,127,3.96875,7.645484949832776,0.212374578388385,2.34375,4.51505016722408,0.5921052631578947,0.27631578947368424,18.6875,0.0,0.9411764705882353,1.96875,1.6818181818181819,1.0909090909090908,0.2608695652173913,0.08076923076923077,0.1357615894039735,0
wautean01w,2,CLE,0,0.7083333333333334,0.5416666666666666,3.2916666666666665,0.9839228295819936,0.752411575562701,4.572347266881029,0.6929823953524215,0.027331189271202747,0.020900321207390334,30,1.25,1.7363344051446945,0.04823151047859308,109,4.541666666666667,6.308681672025723,0.17524115473888818,2.2916666666666665,3.1832797427652735,0.5357142857142857,0.30357142857142855,25.916666666666668,0.5833333333333334,0.7058823529411765,2.0833333333333335,1.9444444444444444,0.7222222222222222,0.15476190476190477,0.06343283582089553,0.1191553544494721,0
wautean01w,3,CLE,0,0.5714285714285714,0.75,3.392857142857143,0.7182044887780549,0.942643391521197,4.264339152119701,0.6785713801020442,0.019950124439524635,0.026184538326876082,37,1.3214285714285714,1.660847880299252,0.046134662766400714,132,4.714285714285714,5.925187032418952,0.16458852662607823,2.642857142857143,3.321695760598504,0.49333333333333335,0.21333333333333335,28.642857142857142,0.8928571428571429,0.8235294117647058,2.107142857142857,2.2941176470588234,1.2352941176470589,0.25,0.07207207207207207,0.14074074074074075,0
wautean01w,5,NYL,0,0.3076923076923077,0.6153846153846154,2.3076923076923075,0.5313653136531366,1.062730627306273,3.985239852398524,0.7499998125000468,0.014760147056821143,0.029520294113642286,12,0.9230769230769231,1.5940959409594095,0.04428044117046343,42,3.230769230769231,5.579335793357934,0.15498154409662201,2.1538461538461537,3.719557195571956,0.41379310344827586,0.13793103448275862,20.846153846153847,0.3076923076923077,0.38235294117647056,1.6153846153846154,4.2,1.6,0.064,0.01904761904761905,0.04043126684636118,0
wautean01w,6,NYL,0,0.6428571428571429,0.8214285714285714,4.892857142857143,0.7372013651877133,0.9419795221843003,5.610921501706485,0.7445651769258056,0.02047781546669152,0.0261660975407725,41,1.4642857142857142,1.6791808873720135,0.04664391300746402,178,6.357142857142857,7.290102389078498,0.20250284183728282,3.25,3.726962457337884,0.44565217391304346,0.1956521739130435,31.392857142857142,1.0,0.8235294117647058,2.5357142857142856,2.1578947368421053,1.2105263157894737,0.20353982300884957,0.08372093023255814,0.1869031377899045,0
wautean01w,9,SAS,0,1.125,1.1875,6.0,1.3224489795918368,1.3959183673469389,7.053061224489795,0.8033472467218725,0.03673469350270721,0.03877550980841317,74,2.3125,2.7183673469387757,0.07551020331112038,266,8.3125,9.77142857142857,0.27142856865889214,2.34375,2.7551020408163267,0.9736842105263158,0.47368421052631576,30.625,0.96875,0.9411764705882353,2.1875,1.5135135135135136,1.027027027027027,0.25165562913907286,0.13186813186813187,0.22641509433962265,0
wautean01w,10,SAS,0,0.7647058823529411,0.35294117647058826,3.8823529411764706,1.0107991360691144,0.4665226781857451,5.1317494600431965,0.694736768975077,0.028077753173266672,0.012958963003046156,19,1.1176470588235294,1.4773218142548596,0.041036716176312826,85,5.0,6.609071274298056,0.18358530920982055,2.2941176470588234,3.032397408207343,0.475,0.325,27.235294117647058,0.9411764705882353,0.5,2.588235294117647,1.3571428571428572,0.42857142857142855,0.05128205128205128,0.050387596899224806,0.0858257477243173,0
weathte01w,1,NYL,0,2.03125,0.15625,2.90625,2.1706864564007424,0.16697588126159554,3.1057513914656774,0.8532109308980798,0.060296845451791786,0.00463821888090706,70,2.1875,2.3376623376623376,0.06493506433269884,163,5.09375,5.4434137291280145,0.15120593551757017,2.65625,2.8385899814471243,0.813953488372093,0.7558139534883721,33.6875,1.0,0.9411764705882353,2.6875,3.106060606060606,0.07575757575757576,0.04854368932038835,0.2631578947368421,0.14241960183767227,0
weathte01w,2,NYL,0,1.71875,0.125,2.78125,2.0328542094455853,0.14784394250513347,3.2895277207392195,0.7542372242171844,0.05646817190484423,0.004106776138534126,59,1.84375,2.1806981519507187,0.06057494804337836,148,4.625,5.470225872689938,0.15195071712576266,2.59375,3.0677618069815193,0.7023809523809523,0.6547619047619048,30.4375,1.0,0.9411764705882353,2.53125,3.625,0.07142857142857142,0.04819277108433735,0.20676691729323307,0.1346444780635401,0
weathte01w,3,NYL,0,1.3125,0.09375,1.96875,1.5849056603773584,0.11320754716981132,2.3773584905660377,0.7325580543537146,0.044025156771224774,0.003144654055087484,45,1.40625,1.6981132075471699,0.047169810826312254,108,3.375,4.0754716981132075,0.11320754598314942,2.75,3.3207547169811322,0.5056179775280899,0.47191011235955055,29.8125,1.0,0.9411764705882353,2.4375,4.209302325581396,0.06976744186046512,0.0297029702970297,0.16030534351145037,0.10310965630114566,0
weathte01w,4,NYL,0,0.8235294117647058,0.14705882352941177,2.2941176470588234,1.2233009708737863,0.21844660194174756,3.407766990291262,0.804123628440863,0.03398058211188614,0.00606796109140824,33,0.9705882352941176,1.441747572815534,0.04004854320329438,111,3.264705882352941,4.849514563106796,0.1347087362292629,1.7647058823529411,2.6213592233009706,0.5409836065573771,0.45901639344262296,24.235294117647058,1.0,1.0,1.8235294117647058,5.137931034482759,0.1724137931034483,0.03875968992248062,0.10646387832699619,0.11353711790393013,0
weathte01w,5,LAS,0,0.35294117647058826,0.029411764705882353,0.6764705882352942,1.4794520547945205,0.1232876712328767,2.835616438356164,0.7931031747920088,0.04109588900356545,0.0034246574169637875,13,0.38235294117647056,1.6027397260273972,0.04452054642052924,36,1.0588235294117647,4.438356164383562,0.12328766701069635,0.7941176470588235,3.328767123287671,0.4642857142857143,0.42857142857142855,8.588235294117647,0.0,1.0,0.7647058823529411,2.4615384615384617,0.07692307692307693,0.006711409395973154,0.045627376425855515,0.028395061728395062,0
webbum01w,1,MIA,0,0.5384615384615384,0.3076923076923077,0.8461538461538461,1.2923076923076922,0.7384615384615385,2.0307692307692307,0.7857137244901968,0.03589743405654184,0.020512819460881054,11,0.8461538461538461,2.0307692307692307,0.0564102535174229,22,1.6923076923076923,4.061538461538461,0.1128205070348458,2.230769230769231,5.3538461538461535,0.36666666666666664,0.23333333333333334,15.0,0.38461538461538464,0.38235294117647056,1.7692307692307692,1.75,0.5,0.0449438202247191,0.02564102564102564,0.018456375838926176,0
weberma01w,8,NYL,0,0.0,0.0,0.5,0.0,0.0,9.0,0.9999900000999989,0.0,0.0,0,0.0,0.0,0.0,1,0.5,9.0,0.24999937500156252,0.0,0.0,0.0,0.0,2.0,0.0,0.058823529411764705,0.5,0.0,0.0,0.0,0.0,0.0012674271229404308,0
weckeke01w,6,SAS,0,1.0,0.0,0.0,3.272727272727273,0.0,0.0,0.0,0.09090900826453795,0.0,1,1.0,3.272727272727273,0.09090900826453795,1,1.0,3.272727272727273,0.09090900826453795,0.0,0.0,1.0,1.0,11.0,0.0,0.029411764705882353,1.0,1.0,0.0,0.0,0.00510204081632653,0.0,0
weckeke01w,7,SAS,0,0.3235294117647059,0.08823529411764706,1.8235294117647058,0.685121107266436,0.18685121107266434,3.86159169550173,0.7380951502267677,0.01903114153925361,0.0051903113288873474,14,0.4117647058823529,0.8719723183391004,0.024221452868140956,76,2.235294117647059,4.73356401384083,0.13148788699847946,1.2352941176470589,2.615916955017301,0.32558139534883723,0.2558139534883721,17.0,0.3235294117647059,1.0,0.9411764705882353,3.9166666666666665,0.25,0.03571428571428571,0.044534412955465584,0.07607361963190185,0
weckeke01w,8,SAS,0,0.21428571428571427,0.07142857142857142,0.2857142857142857,1.4794520547945205,0.4931506849315068,1.9726027397260273,0.4999993750007813,0.04109588478138564,0.013698628260461882,4,0.2857142857142857,1.9726027397260273,0.05479451304184753,8,0.5714285714285714,3.9452054794520546,0.10958902608369506,0.5,3.4520547945205475,0.5,0.375,5.214285714285714,0.07142857142857142,0.4117647058823529,0.21428571428571427,1.0,0.25,0.007633587786259542,0.01056338028169014,0.00522875816993464,0
weckeke01w,9,WAS,0,0.3333333333333333,0.0,0.7777777777777778,2.25,0.0,5.25,0.6363630578517656,0.06249998697916938,0.0,3,0.3333333333333333,2.25,0.06249998697916938,10,1.1111111111111112,7.5,0.20833328993056457,0.5555555555555556,3.75,0.5,0.5,5.333333333333333,0.0,0.2647058823529412,0.7777777777777778,1.75,0.0,0.0,0.012396694214876033,0.009079118028534372,0
whaleli01w,5,CON,0,1.2580645161290323,0.0,2.225806451612903,1.4841437632135308,0.0,2.6257928118393234,0.7666665814814909,0.04122621520902521,0.0,39,1.2580645161290323,1.4841437632135308,0.04122621520902521,108,3.4838709677419355,4.1099365750528545,0.11416490365576212,2.3225806451612905,2.7399577167019027,0.5342465753424658,0.5342465753424658,30.516129032258064,0.967741935483871,0.9117647058823529,3.032258064516129,3.7,0.0,0.0,0.13,0.09517241379310344,0
whaleli01w,6,CON,0,1.2352941176470589,0.058823529411764705,2.911764705882353,1.4441260744985676,0.06876790830945559,3.404011461318052,0.7734374395752001,0.040114612797377144,0.0019102196570179595,44,1.2941176470588236,1.5128939828080228,0.04202483245439511,143,4.205882352941177,4.916905444126074,0.1365807054767841,2.6470588235294117,3.0945558739255015,0.4835164835164835,0.46153846153846156,30.794117647058822,1.0,1.0,2.6176470588235294,4.0,0.046511627906976744,0.015267175572519083,0.17721518987341772,0.12547528517110265,0
whaleli01w,7,CON,0,1.0303030303030303,0.06060606060606061,3.1818181818181817,1.421602787456446,0.08362369337979095,4.390243902439025,0.8606556671593715,0.0394889658595939,0.0023228803446819937,36,1.0909090909090908,1.505226480836237,0.04181184620427589,141,4.2727272727272725,5.895470383275261,0.16376306430008056,1.696969696969697,2.3414634146341466,0.631578947368421,0.5964912280701754,26.09090909090909,1.0,0.9705882352941176,2.393939393939394,4.371428571428571,0.05714285714285714,0.012987012987012988,0.13438735177865613,0.11326860841423948,0
whaleli01w,8,CON,0,2.1470588235294117,0.08823529411764706,3.7941176470588234,2.526923076923077,0.10384615384615385,4.4653846153846155,0.7962962471422069,0.07019230701738166,0.0028846153568786986,76,2.235294117647059,2.6307692307692307,0.07307692237426036,205,6.029411764705882,7.096153846153846,0.1971153827200444,2.5,2.9423076923076925,0.8837209302325582,0.8488372093023255,30.58823529411765,1.0,1.0,2.2058823529411766,2.2837837837837838,0.04054054054054054,0.01910828025477707,0.2673992673992674,0.14844649021864212,0
whaleli01w,9,CON,0,1.4516129032258065,0.03225806451612903,4.548387096774194,1.7841409691629955,0.039647577092511016,5.5903083700440535,0.8103447810146678,0.049559470819829615,0.0011013215737739916,46,1.4838709677419355,1.8237885462555066,0.05066079239360361,187,6.032258064516129,7.41409691629956,0.2059471342957364,2.806451612903226,3.449339207048458,0.5227272727272727,0.5113636363636364,29.29032258064516,1.0,0.9117647058823529,1.8709677419354838,3.608695652173913,0.021739130434782608,0.01020408163265306,0.21226415094339623,0.16206896551724137,0
whaleli01w,10,CON,0,1.2647058823529411,0.14705882352941177,3.411764705882353,1.5479999999999998,0.18,4.176,0.7435896959237375,0.04299999957,0.00499999995,48,1.411764705882353,1.728,0.04799999952,164,4.823529411764706,5.904,0.16399999836,2.5588235294117645,3.1319999999999997,0.5454545454545454,0.48863636363636365,29.41176470588235,1.0,1.0,1.8529411764705883,3.5454545454545454,0.11363636363636363,0.03816793893129771,0.17131474103585656,0.14026602176541716,0
whitede01w,5,NYL,0,0.25806451612903225,0.3225806451612903,2.161290322580645,0.6857142857142857,0.8571428571428571,5.742857142857142,0.5677965620511388,0.01904761859410432,0.0238095232426304,18,0.5806451612903226,1.542857142857143,0.04285714183673472,85,2.7419354838709675,7.285714285714286,0.20238094756235842,1.1935483870967742,3.1714285714285717,0.47368421052631576,0.21052631578947367,13.548387096774194,0.06451612903225806,0.9117647058823529,1.1612903225806452,1.0,1.1111111111111112,0.08,0.0380952380952381,0.09029649595687332,0
whitede01w,6,NYL,0,0.3076923076923077,0.23076923076923078,1.0,1.6,1.2,5.199999999999999,0.5909088223141716,0.04444443950617338,0.03333332962963004,7,0.5384615384615384,2.8,0.07777776913580342,20,1.5384615384615385,8.0,0.22222219753086694,1.1538461538461537,6.0,0.4375,0.25,6.923076923076923,0.0,0.38235294117647056,0.23076923076923078,0.0,0.6,0.02654867256637168,0.018604651162790697,0.017735334242837655,0
whiteer01w,9,HOU,0,0.6764705882352942,0.08823529411764706,0.9705882352941176,1.943661971830986,0.2535211267605634,2.788732394366197,0.7021275101856361,0.05399060906125331,0.00704225335581565,26,0.7647058823529411,2.1971830985915495,0.06103286241706896,59,1.7352941176470589,4.985915492957746,0.1384976493310411,1.7647058823529411,5.070422535211268,0.4262295081967213,0.3770491803278688,12.529411764705882,0.058823529411764705,1.0,1.411764705882353,1.9583333333333333,0.125,0.024793388429752067,0.0777027027027027,0.041044776119402986,0
whiteer01w,10,IND,0,0.5,0.5,1.0,2.0,2.0,4.0,0.9999950000249999,0.055555524691375174,0.055555524691375174,2,1.0,4.0,0.11111104938275035,4,2.0,8.0,0.2222220987655007,0.5,2.0,1.0,0.5,9.0,0.0,0.058823529411764705,0.0,2.0,0.5,0.00847457627118644,0.00267379679144385,0.002560819462227913,0
whiteta01w,6,IND,0,0.8823529411764706,0.20588235294117646,0.9411764705882353,1.5584415584415583,0.36363636363636365,1.6623376623376624,0.6037734709861375,0.04329004266536735,0.010101009955252382,37,1.088235294117647,1.922077922077922,0.05339105262061973,69,2.0294117647058822,3.5844155844155843,0.09956709813034491,1.8235294117647058,3.220779220779221,0.5873015873015873,0.47619047619047616,20.38235294117647,0.08823529411764706,1.0,2.0588235294117645,1.7096774193548387,0.22580645161290322,0.07291666666666667,0.08902077151335312,0.047619047619047616,0
whiteta01w,7,IND,0,0.7941176470588235,0.2647058823529412,1.4705882352941178,1.3046979865771813,0.4348993288590604,2.4161073825503356,0.6097560232004849,0.03624161025179047,0.012080536750596822,36,1.0588235294117647,1.7395973154362416,0.04832214700238729,86,2.5294117647058822,4.155704697986577,0.11543624006125852,1.9411764705882353,3.189261744966443,0.5373134328358209,0.40298507462686567,21.91176470588235,0.0,1.0,1.5,1.8571428571428572,0.32142857142857145,0.09574468085106383,0.07605633802816901,0.06613756613756613,0
whiteta01w,8,IND,0,1.0588235294117647,0.29411764705882354,1.911764705882353,1.5410225921521998,0.42806183115338886,2.7824019024970275,0.7222221419753175,0.042806182606347415,0.011890606279540947,46,1.3529411764705883,1.9690844233055884,0.05469678888588836,111,3.264705882352941,4.751486325802616,0.13198572970290454,2.235294117647059,3.253269916765755,0.5974025974025974,0.4675324675324675,24.735294117647058,0.2647058823529412,1.0,2.911764705882353,1.7567567567567568,0.2702702702702703,0.072992700729927,0.11650485436893204,0.07995079950799508,0
whiteta01w,9,IND,0,1.303030303030303,0.42424242424242425,2.242424242424242,1.7315436241610738,0.563758389261745,2.9798657718120807,0.7326731947848322,0.04809843346646048,0.01565995508210341,57,1.7272727272727273,2.295302013422819,0.06375838854856389,131,3.9696969696969697,5.275167785234899,0.14653243683968192,2.6666666666666665,3.5436241610738257,0.6404494382022472,0.48314606741573035,27.09090909090909,0.6666666666666666,0.9705882352941176,2.5757575757575757,1.8181818181818181,0.3181818181818182,0.08433734939759036,0.13230769230769232,0.09499358151476252,0
whiteta01w,10,CON,0,1.1666666666666667,0.3,2.033333333333333,1.911987860394537,0.49165402124430957,3.3323216995447646,0.7439023483045917,0.05311077309391847,0.013657055938436177,44,1.4666666666666666,2.4036418816388467,0.06676782903235465,105,3.5,5.735963581183611,0.1593323192817554,2.433333333333333,3.9878603945371776,0.5945945945945946,0.47297297297297297,21.966666666666665,0.5,0.8823529411764706,1.2333333333333334,1.8333333333333333,0.25,0.06870229007633588,0.1394422310756972,0.07376058041112454,0
whitiva01w,2,MIN,0,0.5769230769230769,0.5384615384615384,2.230769230769231,1.1688311688311688,1.0909090909090908,4.51948051948052,0.6987950965307113,0.03246753176477204,0.03030302964712057,29,1.1153846153846154,2.25974025974026,0.06277056141189262,87,3.3461538461538463,6.779220779220779,0.18831168423567785,2.3846153846153846,4.8311688311688314,0.4603174603174603,0.23809523809523808,17.76923076923077,0.5769230769230769,0.7647058823529411,1.3076923076923077,1.0,0.875,0.109375,0.07109004739336493,0.08357348703170028,0
whitiva01w,3,MIN,0,0.3333333333333333,0.3333333333333333,1.0,1.3846153846153846,1.3846153846153846,4.153846153846154,0.666665925926749,0.038461531065090176,0.038461531065090176,4,0.6666666666666666,2.769230769230769,0.07692306213018035,10,1.6666666666666667,6.923076923076923,0.19230765532545088,1.6666666666666667,6.923076923076923,0.36363636363636365,0.18181818181818182,8.666666666666666,0.5,0.17647058823529413,0.6666666666666666,1.6666666666666667,0.6666666666666666,0.019417475728155338,0.00881057268722467,0.009216589861751152,0
whitmta01w,1,NYL,0,0.53125,0.53125,2.21875,0.888243831640058,0.888243831640058,3.7097242380261246,0.6761904117913893,0.02467343940967432,0.02467343940967432,34,1.0625,1.776487663280116,0.04934687881934864,105,3.28125,5.48621190130624,0.15239477282445904,3.1875,5.329462989840349,0.3300970873786408,0.1650485436893204,21.53125,0.5,0.9411764705882353,1.65625,1.1111111111111112,0.9444444444444444,0.1650485436893204,0.06882591093117409,0.10872894333843798,0
whitmta01w,2,NYL,0,0.53125,0.3125,2.125,0.8138297872340426,0.4787234042553192,3.2553191489361706,0.7010308555638293,0.022606382678106614,0.013297872163592126,27,0.84375,1.2925531914893618,0.03590425484169874,95,2.96875,4.547872340425532,0.1263297855541252,2.1875,3.351063829787234,0.38028169014084506,0.23943661971830985,23.5,0.90625,0.9411764705882353,1.03125,1.0555555555555556,0.5555555555555556,0.12048192771084337,0.06390977443609022,0.10287443267776097,0
whitmta01w,3,NYL,0,0.84375,1.34375,3.0625,0.9948822927328557,1.5844421699078812,3.611054247697032,0.6950354116996161,0.02763561895971731,0.044012282046957195,70,2.1875,2.579324462640737,0.07164790100667451,168,5.25,6.190378710337769,0.17195496241601882,3.1875,3.758444216990788,0.6796116504854369,0.2621359223300971,30.53125,1.0,0.9411764705882353,1.53125,0.8214285714285714,1.5357142857142858,0.42574257425742573,0.10305343511450382,0.16039279869067102,0
whitmta01w,4,NYL,0,1.0606060606060606,0.6666666666666666,2.5454545454545454,1.5309842041312272,0.9623329283110571,3.674362089914945,0.6885245337274972,0.04252733848690962,0.026731469906057476,57,1.7272727272727273,2.4933171324422845,0.0692588083929671,141,4.2727272727272725,6.16767922235723,0.1713244207615502,3.0303030303030303,4.374240583232077,0.5643564356435643,0.3465346534653465,24.939393939393938,0.8787878787878788,0.9705882352941176,1.7272727272727273,0.6944444444444444,0.6111111111111112,0.17054263565891473,0.13307984790874525,0.1222707423580786,0
whitmta01w,5,LAS,0,0.35294117647058826,0.14705882352941177,2.0,0.7260504201680673,0.3025210084033613,4.114285714285714,0.6415093734425119,0.02016806688793165,0.008403361203304854,17,0.5,1.0285714285714285,0.028571428091236504,85,2.5,5.142857142857142,0.14285714045618253,2.1470588235294117,4.416806722689075,0.22972972972972974,0.16216216216216217,17.5,0.14705882352941177,1.0,1.0,1.3076923076923077,0.38461538461538464,0.03355704697986577,0.045627376425855515,0.08395061728395062,0
whitmta01w,6,LAS,0,0.9705882352941176,0.4117647058823529,2.6176470588235294,1.2955288985823337,0.549618320610687,3.4940021810250816,0.6223775788547148,0.03598691345706746,0.015267175406028621,47,1.3823529411764706,1.8451472191930207,0.05125408886309609,136,4.0,5.339149400218103,0.14830970394427803,3.235294117647059,4.318429661941112,0.42342342342342343,0.2972972972972973,26.970588235294116,1.0,1.0,1.6764705882352942,1.2352941176470589,0.4117647058823529,0.10218978102189781,0.12452830188679245,0.1301169590643275,0
whitmta01w,7,IND,0,1.3529411764705883,0.35294117647058826,3.2941176470588234,1.5666982024597917,0.4087038789025544,3.814569536423841,0.6787878376492219,0.04351939410104642,0.011352885417664282,58,1.7058823529411764,1.9754020813623463,0.054872279518710695,170,5.0,5.789971617786188,0.16083254341691067,2.676470588235294,3.0993377483443707,0.6304347826086957,0.5,31.08823529411765,1.0,1.0,2.764705882352941,1.297872340425532,0.2553191489361702,0.1276595744680851,0.1295774647887324,0.14814814814814814,0
whitmta01w,8,IND,0,0.5882352941176471,0.3235294117647059,3.676470588235294,0.8181818181818182,0.45,5.113636363636364,0.7352940743944661,0.02272727246900827,0.012499999857954547,31,0.9117647058823529,1.268181818181818,0.035227272326962815,156,4.588235294117647,6.381818181818182,0.17727272525826449,2.5294117647058822,3.5181818181818185,0.3563218390804598,0.22988505747126436,25.88235294117647,0.7352941176470589,1.0,2.4705882352941178,2.4285714285714284,0.5238095238095238,0.08029197080291971,0.06472491909385113,0.15375153751537515,0
whitmta01w,9,CON,0,0.5882352941176471,0.38235294117647056,3.5588235294117645,0.7903402854006587,0.5137211855104281,4.7815587266739845,0.7515527483507609,0.021953896575698174,0.014270032774203812,33,0.9705882352941176,1.3040614709110867,0.036223929349901984,154,4.529411764705882,6.0856201975850714,0.16904500363287592,2.7941176470588234,3.7541163556531285,0.34375,0.20833333333333334,26.794117647058822,0.9705882352941176,1.0,2.0,2.238095238095238,0.6190476190476191,0.1326530612244898,0.09433962264150944,0.13908045977011493,0
whitmta01w,10,CON,0,0.375,0.125,1.2916666666666667,0.8617021276595744,0.28723404255319146,2.9680851063829783,0.5961537315088977,0.023936169576165706,0.007978723192055235,12,0.5,1.1489361702127658,0.03191489276822094,43,1.7916666666666667,4.117021276595745,0.11436169908612503,1.4166666666666667,3.2553191489361706,0.34285714285714286,0.2571428571428571,15.666666666666666,0.041666666666666664,0.7058823529411765,0.8333333333333334,2.5,0.3,0.022900763358778626,0.035856573705179286,0.037484885126964934,0
whittje01w,2,WAS,0,0.0,0.25,0.0,0.0,1.8,0.0,0.0,0.0,0.0499999750000125,1,0.25,1.8,0.0499999750000125,1,0.25,1.8,0.0499999750000125,2.0,14.4,0.1111111111111111,0.0,5.0,0.0,0.11764705882352941,0.75,0.0,1.0,0.0078125,0.0,0.0,0
whittkh01w,9,IND,0,0.4090909090909091,0.5,1.0909090909090908,1.7419354838709677,2.129032258064516,4.64516129032258,0.7058821453287807,0.04838709417273687,0.0591397817666784,20,0.9090909090909091,3.870967741935484,0.10752687593941528,44,2.0,8.516129032258064,0.2365591270667136,1.9090909090909092,8.129032258064516,0.46511627906976744,0.20930232558139536,8.454545454545455,0.0,0.6470588235294118,0.5454545454545454,0.6,1.1,0.06626506024096386,0.027692307692307693,0.03080872913992298,0
whittkh01w,10,IND,0,0.0,0.0,1.0,0.0,0.0,4.32,0.5999988000024,0.0,0.0,0,0.0,0.0,0.0,3,1.0,4.32,0.1199999520000192,0.6666666666666666,2.88,0.0,0.0,8.333333333333334,0.0,0.08823529411764706,0.0,2.0,0.0,0.0,0.0,0.0038412291933418692,0
wickssu01w,1,NYL,0,0.8125,1.21875,3.125,1.3764705882352941,2.064705882352941,5.294117647058823,0.6711408945543024,0.03823529355536333,0.057352940333045,65,2.03125,3.441176470588235,0.09558823388840833,165,5.15625,8.735294117647058,0.24264705525519037,2.4375,4.129411764705882,0.8227848101265823,0.3291139240506329,21.25,0.375,0.9411764705882353,1.5625,0.7777777777777778,1.4444444444444444,0.3786407766990291,0.10526315789473684,0.15313935681470137,0
wickssu01w,2,NYL,0,1.2,1.0,3.4,2.1528239202657806,1.7940199335548173,6.099667774086379,0.7391303812224361,0.059800663458460745,0.049833886215383955,66,2.2,3.9468438538205977,0.1096345496738447,168,5.6,10.046511627906977,0.27906976280615015,2.8666666666666667,5.142857142857142,0.7586206896551724,0.41379310344827586,20.066666666666666,0.1,0.8823529411764706,1.4333333333333333,1.0,0.8108108108108109,0.3614457831325301,0.13533834586466165,0.15431164901664146,0
wickssu01w,3,NYL,0,0.7333333333333333,0.5,2.3666666666666667,1.8504672897196262,1.261682242990654,5.971962616822429,0.7029702274286903,0.051401867957900284,0.03504672815311383,37,1.2333333333333334,3.1121495327102804,0.08644859611101412,108,3.6,9.084112149532709,0.25233644270241956,2.0,5.046728971962616,0.6065573770491803,0.36065573770491804,14.266666666666667,0.0,0.8823529411764706,1.0,0.6086956521739131,0.6521739130434783,0.1485148514851485,0.08396946564885496,0.11620294599018004,0
widemja01w,1,POR,0,0.4,0.0,0.4,2.057142857142857,0.0,2.057142857142857,0.49999875000312505,0.05714284081633119,0.0,2,0.4,2.057142857142857,0.05714284081633119,4,0.8,4.114285714285714,0.11428568163266238,0.6,3.085714285714286,0.5,0.5,7.0,0.0,0.14705882352941177,1.2,0.6666666666666666,0.0,0.0,0.007518796992481203,0.0031847133757961785,0
wiggica01w,9,MIN,0,1.8,0.23333333333333334,1.9333333333333333,2.3592233009708736,0.3058252427184466,2.5339805825242716,0.5979380826867956,0.06553397978720898,0.008495145527971535,61,2.033333333333333,2.6650485436893203,0.07402912531518052,119,3.966666666666667,5.199029126213592,0.1444174739755161,3.7666666666666666,4.9368932038834945,0.5350877192982456,0.47368421052631576,27.466666666666665,0.03333333333333333,0.8823529411764706,1.9,1.6363636363636365,0.12727272727272726,0.05303030303030303,0.17419354838709677,0.07313997477931904,0
wiggica01w,10,MIN,0,1.2058823529411764,0.20588235294117646,2.0588235294117645,1.4513274336283186,0.24778761061946902,2.4778761061946906,0.6999999300000069,0.04031465053771238,0.006882989116194798,48,1.411764705882353,1.6991150442477876,0.047197639653907185,118,3.4705882352941178,4.176991150442478,0.11602753081585515,2.911764705882353,3.504424778761062,0.48,0.41,29.91176470588235,1.0,1.0,2.3823529411764706,2.0952380952380953,0.16666666666666666,0.05426356589147287,0.1357615894039735,0.09174311926605505,0
wilkibr01w,7,SAC,0,0.0,0.0,0.0,0.0,0.0,0.0,0.0,0.0,0.0,0,0.0,0.0,0.0,0,0.0,0.0,0.0,1.25,12.857142857142858,0.0,0.0,3.5,0.0,0.11764705882352941,0.5,1.0,0.0,0.0,0.0,0.0,0
wilkibr01w,9,SAS,0,0.0,0.0,0.0,,,,0.0,0.0,0.0,0,0.0,,0.0,0,0.0,,0.0,0.0,,0.0,0.0,0.0,0.0,0.029411764705882353,0.0,0.0,0.0,0.0,0.0,0.0,0
williad01w,1,PHO,0,0.5,0.14285714285714285,1.6785714285714286,1.435897435897436,0.4102564102564103,4.820512820512821,0.6619717377504595,0.03988603874968551,0.011396011071338717,18,0.6428571428571429,1.846153846153846,0.051282049821024224,65,2.3214285714285716,6.666666666666666,0.18518517990925415,1.5,4.3076923076923075,0.4186046511627907,0.32558139534883723,12.535714285714286,0.07142857142857142,0.8235294117647058,1.0357142857142858,1.0666666666666667,0.26666666666666666,0.043478260869565216,0.04895104895104895,0.07580645161290323,0
williad01w,2,PHO,0,0.6,0.2,2.16,1.44,0.48000000000000004,5.183999999999999,0.7199999040000128,0.039999998933333364,0.013333332977777787,20,0.8,1.9200000000000002,0.05333333191111115,74,2.96,7.104,0.19733332807111126,1.72,4.128,0.45454545454545453,0.3409090909090909,15.0,0.04,0.7352941176470589,1.36,0.6875,0.3125,0.03597122302158273,0.051194539249146756,0.08398133748055987,0
williad01w,3,PHO,0,1.5,0.90625,4.875,1.968109339407745,1.1890660592255127,6.396355353075171,0.7090908768595056,0.05466970324977559,0.03302961238007275,77,2.40625,3.157175398633257,0.08769931562984834,233,7.28125,9.55353075170843,0.265375851191619,2.75,3.6082004555808656,0.8651685393258427,0.5393258426966292,27.4375,0.9375,0.9411764705882353,1.96875,0.7142857142857143,0.5918367346938775,0.30526315789473685,0.1791044776119403,0.24880382775119617,0
williad01w,4,PHO,0,1.6764705882352942,0.5588235294117647,5.411764705882353,2.083248730964467,0.6944162436548224,6.7248730964467,0.7301587011841785,0.05786801971707594,0.019289339905691982,76,2.235294117647059,2.7776649746192894,0.07715735962276793,260,7.647058823529412,9.50253807106599,0.26395938818315345,2.7941176470588234,3.4720812182741114,0.7916666666666666,0.59375,28.970588235294116,0.9705882352941176,1.0,2.1470588235294117,0.5344827586206896,0.3275862068965517,0.16964285714285715,0.1832797427652733,0.2857142857142857,0
williad01w,5,PHO,1,1.0,0.45454545454545453,1.0,2.731034482758621,1.2413793103448276,2.731034482758621,0.523809274376536,0.07586206373365077,0.03448275624256853,16,1.4545454545454546,3.972413793103448,0.11034481997621931,27,2.4545454545454546,6.703448275862069,0.1862068837098701,1.4545454545454546,3.972413793103448,0.9411764705882353,0.6470588235294118,13.181818181818182,0.7272727272727273,0.3235294117647059,1.3636363636363635,0.4166666666666667,0.4166666666666667,0.036231884057971016,0.038869257950530034,0.016845329249617153,0
williad01w,5,SAS,2,0.6666666666666666,0.08333333333333333,1.8333333333333333,1.9328859060402683,0.24161073825503354,5.315436241610739,0.7857140051021411,0.05369127156434419,0.0067114089455430235,9,0.75,2.174496644295302,0.060402680509887216,31,2.5833333333333335,7.489932885906041,0.20805367731183375,1.5833333333333333,4.590604026845638,0.45,0.4,12.416666666666666,0.0,0.35294117647058826,1.0,0.8888888888888888,0.1111111111111111,0.009345794392523364,0.029304029304029304,0.03133903133903134,0
williad01w,7,MIN,0,0.78125,0.25,3.40625,1.8442622950819674,0.5901639344262295,8.040983606557377,0.7315435750641895,0.05122950714693633,0.016393442287019624,33,1.03125,2.434426229508197,0.06762294943395596,142,4.4375,10.475409836065573,0.2909836005945984,1.875,4.426229508196721,0.5409836065573771,0.4098360655737705,15.25,0.0,0.9411764705882353,0.59375,0.3076923076923077,0.3076923076923077,0.07017543859649122,0.12886597938144329,0.13540372670807455,0
williad01w,8,SAC,0,0.6470588235294118,0.17647058823529413,2.676470588235294,1.3004926108374384,0.35467980295566504,5.379310344827586,0.5986841711391993,0.036124794152302235,0.009852216586991518,28,0.8235294117647058,1.6551724137931034,0.04597701073929375,119,3.5,7.03448275862069,0.19540229564199843,1.911764705882353,3.842364532019704,0.42424242424242425,0.3333333333333333,17.91176470588235,0.058823529411764705,1.0,1.6764705882352942,1.2173913043478262,0.2608695652173913,0.058823529411764705,0.06748466257668712,0.12569060773480664,0
williad01w,9,SAC,0,0.5588235294117647,0.23529411764705882,2.911764705882353,0.9956331877729258,0.41921397379912667,5.187772925764192,0.5928143357596206,0.02765647703556802,0.011644832436028641,27,0.7941176470588235,1.4148471615720524,0.039301309471596664,126,3.7058823529411766,6.602620087336245,0.1834061108674511,2.1470588235294117,3.82532751091703,0.36486486486486486,0.25675675675675674,20.205882352941178,0.9705882352941176,1.0,1.588235294117647,1.0,0.4,0.10256410256410256,0.059375,0.1371191135734072,0
willian01w,6,PHO,0,0.25,0.4375,0.875,0.9664429530201342,1.691275167785235,3.38255033557047,0.6086953875237445,0.026845635782172094,0.04697986261880117,11,0.6875,2.6577181208053693,0.07382549840097326,25,1.5625,6.0402684563758395,0.1677852236385756,1.0625,4.10738255033557,0.6111111111111112,0.2222222222222222,9.3125,0.0,0.47058823529411764,0.6875,1.8,1.4,0.03888888888888889,0.01639344262295082,0.019417475728155338,0
willian01w,7,DET,0,0.3333333333333333,0.2857142857142857,0.47619047619047616,1.894736842105263,1.6240601503759398,2.706766917293233,0.7692301775152481,0.05263157499010714,0.04511277856294898,13,0.6190476190476191,3.518796992481203,0.09774435355305612,23,1.0952380952380953,6.2255639097744355,0.17293231782463775,0.42857142857142855,2.43609022556391,1.3,0.7,6.333333333333333,0.0,0.6176470588235294,0.7142857142857143,1.5,0.75,0.043478260869565216,0.03271028037383177,0.011350737797956867,0
willibe01w,1,IND,0,0.0,0.0,0.0,0.0,0.0,0.0,0.0,0.0,0.0,0,0.0,0.0,0.0,0,0.0,0.0,0.0,2.0,24.0,0.0,0.0,3.0,0.0,0.029411764705882353,0.0,0.0,0.0,0.0,0.0,0.0,0
willile01w,5,CON,0,0.34782608695652173,0.08695652173913043,0.9130434782608695,1.6457142857142857,0.4114285714285714,4.32,0.48837197944837685,0.04571428310204097,0.011428570775510242,10,0.43478260869565216,2.057142857142857,0.057142853877551206,31,1.3478260869565217,6.377142857142856,0.17714284702040875,0.6956521739130435,3.2914285714285714,0.5882352941176471,0.47058823529411764,7.608695652173913,0.0,0.6764705882352942,0.5217391304347826,0.7777777777777778,0.2222222222222222,0.020618556701030927,0.02666666666666667,0.028965517241379312,0
willile01w,6,CON,0,0.1111111111111111,0.0,0.3888888888888889,0.7912087912087913,0.0,2.769230769230769,0.41176446366796254,0.021978019562854993,0.0,2,0.1111111111111111,0.7912087912087913,0.021978019562854993,9,0.5,3.5604395604395602,0.09890108803284746,0.8888888888888888,6.32967032967033,0.11764705882352941,0.11764705882352941,5.055555555555555,0.0,0.5294117647058824,0.7777777777777778,1.0,0.0,0.0,0.008438818565400843,0.008871989860583017,0
willile01w,7,CON,0,0.1724137931034483,0.0,1.206896551724138,0.861244019138756,0.0,6.028708133971293,0.6363635206611781,0.02392344383141417,0.0,5,0.1724137931034483,0.861244019138756,0.02392344383141417,40,1.3793103448275863,6.889952153110048,0.19138755065131335,0.7931034482758621,3.9617224880382778,0.20833333333333334,0.20833333333333334,7.206896551724138,0.0,0.8529411764705882,0.5172413793103449,2.8333333333333335,0.0,0.0,0.019762845849802372,0.037756202804746494,0
willile01w,8,CON,0,0.2857142857142857,0.21428571428571427,1.7857142857142858,0.9,0.6749999999999999,5.625,0.6493505650194071,0.024999999218750027,0.01874999941406252,14,0.5,1.575,0.043749998632812544,64,2.2857142857142856,7.2,0.19999999375000022,1.5714285714285714,4.95,0.3111111111111111,0.17777777777777778,11.428571428571429,0.17857142857142858,0.8235294117647058,0.6785714285714286,1.2222222222222223,0.6666666666666666,0.03821656050955414,0.029304029304029304,0.05753739930955121,0
willile01w,9,PHO,0,0.6470588235294118,0.20588235294117646,3.411764705882353,0.9496402877697842,0.302158273381295,5.0071942446043165,0.5742573973139902,0.026378896566200283,0.008393285271063726,29,0.8529411764705882,1.2517985611510791,0.03477218183726401,145,4.264705882352941,6.258992805755396,0.17386090918632005,3.411764705882353,5.0071942446043165,0.24786324786324787,0.18803418803418803,24.529411764705884,0.7941176470588235,1.0,1.3529411764705883,1.2608695652173914,0.30434782608695654,0.044585987261146494,0.0944206008583691,0.13615023474178403,0
willile01w,10,PHO,0,0.6470588235294118,0.2647058823529412,2.323529411764706,1.1107994389901823,0.4544179523141655,3.9887798036465636,0.5524475138148591,0.030855539539192994,0.012622720720578953,31,0.9117647058823529,1.5652173913043477,0.043478260259771945,110,3.235294117647059,5.553997194950911,0.15427769769596497,2.676470588235294,4.594670406732118,0.33695652173913043,0.2391304347826087,20.970588235294116,1.0,1.0,1.3529411764705883,1.5217391304347827,0.391304347826087,0.04945054945054945,0.09734513274336283,0.08710033076074973,0
willile02w,3,DET,0,0.14814814814814814,0.0,0.4444444444444444,0.8135593220338984,0.0,2.440677966101695,0.6315786149586237,0.022598868779724928,0.0,4,0.14814814814814814,0.8135593220338984,0.022598868779724928,16,0.5925925925925926,3.2542372881355934,0.09039547511889971,0.5555555555555556,3.0508474576271185,0.25,0.25,6.555555555555555,0.0,0.7941176470588235,0.5185185185185185,0.8,0.0,0.0,0.019801980198019802,0.016666666666666666,0
willili01w,7,LAS,0,1.0833333333333333,0.0,1.25,2.9250000000000003,0.0,3.375,0.697674256354824,0.08124999746093758,0.0,26,1.0833333333333333,2.9250000000000003,0.08124999746093758,56,2.3333333333333335,6.3,0.17499999453125017,1.0416666666666667,2.8125,1.0,1.0,13.333333333333334,0.0,0.7058823529411765,0.7083333333333334,0.37037037037037035,0.0,0.0,0.08754208754208755,0.035169988276670575,0
willili01w,8,LAS,1,0.5,0.125,0.875,1.8701298701298703,0.4675324675324676,3.272727272727273,0.7777769135812072,0.05194804520155257,0.012987011300388143,5,0.625,2.3376623376623376,0.06493505650194072,12,1.5,5.6103896103896105,0.1558441356046577,1.25,4.675324675324675,0.45454545454545453,0.36363636363636365,9.625,0.0,0.23529411764705882,1.25,0.8,0.2,0.009259259259259259,0.016260162601626018,0.008928571428571428,0
willili01w,8,NYL,2,0.625,0.0,0.9375,2.2929936305732483,0.0,3.4394904458598727,0.5555553497943149,0.0636942634589641,0.0,10,0.625,2.2929936305732483,0.0636942634589641,25,1.5625,5.732484076433121,0.15923565864741027,0.875,3.2101910828025475,0.6666666666666666,0.6666666666666666,9.8125,0.0,0.47058823529411764,1.5,0.8181818181818182,0.0,0.0,0.034482758620689655,0.019011406844106463,0
willili01w,9,NYL,0,0.8529411764705882,0.14705882352941177,1.4705882352941178,2.279475982532751,0.3930131004366812,3.9301310043668125,0.8620688168846867,0.0633187759100704,0.010917030329322482,34,1.0,2.6724890829694328,0.07423580623939288,84,2.4705882352941178,6.602620087336245,0.1834061095326177,1.3235294117647058,3.5371179039301306,0.7391304347826086,0.6304347826086957,13.470588235294118,0.058823529411764705,1.0,0.9117647058823529,0.4666666666666667,0.16666666666666666,0.0423728813559322,0.09965635738831616,0.06418485237483953,0
willili01w,10,SAC,0,0.0,0.0,0.0,0.0,0.0,0.0,0.0,0.0,0.0,0,0.0,0.0,0.0,0,0.0,0.0,0.0,0.5,7.2,0.0,0.0,2.5,0.0,0.058823529411764705,0.5,0.0,0.0,0.0,0.0,0.0,0
willina01w,1,UTA,0,1.206896551724138,0.6206896551724138,7.0344827586206895,1.2127045235803657,0.6236766121270452,7.068334937439846,0.6071428390731298,0.033686236441903404,0.01732435017012175,53,1.8275862068965518,1.836381135707411,0.051010586612025156,257,8.862068965517242,8.904716073147258,0.247353221873405,4.275862068965517,4.296438883541867,0.424,0.28,35.827586206896555,1.0,0.8529411764705882,2.7241379310344827,1.4166666666666667,0.5,0.11392405063291139,0.16279069767441862,0.2783083219645293,0
willina01w,2,UTA,0,1.3225806451612903,0.3225806451612903,6.354838709677419,1.3872180451127818,0.3383458646616541,6.665413533834586,0.6396103688438193,0.03853383422430607,0.009398496152269772,51,1.6451612903225807,1.725563909774436,0.04793233037657584,248,8.0,8.390977443609023,0.23308270457629038,4.129032258064516,4.330827067669173,0.3953488372093023,0.3178294573643411,34.32258064516129,1.0,0.9117647058823529,2.2580645161290325,1.3095238095238095,0.23809523809523808,0.06369426751592357,0.2019704433497537,0.2538659793814433,0
willina01w,3,UTA,0,1.2258064516129032,0.5161290322580645,4.838709677419355,1.357142857142857,0.5714285714285714,5.357142857142857,0.5882352710495972,0.03769841232442051,0.015873015715545478,54,1.7419354838709677,1.9285714285714284,0.05357142803996599,204,6.580645161290323,7.285714285714286,0.20238095037320486,3.935483870967742,4.357142857142857,0.43902439024390244,0.3089430894308943,32.516129032258064,1.0,0.9117647058823529,2.3225806451612905,0.9743589743589743,0.41025641025641024,0.0893854748603352,0.16593886462882096,0.2077562326869806,0
willina01w,4,IND,0,1.2647058823529411,0.6176470588235294,4.294117647058823,1.4686907020872864,0.7172675521821632,4.986717267552182,0.5725489971549412,0.04079696355980111,0.019924098482693563,64,1.8823529411764706,2.18595825426945,0.06072106204249467,210,6.176470588235294,7.172675521821632,0.19924098482693564,4.0588235294117645,4.7134724857685,0.460431654676259,0.30935251798561153,31.0,1.0,1.0,2.0588235294117645,1.0454545454545454,0.4772727272727273,0.1721311475409836,0.14333333333333334,0.22290076335877862,0
willina01w,5,IND,0,1.1764705882352942,0.6764705882352942,4.176470588235294,1.506276150627615,0.8661087866108786,5.347280334728033,0.604255293435945,0.041841003746433014,0.024058577154198985,63,1.8529411764705883,2.3723849372384938,0.065899580900632,205,6.029411764705882,7.719665271966527,0.21443514420046922,3.588235294117647,4.594142259414226,0.5121951219512195,0.3252032520325203,28.11764705882353,1.0,1.0,1.911764705882353,1.5121951219512195,0.5609756097560976,0.17037037037037037,0.15267175572519084,0.20113314447592068,0
willina01w,6,IND,0,1.0294117647058822,0.35294117647058826,3.2941176470588234,1.5671641791044777,0.5373134328358209,5.014925373134329,0.6021505052607256,0.04353233776701072,0.014925372948689392,47,1.3823529411764706,2.1044776119402986,0.05845771071570012,159,4.676470588235294,7.119402985074626,0.19776119157013444,3.088235294117647,4.701492537313433,0.44339622641509435,0.330188679245283,23.647058823529413,1.0,1.0,1.6470588235294117,0.8611111111111112,0.3333333333333333,0.125,0.10385756676557864,0.16666666666666666,0
williri01w,1,IND,0,2.375,0.09375,2.28125,2.6982248520710055,0.10650887573964497,2.5917159763313613,0.7684209717451609,0.07495068959614705,0.0029585798524794887,79,2.46875,2.8047337278106506,0.07790926944862654,152,4.75,5.396449704142011,0.1499013791922941,2.15625,2.4497041420118344,1.1285714285714286,1.0857142857142856,31.6875,0.90625,0.9411764705882353,2.15625,1.3116883116883118,0.03896103896103896,0.023622047244094488,0.27941176470588236,0.11265432098765432,0
williri01w,2,IND,0,2.25,0.34375,2.46875,2.487523992322457,0.3800383877159309,2.72936660268714,0.7596153115754508,0.06909788801249628,0.010556621779686932,83,2.59375,2.867562380038388,0.0796545097921832,162,5.0625,5.596928982725529,0.15547024802811663,2.21875,2.452975047984645,1.1527777777777777,1.0,32.5625,0.90625,0.9411764705882353,3.125,1.5616438356164384,0.1506849315068493,0.09243697478991597,0.2962962962962963,0.12153846153846154,0
williri01w,3,HOU,2,1.2222222222222223,0.0,0.6666666666666666,4.658823529411765,0.0,2.541176470588235,0.9999983333361112,0.12941174948097064,0.0,11,1.2222222222222223,4.658823529411765,0.12941174948097064,17,1.8888888888888888,7.2,0.199999976470591,1.2222222222222223,4.658823529411765,0.9166666666666666,0.9166666666666666,9.444444444444445,0.0,0.2647058823529412,1.1111111111111112,0.5833333333333334,0.0,0.0,0.0421455938697318,0.008534850640113799,0
williri01w,3,IND,1,1.05,0.1,1.35,1.5619834710743803,0.1487603305785124,2.0082644628099175,0.7297295325055317,0.04338842885561098,0.004132231319581998,23,1.15,1.7107438016528926,0.04752066017519298,50,2.5,3.71900826446281,0.10330578298954994,1.7,2.5289256198347108,0.6571428571428571,0.6,24.2,0.05,0.5882352941176471,1.45,1.9545454545454546,0.09090909090909091,0.019801980198019802,0.07806691449814127,0.04258675078864353,0
williri01w,4,SEA,0,0.4375,0.0,0.59375,1.3228346456692912,0.0,1.795275590551181,0.8636359710745586,0.03674540585970064,0.0,14,0.4375,1.3228346456692912,0.03674540585970064,33,1.03125,3.1181102362204722,0.08661417095500865,1.0625,3.2125984251968505,0.4,0.4,11.90625,0.0,0.9411764705882353,0.84375,2.7333333333333334,0.0,0.0,0.060085836909871244,0.02592087312414734,0
willish01w,4,LAS,0,0.24,0.0,0.84,0.9432314410480349,0.0,3.3013100436681224,0.656249794921939,0.026200872218302522,0.0,6,0.24,0.9432314410480349,0.026200872218302522,27,1.08,4.244541484716157,0.11790392498236135,1.0,3.9301310043668125,0.23076923076923078,0.23076923076923078,9.16,0.12,0.7352941176470589,0.28,2.7142857142857144,0.0,0.0,0.024691358024691357,0.025798525798525797,0
willita01w,1,POR,0,0.3076923076923077,0.07692307692307693,0.46153846153846156,1.6551724137931034,0.41379310344827586,2.4827586206896552,0.7058819377165072,0.04597700885189604,0.01149425221297401,10,0.38461538461538464,2.0689655172413794,0.05747126106487005,22,0.8461538461538461,4.551724137931035,0.1264367743427141,1.0,5.379310344827586,0.37037037037037035,0.2962962962962963,6.6923076923076925,0.0,0.7647058823529411,0.38461538461538464,1.4444444444444444,0.2222222222222222,0.02127659574468085,0.03007518796992481,0.01910828025477707,0
willito01w,5,SAS,0,1.3461538461538463,0.19230769230769232,1.2307692307692308,3.02158273381295,0.4316546762589928,2.7625899280575537,0.8205126101249717,0.08393285170424816,0.011990407386321166,40,1.5384615384615385,3.4532374100719423,0.09592325909056933,72,2.769230769230769,6.215827338129497,0.1726618663630248,1.3846153846153846,3.1079136690647484,1.0810810810810811,0.9459459459459459,16.03846153846154,0.15384615384615385,0.7647058823529411,1.1923076923076923,1.1944444444444444,0.1388888888888889,0.04672897196261682,0.1282051282051282,0.045584045584045586,0
williwe01w,2,LAS,0,0.07692307692307693,0.0,0.3076923076923077,0.7659574468085106,0.0,3.0638297872340425,0.7999984000032001,0.021276591217746547,0.0,1,0.07692307692307693,0.7659574468085106,0.021276591217746547,5,0.38461538461538464,3.8297872340425534,0.10638295608873274,0.0,0.0,1.0,1.0,3.6153846153846154,0.0,0.38235294117647056,0.15384615384615385,1.5,0.0,0.0,0.0035460992907801418,0.005291005291005291,0
wilsoam01w,1,PHO,0,0.0,0.0,0.3333333333333333,0.0,0.0,4.0,0.9999900000999989,0.0,0.0,0,0.0,0.0,0.0,1,0.3333333333333333,4.0,0.11111098765445816,0.6666666666666666,8.0,0.0,0.0,3.0,0.0,0.08823529411764706,0.0,1.0,0.0,0.0,0.0,0.0016129032258064516,0
wirthch01w,10,IND,0,0.14285714285714285,0.047619047619047616,0.5714285714285714,0.9,0.3,3.6,0.7999994666670223,0.02499999791666684,0.008333332638888946,4,0.19047619047619047,1.2,0.03333333055555578,16,0.7619047619047619,4.8,0.13333332222222313,0.5714285714285714,3.6,0.3076923076923077,0.23076923076923078,5.714285714285714,0.0,0.6176470588235294,0.14285714285714285,3.25,0.25,0.00847457627118644,0.008021390374331552,0.015364916773367477,0
wisdoli01w,10,LAS,0,0.10344827586206896,0.27586206896551724,0.9310344827586207,0.5482233502538071,1.4619289340101522,4.934010152284264,0.6585364247472134,0.015228425622922558,0.04060913499446015,11,0.3793103448275862,2.0101522842639596,0.05583756061738271,38,1.3103448275862069,6.944162436548223,0.19289339122368573,0.41379310344827586,2.1928934010152283,0.8461538461538461,0.23076923076923078,6.793103448275862,0.0,0.8529411764705882,0.5172413793103449,2.0,2.0,0.04790419161676647,0.013761467889908258,0.030542986425339366,0
witheso01w,1,POR,0,1.1875,0.25,2.5625,1.289349670122526,0.2714420358152686,2.7822808671065036,0.7809523065759708,0.03581526827695317,0.007540056479358563,46,1.4375,1.5607917059377945,0.043355324756311736,128,4.0,4.343072573044298,0.12064090366973701,2.25,2.4429783223374173,0.6301369863013698,0.5205479452054794,33.15625,1.0,0.9411764705882353,2.75,1.7435897435897436,0.20512820512820512,0.0851063829787234,0.14285714285714285,0.1305732484076433,0
witheso01w,2,POR,0,0.967741935483871,0.25806451612903225,1.7419354838709677,1.2529002320185614,0.33410672853828305,2.2552204176334105,0.7297296311176174,0.03480278381899323,0.009280742351731527,38,1.2258064516129032,1.5870069605568444,0.04408352617072476,92,2.967741935483871,3.842227378190255,0.10672853704491257,1.903225806451613,2.4640371229698377,0.6333333333333333,0.5,27.806451612903224,0.967741935483871,0.9117647058823529,2.3225806451612905,1.7419354838709677,0.25806451612903225,0.07476635514018691,0.12244897959183673,0.07747489239598278,0
witheso01w,3,LAS,0,0.41935483870967744,0.06451612903225806,0.6451612903225806,1.3072625698324023,0.2011173184357542,2.011173184357542,0.6896549346017466,0.03631284814768581,0.005586592022720893,15,0.4838709677419355,1.5083798882681563,0.0418994401704067,35,1.1290322580645162,3.519553072625698,0.09776536039761564,0.8709677419354839,2.7150837988826817,0.5357142857142857,0.4642857142857143,11.548387096774194,0.03225806451612903,0.9117647058823529,0.7096774193548387,2.0714285714285716,0.14285714285714285,0.012345679012345678,0.050387596899224806,0.024539877300613498,0
witheso01w,4,LAS,0,0.30434782608695654,0.0,0.5652173913043478,1.0723404255319149,0.0,1.9914893617021274,0.6842101662051757,0.02978723277501137,0.0,7,0.30434782608695654,1.0723404255319149,0.02978723277501137,20,0.8695652173913043,3.0638297872340425,0.08510637935717534,0.7391304347826086,2.604255319148936,0.3888888888888889,0.3888888888888889,10.217391304347826,0.08695652173913043,0.6764705882352942,0.30434782608695654,0.5,0.0,0.0,0.02880658436213992,0.01597051597051597,0
wolteka01w,1,IND,0,0.3870967741935484,1.5806451612903225,3.806451612903226,0.544766708701135,2.2244640605296344,5.35687263556116,0.719512151249259,0.015132408384206705,0.06179066756884404,61,1.967741935483871,2.769230769230769,0.07692307595305074,179,5.774193548387097,8.12610340479193,0.22572509173108335,3.193548387096774,4.494325346784363,0.61,0.12,25.580645161290324,0.967741935483871,0.9117647058823529,2.3548387096774195,3.0,3.769230769230769,0.3858267716535433,0.04411764705882353,0.18209876543209877,0
wolteka01w,2,SAC,0,0.12903225806451613,0.8064516129032258,1.7096774193548387,0.38095238095238093,2.380952380952381,5.0476190476190474,0.7162161194302541,0.010582010302063221,0.06613756438789513,29,0.9354838709677419,2.761904761904762,0.07671957468995835,82,2.6451612903225805,7.809523809523809,0.21693121119229603,1.7741935483870968,5.238095238095238,0.5178571428571429,0.07142857142857142,12.193548387096774,0.03225806451612903,0.9117647058823529,1.064516129032258,3.4,5.0,0.15723270440251572,0.01444043321299639,0.07320441988950276,0
wolteka01w,3,SAC,0,0.0,0.21428571428571427,1.0714285714285714,0.0,1.3846153846153846,6.923076923076923,0.6521736294897263,0.0,0.03846153353057262,3,0.21428571428571427,1.3846153846153846,0.03846153353057262,18,1.2857142857142858,8.307692307692308,0.23076920118343575,1.2857142857142858,8.307692307692308,0.15789473684210525,0.0,5.571428571428571,0.0,0.4117647058823529,0.42857142857142855,3.0,3.0,0.02727272727272727,0.0,0.023112480739599383,0
wolvean01w,2,CLE,0,0.0,0.0,0.0,0.0,0.0,0.0,0.0,0.0,0.0,0,0.0,0.0,0.0,0,0.0,0.0,0.0,1.0,7.2,0.0,0.0,5.0,0.0,0.029411764705882353,0.0,0.0,0.0,0.0,0.0,0.0,0
wrighsh01w,5,PHO,0,0.125,0.041666666666666664,0.4166666666666667,0.4444444444444444,0.14814814814814817,1.4814814814814814,0.37037023319620993,0.012345678504293066,0.004115226168097688,4,0.16666666666666666,0.5925925925925927,0.016460904672390753,14,0.5833333333333334,2.074074074074074,0.05761316635336764,0.7916666666666666,2.814814814814815,0.2,0.15,10.125,0.0,0.7058823529411765,0.625,2.0,0.25,0.007246376811594203,0.01060070671378092,0.015313935681470138,0
wrighsh01w,6,PHO,0,0.56,0.12,1.28,1.4566473988439306,0.3121387283236994,3.329479768786127,0.6399998720000255,0.04046242657623045,0.00867051998062081,17,0.68,1.7687861271676302,0.049132946556851256,49,1.96,5.098265895953758,0.14161849301680657,0.52,1.3526011560693643,1.2142857142857142,1.0,13.84,0.2,0.7352941176470589,1.12,1.5333333333333334,0.2,0.016666666666666666,0.05737704918032787,0.044382801664355064,0
wrighta01w,6,SEA,0,0.5294117647058824,0.08823529411764706,1.088235294117647,1.227272727272727,0.20454545454545456,2.5227272727272725,0.6491226931363696,0.034090908445247946,0.005681818074207991,21,0.6176470588235294,1.4318181818181819,0.03977272651945594,58,1.7058823529411764,3.9545454545454546,0.10984848276802117,1.7647058823529411,4.090909090909091,0.3442622950819672,0.29508196721311475,15.529411764705882,0.23529411764705882,1.0,1.1764705882352942,2.789473684210526,0.15789473684210525,0.018867924528301886,0.0891089108910891,0.047619047619047616,0
wrighta01w,7,SEA,0,0.3333333333333333,0.06060606060606061,1.2424242424242424,0.7795275590551181,0.14173228346456693,2.9055118110236218,0.6833332194444633,0.02165354288083577,0.003937007796515595,13,0.3939393939393939,0.9212598425196851,0.025590550677351366,54,1.6363636363636365,3.8267716535433074,0.10629921050592106,1.606060606060606,3.7559055118110236,0.24074074074074073,0.2037037037037037,15.393939393939394,0.0,0.9705882352941176,1.5757575757575757,3.4166666666666665,0.16666666666666666,0.015625,0.04721030042918455,0.049878345498783457,0
wrighta01w,8,SEA,0,0.9117647058823529,0.058823529411764705,0.7647058823529411,2.0402193784277878,0.1316270566727605,1.7111517367458866,0.6046510221741809,0.05667275947581793,0.003656307062955995,33,0.9705882352941176,2.1718464351005484,0.06032906653877392,59,1.7352941176470589,3.882998171846435,0.10786105835720186,1.6470588235294117,3.6855575868372945,0.5789473684210527,0.543859649122807,16.08823529411765,0.14705882352941177,1.0,1.6176470588235294,2.15625,0.0625,0.013157894736842105,0.12757201646090535,0.031668696711327646,0
wrighta01w,9,SEA,0,0.9117647058823529,0.23529411764705882,2.4705882352941178,1.381188118811881,0.3564356435643564,3.7425742574257423,0.7241378686088044,0.038366336158832476,0.009900989976472896,39,1.1470588235294117,1.7376237623762376,0.04826732613530537,123,3.6176470588235294,5.48019801980198,0.15222772088827077,2.764705882352941,4.188118811881188,0.4105263157894737,0.3263157894736842,23.764705882352942,0.4117647058823529,1.0,2.2941176470588234,2.625,0.25,0.05673758865248227,0.11481481481481481,0.10206561360874848,0
wrighta01w,10,SEA,0,1.5151515151515151,0.30303030303030304,2.212121212121212,1.6791044776119404,0.33582089552238803,2.451492537313433,0.6239315706041393,0.04664179060968479,0.009328358121936957,60,1.8181818181818181,2.0149253731343286,0.05597014873162175,133,4.03030303030303,4.4664179104477615,0.12406716302176155,3.606060606060606,3.996268656716418,0.5,0.4166666666666667,32.484848484848484,1.0,0.9705882352941176,2.5757575757575757,2.5294117647058822,0.19607843137254902,0.06622516556291391,0.18050541516245489,0.09252217997465145,0
wyckobr01w,2,ORL,0,0.8125,0.46875,2.3125,1.4444444444444444,0.8333333333333333,4.111111111111111,0.6065573273313666,0.04012345617093432,0.023148147790923647,41,1.28125,2.2777777777777777,0.06327160396185796,115,3.59375,6.388888888888889,0.17746913306374795,2.84375,5.055555555555556,0.44565217391304346,0.2826086956521739,20.25,0.84375,0.9411764705882353,1.5625,1.3703703703703705,0.5555555555555556,0.11904761904761904,0.08099688473520249,0.12032520325203253,0
wyckobr01w,3,ORL,0,0.59375,0.5625,1.9375,1.3307392996108949,1.2607003891050583,4.342412451361867,0.6888888123456874,0.036964979825584054,0.03501945457160594,37,1.15625,2.591439688715953,0.07198443439718999,99,3.09375,6.933852140077821,0.1926070001438327,2.21875,4.972762645914397,0.5138888888888888,0.2638888888888889,16.0625,0.15625,0.9411764705882353,0.9375,1.6,0.9,0.15789473684210525,0.06418918918918919,0.1040268456375839,0
wyckobr01w,4,CON,0,0.9705882352941176,0.5588235294117647,2.8823529411764706,1.5735099337748346,0.9059602649006623,4.672847682119205,0.6712328307374773,0.04370860869260121,0.025165562580588576,52,1.5294117647058822,2.4794701986754966,0.06887417127318979,150,4.411764705882353,7.152317880794701,0.19867549405727822,3.2058823529411766,5.1973509933774835,0.4727272727272727,0.3,22.205882352941178,0.6470588235294118,1.0,1.1470588235294117,1.0294117647058822,0.5588235294117647,0.16964285714285715,0.12177121771217712,0.12844036697247707,0
wyckobr01w,6,CON,0,0.38235294117647056,0.2647058823529412,2.0588235294117645,0.785234899328859,0.5436241610738255,4.228187919463087,0.7368420277008392,0.021812080170938254,0.015100670887572637,22,0.6470588235294118,1.3288590604026846,0.03691275105851089,92,2.7058823529411766,5.557046979865772,0.15436241351740917,2.411764705882353,4.953020134228188,0.26506024096385544,0.1566265060240964,17.529411764705884,0.029411764705882353,1.0,0.8235294117647058,2.5,0.6428571428571429,0.06870229007633588,0.05485232067510549,0.08871989860583017,0
wyckobr01w,7,CHI,0,0.9333333333333333,0.8,1.6666666666666667,1.4608695652173913,1.2521739130434784,2.608695652173913,0.624999843750039,0.04057970896870409,0.03478260768746065,26,1.7333333333333334,2.71304347826087,0.07536231665616475,51,3.4,5.321739130434783,0.14782608267170777,2.6666666666666665,4.173913043478261,0.6341463414634146,0.34146341463414637,23.0,0.8666666666666667,0.4411764705882353,1.0666666666666667,2.2,0.8,0.09523809523809523,0.050359712230215826,0.03671071953010279,0
wyckobr01w,8,CHI,0,0.5882352941176471,0.5294117647058824,2.4705882352941178,1.3846153846153846,1.2461538461538462,5.815384615384616,0.7777777057613235,0.03846153772189351,0.034615383949704155,38,1.1176470588235294,2.6307692307692307,0.07307692167159767,122,3.588235294117647,8.446153846153846,0.2346153801035504,2.3823529411764706,5.607692307692307,0.4634146341463415,0.24390243902439024,15.294117647058824,0.20588235294117646,1.0,0.7941176470588235,2.238095238095238,0.8571428571428571,0.1592920353982301,0.07604562737642585,0.10727969348659004,0
wyckobr01w,9,CHI,0,0.4117647058823529,0.5882352941176471,1.911764705882353,0.8484848484848485,1.2121212121212122,3.9393939393939394,0.8227847059766195,0.02356902317223867,0.0336700331031981,34,1.0,2.0606060606060606,0.05723905627543677,99,2.911764705882353,6.0,0.1666666638608306,2.3529411764705883,4.848484848484849,0.41975308641975306,0.1728395061728395,17.470588235294116,0.6764705882352942,1.0,1.0,3.066666666666667,1.3333333333333333,0.13333333333333333,0.05185185185185185,0.08430609597924774,0
wyckobr01w,10,CHI,0,0.37037037037037035,0.7407407407407407,2.074074074074074,0.6779661016949152,1.3559322033898304,3.7966101694915255,0.7671231825858653,0.018832391359088676,0.03766478271817735,30,1.1111111111111112,2.0338983050847457,0.056497174077266024,86,3.185185185185185,5.830508474576271,0.1619585656881626,2.259259259259259,4.135593220338984,0.4838709677419355,0.16129032258064516,19.666666666666668,0.8518518518518519,0.7941176470588235,1.0740740740740742,3.4545454545454546,1.8181818181818181,0.14388489208633093,0.04,0.07207207207207207,0
wynneda01w,2,SAC,0,0.0,1.0,0.0,0.0,12.0,0.0,0.0,0.0,0.3333322222259259,1,1.0,12.0,0.3333322222259259,1,1.0,12.0,0.3333322222259259,2.0,24.0,0.3333333333333333,0.0,3.0,0.0,0.029411764705882353,0.0,0.0,1.0,0.006289308176100629,0.0,0.0,0
yamasli01w,3,MIA,0,0.26666666666666666,0.06666666666666667,0.8,0.9795918367346939,0.24489795918367346,2.9387755102040813,0.7999994666670223,0.027210882502661054,0.0068027206256652635,5,0.3333333333333333,1.2244897959183674,0.03401360312832632,17,1.1333333333333333,4.163265306122449,0.11564625063630948,1.3333333333333333,4.8979591836734695,0.23809523809523808,0.19047619047619047,9.8,0.0,0.4411764705882353,0.6666666666666666,1.8,0.2,0.010309278350515464,0.014545454545454545,0.020905923344947737,0
yamasli01w,4,NYL,0,0.16666666666666666,0.0,0.4583333333333333,0.972972972972973,0.0,2.675675675675676,0.9166659027784144,0.027027025200876676,0.0,4,0.16666666666666666,0.972972972972973,0.027027025200876676,15,0.625,3.6486486486486487,0.10135134450328753,0.7916666666666666,4.621621621621621,0.2,0.2,6.166666666666667,0.041666666666666664,0.7058823529411765,0.20833333333333334,1.8,0.0,0.0,0.015209125475285171,0.01601164483260553,0
yilmane01w,4,PHO,0,0.0,0.0,0.0,0.0,0.0,0.0,0.0,0.0,0.0,0,0.0,0.0,0.0,0,0.0,0.0,0.0,1.4,7.411764705882352,0.0,0.0,6.8,0.2,0.14705882352941177,0.8,2.0,0.0,0.0,0.0,0.0,0
yilmane01w,5,SAS,0,0.42857142857142855,0.14285714285714285,1.0,1.4025974025974026,0.4675324675324676,3.272727272727273,0.6999993000007,0.03896103390116443,0.012987011300388143,4,0.5714285714285714,1.8701298701298703,0.05194804520155257,11,1.5714285714285714,5.142857142857142,0.14285712430426956,2.142857142857143,7.012987012987013,0.25,0.1875,11.0,0.0,0.20588235294117646,0.5714285714285714,0.5,0.25,0.009345794392523364,0.01098901098901099,0.009971509971509971,0
youngca01w,2,POR,0,0.6086956521739131,0.043478260869565216,1.0434782608695652,1.806451612903226,0.12903225806451613,3.0967741935483875,0.7058821453287807,0.050179209670996074,0.0035842292622140053,15,0.6521739130434783,1.935483870967742,0.05376343893321008,39,1.6956521739130435,5.032258064516128,0.13978494122634622,1.173913043478261,3.4838709677419355,0.5357142857142857,0.5,12.130434782608695,0.043478260869565216,0.6764705882352942,1.173913043478261,1.0,0.06666666666666667,0.009345794392523364,0.05714285714285714,0.03443328550932568,0
youngca01w,3,POR,0,0.21052631578947367,0.0,0.47368421052631576,0.7741935483870969,0.0,1.7419354838709677,0.6428566836737974,0.021505375187883053,0.0,4,0.21052631578947367,0.7741935483870969,0.021505375187883053,13,0.6842105263157895,2.516129032258064,0.06989246936061992,0.9473684210526315,3.4838709677419355,0.21052631578947367,0.21052631578947367,9.789473684210526,0.0,0.5588235294117647,0.9473684210526315,2.4,0.0,0.0,0.016666666666666666,0.014018691588785047,0
youngso01w,7,SAS,0,1.6764705882352942,0.38235294117647056,5.0588235294117645,1.9413434247871335,0.4427625354777673,5.8580889309366135,0.6692606743478338,0.05392620573390534,0.012298959202469638,70,2.0588235294117645,2.384105960264901,0.06622516493637498,242,7.117647058823529,8.242194891201514,0.22894985592289635,2.0588235294117645,2.384105960264901,0.9859154929577465,0.8028169014084507,31.08823529411765,1.0,1.0,1.3235294117647058,0.8620689655172413,0.22413793103448276,0.15476190476190477,0.23076923076923078,0.21104294478527608,0
youngso01w,8,SAS,0,1.4848484848484849,0.36363636363636365,3.6666666666666665,1.5949367088607596,0.39059674502712477,3.938517179023508,0.6269429726972553,0.0443037970677776,0.010849909485986351,61,1.8484848484848484,1.9855334538878842,0.055153706553763955,182,5.515151515151516,5.924050632911392,0.16455696053745966,3.0303030303030303,3.2549728752260396,0.6039603960396039,0.48514851485148514,33.515151515151516,1.0,0.9705882352941176,1.8484848484848484,1.02,0.24,0.0916030534351145,0.17253521126760563,0.15816993464052287,0
youngso01w,9,SAS,0,1.606060606060606,0.5151515151515151,4.0606060606060606,1.810246679316888,0.5806451612903225,4.576850094876661,0.7204300687940823,0.0502846295039409,0.016129032105037647,70,2.121212121212121,2.3908918406072104,0.06641366160897855,204,6.181818181818182,6.967741935483871,0.19354838526045176,2.606060606060606,2.9373814041745727,0.8045977011494253,0.6091954022988506,31.939393939393938,1.0,0.9705882352941176,1.7272727272727273,1.3888888888888888,0.3148148148148148,0.11258278145695365,0.19413919413919414,0.1580188679245283,0
youngso01w,10,SAS,0,1.3333333333333333,0.48484848484848486,4.424242424242424,1.423180592991914,0.5175202156334232,4.722371967654987,0.6790697358572215,0.03953279389458406,0.014375561416212386,60,1.8181818181818181,1.940700808625337,0.05390835531079645,206,6.242424242424242,6.663072776280323,0.18508535323373448,2.0303030303030303,2.1671159029649596,0.8823529411764706,0.6470588235294118,33.72727272727273,1.0,0.9705882352941176,1.878787878787879,1.2,0.35555555555555557,0.13675213675213677,0.17054263565891473,0.18985695708712613,0
youngta01w,9,ATL,0,0.9090909090909091,0.30303030303030304,2.878787878787879,1.4496644295302012,0.4832214765100671,4.590604026845638,0.6834531882407778,0.04026845583532274,0.013422818611774247,40,1.2121212121212122,1.9328859060402683,0.05369127444709699,135,4.090909090909091,6.523489932885906,0.18120805125895234,2.9393939393939394,4.687248322147651,0.40816326530612246,0.30612244897959184,22.575757575757574,0.45454545454545453,0.9705882352941176,1.7878787878787878,1.3225806451612903,0.3225806451612903,0.06993006993006994,0.1048951048951049,0.12872628726287264,0
youngta01w,10,ATL,1,0.5454545454545454,0.09090909090909091,0.7272727272727273,2.958904109589041,0.4931506849315068,3.9452054794520546,0.5714281632655976,0.08219176956277129,0.013698628260461882,7,0.6363636363636364,3.4520547945205475,0.09589039782323316,15,1.3636363636363635,7.397260273972602,0.20547942390692822,0.8181818181818182,4.438356164383562,0.7,0.6,6.636363636363637,0.0,0.3235294117647059,0.8181818181818182,0.7142857142857143,0.14285714285714285,0.00819672131147541,0.01818181818181818,0.009345794392523364,0
youngta01w,10,CHI,2,0.7,0.4,2.0,1.9534883720930232,1.1162790697674418,5.5813953488372094,0.6666664444445185,0.054263561684995215,0.03100774953428298,11,1.1,3.0697674418604652,0.0852713112192782,31,3.1,8.651162790697676,0.2403100588906931,1.8,5.023255813953488,0.5789473684210527,0.3684210526315789,12.9,0.6,0.29411764705882354,1.1,0.875,0.5,0.02877697841726619,0.028,0.02574002574002574,0
zakalok01w,1,DET,0,0.21739130434782608,0.5652173913043478,1.3478260869565217,0.6976744186046512,1.813953488372093,4.325581395348838,0.6739128969754571,0.01937984421008356,0.05038759494621726,18,0.782608695652174,2.511627906976744,0.06976743915630082,49,2.130434782608696,6.837209302325581,0.1899224732588189,1.9565217391304348,6.279069767441861,0.391304347826087,0.10869565217391304,11.217391304347826,0.0,0.6764705882352942,0.8260869565217391,0.3333333333333333,2.1666666666666665,0.14606741573033707,0.019157088122605363,0.04806201550387597,0
zakalok01w,3,DET,1,0.0,0.3333333333333333,0.0,0.0,3.6,0.0,0.0,0.0,0.0999999000001,1,0.3333333333333333,3.6,0.0999999000001,1,0.3333333333333333,3.6,0.0999999000001,1.0,10.799999999999999,0.25,0.0,3.3333333333333335,0.0,0.08823529411764706,0.0,0.0,1.0,0.007518796992481203,0.0,0.0,0
zakalok01w,3,PHO,2,0.0,0.0,0.6,0.0,0.0,2.9189189189189193,0.9999966666777778,0.0,0.0,0,0.0,0.0,0.0,3,0.6,2.9189189189189193,0.0810810591672813,0.8,3.891891891891892,0.0,0.0,7.4,0.0,0.14705882352941177,0.8,0.0,0.0,0.0,0.0,0.004784688995215311,0
zarafr01w,6,SEA,0,0.47058823529411764,0.029411764705882353,0.8235294117647058,1.394673123486683,0.08716707021791768,2.440677966101695,0.7179485338593502,0.03874091915881552,0.00242130744742597,17,0.5,1.4818401937046004,0.04116222660624149,45,1.3235294117647058,3.9225181598062955,0.10895883513416865,0.8529411764705882,2.5278450363196123,0.5666666666666667,0.5333333333333333,12.147058823529411,0.11764705882352941,1.0,1.2058823529411764,3.0,0.058823529411764705,0.006289308176100629,0.07920792079207921,0.036036036036036036,0
zellosh01w,10,DET,0,0.7941176470588235,0.5,2.3823529411764706,1.2119700748129676,0.7630922693266834,3.6359102244389025,0.7641508713065216,0.03366583499169782,0.021197007216994922,44,1.2941176470588236,1.9750623441396509,0.054862842208692746,125,3.676470588235294,5.610972568578553,0.1558603471837862,3.264705882352941,4.982543640897756,0.39285714285714285,0.24107142857142858,23.58823529411765,0.11764705882352941,1.0,2.264705882352941,2.2142857142857144,0.6071428571428571,0.17346938775510204,0.10305343511450382,0.09484777517564402,0
zirkozu01w,4,WAS,0,0.0,0.0,0.3333333333333333,0.0,0.0,2.4,0.9999950000249999,0.0,0.0,0,0.0,0.0,0.0,2,0.3333333333333333,2.4,0.06666664444445185,0.5,3.6,0.0,0.0,5.0,0.0,0.17647058823529413,0.3333333333333333,1.0,0.0,0.0,0.0,0.002840909090909091,0
zollsh01w,9,MIN,0,0.16666666666666666,0.0,0.3333333333333333,1.2,0.0,2.4,0.6666644444518518,0.033333322222225924,0.0,1,0.16666666666666666,1.2,0.033333322222225924,3,0.5,3.6,0.09999996666667778,0.3333333333333333,2.4,0.3333333333333333,0.3333333333333333,5.0,0.0,0.17647058823529413,0.5,1.5,0.0,0.0,0.0032258064516129032,0.0025220680958385876,0
