playerID,year,tmID,stint,fouls_per_game,fouls_per_36,disqualifications,assist_to_turnover,turnovers_per_game,turnovers_per_36,assists_per_game,assists_per_36,positive_actions,positive_actions_per_game,in_team_fouls_pct,in_team_to_pct,in_team_ast_pct,in_team_dq_pct,is_kpsa
abrossv01w,2,MIN,0,2.6923076923076925,2.978723404255319,2,0.6162790697674418,3.269230769230769,3.617021276595745,2.0384615384615383,2.25531914893617,278,10.692307692307692,0.10057471264367816,0.1673228346456693,0.12100456621004566,0.25,0
abrossv01w,3,MIN,0,2.7037037037037037,3.2645962732919256,0,0.6451612903225806,3.4074074074074074,4.114285714285714,2.2222222222222223,2.6832298136645965,258,9.555555555555555,0.11812297734627832,0.17358490566037735,0.1284796573875803,0.0,0
abrossv01w,4,MIN,0,2.6333333333333333,3.590909090909091,0,0.9010989010989011,3.0,4.090909090909091,2.7333333333333334,3.7272727272727275,278,9.266666666666667,0.12440944881889764,0.16100178890876565,0.14113597246127366,0.0,0
abrossv01w,5,MIN,0,1.9090909090909092,3.272727272727273,0,1.0227272727272727,1.9545454545454546,3.3506493506493507,2.0454545454545454,3.5064935064935066,151,6.863636363636363,0.06354009077155824,0.07003257328990228,0.08538899430740038,0.0,0
abrossv01w,6,MIN,0,2.774193548387097,3.9845559845559846,0,0.7407407407407407,2.5806451612903225,3.7065637065637063,1.935483870967742,2.7799227799227797,221,7.129032258064516,0.1376,0.148975791433892,0.11278195488721804,0.0,0
abrossv01w,7,MIN,0,1.9411764705882353,3.2817679558011053,0,0.8709677419354839,1.7941176470588236,3.0331491712707184,1.588235294117647,2.685082872928177,195,5.735294117647059,0.10076335877862595,0.11487758945386065,0.10975609756097561,0.0,0
abrossv01w,8,MIN,0,2.5294117647058822,3.6725978647686834,0,1.2318840579710144,2.0,2.903914590747331,2.5,3.6298932384341636,283,8.323529411764707,0.12044817927170869,0.12099644128113879,0.1423785594639866,0.0,0
abrossv01w,9,CON,0,2.1666666666666665,4.373831775700935,0,1.0,1.8333333333333333,3.7009345794392523,2.0,4.037383177570093,40,6.666666666666667,0.020634920634920634,0.022540983606557378,0.019736842105263157,0.0,0
adamsjo01w,4,MIN,0,1.0,3.75,0,0.36363636363636365,1.0,3.75,0.4,1.5,32,3.2,0.015748031496062992,0.017889087656529516,0.0068846815834767644,0.0,0
aguilel01w,3,UTA,0,0.17857142857142858,1.2765957446808511,0,1.3333333333333333,0.39285714285714285,2.8085106382978724,0.5714285714285714,4.085106382978723,32,1.1428571428571428,0.0075075075075075074,0.021032504780114723,0.033402922755741124,0.0,0
ajavoma01w,9,HOU,0,2.5,5.066225165562914,1,1.0535714285714286,1.6176470588235294,3.278145695364238,1.7352941176470589,3.5165562913907285,156,4.588235294117647,0.11659807956104253,0.09166666666666666,0.1059245960502693,0.125,0
ajavoma01w,10,WAS,0,2.4705882352941178,5.151618398637138,1,0.7254901960784313,1.4705882352941178,3.066439522998296,1.088235294117647,2.269165247018739,142,4.176470588235294,0.11570247933884298,0.08223684210526316,0.08149779735682819,0.14285714285714285,0
aldrima01w,1,WAS,0,1.0344827586206897,3.9705882352941178,0,1.0,0.9310344827586207,3.5735294117647056,0.9655172413793104,3.705882352941176,65,2.2413793103448274,0.05016722408026756,0.05325443786982249,0.05363984674329502,0.0,0
aldrima01w,2,WAS,0,1.0,5.142857142857142,0,0.4,0.8,4.114285714285714,0.4,2.057142857142857,4,0.8,0.00929368029739777,0.008064516129032258,0.004705882352941176,0.0,0
alhalta01w,2,ORL,0,0.7692307692307693,2.8571428571428568,0,0.4827586206896552,1.0769230769230769,4.0,0.5384615384615384,2.0,63,2.423076923076923,0.031055900621118012,0.0525328330206379,0.03090507726269316,0.0,0
allench01w,9,SAC,0,0.8333333333333334,3.673469387755102,0,0.42857142857142855,1.0,4.408163265306122,0.5,2.204081632653061,10,1.6666666666666667,0.00723589001447178,0.010221465076660987,0.006329113924050633,0.0,0
amachma01w,2,NYL,0,1.0,24.0,0,0.0,0.5,12.0,0.0,0.0,2,1.0,0.0032414910858995136,0.00228310502283105,0.0,0.0,0
amachma01w,4,SEA,0,0.42857142857142855,2.2978723404255317,0,0.0,1.2857142857142858,6.8936170212765955,0.0,0.0,21,3.0,0.004651162790697674,0.019313304721030045,0.0,0.0,0
amachma01w,6,WAS,0,0.0,0.0,0,0.0,0.0,0.0,0.0,0.0,0,0.0,0.0,0.0,0.0,0.0,0
ambermo01w,3,SAC,0,1.0,18.0,0,0.0,0.0,0.0,0.0,0.0,0,0.0,0.0029585798816568047,0.0,0.0,0.0,0
anderam01w,7,CON,1,0.0,0.0,0,0.0,0.0,0.0,0.0,0.0,2,2.0,0.0,0.0,0.0,0.0,0
anderam01w,7,NYL,2,0.0,0.0,0,0.0,0.3333333333333333,4.0,0.0,0.0,3,1.0,0.0,0.0017331022530329288,0.0,0.0,0
anderch01w,4,SAC,0,1.2692307692307692,6.947368421052631,1,0.2777777777777778,0.6538461538461539,3.578947368421052,0.19230769230769232,1.0526315789473684,39,1.5,0.0514018691588785,0.0367965367965368,0.008787346221441126,0.125,0
anderch01w,5,SAC,0,1.5333333333333334,7.1688311688311686,0,0.19230769230769232,0.8333333333333334,3.896103896103896,0.16666666666666666,0.7792207792207791,48,1.6,0.07165109034267912,0.051440329218107,0.009615384615384616,0.0,0
anderch01w,6,SAS,0,3.1176470588235294,5.704035874439462,5,0.19642857142857142,1.6176470588235294,2.9596412556053813,0.3235294117647059,0.5919282511210763,124,3.6470588235294117,0.16282642089093702,0.10261194029850747,0.02534562211981567,0.625,0
anderch01w,7,SAS,0,3.1739130434782608,6.3478260869565215,0,0.5,1.2608695652173914,2.5217391304347827,0.6521739130434783,1.3043478260869565,117,5.086956521739131,0.11947626841243862,0.05930470347648262,0.027726432532347505,0.0,0
anderch01w,8,SAS,0,1.0,4.604651162790698,0,0.5,0.45454545454545453,2.0930232558139537,0.2727272727272727,1.255813953488372,29,2.6363636363636362,0.016819571865443424,0.008944543828264758,0.00528169014084507,0.0,0
anderjo01w,9,CON,0,0.7083333333333334,1.667574931880109,0,1.5294117647058822,0.6666666666666666,1.5694822888283377,1.0833333333333333,2.5504087193460494,92,3.8333333333333335,0.026984126984126985,0.03278688524590164,0.04276315789473684,0.0,0
anderke01w,1,WAS,0,1.7666666666666666,4.3963133640553,0,1.5625,1.5666666666666667,3.8986175115207375,2.5,6.221198156682028,149,4.966666666666667,0.08862876254180602,0.09270216962524655,0.14367816091954022,0.0,0
anderke01w,2,CHA,0,0.4444444444444444,2.8235294117647056,0,0.7777777777777778,0.9444444444444444,6.0,0.7777777777777778,4.9411764705882355,35,1.9444444444444444,0.013201320132013201,0.035789473684210524,0.029914529914529916,0.0,0
anderke01w,3,CHA,0,0.5714285714285714,4.64516129032258,0,1.25,0.42857142857142855,3.4838709677419355,0.7142857142857143,5.806451612903226,11,1.5714285714285714,0.006172839506172839,0.007334963325183374,0.01006036217303823,0.0,0
andrame01w,1,CLE,0,2.84375,4.1104140526976165,1,1.1363636363636365,2.03125,2.9360100376411546,2.34375,3.3877038895859473,221,6.90625,0.1404320987654321,0.12059369202226346,0.1388888888888889,0.125,0
andrame01w,2,CLE,0,2.40625,3.10414333706607,0,1.6129032258064515,1.90625,2.459126539753639,3.125,4.031354983202688,248,7.75,0.14446529080675422,0.13707865168539327,0.1984126984126984,0.0,0
andrame01w,3,CLE,0,2.5625,4.439097744360902,2,1.5952380952380953,1.28125,2.219548872180451,2.09375,3.6270676691729324,158,4.9375,0.1443661971830986,0.09070796460176991,0.1392931392931393,0.2222222222222222,0
andrame01w,5,CHA,0,1.0,6.6461538461538465,0,1.75,0.25,1.6615384615384616,0.5833333333333334,3.8769230769230774,12,1.0,0.01848998459167951,0.00625,0.01639344262295082,0.0,0
anosini01w,9,MIN,0,3.676470588235294,4.891304347826087,2,1.0465116279069768,1.2352941176470589,1.6434782608695653,1.3235294117647058,1.7608695652173914,394,11.588235294117647,0.16622340425531915,0.08879492600422834,0.08064516129032258,0.15384615384615385,0
anosini01w,10,MIN,0,2.933333333333333,3.5357142857142856,1,1.3064516129032258,2.033333333333333,2.4508928571428568,2.7,3.2544642857142856,412,13.733333333333333,0.12680115273775217,0.11867704280155641,0.1588235294117647,0.2,0
arcaija01w,1,HOU,0,2.0625,2.43193449334698,1,1.1111111111111112,1.65625,1.9529170931422721,1.875,2.210849539406346,224,7.0,0.11891891891891893,0.12018140589569161,0.12121212121212122,0.3333333333333333,0
arcaija01w,2,HOU,0,2.5625,2.558058925476603,1,1.119047619047619,2.59375,2.589254766031196,2.9375,2.932409012131716,293,9.15625,0.1607843137254902,0.18993135011441648,0.22014051522248243,0.3333333333333333,0
arcaija01w,3,HOU,0,1.53125,1.5806451612903225,0,1.1944444444444444,2.21875,2.2903225806451615,2.6875,2.774193548387097,269,8.40625,0.1047008547008547,0.15570175438596492,0.19068736141906872,0.0,0
arcaija01w,4,HOU,0,1.8823529411764706,2.028169014084507,0,1.3137254901960784,1.4705882352941178,1.584507042253521,1.9705882352941178,2.123239436619718,245,7.205882352941177,0.13034623217922606,0.11086474501108648,0.14377682403433475,0.0,0
arcaija01w,6,HOU,0,2.5,2.8359592215013905,0,0.9298245614035088,1.6470588235294117,1.8683966635773863,1.5588235294117647,1.768303985171455,207,6.088235294117647,0.14604810996563575,0.13145539906103287,0.11324786324786325,0.0,0
askamma01w,1,MIA,0,2.96875,3.935558112773303,0,0.58,1.53125,2.0299194476409665,0.90625,1.201380897583429,298,9.3125,0.134180790960452,0.09333333333333334,0.06971153846153846,0.0,0
askamma01w,2,MIA,0,2.066666666666667,5.178654292343388,0,0.75,0.6333333333333333,1.5870069605568444,0.5,1.2529002320185614,125,4.166666666666667,0.10281923714759536,0.042316258351893093,0.03205128205128205,0.0,0
askamma01w,3,LAS,2,1.25,4.186046511627907,0,0.3333333333333333,0.55,1.841860465116279,0.2,0.6697674418604651,68,3.4,0.03759398496240601,0.021235521235521235,0.00684931506849315,0.0,0
askamma01w,3,MIA,1,1.5,4.5,0,1.5,0.16666666666666666,0.5,0.5,1.5,16,2.6666666666666665,0.013975155279503106,0.0022935779816513763,0.006289308176100629,0.0,0
atkinla01w,7,IND,0,0.9393939393939394,2.676258992805755,0,0.6285714285714286,1.0303030303030303,2.9352517985611515,0.6666666666666666,1.8992805755395683,121,3.6666666666666665,0.051070840197693576,0.06427221172022685,0.043824701195219126,0.0,0
atkinla01w,8,SAC,0,0.5357142857142857,2.3893805309734515,0,0.4411764705882353,1.1785714285714286,5.256637168141593,0.5357142857142857,2.3893805309734515,74,2.642857142857143,0.02332814930015552,0.05392156862745098,0.027881040892193308,0.0,0
atkinla01w,9,SAC,0,1.0,2.4657534246575343,0,0.7272727272727273,2.0,4.931506849315069,1.6,3.9452054794520546,29,5.8,0.00723589001447178,0.017035775127768313,0.016877637130801686,0.0,0
atkinla01w,10,SEA,0,2.5,3.9130434782608696,0,1.0,2.0,3.1304347826086953,2.5,3.9130434782608696,34,17.0,0.007032348804500703,0.007194244604316547,0.00931098696461825,0.0,0
atunrmo01w,9,SAS,0,0.6363636363636364,2.1724137931034484,0,0.8518518518518519,0.7878787878787878,2.689655172413793,0.696969696969697,2.3793103448275863,100,3.0303030303030303,0.03482587064676617,0.049429657794676805,0.03820598006644518,0.0,0
augusse01w,7,MIN,0,1.7058823529411764,1.8576512455516014,0,0.6944444444444444,2.088235294117647,2.2740213523131674,1.4705882352941178,1.6014234875444842,217,6.382352941176471,0.08854961832061069,0.1337099811676083,0.1016260162601626,0.0,0
augusse01w,8,MIN,0,1.7058823529411764,1.9103385178408052,0,0.9404761904761905,2.4411764705882355,2.7337602927721867,2.323529411764706,2.6020128087831655,277,8.147058823529411,0.08123249299719888,0.14768683274021352,0.1323283082077052,0.0,0
augusse01w,9,MIN,0,1.4838709677419355,1.5892514395393473,0,1.5660377358490567,1.6774193548387097,1.7965451055662187,2.6774193548387095,2.867562380038388,247,7.967741935483871,0.061170212765957445,0.10993657505285412,0.14874551971326164,0.0,0
augusse01w,10,MIN,0,0.8333333333333334,1.0112359550561798,0,0.6428571428571429,2.1666666666666665,2.629213483146067,1.5,1.8202247191011236,49,8.166666666666666,0.007204610951008645,0.02529182879377432,0.01764705882352941,0.0,0
aycocan01w,1,MIN,2,0.3333333333333333,6.0,0,4.0,0.0,0.0,1.3333333333333333,24.0,7,2.3333333333333335,0.001447178002894356,0.0,0.008064516129032258,0.0,0
aycocan01w,1,SEA,1,2.0,10.285714285714285,0,0.0,0.0,0.0,0.0,0.0,2,2.0,0.0030816640986132513,0.0,0.0,0.0,0
azizle01w,4,IND,0,0.7142857142857143,4.090909090909091,0,0.25,0.42857142857142855,2.454545454545454,0.14285714285714285,0.8181818181818182,14,2.0,0.007473841554559043,0.00631578947368421,0.001851851851851852,0.0,0
azzije01w,1,UTA,0,2.8666666666666667,2.769230769230769,0,3.1724137931034484,1.8666666666666667,1.8032200357781754,6.133333333333334,5.924865831842576,150,10.0,0.06151645207439199,0.05137614678899083,0.17590822179732313,0.0,0
azzije01w,2,UTA,0,2.78125,2.658921161825726,1,2.442857142857143,2.15625,2.0614107883817425,5.34375,5.108713692946058,301,9.40625,0.14285714285714285,0.1396761133603239,0.32571428571428573,0.125,0
azzije01w,3,UTA,0,3.1875,3.1902693310165073,0,2.323529411764706,2.09375,2.095569070373588,4.9375,4.941789748045179,268,8.375,0.15315315315315314,0.12810707456978968,0.3298538622129436,0.0,0
azzije01w,4,SAS,0,2.8823529411764706,3.105633802816901,2,1.7903225806451613,1.7941176470588236,1.9330985915492958,3.264705882352941,3.5176056338028165,238,7.0,0.13443072702331962,0.11867704280155641,0.25874125874125875,0.2222222222222222,0
badertr01w,1,CLE,0,0.64,2.8656716417910446,0,1.105263157894737,0.72,3.2238805970149254,0.84,3.761194029850746,50,2.0,0.024691358024691357,0.03339517625231911,0.03888888888888889,0.0,0
badertr01w,2,CLE,0,0.3684210526315789,2.2105263157894735,0,1.2222222222222223,0.42105263157894735,2.526315789473684,0.5789473684210527,3.4736842105263155,28,1.4736842105263157,0.013133208255159476,0.017977528089887642,0.021825396825396824,0.0,0
badertr01w,3,CLE,0,0.16666666666666666,0.8181818181818182,0,1.875,0.3888888888888889,1.9090909090909092,0.8333333333333334,4.090909090909091,29,1.6111111111111112,0.00528169014084507,0.015486725663716814,0.031185031185031187,0.0,0
bakersh01w,7,NYL,0,2.0294117647058822,4.045602605863192,0,0.6862745098039216,1.4705882352941178,2.9315960912052117,1.0294117647058822,2.0521172638436482,139,4.088235294117647,0.10222222222222223,0.08665511265164645,0.07352941176470588,0.0,0
bakersh01w,8,LAS,2,2.4166666666666665,4.2439024390243905,1,1.1666666666666667,2.7083333333333335,4.7560975609756095,3.2083333333333335,5.634146341463414,184,7.666666666666667,0.0791268758526603,0.11363636363636363,0.13873873873873874,0.14285714285714285,0
bakersh01w,8,NYL,1,0.3333333333333333,2.769230769230769,0,0.0,0.0,0.0,0.0,0.0,1,0.3333333333333333,0.0016155088852988692,0.0,0.0,0.0,0
bakersh01w,9,IND,0,1.1538461538461537,4.909090909090908,0,1.25,0.8461538461538461,3.6,1.1538461538461537,4.909090909090908,47,3.6153846153846154,0.020604395604395604,0.01877133105802048,0.029940119760479042,0.0,0
bakersh01w,10,DET,0,1.0,3.272727272727273,0,0.5,1.0,3.272727272727273,1.0,3.272727272727273,3,3.0,0.001303780964797914,0.0018281535648994515,0.001736111111111111,0.0,0
balesal01w,8,IND,0,0.8235294117647058,2.9822485207100593,0,0.25,0.4117647058823529,1.4911242603550297,0.11764705882352941,0.4260355029585799,64,3.764705882352941,0.021638330757341576,0.011864406779661017,0.00390625,0.0,0
balesal01w,9,ATL,2,2.176470588235294,3.4241645244215935,0,1.0,0.5882352941176471,0.9254498714652957,0.6470588235294118,1.017994858611825,157,9.235294117647058,0.04642409033877039,0.016835016835016835,0.02231237322515213,0.0,0
balesal01w,9,IND,1,1.2857142857142858,5.142857142857142,0,0.5,0.21428571428571427,0.8571428571428571,0.14285714285714285,0.5714285714285714,43,3.0714285714285716,0.024725274725274724,0.005119453924914676,0.003992015968063872,0.0,0
banchrh01w,1,SAC,0,0.3333333333333333,5.142857142857142,0,0.3333333333333333,0.2222222222222222,3.4285714285714284,0.1111111111111111,1.7142857142857142,4,0.4444444444444444,0.005244755244755245,0.004357298474945534,0.0017605633802816902,0.0,0
baranel01w,2,MIA,0,2.53125,2.9634146341463414,2,1.0,1.9375,2.268292682926829,1.96875,2.3048780487804876,344,10.75,0.13432835820895522,0.13808463251670378,0.1346153846153846,0.3333333333333333,0
baranel01w,4,NYL,0,2.090909090909091,2.9223529411764706,0,1.0158730158730158,1.878787878787879,2.6258823529411766,1.9393939393939394,2.7105882352941175,324,9.818181818181818,0.11734693877551021,0.1316348195329087,0.12121212121212122,0.0,0
baranel01w,5,NYL,0,2.588235294117647,3.0229007633587788,0,0.8271604938271605,2.3529411764705883,2.7480916030534353,1.9705882352941178,2.301526717557252,408,12.0,0.14965986394557823,0.15779092702169625,0.12407407407407407,0.0,0
baranel01w,6,NYL,0,2.393939393939394,2.984260230849947,1,0.9833333333333333,1.7878787878787878,2.228751311647429,1.7878787878787878,2.228751311647429,357,10.818181818181818,0.12866449511400652,0.12742980561555076,0.11823647294589178,0.2,0
barksla01w,2,POR,0,0.6,3.085714285714286,0,2.0,0.2,1.0285714285714285,0.8,4.114285714285714,12,2.4,0.00473186119873817,0.001996007984031936,0.008849557522123894,0.0,0
barksla01w,3,POR,0,1.8235294117647058,3.9157894736842107,0,0.5,1.3529411764705883,2.905263157894737,0.7058823529411765,1.5157894736842106,67,3.9411764705882355,0.049679487179487176,0.0465587044534413,0.02434077079107505,0.0,0
barksla01w,4,SAS,0,0.8076923076923077,4.5,0,0.45454545454545453,0.38461538461538464,2.142857142857143,0.19230769230769232,1.0714285714285714,42,1.6153846153846154,0.02880658436213992,0.019455252918287938,0.011655011655011656,0.0,0
barnead01w,1,CLE,0,0.4,4.0,0,1.3333333333333333,0.4,4.0,0.8,8.0,6,1.2,0.0030864197530864196,0.0037105751391465678,0.007407407407407408,0.0,0
barnead01w,2,CLE,0,0.0,0.0,0,0.0,0.0,0.0,0.0,0.0,1,0.3333333333333333,0.0,0.0,0.0,0.0,0
barnead01w,3,SEA,0,2.4615384615384617,4.67342799188641,1,1.0769230769230769,0.9615384615384616,1.8255578093306288,1.0769230769230769,2.044624746450304,171,6.576923076923077,0.10256410256410256,0.05230125523012552,0.05436893203883495,0.16666666666666666,0
barnead01w,4,SEA,0,2.25,3.272727272727273,1,1.2105263157894737,1.125,1.6363636363636365,1.4375,2.090909090909091,106,6.625,0.05581395348837209,0.03862660944206009,0.04189435336976321,0.1111111111111111,0
barnead01w,5,SEA,0,1.1176470588235294,3.4029850746268657,0,1.24,0.7058823529411765,2.1492537313432836,0.9117647058823529,2.7761194029850746,119,3.5,0.057057057057057055,0.048,0.05605786618444846,0.0,0
barnequ01w,1,SEA,0,3.3225806451612905,5.2595744680851055,2,0.5238095238095238,2.0,3.1659574468085108,1.064516129032258,1.6851063829787234,169,5.451612903225806,0.15870570107858242,0.11787072243346007,0.08439897698209718,0.4,0
barnequ01w,2,SEA,0,1.45,4.558951965065502,0,0.6470588235294118,0.8,2.5152838427947595,0.55,1.7292576419213974,60,3.0,0.04785478547854786,0.037037037037037035,0.026634382566585957,0.0,0
barnequ01w,3,PHO,0,0.5,2.769230769230769,0,0.0,0.0,0.0,0.0,0.0,4,2.0,0.0016025641025641025,0.0,0.0,0.0,0
batkosu01w,6,SEA,0,2.9310344827586206,6.637744034707159,1,0.7878787878787878,1.103448275862069,2.4989154013015185,0.896551724137931,2.0303687635574836,161,5.551724137931035,0.12917933130699089,0.061895551257253385,0.04990403071017274,0.09090909090909091,0
batkosu01w,10,SEA,0,1.45,7.1020408163265305,0,0.16,1.2,5.877551020408163,0.2,0.9795918367346939,44,2.2,0.040787623066104076,0.04316546762589928,0.0074487895716946,0.0,0
batteja01w,6,MIN,0,0.5,3.1304347826086953,0,0.75,0.375,2.3478260869565215,0.375,2.3478260869565215,9,1.125,0.0064,0.00558659217877095,0.005639097744360902,0.0,0
batteja01w,7,DET,0,0.8076923076923077,4.247191011235955,0,1.4,0.15384615384615385,0.8089887640449438,0.2692307692307692,1.4157303370786516,37,1.4230769230769231,0.02949438202247191,0.007434944237918215,0.012216404886561954,0.0,0
battlas01w,6,SEA,0,0.5,4.5,0,0.0,0.5,4.5,0.0,0.0,2,1.0,0.001519756838905775,0.0019342359767891683,0.0,0.0,0
battlas01w,7,NYL,0,0.9696969696969697,2.5318681318681318,0,0.7435897435897436,1.1515151515151516,3.0065934065934066,0.8787878787878788,2.2945054945054943,125,3.787878787878788,0.047407407407407405,0.0658578856152513,0.06092436974789916,0.0,0
battlas01w,8,NYL,0,1.4705882352941178,2.3778071334214004,0,1.1428571428571428,1.411764705882353,2.282694848084544,1.6470588235294117,2.6631439894319686,219,6.4411764705882355,0.08077544426494346,0.07830342577487764,0.11177644710578842,0.0,0
battlas01w,9,NYL,0,0.7647058823529411,2.7857142857142856,0,0.8275862068965517,0.8235294117647058,3.0,0.7058823529411765,2.571428571428571,93,2.735294117647059,0.039634146341463415,0.051094890510948905,0.043478260869565216,0.0,0
battlas01w,10,NYL,0,1.411764705882353,3.153284671532847,0,0.7547169811320755,1.5294117647058822,3.4160583941605838,1.1764705882352942,2.627737226277372,158,4.647058823529412,0.07523510971786834,0.09558823529411764,0.07590132827324478,0.0,0
bauerca01w,1,CHA,0,2.4827586206896552,6.5125628140703515,1,0.4827586206896552,0.9655172413793104,2.5326633165829144,0.4827586206896552,1.2663316582914572,81,2.793103448275862,0.10084033613445378,0.056338028169014086,0.025362318840579712,0.1111111111111111,0
bauerca01w,2,WAS,0,0.8,4.235294117647059,0,0.42857142857142855,0.4,2.1176470588235294,0.2,1.0588235294117647,24,1.6,0.022304832713754646,0.012096774193548387,0.007058823529411765,0.0,0
bauerca01w,3,SAC,0,1.36,5.253218884120172,0,0.038461538461538464,1.0,3.8626609442060085,0.04,0.15450643776824036,49,1.96,0.05029585798816568,0.05470459518599562,0.001996007984031936,0.0,0
beardal01w,5,WAS,0,2.8823529411764706,3.441951219512195,0,1.123456790123457,2.3529411764705883,2.8097560975609754,2.676470588235294,3.1960975609756095,337,9.911764705882353,0.15007656967840735,0.18823529411764706,0.19444444444444445,0.0,0
beardal01w,6,WAS,0,2.9,3.085714285714286,0,1.40625,2.1,2.2344827586206897,3.0,3.1921182266009853,274,9.133333333333333,0.12464183381088825,0.1444954128440367,0.17374517374517376,0.0,0
beardal01w,7,WAS,0,2.875,3.331991951710261,4,1.0769230769230769,2.8125,3.2595573440643864,3.0625,3.549295774647887,331,10.34375,0.11719745222929936,0.16605166051660517,0.16984402079722705,0.25,0
beardal01w,8,WAS,0,3.1818181818181817,3.2335329341317367,2,1.0421052631578946,2.8484848484848486,2.894781864841745,3.0,3.048759623609923,326,9.878787878787879,0.13743455497382198,0.16433566433566432,0.20930232558139536,0.18181818181818182,0
beardal01w,9,WAS,0,3.3636363636363638,3.659340659340659,2,1.0934579439252337,3.212121212121212,3.4945054945054945,3.5454545454545454,3.8571428571428568,309,9.363636363636363,0.14643799472295516,0.16614420062695925,0.24173553719008264,0.2222222222222222,0
beardal01w,10,WAS,0,3.129032258064516,3.545177664974619,2,0.6732673267326733,3.225806451612903,3.6548223350253806,2.193548387096774,2.485279187817259,281,9.064516129032258,0.13360881542699724,0.16447368421052633,0.14977973568281938,0.2857142857142857,0
beckki01w,9,SEA,0,0.4117647058823529,2.709677419354839,0,1.2,0.23529411764705882,1.5483870967741937,0.35294117647058826,2.32258064516129,24,1.411764705882353,0.010218978102189781,0.007590132827324478,0.011299435028248588,0.0,0
bennije01w,6,IND,0,0.5,3.4615384615384617,0,0.8,0.4,2.769230769230769,0.4,2.769230769230769,12,1.2,0.007473841554559043,0.008368200836820083,0.008097165991902834,0.0,0
berezva01w,9,SAS,0,1.0,12.0,0,0.0,0.0,0.0,0.0,0.0,0,0.0,0.003316749585406302,0.0,0.0,0.0,0
berthlu01w,3,CLE,0,1.0,11.25,0,0.0,0.0,0.0,0.0,0.0,4,0.8,0.008802816901408451,0.0,0.0,0.0,0
berthlu01w,4,CLE,0,1.7272727272727273,6.8059701492537314,0,0.2608695652173913,1.0,3.9402985074626864,0.2727272727272727,1.0746268656716418,62,2.8181818181818183,0.059375,0.047109207708779445,0.011583011583011582,0.0,0
berthlu01w,5,HOU,0,1.75,7.522388059701492,1,0.4,0.5625,2.417910447761194,0.25,1.0746268656716418,39,2.4375,0.050359712230215826,0.018556701030927835,0.008849557522123894,0.3333333333333333,0
beviltu01w,1,POR,0,2.90625,4.206030150753769,1,1.328358208955224,2.0625,2.9849246231155777,2.78125,4.025125628140703,231,7.21875,0.1220472440944882,0.1111111111111111,0.18503118503118504,0.08333333333333333,0
beviltu01w,2,POR,0,3.2903225806451615,4.659898477157361,0,1.9433962264150944,1.6774193548387097,2.3756345177664975,3.3225806451612905,4.7055837563451774,256,8.258064516129032,0.1608832807570978,0.10379241516966067,0.22787610619469026,0.0,0
beviltu01w,3,POR,0,1.8148148148148149,4.190023752969121,0,1.5714285714285714,1.0,2.308788598574822,1.6296296296296295,3.7624703087885987,102,3.7777777777777777,0.07852564102564102,0.05465587044534413,0.08924949290060852,0.0,0
beviltu01w,4,SEA,0,0.967741935483871,4.285714285714286,0,1.5238095238095237,0.6451612903225806,2.8571428571428568,1.032258064516129,4.571428571428571,73,2.3548387096774195,0.046511627906976744,0.04291845493562232,0.058287795992714025,0.0,0
beviltu01w,5,SEA,0,1.411764705882353,4.826815642458101,0,1.0740740740740742,0.7647058823529411,2.6145251396648046,0.8529411764705882,2.916201117318436,95,2.7941176470588234,0.07207207207207207,0.052,0.05244122965641953,0.0,0
beviltu01w,6,IND,0,2.225806451612903,2.8453608247422677,0,1.5384615384615385,1.6451612903225807,2.1030927835051547,2.5806451612903225,3.2989690721649483,203,6.548387096774194,0.1031390134529148,0.10669456066945607,0.16194331983805668,0.0,0
beviltu01w,7,IND,0,2.1176470588235294,2.5945945945945947,0,1.4363636363636363,1.588235294117647,1.945945945945946,2.323529411764706,2.8468468468468466,228,6.705882352941177,0.1186161449752883,0.10207939508506617,0.15737051792828685,0.0,0
beviltu01w,8,IND,0,2.588235294117647,3.5160932297447283,0,1.7037037037037037,1.5588235294117647,2.1176470588235294,2.7058823529411766,3.675915649278579,225,6.617647058823529,0.13601236476043277,0.08983050847457627,0.1796875,0.0,1
beviltu01w,9,IND,0,2.433333333333333,3.0,0,1.8055555555555556,1.1666666666666667,1.4383561643835616,2.1666666666666665,2.671232876712329,196,6.533333333333333,0.10027472527472528,0.059726962457337884,0.12974051896207583,0.0,0
beviltu01w,10,IND,0,2.235294117647059,3.1777003484320554,0,1.9795918367346939,1.411764705882353,2.0069686411149825,2.8529411764705883,4.055749128919861,246,7.235294117647059,0.10966810966810966,0.09022556390977443,0.18371212121212122,0.0,0
bibbyje01w,1,NYL,0,0.5294117647058824,4.695652173913043,0,0.8461538461538461,0.7058823529411765,6.260869565217391,0.6470588235294118,5.739130434782608,19,1.1176470588235294,0.014563106796116505,0.02526315789473684,0.02301255230125523,0.0,0
bibrzag01w,5,SAS,0,1.5833333333333333,2.941935483870968,0,1.2121212121212122,1.3333333333333333,2.47741935483871,1.6666666666666667,3.0967741935483875,96,4.0,0.06041335453100159,0.0622568093385214,0.08097165991902834,0.0,0
bibrzag01w,7,SAS,0,1.53125,2.3488681757656455,0,1.0,1.46875,2.252996005326232,1.5,2.3009320905459387,152,4.75,0.08019639934533551,0.09611451942740286,0.08872458410351201,0.0,0
birdsu01w,3,SEA,0,1.5,1.5414808206958073,0,1.7363636363636363,3.40625,3.500446030330062,5.96875,6.133809099018733,332,10.375,0.07692307692307693,0.2280334728033473,0.37087378640776697,0.0,0
birdsu01w,4,SEA,0,1.3823529411764706,1.48943661971831,0,1.990990990990991,3.235294117647059,3.4859154929577465,6.5,7.003521126760563,383,11.264705882352942,0.07286821705426356,0.23605150214592274,0.40255009107468126,0.0,0
birdsu01w,5,SEA,0,1.411764705882353,1.5211267605633803,0,2.090909090909091,2.5588235294117645,2.7570422535211265,5.411764705882353,5.830985915492958,346,10.176470588235293,0.07207207207207207,0.174,0.33273056057866185,0.0,0
birdsu01w,6,SEA,0,1.5333333333333334,1.6235294117647059,0,2.0,2.9,3.070588235294118,5.866666666666666,6.211764705882353,283,9.433333333333334,0.06990881458966565,0.16827852998065765,0.3378119001919386,0.0,0
birdsu01w,7,SEA,0,1.7647058823529411,2.028169014084507,1,1.8202247191011236,2.588235294117647,2.9746478873239437,4.764705882352941,5.476056338028169,330,9.705882352941176,0.08784773060029283,0.15411558669001751,0.3145631067961165,0.16666666666666666,0
birdsu01w,8,SEA,0,1.5862068965517242,1.8019586507072907,0,2.1029411764705883,2.310344827586207,2.6245919477693143,4.931034482758621,5.601741022850924,251,8.655172413793103,0.07407407407407407,0.1254681647940075,0.26779026217228463,0.0,0
birdsu01w,9,SEA,0,1.8484848484848484,1.9765976597659767,0,1.898876404494382,2.6666666666666665,2.8514851485148514,5.121212121212121,5.4761476147614765,295,8.93939393939394,0.08905109489051095,0.16698292220113853,0.3182674199623352,0.0,0
birdsu01w,10,SEA,0,1.6129032258064515,1.6348773841961852,0,2.182926829268293,2.6129032258064515,2.64850136239782,5.774193548387097,5.852861035422344,307,9.903225806451612,0.07032348804500703,0.14568345323741008,0.3333333333333333,0.0,0
bjorkte01w,5,CHA,0,0.25,2.769230769230769,0,0.0,0.25,2.769230769230769,0.0,0.0,0,0.0,0.0015408320493066256,0.0020833333333333333,0.0,0.0,0
blackch01w,10,CON,0,1.6363636363636365,4.5420560747663545,1,0.23076923076923078,0.7575757575757576,2.102803738317757,0.18181818181818182,0.5046728971962616,153,4.636363636363637,0.07964601769911504,0.05506607929515418,0.009852216748768473,0.14285714285714285,0
blackde01w,1,MIA,0,2.6875,3.7756097560975608,0,1.9215686274509804,1.5625,2.1951219512195124,3.0625,4.302439024390244,249,7.78125,0.12146892655367232,0.09523809523809523,0.23557692307692307,0.0,0
blackde01w,2,MIA,0,2.15625,2.6257928118393234,0,2.3653846153846154,1.59375,1.9408033826638478,3.84375,4.680761099365751,333,10.40625,0.11442786069651742,0.11358574610244988,0.26282051282051283,0.0,0
blackde01w,3,MIA,0,2.34375,3.0033370411568407,1,4.151515151515151,1.0,1.2814238042269188,4.28125,5.4860956618464956,324,10.125,0.11645962732919254,0.07339449541284404,0.28721174004192873,0.2,0
blackde01w,4,CON,0,0.9705882352941176,3.184986595174263,0,2.4210526315789473,0.5294117647058824,1.7372654155495977,1.3529411764705883,4.439678284182306,119,3.5,0.04969879518072289,0.041379310344827586,0.08829174664107485,0.0,0
blackde01w,5,CON,0,1.1290322580645162,3.6311239193083575,0,2.9375,0.4838709677419355,1.5561959654178674,1.5161290322580645,4.876080691642651,102,3.2903225806451615,0.057283142389525366,0.032397408207343416,0.08202443280977312,0.0,0
blodgci01w,1,SAC,0,0.45,2.43609022556391,0,0.21428571428571427,0.65,3.518796992481203,0.15,0.8120300751879699,21,1.05,0.015734265734265736,0.02832244008714597,0.00528169014084507,0.0,0
blodgci01w,2,SAC,0,0.5454545454545454,3.0,0,0.5,1.0,5.5,0.5454545454545454,3.0,22,2.0,0.010186757215619695,0.022222222222222223,0.01073345259391771,0.0,0
blueni01w,7,WAS,0,1.5,7.160220994475138,0,1.894736842105263,0.75,3.580110497237569,1.5,7.160220994475138,74,3.0833333333333335,0.045859872611464965,0.033210332103321034,0.06239168110918544,0.0,0
blueni01w,8,WAS,0,1.8333333333333333,4.714285714285714,0,1.263157894736842,1.2333333333333334,3.1714285714285717,1.6,4.114285714285714,138,4.6,0.07198952879581152,0.06468531468531469,0.1014799154334038,0.0,0
blueni01w,9,WAS,0,2.269230769230769,3.955307262569832,0,1.697674418604651,1.6153846153846154,2.815642458100559,2.8076923076923075,4.893854748603352,135,5.1923076923076925,0.07783641160949868,0.06583072100313479,0.15082644628099173,0.0,0
blueni01w,10,WAS,0,0.75,4.747252747252747,0,0.8571428571428571,0.8125,5.142857142857142,0.75,4.747252747252747,29,1.8125,0.01652892561983471,0.02138157894736842,0.02643171806167401,0.0,0
blueoc01w,4,HOU,0,0.1875,2.9189189189189193,0,0.6666666666666666,0.125,1.945945945945946,0.125,1.945945945945946,4,0.25,0.006109979633401222,0.004434589800443459,0.004291845493562232,0.0,0
blueoc01w,5,HOU,0,0.7692307692307693,2.32258064516129,0,0.625,0.5384615384615384,1.6258064516129032,0.38461538461538464,1.161290322580645,27,2.076923076923077,0.017985611510791366,0.01443298969072165,0.011061946902654867,0.0,0
bobbish01w,9,LAS,0,1.5384615384615385,2.608695652173913,0,1.40625,2.423076923076923,4.108695652173913,3.4615384615384617,5.869565217391305,180,6.923076923076923,0.056022408963585436,0.10344827586206896,0.1465798045602606,0.0,0
bobbish01w,10,LAS,0,1.0303030303030303,3.4674220963172804,0,1.5862068965517242,0.8484848484848485,2.855524079320113,1.393939393939394,4.691218130311615,95,2.878787878787879,0.05821917808219178,0.0492091388400703,0.0782312925170068,0.0,0
boddiwh01w,10,SAC,0,0.25,4.0,0,0.0,0.25,4.0,0.0,0.0,1,0.25,0.0015479876160990713,0.0017094017094017094,0.0,0.0,0
boltoru01w,1,SAC,0,2.0689655172413794,2.4884792626728114,0,1.2391304347826086,1.5517241379310345,1.866359447004608,1.9655172413793103,2.3640552995391704,198,6.827586206896552,0.1048951048951049,0.09803921568627451,0.10035211267605634,0.0,0
boltoru01w,2,SAC,0,1.7741935483870968,3.402061855670103,0,1.375,1.2580645161290323,2.4123711340206184,1.7741935483870968,3.402061855670103,177,5.709677419354839,0.0933786078098472,0.07878787878787878,0.09838998211091235,0.0,0
boltoru01w,3,SAC,0,2.3125,3.614654002713704,0,1.0277777777777777,1.09375,1.7096336499321574,1.15625,1.807327001356852,178,5.5625,0.10946745562130178,0.07658643326039387,0.07385229540918163,0.0,0
boltoru01w,4,SAC,0,1.5757575757575757,3.5930902111324374,0,1.5909090909090908,0.6363636363636364,1.4510556621881,1.0606060606060606,2.418426103646833,127,3.8484848484848486,0.08099688473520249,0.045454545454545456,0.061511423550087874,0.0,0
boltoru01w,5,SAC,0,1.3235294117647058,3.4541577825159915,0,1.9375,0.4411764705882353,1.1513859275053306,0.9117647058823529,2.3795309168443497,103,3.0294117647058822,0.07009345794392523,0.030864197530864196,0.05961538461538462,0.0,0
bondla01w,7,CHA,0,2.4411764705882355,4.866449511400652,1,0.9012345679012346,2.3529411764705883,4.690553745928339,2.1470588235294117,4.280130293159609,165,4.852941176470588,0.11292517006802721,0.1391304347826087,0.13825757575757575,0.14285714285714285,0
bondla01w,9,IND,0,1.75,6.203076923076923,0,0.7941176470588235,1.03125,3.6553846153846155,0.84375,2.9907692307692306,77,2.40625,0.07692307692307693,0.05631399317406143,0.05389221556886228,0.0,0
bonfisu01w,3,PHO,0,1.5909090909090908,4.117647058823529,0,1.2105263157894737,0.8181818181818182,2.1176470588235294,1.0454545454545454,2.705882352941176,72,3.272727272727273,0.05608974358974359,0.035856573705179286,0.053738317757009345,0.0,0
bonnede01w,10,PHO,0,2.0588235294117645,3.4806629834254146,0,0.37142857142857144,1.0,1.6906077348066297,0.38235294117647056,0.6464088397790055,257,7.5588235294117645,0.09446693657219973,0.06786427145708583,0.020766773162939296,0.0,0
bowenli01w,8,NYL,0,0.0,0.0,0,0.2,0.6666666666666666,3.891891891891892,0.16666666666666666,0.972972972972973,3,0.5,0.0,0.0065252854812398045,0.001996007984031936,0.0,0
boydca01w,2,DET,0,1.5238095238095237,5.008695652173913,0,0.8235294117647058,0.7619047619047619,2.5043478260869567,0.6666666666666666,2.191304347826087,53,2.5238095238095237,0.05306799336650083,0.03206412825651302,0.029787234042553193,0.0,0
braxtka01w,6,DET,0,2.3636363636363638,6.171428571428572,0,0.2641509433962264,1.5757575757575757,4.114285714285714,0.42424242424242425,1.1076923076923078,145,4.393939393939394,0.10236220472440945,0.09090909090909091,0.029473684210526315,0.0,0
braxtka01w,7,DET,0,2.4411764705882355,8.323119777158775,1,0.48148148148148145,1.5588235294117647,5.314763231197771,0.7647058823529411,2.6072423398328692,165,4.852941176470588,0.11657303370786516,0.09851301115241635,0.04537521815008726,0.2,0
braxtka01w,8,DET,0,2.935483870967742,6.011009174311927,2,0.25396825396825395,2.0,4.095412844036698,0.5161290322580645,1.0568807339449542,212,6.838709677419355,0.12944523470839261,0.10973451327433628,0.028368794326241134,0.2222222222222222,0
braxtka01w,9,DET,0,2.5454545454545454,5.125423728813559,1,0.4909090909090909,1.6363636363636365,3.294915254237288,0.8181818181818182,1.647457627118644,233,7.0606060606060606,0.11586206896551725,0.10865191146881288,0.04462809917355372,0.14285714285714285,0
braxtka01w,10,DET,0,2.8214285714285716,5.642857142857142,0,0.7884615384615384,1.8214285714285714,3.642857142857143,1.4642857142857142,2.928571428571429,245,8.75,0.10299869621903521,0.09323583180987204,0.07118055555555555,0.0,0
brazian01w,1,CHA,0,1.0909090909090908,4.25615763546798,0,0.2777777777777778,0.7727272727272727,3.0147783251231526,0.22727272727272727,0.8866995073891626,44,2.0,0.03361344537815126,0.03420523138832998,0.009057971014492754,0.0,0
brazian01w,2,IND,0,1.173913043478261,2.8504398826979473,0,0.3333333333333333,0.8695652173913043,2.1114369501466275,0.30434782608695654,0.7390029325513197,106,4.608695652173913,0.04492512479201331,0.04065040650406504,0.015250544662309368,0.0,0
bristre01w,2,CHA,0,0.0,0.0,0,0.0,1.0,7.2,0.0,0.0,2,2.0,0.0,0.002105263157894737,0.0,0.0,0
brogami01w,1,PHO,0,3.142857142857143,4.369655172413793,0,1.3243243243243243,1.2857142857142858,1.7875862068965516,1.75,2.433103448275862,196,7.0,0.13946117274167988,0.08372093023255814,0.10515021459227468,0.0,0
brondsa01w,2,MIA,0,2.103448275862069,2.583529411764706,0,1.7027027027027026,1.2413793103448276,1.5247058823529411,2.1724137931034484,2.668235294117647,145,5.0,0.1011608623548922,0.0801781737193764,0.1346153846153846,0.0,0
brondsa01w,3,MIA,0,1.3333333333333333,1.8872870249017037,0,1.1219512195121952,1.3333333333333333,1.8872870249017037,1.5333333333333334,2.1703800786369594,117,3.9,0.062111801242236024,0.09174311926605505,0.09643605870020965,0.0,0
brondsa01w,4,SEA,0,1.7058823529411764,2.1415384615384614,0,1.8157894736842106,1.088235294117647,1.3661538461538463,2.0294117647058822,2.5476923076923077,158,4.647058823529412,0.08992248062015504,0.07939914163090128,0.12568306010928962,0.0,0
brownco01w,4,IND,0,1.0,2.0689655172413794,0,0.8378378378378378,1.2,2.4827586206896552,1.0333333333333334,2.137931034482759,97,3.2333333333333334,0.04484304932735426,0.07578947368421053,0.05740740740740741,0.0,0
brownco01w,5,IND,0,1.1923076923076923,2.8040201005025125,0,1.28125,1.1923076923076923,2.8040201005025125,1.5769230769230769,3.708542713567839,83,3.1923076923076925,0.0484375,0.06365503080082136,0.0737410071942446,0.0,0
brownco01w,6,IND,0,0.16666666666666666,1.5652173913043477,0,0.75,0.5,4.695652173913043,0.5,4.695652173913043,6,1.0,0.0014947683109118087,0.006276150627615063,0.006072874493927126,0.0,0
brownco01w,7,CHI,0,0.8,1.7142857142857142,0,1.368421052631579,1.2,2.571428571428571,1.7333333333333334,3.714285714285714,58,3.8666666666666667,0.017777777777777778,0.03409090909090909,0.050980392156862744,0.0,0
browned01w,1,DET,0,2.40625,4.4781906300484655,0,1.0434782608695652,2.125,3.9547657512116317,2.25,4.187399030694669,189,5.90625,0.10968660968660969,0.128060263653484,0.14285714285714285,0.0,0
browned01w,2,DET,0,2.59375,3.735,1,1.2608695652173914,2.125,3.06,2.71875,3.915,228,7.125,0.13764510779436154,0.13627254509018036,0.1851063829787234,0.25,0
browned01w,3,DET,0,2.607142857142857,4.786885245901639,0,0.9508196721311475,2.142857142857143,3.9344262295081966,2.0714285714285716,3.8032786885245904,172,6.142857142857143,0.11967213114754098,0.11070110701107011,0.12108559498956159,0.0,0
browned01w,4,PHO,0,1.2941176470588236,3.0229007633587788,0,1.2916666666666667,1.3823529411764706,3.229007633587786,1.8235294117647058,4.259541984732825,170,5.0,0.06616541353383458,0.09791666666666667,0.1341991341991342,0.0,0
browned01w,7,HOU,0,0.5,2.571428571428571,0,0.3333333333333333,0.5,2.571428571428571,0.25,1.2857142857142856,6,1.5,0.003236245954692557,0.003527336860670194,0.001876172607879925,0.0,0
brownki01w,3,WAS,0,0.5555555555555556,3.333333333333333,0,1.0,0.2777777777777778,1.6666666666666665,0.3333333333333333,2.0,23,1.2777777777777777,0.017123287671232876,0.010964912280701754,0.01160541586073501,0.0,0
brownki01w,4,WAS,0,0.8518518518518519,3.078066914498141,0,1.2173913043478262,0.8148148148148148,2.9442379182156135,1.037037037037037,3.7472118959107807,74,2.740740740740741,0.033973412112259974,0.047516198704103674,0.0492091388400703,0.0,0
brownki01w,5,WAS,0,0.8076923076923077,2.0377358490566038,0,1.2352941176470589,1.2692307692307692,3.202156334231806,1.6153846153846154,4.0754716981132075,107,4.115384615384615,0.03215926493108729,0.07764705882352942,0.08974358974358974,0.0,0
brownki01w,6,HOU,2,0.25,2.0,0,0.6666666666666666,0.5,4.0,0.5,4.0,4,1.0,0.001718213058419244,0.004694835680751174,0.004273504273504274,0.0,0
brownki01w,6,WAS,1,0.0,0.0,0,0.0,1.0,5.142857142857142,0.0,0.0,2,1.0,0.0,0.0045871559633027525,0.0,0.0,0
brownki01w,7,NYL,0,0.4375,4.344827586206897,0,2.25,0.1875,1.8620689655172413,0.5625,5.586206896551724,19,1.1875,0.01037037037037037,0.005199306759098787,0.018907563025210083,0.0,0
brownki01w,8,LAS,2,0.7777777777777778,2.3119266055045875,0,1.8461538461538463,0.9259259259259259,2.7522935779816513,1.7777777777777777,5.284403669724771,102,3.7777777777777777,0.0286493860845839,0.043706293706293704,0.08648648648648649,0.0,0
brownki01w,8,MIN,1,1.6666666666666667,6.206896551724139,0,0.6666666666666666,0.6666666666666666,2.4827586206896552,0.6666666666666666,2.4827586206896552,9,3.0,0.0070028011204481795,0.0035587188612099642,0.0033500837520938024,0.0,0
brownki01w,9,LAS,0,1.28125,2.7849056603773583,0,1.65,1.21875,2.6490566037735848,2.0625,4.483018867924528,144,4.5,0.05742296918767507,0.06403940886699508,0.10749185667752444,0.0,0
brownki01w,10,CON,0,1.0294117647058822,3.2061068702290076,0,1.2666666666666666,0.8529411764705882,2.65648854961832,1.1176470588235294,3.480916030534351,109,3.2058823529411766,0.051622418879056046,0.06387665198237885,0.06239737274220033,0.0,0
brownru01w,1,CLE,0,2.7,4.294550810014727,0,0.7333333333333333,1.9666666666666666,3.1281296023564065,1.4666666666666666,2.3328424153166423,219,7.3,0.125,0.10946196660482375,0.08148148148148149,0.0,0
brownru01w,2,CLE,0,2.433333333333333,3.457894736842105,1,0.9736842105263158,1.2333333333333334,1.7526315789473683,1.2333333333333334,1.7526315789473683,223,7.433333333333334,0.13696060037523453,0.08314606741573034,0.07341269841269842,0.5,0
brownru01w,3,CLE,0,1.9285714285714286,4.153846153846154,0,0.675,1.3928571428571428,3.0,0.9642857142857143,2.076923076923077,131,4.678571428571429,0.09507042253521127,0.08628318584070796,0.056133056133056136,0.0,0
brownru01w,4,CHA,0,2.588235294117647,6.559006211180124,1,0.4444444444444444,1.0294117647058822,2.608695652173913,0.47058823529411764,1.1925465838509317,138,4.0588235294117645,0.12607449856733524,0.07028112449799197,0.032,0.25,0
brumfma01w,1,MIN,0,2.1875,4.1109298531810765,1,1.024390243902439,1.25,2.3491027732463294,1.3125,2.4665579119086463,126,3.9375,0.10130246020260492,0.08032128514056225,0.0846774193548387,0.08333333333333333,0
brumfma01w,2,MIA,0,1.0,3.9352226720647776,0,1.28,0.8888888888888888,3.4979757085020244,1.1851851851851851,4.663967611336032,77,2.8518518518518516,0.04477611940298507,0.053452115812917596,0.06837606837606838,0.0,0
brumfma01w,4,CHA,0,0.52,3.804878048780488,0,2.0,0.24,1.7560975609756098,0.56,4.097560975609756,26,1.04,0.01862464183381089,0.012048192771084338,0.028,0.0,0
brungje01w,5,CON,0,0.6363636363636364,2.4076433121019107,0,2.076923076923077,0.36363636363636365,1.375796178343949,0.8181818181818182,3.095541401273885,72,2.1818181818181817,0.03436988543371522,0.02591792656587473,0.04712041884816754,0.0,0
brungje01w,6,CON,0,0.3333333333333333,3.0638297872340425,0,0.6666666666666666,0.16666666666666666,1.5319148936170213,0.16666666666666666,1.5319148936170213,8,0.6666666666666666,0.0064,0.004415011037527594,0.003484320557491289,0.0,0
brungje01w,7,CON,0,0.0,0.0,0,0.0,0.25,5.142857142857142,0.0,0.0,0,0.0,0.0,0.001941747572815534,0.0,0.0,0
brunsre01w,5,SAC,0,1.411764705882353,3.4979757085020244,0,0.6333333333333333,0.8529411764705882,2.1133603238866394,0.5588235294117647,1.3846153846153846,177,5.205882352941177,0.07476635514018691,0.059670781893004114,0.03653846153846154,0.0,0
brunsre01w,6,SAC,0,1.7941176470588236,3.041551246537396,0,0.37209302325581395,1.2352941176470589,2.0941828254847645,0.47058823529411764,0.7977839335180056,246,7.235294117647059,0.08905109489051095,0.08383233532934131,0.030303030303030304,0.0,0
brunsre01w,7,SAC,0,1.911764705882353,3.919597989949749,0,0.4146341463414634,1.1764705882352942,2.4120603015075375,0.5,1.0251256281407035,244,7.176470588235294,0.09687034277198212,0.07366482504604052,0.03333333333333333,0.0,0
brunsre01w,8,SAC,0,2.3636363636363638,3.0128755364806867,0,0.4067796610169492,1.7575757575757576,2.240343347639485,0.7272727272727273,0.927038626609442,394,11.93939393939394,0.12130637636080871,0.09477124183006536,0.04460966542750929,0.0,0
brunsre01w,9,SAC,0,2.7333333333333334,3.789473684210526,0,0.25,1.7,2.356867779204108,0.43333333333333335,0.6007702182284981,282,9.4,0.11866859623733719,0.0868824531516184,0.027426160337552744,0.0,0
brunsre01w,10,SAC,0,2.111111111111111,3.085714285714286,0,0.1956521739130435,1.6666666666666667,2.43609022556391,0.3333333333333333,0.48721804511278194,255,9.444444444444445,0.08823529411764706,0.07692307692307693,0.0166358595194085,0.0,0
bullevi01w,1,WAS,0,2.75,2.8957952468007315,0,0.711864406779661,1.8125,1.9085923217550274,1.3125,1.3820840950639854,336,10.5,0.14715719063545152,0.11439842209072978,0.08045977011494253,0.0,0
bullevi01w,2,WAS,0,2.6875,2.885368126747437,0,0.7592592592592593,1.65625,1.7781919850885368,1.28125,1.375582479030755,383,11.96875,0.15985130111524162,0.10685483870967742,0.09647058823529411,0.0,0
bullevi01w,3,WAS,0,2.625,3.1731374606505773,0,0.9298245614035088,1.75,2.1154249737670514,1.65625,2.0020986358866737,330,10.3125,0.14383561643835616,0.12280701754385964,0.10251450676982592,0.0,0
burgean01w,2,WAS,0,1.4516129032258065,2.216142270861833,0,1.4426229508196722,1.935483870967742,2.954856361149111,2.838709677419355,4.333789329685363,192,6.193548387096774,0.08364312267657993,0.12096774193548387,0.20705882352941177,0.0,0
burgean01w,3,WAS,0,1.5,2.2215189873417724,0,2.2142857142857144,1.5769230769230769,2.3354430379746836,3.576923076923077,5.29746835443038,193,7.423076923076923,0.06678082191780822,0.08991228070175439,0.17988394584139264,0.0,0
burgean01w,4,WAS,0,1.3823529411764706,2.0118906064209274,1,2.1132075471698113,1.5294117647058822,2.2259215219976216,3.2941176470588234,4.794292508917955,219,6.4411764705882355,0.06942392909896603,0.11231101511879049,0.1968365553602812,0.16666666666666666,0
burgeli01w,1,SAC,0,1.6,7.024390243902439,0,0.4,0.8,3.5121951219512195,0.4,1.7560975609756098,20,4.0,0.013986013986013986,0.008714596949891068,0.0035211267605633804,0.0,0
burraal01w,1,POR,0,1.7142857142857142,4.127388535031847,0,0.16216216216216217,1.7142857142857142,4.127388535031847,0.2857142857142857,0.6878980891719745,90,4.285714285714286,0.047244094488188976,0.06060606060606061,0.012474012474012475,0.0,0
burraal01w,2,POR,0,1.1538461538461537,3.9705882352941178,0,0.3225806451612903,1.1538461538461537,3.9705882352941178,0.38461538461538464,1.3235294117647058,77,2.9615384615384617,0.0473186119873817,0.059880239520958084,0.022123893805309734,0.0,0
burraal01w,3,POR,0,1.8125,3.2985781990521326,0,0.14,1.53125,2.786729857819905,0.21875,0.3981042654028436,171,5.34375,0.09294871794871795,0.09919028340080972,0.014198782961460446,0.0,0
burraal01w,4,SEA,0,2.1481481481481484,7.733333333333333,0,0.19230769230769232,0.9259259259259259,3.333333333333333,0.18518518518518517,0.6666666666666666,76,2.814814814814815,0.08992248062015504,0.0536480686695279,0.009107468123861567,0.0,0
burseja01w,2,MIN,0,1.0,4.260355029585798,0,0.23809523809523808,1.0,4.260355029585798,0.25,1.0650887573964496,64,3.2,0.028735632183908046,0.03937007874015748,0.01141552511415525,0.0,0
burseja01w,3,MIN,0,1.935483870967742,6.279069767441861,0,0.3684210526315789,0.5806451612903226,1.8837209302325582,0.22580645161290322,0.7325581395348838,87,2.806451612903226,0.0970873786407767,0.033962264150943396,0.014989293361884369,0.0,0
burseja01w,4,MIN,0,2.793103448275862,6.657534246575342,2,0.4418604651162791,1.4482758620689655,3.4520547945205475,0.6551724137931034,1.5616438356164384,168,5.793103448275862,0.12755905511811025,0.07513416815742398,0.03270223752151463,0.2857142857142857,0
burseja01w,5,SEA,0,2.896551724137931,5.883268482490273,2,0.4523809523809524,1.4137931034482758,2.871595330739299,0.6551724137931034,1.3307392996108949,174,6.0,0.12612612612612611,0.082,0.034358047016274866,0.2222222222222222,0
burseja01w,6,SEA,0,4.088235294117647,5.825378346915018,6,0.2911392405063291,2.2941176470588234,3.268917345750873,0.6764705882352942,0.9639115250291036,281,8.264705882352942,0.21124620060790272,0.15087040618955513,0.044145873320537425,0.5454545454545454,0
burseja01w,7,SEA,0,3.3703703703703702,4.445047489823609,1,0.39285714285714285,2.037037037037037,2.6865671641791042,0.8148148148148148,1.0746268656716418,242,8.962962962962964,0.13323572474377746,0.09632224168126094,0.04271844660194175,0.16666666666666666,0
burseja01w,8,SEA,0,2.9655172413793105,4.366713681241185,0,0.3728813559322034,2.0,2.944992947813822,0.7586206896551724,1.1170662905500706,217,7.482758620689655,0.13848631239935588,0.10861423220973783,0.04119850187265917,0.0,0
burseja01w,10,SEA,0,2.088235294117647,4.724584103512015,1,0.2777777777777778,1.0294117647058822,2.3290203327171906,0.29411764705882354,0.6654343807763402,169,4.970588235294118,0.09985935302390998,0.06294964028776978,0.0186219739292365,0.09090909090909091,0
buttsta01w,5,MIN,0,1.2333333333333334,3.148936170212766,1,1.0416666666666667,0.7666666666666667,1.9574468085106385,0.8333333333333334,2.127659574468085,107,3.566666666666667,0.05597579425113464,0.03745928338762215,0.04743833017077799,0.25,0
byearla01w,1,SAC,0,2.25,4.975047984644914,1,0.5833333333333334,1.09375,2.418426103646833,0.65625,1.4510556621881,178,5.5625,0.1258741258741259,0.07625272331154684,0.03697183098591549,0.16666666666666666,0
byearla01w,2,LAS,0,3.5,5.456021650879567,4,0.7435897435897436,1.1875,1.851150202976996,0.90625,1.4127198917456023,267,8.34375,0.18152350081037277,0.08656036446469248,0.048576214405360134,0.4,0
byearla01w,3,LAS,0,3.423076923076923,6.592592592592593,4,0.6190476190476191,0.7692307692307693,1.4814814814814814,0.5,0.9629629629629629,177,6.8076923076923075,0.13383458646616542,0.03861003861003861,0.02226027397260274,0.21052631578947367,0
byearla01w,4,LAS,0,2.4,6.0,0,0.6666666666666666,0.4,1.0,0.4,1.0,25,5.0,0.017569546120058566,0.004246284501061571,0.003401360544217687,0.0,0
byearla01w,7,WAS,0,2.230769230769231,6.327272727272727,2,0.2777777777777778,1.3461538461538463,3.8181818181818183,0.38461538461538464,1.0909090909090908,111,4.269230769230769,0.07388535031847134,0.06457564575645756,0.01733102253032929,0.125,0
byearla01w,8,HOU,0,2.0,6.605504587155964,0,0.42105263157894735,1.2333333333333334,4.073394495412844,0.5333333333333333,1.761467889908257,119,3.966666666666667,0.09146341463414634,0.0583596214511041,0.028622540250447227,0.0,0
byearla01w,9,HOU,0,1.4545454545454546,12.521739130434781,0,0.5,0.09090909090909091,0.7826086956521738,0.09090909090909091,0.7826086956521738,16,1.4545454545454546,0.02194787379972565,0.0016666666666666668,0.0017953321364452424,0.0,0
campbed01w,1,SEA,0,2.1875,2.4705882352941178,0,0.9024390243902439,2.5,2.8235294117647056,2.3125,2.611764705882353,94,5.875,0.053929121725731895,0.07604562737642585,0.09462915601023018,0.0,0
campbed01w,2,SAC,0,1.40625,1.8969555035128807,0,1.1384615384615384,2.0,2.6978922716627634,2.3125,3.11943793911007,187,5.84375,0.07640067911714771,0.1292929292929293,0.13237924865831843,0.0,0
campbed01w,3,SAC,0,0.0,0.0,0,0.0,0.0,0.0,0.0,0.0,2,2.0,0.0,0.0,0.0,0.0,0
campbed01w,4,SAC,0,1.2352941176470589,2.0883977900552484,0,0.9772727272727273,1.2647058823529411,2.138121546961326,1.2647058823529411,2.138121546961326,139,4.088235294117647,0.06542056074766354,0.09307359307359307,0.07557117750439367,0.0,1
campbed01w,5,SAC,0,1.0909090909090908,2.602409638554217,0,1.0,0.6818181818181818,1.6265060240963856,0.7272727272727273,1.7349397590361446,42,1.9090909090909092,0.037383177570093455,0.030864197530864196,0.03076923076923077,0.0,0
campbed01w,6,SAS,0,0.7142857142857143,2.903225806451613,0,0.875,0.5357142857142857,2.17741935483871,0.5,2.032258064516129,35,1.25,0.030721966205837174,0.027985074626865673,0.03225806451612903,0.0,0
campbmi01w,1,WAS,0,0.4,3.272727272727273,0,0.25,0.6,4.909090909090908,0.2,1.6363636363636365,4,0.8,0.0033444816053511705,0.005917159763313609,0.0019157088122605363,0.0,0
cantydo01w,1,DET,0,2.2857142857142856,2.9387755102040813,0,1.5769230769230769,1.8214285714285714,2.3418367346938775,2.9285714285714284,3.7653061224489797,206,7.357142857142857,0.09116809116809117,0.096045197740113,0.1626984126984127,0.0,0
cantydo01w,2,DET,0,2.15625,3.9744,0,1.25,1.71875,3.1679999999999997,2.1875,4.032,185,5.78125,0.11442786069651742,0.11022044088176353,0.14893617021276595,0.0,0
cantydo01w,3,DET,0,2.107142857142857,3.3984,0,1.456140350877193,2.0,3.2256,2.9642857142857144,4.7808,177,6.321428571428571,0.09672131147540984,0.1033210332103321,0.1732776617954071,0.0,0
cantydo01w,4,HOU,0,1.9375,3.444444444444444,0,1.12,1.53125,2.7222222222222223,1.75,3.1111111111111107,179,5.59375,0.12627291242362526,0.10864745011086474,0.12017167381974249,0.0,0
cantydo01w,5,HOU,0,1.90625,2.851948051948052,0,1.391304347826087,1.40625,2.103896103896104,2.0,2.9922077922077923,181,5.65625,0.10971223021582734,0.09278350515463918,0.1415929203539823,0.0,0
cantydo01w,6,HOU,0,2.272727272727273,2.7081243731193583,0,1.4852941176470589,2.0303030303030303,2.41925777331996,3.0606060606060606,3.646940822467402,240,7.2727272727272725,0.12886597938144329,0.1572769953051643,0.21581196581196582,0.0,0
cantydo01w,7,HOU,0,2.4,3.0069605568445477,0,1.2222222222222223,2.3333333333333335,2.9234338747099766,2.933333333333333,3.6751740139211133,113,7.533333333333333,0.05825242718446602,0.06172839506172839,0.0825515947467167,0.0,0
cantydo01w,8,CHI,0,1.4,1.9484536082474229,0,2.1206896551724137,1.9,2.6443298969072164,4.1,5.7061855670103085,221,7.366666666666666,0.06614173228346457,0.11154598825831702,0.205685618729097,0.0,0
cantydo01w,9,CHI,0,2.642857142857143,3.614654002713704,0,2.090909090909091,1.9285714285714286,2.637720488466757,4.107142857142857,5.617367706919946,217,7.75,0.115625,0.10266159695817491,0.20947176684881602,0.0,0
cantydo01w,10,CHI,0,2.823529411764706,4.453608247422681,1,1.8793103448275863,1.6764705882352942,2.6443298969072164,3.2058823529411766,5.056701030927835,205,6.029411764705882,0.15841584158415842,0.10694183864915573,0.2045028142589118,0.3333333333333333,0
careyja01w,6,CON,0,0.6,3.7674418604651163,0,1.4,0.26666666666666666,1.6744186046511627,0.4666666666666667,2.930232558139535,15,1.0,0.0144,0.008830022075055188,0.012195121951219513,0.0,0
careyja01w,7,CON,0,1.0,3.0209790209790213,0,1.7777777777777777,0.7083333333333334,2.13986013986014,1.3333333333333333,4.027972027972028,55,2.2916666666666665,0.04519774011299435,0.03300970873786408,0.05071315372424723,0.0,0
careyja01w,8,CON,0,0.9090909090909091,2.577565632458234,0,1.7647058823529411,0.48484848484848486,1.3747016706443915,0.9090909090909091,2.577565632458234,64,1.9393939393939394,0.04672897196261682,0.029574861367837338,0.04838709677419355,0.0,0
careyja01w,9,CON,0,0.7272727272727273,1.7314629258517034,0,2.0434782608695654,0.6666666666666666,1.5871743486973948,1.4242424242424243,3.3907815631262523,96,2.909090909090909,0.0380952380952381,0.045081967213114756,0.07730263157894737,0.0,0
carsoes01w,9,NYL,0,1.4411764705882353,2.7306501547987616,0,0.8611111111111112,1.0294117647058822,1.9504643962848298,0.9117647058823529,1.7275541795665634,147,4.323529411764706,0.07469512195121951,0.06386861313868614,0.05615942028985507,0.0,0
carsoes01w,10,NYL,0,2.235294117647059,3.1850989522700814,1,0.8363636363636363,1.588235294117647,2.2630966239813737,1.3529411764705883,1.9278230500582072,165,4.852941176470588,0.11912225705329153,0.09926470588235294,0.0872865275142315,0.25,0
carteam01w,5,DET,0,2.5,13.846153846153847,0,0.0,1.5,8.307692307692308,0.0,0.0,6,3.0,0.007704160246533128,0.005836575875486381,0.0,0.0,0
carteam01w,6,NYL,0,1.3333333333333333,11.076923076923077,0,0.0,0.3333333333333333,2.769230769230769,0.0,0.0,2,0.6666666666666666,0.006514657980456026,0.0021598272138228943,0.0,0.0,0
cashsw01w,3,DET,0,2.65625,2.8359592215013905,0,0.8514851485148515,3.125,3.336422613531047,2.6875,2.8693234476367007,376,11.75,0.13934426229508196,0.18450184501845018,0.17954070981210857,0.0,0
cashsw01w,4,DET,0,2.303030303030303,2.4940747493163173,0,1.091743119266055,3.272727272727273,3.544211485870556,3.606060606060606,3.9051959890610757,378,11.454545454545455,0.1254125412541254,0.17733990147783252,0.21794871794871795,0.0,0
cashsw01w,5,DET,0,2.625,2.736651583710407,0,1.646341463414634,2.53125,2.638914027149321,4.21875,4.398190045248868,416,13.0,0.12942989214175654,0.1575875486381323,0.23893805309734514,0.0,0
cashsw01w,6,DET,0,2.0952380952380953,3.458515283842795,1,0.8958333333333334,2.238095238095238,3.6943231441048034,2.0476190476190474,3.3799126637554586,149,7.095238095238095,0.05774278215223097,0.08216783216783216,0.09052631578947369,0.08333333333333333,0
cashsw01w,7,DET,0,2.5,3.090909090909091,0,1.1910112359550562,2.588235294117647,3.2,3.1176470588235294,3.8545454545454545,305,8.970588235294118,0.11938202247191011,0.16356877323420074,0.1849912739965096,0.0,0
cashsw01w,8,DET,0,2.2580645161290325,2.627737226277372,0,0.9634146341463414,2.6129032258064515,3.040667361835245,2.5483870967741935,2.965589155370177,300,9.67741935483871,0.09957325746799431,0.1433628318584071,0.1400709219858156,0.0,0
cashsw01w,9,SEA,0,2.3225806451612905,2.7961165048543686,0,0.8285714285714286,2.225806451612903,2.679611650485437,1.8709677419354838,2.2524271844660193,278,8.96774193548387,0.10510948905109489,0.13092979127134724,0.10922787193973635,0.0,0
cashsw01w,10,SEA,0,3.0625,3.2248628884826327,1,0.8913043478260869,2.84375,2.9945155393053016,2.5625,2.6983546617915906,340,10.625,0.13783403656821377,0.16366906474820145,0.1527001862197393,0.09090909090909091,0
cassija01w,1,MIA,0,0.7727272727272727,3.4971428571428573,0,0.6428571428571429,0.5909090909090909,2.6742857142857144,0.4090909090909091,1.8514285714285714,39,1.7727272727272727,0.02401129943502825,0.024761904761904763,0.021634615384615384,0.0,0
castriz01w,3,MIA,0,1.1578947368421053,4.351648351648351,0,0.3684210526315789,0.9473684210526315,3.5604395604395602,0.3684210526315789,1.3846153846153846,31,1.631578947368421,0.034161490683229816,0.04128440366972477,0.014675052410901468,0.0,0
castriz01w,4,PHO,0,0.6875,2.2247191011235956,0,0.8181818181818182,0.625,2.0224719101123596,0.5625,1.8202247191011236,28,1.75,0.016541353383458645,0.020833333333333332,0.01948051948051948,0.0,0
castriz01w,6,SEA,0,2.212121212121212,2.9897610921501707,0,0.8166666666666667,1.7878787878787878,2.416382252559727,1.4848484848484849,2.006825938566553,168,5.090909090909091,0.11094224924012158,0.11411992263056092,0.09404990403071017,0.0,0
castriz01w,7,SEA,0,1.7058823529411764,3.187786259541985,0,0.94,1.4411764705882353,2.6931297709923667,1.3823529411764706,2.5832061068702292,144,4.235294117647059,0.0849194729136164,0.08581436077057793,0.0912621359223301,0.0,0
castriz01w,8,SEA,0,2.0588235294117645,2.616822429906542,0,1.4615384615384615,1.8823529411764706,2.392523364485981,2.7941176470588234,3.551401869158879,230,6.764705882352941,0.11272141706924316,0.1198501872659176,0.17790262172284643,0.0,0
castriz01w,9,ATL,0,1.3448275862068966,2.092399403874814,0,0.896551724137931,1.9655172413793103,3.0581222056631896,1.793103448275862,2.7898658718330847,150,5.172413793103448,0.04893350062735257,0.09595959595959595,0.10547667342799188,0.0,0
castriz01w,10,ATL,0,2.2058823529411766,2.9508196721311473,0,0.7976190476190477,2.4411764705882355,3.2655737704918035,1.9705882352941178,2.636065573770492,180,5.294117647058823,0.10107816711590296,0.1404399323181049,0.12226277372262774,0.0,0
catchta01w,3,IND,0,3.28125,3.2390745501285347,2,1.4216867469879517,2.5625,2.529562982005141,3.6875,3.640102827763496,531,16.59375,0.1875,0.1867881548974943,0.26339285714285715,0.2857142857142857,0
catchta01w,4,IND,0,3.588235294117647,3.629752066115702,2,1.1067961165048543,3.0,3.0347107438016527,3.3529411764705883,3.391735537190083,493,14.5,0.18236173393124067,0.21473684210526317,0.2111111111111111,0.3333333333333333,0
catchta01w,5,IND,0,2.6470588235294117,2.8198433420365534,2,1.4743589743589745,2.264705882352941,2.412532637075718,3.3823529411764706,3.6031331592689297,469,13.794117647058824,0.140625,0.15811088295687886,0.2068345323741007,0.15384615384615385,0
catchta01w,6,IND,0,2.823529411764706,2.943781942078364,1,1.5543478260869565,2.676470588235294,2.79045996592845,4.205882352941177,4.385008517887564,513,15.088235294117647,0.14349775784753363,0.1903765690376569,0.2894736842105263,0.14285714285714285,0
catchta01w,7,IND,0,2.8125,3.025210084033614,0,1.4875,2.46875,2.6554621848739495,3.71875,4.0,488,15.25,0.14827018121911037,0.14933837429111532,0.23705179282868527,0.0,0
catchta01w,8,IND,0,3.0476190476190474,3.398230088495575,0,1.5555555555555556,2.9523809523809526,3.2920353982300883,4.666666666666667,5.20353982300885,375,17.857142857142858,0.09891808346213292,0.10508474576271186,0.19140625,0.0,0
catchta01w,9,IND,0,2.96,3.838616714697406,1,1.3387096774193548,2.44,3.164265129682997,3.32,4.305475504322767,300,12.0,0.10164835164835165,0.10409556313993173,0.1656686626746507,0.14285714285714285,0
catchta01w,10,IND,0,2.7058823529411766,3.055350553505535,0,1.202247191011236,2.588235294117647,2.922509225092251,3.1470588235294117,3.5535055350553506,469,13.794117647058824,0.13275613275613277,0.16541353383458646,0.20265151515151514,0.0,0
caufila01w,3,UTA,0,1.625,7.2,0,0.1111111111111111,1.0,4.430769230769231,0.125,0.5538461538461539,13,1.625,0.01951951951951952,0.015296367112810707,0.0020876826722338203,0.0,0
chambco01w,8,CON,0,0.0,0.0,0,0.0,2.0,72.0,0.0,0.0,0,0.0,0.0,0.0036968576709796672,0.0,0.0,0
chanequ01w,9,CHI,0,0.6785714285714286,2.838174273858921,0,1.0,0.8214285714285714,3.4356846473029043,0.8571428571428571,3.5850622406639,71,2.5357142857142856,0.0296875,0.043726235741444866,0.04371584699453552,0.0,0
chapmji01w,3,DET,0,1.0526315789473684,6.050420168067228,0,0.0,0.42105263157894735,2.4201680672268906,0.0,0.0,31,1.631578947368421,0.03278688524590164,0.014760147601476014,0.0,0.0,0
choneka01w,5,WAS,0,1.0,4.069565217391304,0,0.3333333333333333,0.8461538461538461,3.4434782608695653,0.3076923076923077,1.2521739130434784,26,2.0,0.019908116385911178,0.02588235294117647,0.008547008547008548,0.0,0
choneka01w,6,WAS,0,0.75,5.311475409836065,0,0.2,0.3333333333333333,2.360655737704918,0.08333333333333333,0.5901639344262295,8,0.6666666666666666,0.012893982808022923,0.009174311926605505,0.0019305019305019305,0.0,0
choneka01w,7,SEA,0,1.3333333333333333,9.0,0,0.0,0.3333333333333333,2.25,0.0,0.0,0,0.0,0.005856515373352855,0.0017513134851138354,0.0,0.0,0
chriska01w,3,PHO,0,2.433333333333333,6.363196125907991,1,0.45454545454545453,1.0666666666666667,2.789346246973366,0.5,1.307506053268765,132,4.4,0.11698717948717949,0.06374501992031872,0.035046728971962614,0.5,0
chriska01w,4,PHO,0,3.466666666666667,5.68133535660091,4,0.4,1.3,2.1305007587253413,0.5333333333333333,0.874051593323217,183,6.1,0.15639097744360902,0.08125,0.03463203463203463,0.4444444444444444,0
chriska01w,5,PHO,0,2.78125,7.872235872235873,2,0.8518518518518519,0.8125,2.2997542997542997,0.71875,2.0343980343980346,120,3.75,0.11882510013351134,0.05591397849462366,0.045816733067729085,0.14285714285714285,0
chriska01w,6,PHO,0,2.272727272727273,8.333333333333334,1,0.6363636363636364,0.9090909090909091,3.333333333333333,0.6363636363636364,2.333333333333333,41,3.727272727272727,0.03581661891117478,0.019305019305019305,0.012727272727272728,0.07692307692307693,0
chriska01w,7,HOU,1,3.5,8.590909090909092,1,0.3333333333333333,1.8333333333333333,4.5,0.6666666666666666,1.6363636363636365,23,3.8333333333333335,0.03398058252427184,0.019400352733686066,0.0075046904315197,0.14285714285714285,0
chriska01w,7,PHO,2,1.2727272727272727,9.50943396226415,0,0.3333333333333333,0.45454545454545453,3.3962264150943398,0.18181818181818182,1.3584905660377358,20,1.8181818181818181,0.018867924528301886,0.011286681715575621,0.0031201248049922,0.0,0
chriska01w,8,CHI,0,2.5652173913043477,10.018867924528301,1,0.3181818181818182,0.9130434782608695,3.566037735849057,0.30434782608695654,1.1886792452830188,65,2.8260869565217392,0.09291338582677165,0.0410958904109589,0.011705685618729096,0.16666666666666666,0
chrissh01w,5,NYL,0,2.1515151515151514,4.564285714285714,0,0.696969696969697,0.9696969696969697,2.057142857142857,0.696969696969697,1.4785714285714286,109,3.303030303030303,0.12074829931972789,0.0631163708086785,0.04259259259259259,0.0,0
chrissh01w,6,NYL,0,2.9411764705882355,4.449938195302843,1,0.803921568627451,1.4705882352941178,2.2249690976514214,1.2058823529411764,1.8244746600741655,185,5.4411764705882355,0.16286644951140064,0.1079913606911447,0.08216432865731463,0.2,0
chrissh01w,7,NYL,0,3.088235294117647,3.8297872340425534,1,0.5301204819277109,2.411764705882353,2.9908814589665655,1.2941176470588236,1.6048632218844983,226,6.647058823529412,0.15555555555555556,0.14211438474870017,0.09243697478991597,0.16666666666666666,0
chrissh01w,8,NYL,0,3.0,3.3464788732394366,0,0.8433734939759037,2.484848484848485,2.7718309859154933,2.121212121212121,2.366197183098592,272,8.242424242424242,0.15993537964458804,0.13376835236541598,0.13972055888223553,0.0,0
chrissh01w,9,NYL,0,3.0,3.5353748680042236,1,0.8225806451612904,1.967741935483871,2.3189017951425552,1.6451612903225807,1.9387539598732841,197,6.354838709677419,0.14176829268292682,0.11131386861313869,0.09239130434782608,0.2,0
chrissh01w,10,NYL,0,3.1875,3.621301775147929,1,0.9824561403508771,1.75,1.9881656804733727,1.75,1.9881656804733727,267,8.34375,0.15987460815047022,0.10294117647058823,0.1062618595825427,0.25,0
cironkr01w,10,CON,0,0.75,4.695652173913043,0,4.0,0.0,0.0,1.0,6.260869565217391,11,2.75,0.004424778761061947,0.0,0.006568144499178982,0.0,0
clearmi01w,1,PHO,0,1.5,2.5461689587426326,0,5.133333333333334,0.5833333333333334,0.9901768172888016,3.2083333333333335,5.445972495088409,150,6.25,0.05705229793977813,0.03255813953488372,0.16523605150214593,0.0,0
clearmi01w,2,PHO,0,0.5,1.4693877551020407,0,2.25,0.75,2.204081632653061,2.25,6.612244897959184,14,3.5,0.003194888178913738,0.0057692307692307696,0.017475728155339806,0.0,0
clinest01w,1,SAC,0,0.7307692307692307,2.4,0,1.8846153846153846,0.9615384615384616,3.1578947368421053,1.8846153846153846,6.189473684210527,92,3.5384615384615383,0.033216783216783216,0.054466230936819175,0.08626760563380281,0.0,0
clinest01w,2,SAC,0,0.625,4.8,1,2.0,0.375,2.88,0.875,6.720000000000001,18,1.125,0.01697792869269949,0.012121212121212121,0.025044722719141325,0.16666666666666666,0
clinest01w,3,DET,0,0.5,2.057142857142857,0,2.4285714285714284,0.5,2.057142857142857,1.4166666666666667,5.828571428571429,24,2.0,0.009836065573770493,0.01107011070110701,0.03549060542797495,0.0,0
coggicl01w,8,CHI,0,1.4,5.142857142857142,0,0.4,0.95,3.4897959183673466,0.4,1.4693877551020407,30,1.5,0.04409448818897638,0.03718199608610567,0.013377926421404682,0.0,0
cokermo01w,5,LAS,0,0.6666666666666666,5.142857142857142,0,0.75,1.0,7.7142857142857135,1.0,7.7142857142857135,5,1.6666666666666667,0.00273224043715847,0.005660377358490566,0.004784688995215311,0.0,0
colemco01w,4,CON,0,0.9,4.595744680851063,0,0.07142857142857142,0.65,3.3191489361702127,0.05,0.2553191489361702,33,1.65,0.02710843373493976,0.029885057471264367,0.0019193857965451055,0.0,0
colemma01w,10,WAS,0,1.5714285714285714,3.017142857142857,0,0.6285714285714286,1.2142857142857142,2.3314285714285714,0.7857142857142857,1.5085714285714285,127,4.535714285714286,0.06060606060606061,0.05592105263157895,0.048458149779735685,0.0,0
colleka01w,1,MIA,0,2.03125,2.6804123711340204,0,0.7575757575757576,2.03125,2.6804123711340204,1.5625,2.0618556701030926,147,4.59375,0.09180790960451977,0.12380952380952381,0.1201923076923077,0.0,0
colleka01w,2,MIA,0,0.6428571428571429,2.677685950413223,0,0.875,0.5,2.0826446280991737,0.5,2.0826446280991737,17,1.2142857142857142,0.014925373134328358,0.015590200445434299,0.014957264957264958,0.0,0
consuca01w,2,UTA,0,0.26666666666666666,2.88,0,0.8333333333333334,0.7333333333333333,7.92,0.6666666666666666,7.2,20,1.3333333333333333,0.006420545746388443,0.022267206477732792,0.01904761904761905,0.0,0
coopeca01w,2,NYL,0,1.5,4.235294117647059,0,0.25,0.75,2.1176470588235294,0.25,0.7058823529411764,14,3.5,0.009724473257698542,0.00684931506849315,0.0018050541516245488,0.0,0
coopeca01w,3,NYL,0,1.2173913043478262,8.470588235294118,0,0.2727272727272727,0.43478260869565216,3.025210084033614,0.13043478260869565,0.907563025210084,28,1.2173913043478262,0.04381846635367762,0.02178649237472767,0.006036217303822937,0.0,0
coopecy01w,1,HOU,0,1.967741935483871,2.023963133640553,0,1.56,3.193548387096774,3.2847926267281107,5.032258064516129,5.176036866359447,286,9.225806451612904,0.10990990990990991,0.22448979591836735,0.3151515151515151,0.0,0
coopecy01w,4,HOU,0,2.25,2.25,0,1.4666666666666666,3.5,3.5,5.5,5.5,37,9.25,0.018329938900203666,0.031042128603104215,0.04721030042918455,0.0,0
crawlsy01w,1,POR,0,3.096774193548387,3.7161290322580647,2,0.38202247191011235,2.838709677419355,3.4064516129032256,1.096774193548387,1.3161290322580645,272,8.774193548387096,0.12598425196850394,0.14814814814814814,0.07068607068607069,0.16666666666666666,0
crawlsy01w,2,POR,0,2.65625,3.3224755700325734,3,0.8709677419354839,1.90625,2.3843648208469057,1.6875,2.1107491856677525,302,9.4375,0.13406940063091483,0.1217564870259481,0.11946902654867257,0.75,0
crawlsy01w,3,POR,0,2.8125,3.956043956043956,0,0.746031746031746,1.9375,2.725274725274725,1.46875,2.0659340659340657,236,7.375,0.14423076923076922,0.12550607287449392,0.09533468559837728,0.0,0
crawlsy01w,4,SAS,0,2.303030303030303,4.851063829787234,1,0.4634146341463415,1.2121212121212122,2.5531914893617023,0.5757575757575758,1.2127659574468086,161,4.878787878787879,0.10425240054869685,0.07782101167315175,0.04428904428904429,0.1111111111111111,0
crockda01w,3,UTA,0,0.4444444444444444,3.4285714285714284,0,0.5,0.16666666666666666,1.2857142857142856,0.1111111111111111,0.8571428571428571,17,0.9444444444444444,0.012012012012012012,0.0057361376673040155,0.0041753653444676405,0.0,0
crockwi01w,9,PHO,0,2.8,12.292682926829269,1,0.0,0.2,0.8780487804878049,0.0,0.0,16,3.2,0.01761006289308176,0.0020408163265306124,0.0,0.08333333333333333,0
cronika01w,7,CHI,0,1.6363636363636365,4.835820895522388,0,0.16666666666666666,1.0,2.955223880597015,0.18181818181818182,0.5373134328358209,22,2.0,0.02666666666666667,0.020833333333333332,0.00392156862745098,0.0,0
cunnibe01w,1,WAS,0,1.0952380952380953,4.181818181818182,0,0.9230769230769231,0.5714285714285714,2.1818181818181817,0.5714285714285714,2.1818181818181817,35,1.6666666666666667,0.038461538461538464,0.023668639053254437,0.022988505747126436,0.0,0
cunnida01w,3,ORL,0,0.8333333333333334,8.571428571428571,0,0.0,0.16666666666666666,1.7142857142857142,0.0,0.0,4,0.6666666666666666,0.007462686567164179,0.002188183807439825,0.0,0.0,0
currimo01w,7,CHA,0,2.9411764705882355,4.265402843601896,1,1.380952380952381,1.8235294117647058,2.6445497630331753,2.5588235294117645,3.7109004739336493,257,7.5588235294117645,0.1360544217687075,0.10782608695652174,0.16477272727272727,0.14285714285714285,0
currimo01w,8,CHI,1,1.5,1.7704918032786885,0,0.8,2.0,2.360655737704918,2.0,2.360655737704918,17,8.5,0.004724409448818898,0.007827788649706457,0.006688963210702341,0.0,0
currimo01w,8,WAS,2,2.967741935483871,4.2957198443579765,1,1.125,1.5161290322580645,2.194552529182879,1.7419354838709677,2.5214007782101167,205,6.612903225806452,0.12041884816753927,0.08216783216783216,0.11416490486257928,0.09090909090909091,0
currimo01w,9,WAS,0,3.5588235294117645,4.481481481481482,2,0.9772727272727273,2.5588235294117645,3.222222222222222,2.5294117647058822,3.185185185185185,269,7.911764705882353,0.15963060686015831,0.13636363636363635,0.17768595041322313,0.2222222222222222,0
currimo01w,10,WAS,0,2.4411764705882355,4.104395604395604,0,1.0517241379310345,1.6764705882352942,2.8186813186813184,1.7941176470588236,3.0164835164835164,250,7.352941176470588,0.11432506887052342,0.09375,0.1343612334801762,0.0,0
curryed01w,4,PHO,0,1.25,4.390243902439025,0,1.5,0.75,2.6341463414634143,1.2,4.214634146341464,44,2.2,0.03759398496240601,0.03125,0.05194805194805195,0.0,0
curryed01w,6,LAS,0,1.2307692307692308,5.097345132743363,0,1.0909090909090908,0.7692307692307693,3.185840707964602,0.9230769230769231,3.823008849557522,31,2.3846153846153846,0.02168021680216802,0.02028397565922921,0.021739130434782608,0.0,0
dalesst01w,3,WAS,0,2.5483870967741935,3.5329192546583847,1,1.2173913043478262,2.193548387096774,3.040993788819876,2.7096774193548385,3.7565217391304344,185,5.967741935483871,0.13527397260273974,0.14912280701754385,0.16247582205029013,0.25,0
dalesst01w,4,WAS,0,2.8529411764705883,3.498997995991984,2,1.5616438356164384,2.1176470588235294,2.597194388777555,3.3529411764705883,4.112224448897796,256,7.529411764705882,0.1432791728212703,0.15550755939524838,0.20035149384885764,0.3333333333333333,0
dalesst01w,5,WAS,0,1.967741935483871,2.808184143222506,0,2.0526315789473686,1.1935483870967742,1.7033248081841432,2.5161290322580645,3.5907928388746804,165,5.32258064516129,0.09341500765696784,0.08705882352941176,0.16666666666666666,0.0,0
dalesst01w,7,CHI,0,1.6956521739130435,3.092511013215859,0,1.2121212121212122,1.391304347826087,2.537444933920705,1.7391304347826086,3.1718061674008813,77,3.347826086956522,0.057777777777777775,0.06060606060606061,0.0784313725490196,0.0,0
dalesst01w,8,CHI,0,1.7096774193548387,2.2579881656804734,0,1.4310344827586208,1.8387096774193548,2.4284023668639056,2.6774193548387095,3.536094674556213,158,5.096774193548387,0.08346456692913386,0.11154598825831702,0.13879598662207357,0.0,0
daleygr01w,1,MIN,0,1.6333333333333333,3.0571923743500866,0,1.1176470588235294,1.6666666666666667,3.1195840554592724,1.9,3.5563258232235704,141,4.7,0.07091172214182344,0.10040160642570281,0.11491935483870967,0.0,0
daleygr01w,2,NYL,0,0.8,6.545454545454546,0,1.25,0.4666666666666667,3.8181818181818183,0.6666666666666666,5.454545454545455,27,1.8,0.019448946515397084,0.01598173515981735,0.018050541516245487,0.0,0
daleygr01w,3,HOU,0,0.6521739130434783,2.9189189189189193,0,0.8888888888888888,0.7391304347826086,3.308108108108108,0.6956521739130435,3.1135135135135137,43,1.8695652173913044,0.03205128205128205,0.03728070175438596,0.03547671840354767,0.0,0
daleygr01w,4,PHO,0,0.6666666666666666,2.571428571428571,0,0.75,1.0,3.8571428571428568,1.0,3.8571428571428568,6,2.0,0.0030075187969924814,0.00625,0.006493506493506494,0.0,0
darlihe01w,1,CLE,0,1.625,3.366906474820144,0,0.9558823529411765,2.09375,4.338129496402877,2.03125,4.2086330935251794,170,5.3125,0.08024691358024691,0.12430426716141002,0.12037037037037036,0.0,0
darlihe01w,2,CLE,0,1.84375,2.730077120822622,0,1.5352112676056338,2.1875,3.2390745501285347,3.40625,5.043701799485861,223,6.96875,0.11069418386491557,0.15730337078651685,0.21626984126984128,0.0,0
darlihe01w,4,CLE,0,2.5588235294117645,3.764423076923077,2,1.7066666666666668,2.176470588235294,3.201923076923077,3.764705882352941,5.538461538461538,260,7.647058823529412,0.1359375,0.15845824411134904,0.2471042471042471,0.4,0
darlihe01w,5,MIN,0,2.515151515151515,4.226308345120226,0,1.5333333333333334,2.242424242424242,3.7680339462517685,3.484848484848485,5.855728429985856,216,6.545454545454546,0.12556732223903178,0.12052117263843648,0.21821631878557876,0.0,0
darlihe01w,6,CHA,0,2.3548387096774195,4.38,1,1.5961538461538463,1.6451612903225807,3.06,2.6774193548387095,4.98,171,5.516129032258065,0.10027472527472528,0.09514925373134328,0.1680161943319838,0.09090909090909091,0
darlihe01w,7,CHA,0,2.6206896551724137,4.507413509060956,0,1.1081081081081081,2.5172413793103448,4.329489291598023,2.8275862068965516,4.86326194398682,179,6.172413793103448,0.10340136054421768,0.12695652173913044,0.1553030303030303,0.0,0
darlihe01w,8,SAS,0,2.5454545454545454,4.421052631578947,0,1.9074074074074074,1.606060606060606,2.789473684210526,3.121212121212121,5.421052631578948,218,6.606060606060606,0.12844036697247707,0.09481216457960644,0.1813380281690141,0.0,0
darlihe01w,9,SAS,0,2.161290322580645,4.158620689655172,0,1.173913043478261,1.4516129032258065,2.793103448275862,1.7419354838709677,3.3517241379310345,163,5.258064516129032,0.1111111111111111,0.08555133079847908,0.08970099667774087,0.0,0
darlihe01w,10,SAS,0,2.323529411764706,4.429906542056075,0,2.4390243902439024,1.1764705882352942,2.2429906542056073,2.9411764705882355,5.607476635514018,196,5.764705882352941,0.1323283082077052,0.0784313725490196,0.1669449081803005,0.0,0
davenje01w,8,NYL,0,1.9696969696969697,6.125654450261781,0,0.2,1.3333333333333333,4.146596858638743,0.2727272727272727,0.8481675392670157,133,4.03030303030303,0.1050080775444265,0.07177814029363784,0.017964071856287425,0.0,0
davenje01w,9,NYL,0,1.9285714285714286,6.311688311688312,0,0.21052631578947367,1.2857142857142858,4.207792207792208,0.2857142857142857,0.9350649350649352,58,4.142857142857143,0.041158536585365856,0.032846715328467155,0.007246376811594203,0.0,0
davenje01w,10,IND,0,1.4074074074074074,7.558011049723756,0,0.2727272727272727,0.7777777777777778,4.176795580110497,0.2222222222222222,1.1933701657458564,67,2.4814814814814814,0.05483405483405483,0.039473684210526314,0.011363636363636364,0.0,0
davisbr01w,7,LAS,0,0.7857142857142857,3.3559322033898304,0,1.3333333333333333,0.35714285714285715,1.5254237288135593,0.5714285714285714,2.440677966101695,27,1.9285714285714286,0.016176470588235296,0.009345794392523364,0.01309328968903437,0.0,0
davisde01w,8,HOU,0,0.6666666666666666,3.789473684210526,0,0.0,1.6666666666666667,9.473684210526315,0.0,0.0,0,0.0,0.003048780487804878,0.007886435331230283,0.0,0.0,0
davista02w,10,DET,0,0.0,0.0,0,0.0,0.0,0.0,0.0,0.0,2,2.0,0.0,0.0,0.0,0.0,0
deforan01w,1,DET,0,1.2592592592592593,2.8267898383371826,0,1.3823529411764706,1.2222222222222223,2.74364896073903,1.7407407407407407,3.907621247113164,125,4.62962962962963,0.04843304843304843,0.062146892655367235,0.09325396825396826,0.0,0
deforan01w,4,PHO,0,1.7941176470588236,2.0619718309859154,0,1.3333333333333333,1.5588235294117647,1.791549295774648,2.1176470588235294,2.4338028169014083,240,7.0588235294117645,0.09172932330827067,0.11041666666666666,0.15584415584415584,0.0,0
deforan01w,5,PHO,0,1.5,1.59375,0,1.5507246376811594,2.0,2.125,3.1470588235294117,3.34375,289,8.5,0.06809078771695594,0.14623655913978495,0.21314741035856574,0.0,0
deforan01w,6,PHO,0,2.0,2.1007957559681696,0,0.975609756097561,2.4545454545454546,2.5782493368700266,2.4242424242424243,2.546419098143236,242,7.333333333333333,0.09455587392550144,0.15637065637065636,0.14545454545454545,0.0,0
deforan01w,7,IND,0,1.7058823529411764,2.085914085914086,0,1.3571428571428572,1.6176470588235294,1.978021978021978,2.235294117647059,2.733266733266733,270,7.9411764705882355,0.09555189456342669,0.10396975425330812,0.15139442231075698,0.0,0
deforan01w,8,IND,0,1.0588235294117647,1.6301886792452829,0,1.1063829787234043,1.3529411764705883,2.0830188679245283,1.5294117647058822,2.3547169811320754,193,5.676470588235294,0.05564142194744977,0.07796610169491526,0.1015625,0.0,0
deforan01w,9,MIN,0,1.5294117647058822,2.2101534828807554,0,1.84375,0.9117647058823529,1.3175914994096811,1.7352941176470589,2.5076741440377806,194,5.705882352941177,0.06914893617021277,0.06553911205073996,0.1057347670250896,0.0,0
deforan01w,10,DET,0,1.0,2.230088495575221,0,1.25,1.0,2.230088495575221,1.4285714285714286,3.185840707964602,34,4.857142857142857,0.009126466753585397,0.012797074954296161,0.017361111111111112,0.0,0
derevje01w,5,CON,0,0.8695652173913043,5.142857142857142,0,1.2727272727272727,0.43478260869565216,2.571428571428571,0.6086956521739131,3.6,31,1.3478260869565217,0.03273322422258593,0.02159827213822894,0.02443280977312391,0.0,0
derevje01w,6,CON,0,1.3823529411764706,4.713091922005571,0,1.4814814814814814,0.7647058823529411,2.6072423398328692,1.1764705882352942,4.011142061281337,83,2.4411764705882355,0.0752,0.05739514348785872,0.06968641114982578,0.0,0
derevje01w,7,PHO,0,1.3548387096774193,3.2376873661670236,0,2.6153846153846154,0.8064516129032258,1.9271948608137046,2.193548387096774,5.241970021413276,155,5.0,0.05660377358490566,0.056433408577878104,0.1060842433697348,0.0,0
derevje01w,8,PHO,0,0.782608695652174,3.2399999999999998,0,1.411764705882353,0.6956521739130435,2.88,1.0434782608695652,4.32,54,2.347826086956522,0.027314112291350532,0.03285420944558522,0.03508771929824561,0.0,0
derevje01w,9,PHO,0,1.0,4.220689655172413,0,2.4545454545454546,0.5882352941176471,2.4827586206896552,1.588235294117647,6.703448275862069,50,2.9411764705882355,0.021383647798742137,0.02040816326530612,0.0481283422459893,0.0,0
desouer01w,3,LAS,0,1.2727272727272727,12.292682926829269,0,0.2857142857142857,0.5454545454545454,5.268292682926829,0.18181818181818182,1.7560975609756098,19,1.7272727272727273,0.021052631578947368,0.011583011583011582,0.003424657534246575,0.0,0
desouer01w,8,CON,0,1.71875,5.063938618925832,0,0.3888888888888889,1.09375,3.2225063938618925,0.4375,1.289002557544757,147,4.59375,0.08566978193146417,0.06469500924214418,0.02258064516129032,0.0,0
desouer01w,9,ATL,0,4.0,6.23826714801444,2,0.38095238095238093,1.6666666666666667,2.5992779783393503,0.6666666666666666,1.0397111913357402,125,10.416666666666666,0.060225846925972396,0.03367003367003367,0.016227180527383367,0.25,0
desouer01w,10,ATL,0,3.4411764705882355,4.538793103448276,1,0.5352112676056338,2.0588235294117645,2.7155172413793105,1.1176470588235294,1.4741379310344827,423,12.441176470588236,0.15768194070080863,0.11844331641285956,0.06934306569343066,0.16666666666666666,0
dickeke01w,1,MIN,0,3.34375,4.869785082174463,4,0.8309859154929577,2.1875,3.185840707964602,1.84375,2.6852085967130215,239,7.46875,0.1548480463096961,0.14056224899598393,0.11895161290322581,0.3333333333333333,0
dickeke01w,2,UTA,0,0.0,0.0,0,1.0,0.0,0.0,0.25,6.0,2,0.5,0.0,0.0,0.0019047619047619048,0.0,0
dillata01w,4,SAS,0,0.9166666666666666,4.714285714285714,0,1.0,0.5833333333333334,3.0,0.625,3.2142857142857144,41,1.7083333333333333,0.03017832647462277,0.027237354085603113,0.03496503496503497,0.0,0
dillata01w,5,SAS,0,0.782608695652174,3.1609756097560973,0,1.2666666666666666,0.6086956521739131,2.458536585365854,0.8260869565217391,3.3365853658536584,38,1.6521739130434783,0.028616852146263912,0.027237354085603113,0.038461538461538464,0.0,0
dillata01w,6,SAS,0,0.5,3.5294117647058822,0,0.75,0.3,2.1176470588235294,0.3,2.1176470588235294,11,1.1,0.007680491551459293,0.005597014925373134,0.0069124423963133645,0.0,0
dixonta01w,1,LAS,0,2.774193548387097,3.5102040816326534,0,1.5737704918032787,1.935483870967742,2.4489795918367347,3.096774193548387,3.9183673469387754,251,8.096774193548388,0.12181303116147309,0.1284796573875803,0.1635434412265758,0.0,0
dixonta01w,2,LAS,0,1.793103448275862,2.023783783783784,2,1.5833333333333333,2.4482758620689653,2.763243243243243,3.9310344827586206,4.436756756756757,228,7.862068965517241,0.08427876823338736,0.16173120728929385,0.19095477386934673,0.2,0
dixonta01w,3,LAS,0,2.466666666666667,2.780793319415449,2,1.4337349397590362,2.7333333333333334,3.081419624217119,3.966666666666667,4.471816283924843,244,8.133333333333333,0.11127819548872181,0.1583011583011583,0.20376712328767124,0.10526315789473684,0
dixonta01w,4,LAS,0,2.7666666666666666,2.867562380038388,0,1.2714285714285714,2.3,2.383877159309021,2.966666666666667,3.074856046065259,260,8.666666666666666,0.12152269399707175,0.1464968152866242,0.15136054421768708,0.0,0
dixonta01w,5,LAS,0,2.6875,3.391018619934283,0,1.5555555555555556,2.21875,2.799561883899233,3.5,4.4162102957283675,259,8.09375,0.11748633879781421,0.1339622641509434,0.17862838915470494,0.0,0
dixonta01w,6,LAS,0,2.433333333333333,4.329489291598023,0,1.8780487804878048,1.3333333333333333,2.372322899505766,2.566666666666667,4.5667215815486,170,5.666666666666667,0.0989159891598916,0.08113590263691683,0.13949275362318841,0.0,0
dixonta01w,7,HOU,0,2.739130434782609,3.8375634517766497,1,0.9152542372881356,2.5217391304347827,3.532994923857868,2.347826086956522,3.2893401015228427,129,5.608695652173913,0.10194174757281553,0.10229276895943562,0.10131332082551595,0.14285714285714285,0
dixonta01w,8,HOU,0,2.3333333333333335,3.085714285714286,0,1.4615384615384615,2.111111111111111,2.7918367346938777,3.1666666666666665,4.187755102040816,144,8.0,0.06402439024390244,0.05993690851735016,0.10196779964221825,0.0,0
dixonta01w,9,HOU,0,2.625,3.577287066246057,1,0.8979591836734694,2.0,2.725552050473186,1.8333333333333333,2.498422712933754,148,6.166666666666667,0.08641975308641975,0.08,0.07899461400359066,0.125,0
dixonta01w,10,IND,0,1.40625,3.8207547169811322,0,1.3214285714285714,0.84375,2.292452830188679,1.15625,3.141509433962264,103,3.21875,0.06493506493506493,0.05075187969924812,0.07007575757575757,0.0,0
donapbe01w,4,NYL,0,0.0,0.0,0,0.0,0.0,0.0,0.0,0.0,0,0.0,0.0,0.0,0.0,0.0,0
donapbe01w,5,NYL,0,2.3076923076923075,4.509394572025052,0,0.7272727272727273,0.8076923076923077,1.5782881002087683,0.6153846153846154,1.2025052192066805,106,4.076923076923077,0.10204081632653061,0.04142011834319527,0.02962962962962963,0.0,0
doronsh01w,8,NYL,0,0.2857142857142857,2.057142857142857,0,0.0,0.14285714285714285,1.0285714285714285,0.0,0.0,6,0.8571428571428571,0.0032310177705977385,0.0016313213703099511,0.0,0.0,0
dossaci01w,1,ORL,0,3.46875,4.873170731707317,2,0.6909090909090909,1.6875,2.3707317073170735,1.1875,1.6682926829268292,241,7.53125,0.19006849315068494,0.11088295687885011,0.08016877637130802,0.3333333333333333,0
dossaci01w,2,ORL,0,1.8,9.96923076923077,0,0.25,0.7,3.8769230769230774,0.2,1.1076923076923078,16,1.6,0.027950310559006212,0.013133208255159476,0.004415011037527594,0.0,0
dossaci01w,3,ORL,0,1.8461538461538463,6.6461538461538465,0,0.47619047619047616,0.7692307692307693,2.769230769230769,0.38461538461538464,1.3846153846153846,62,2.3846153846153846,0.07164179104477612,0.0437636761487965,0.02237136465324385,0.0,0
douglka01w,2,ORL,0,1.5454545454545454,2.7881548974943056,0,0.8666666666666667,2.0,3.6082004555808656,1.7727272727272727,3.1981776765375853,134,6.090909090909091,0.052795031055900624,0.0825515947467167,0.08609271523178808,0.0,0
douglka01w,3,ORL,0,2.0625,2.8626506024096385,1,1.2325581395348837,1.3125,1.8216867469879519,1.65625,2.2987951807228915,250,7.8125,0.09850746268656717,0.09190371991247265,0.1185682326621924,0.16666666666666666,0
douglka01w,4,CON,0,1.3571428571428572,1.6227758007117439,0,1.9310344827586208,1.0,1.195729537366548,2.0,2.391459074733096,204,7.285714285714286,0.0572289156626506,0.06436781609195402,0.10748560460652591,0.0,0
douglka01w,5,CON,0,2.1470588235294117,2.3464285714285715,0,1.6981132075471699,1.5294117647058822,1.6714285714285715,2.6470588235294117,2.8928571428571432,285,8.382352941176471,0.11947626841243862,0.11231101511879049,0.15706806282722513,0.0,0
douglka01w,6,CON,0,1.78125,2.056112224448898,0,1.709090909090909,1.6875,1.9478957915831663,2.9375,3.3907815631262523,276,8.625,0.0912,0.11920529801324503,0.16376306620209058,0.0,0
douglka01w,7,CON,0,1.5,1.7228315054835495,0,1.0675675675675675,2.28125,2.620139581256231,2.46875,2.835493519441675,266,8.3125,0.0903954802259887,0.141747572815534,0.12519809825673534,0.0,0
douglka01w,8,CON,0,1.9705882352941178,2.1288614298323036,0,1.3020833333333333,2.7941176470588234,3.0185348631950575,3.676470588235294,3.971756398940865,358,10.529411764705882,0.1043613707165109,0.1756007393715342,0.20161290322580644,0.0,0
douglka01w,9,IND,0,1.6363636363636365,1.7142857142857142,0,1.0495049504950495,3.0303030303030303,3.1746031746031744,3.212121212121212,3.3650793650793647,305,9.242424242424242,0.07417582417582418,0.17064846416382254,0.21157684630738524,0.0,0
douglka01w,10,IND,0,1.4516129032258065,1.6151545363908277,0,1.118421052631579,2.4193548387096775,2.691924227318046,2.7419354838709675,3.0508474576271185,268,8.64516129032258,0.06493506493506493,0.14097744360902256,0.16098484848484848,0.0,0
duffyme01w,7,MIN,0,1.1935483870967742,3.441860465116279,0,1.44,0.7741935483870968,2.2325581395348837,1.1612903225806452,3.3488372093023253,74,2.3870967741935485,0.05648854961832061,0.04519774011299435,0.07317073170731707,0.0,0
duffyme01w,8,MIN,0,1.4,5.25,0,1.4,0.8,3.0,1.4,5.25,13,2.6,0.00980392156862745,0.0071174377224199285,0.011725293132328308,0.0,0
duffyme01w,9,NYL,0,1.0,4.8,0,0.5,0.8333333333333334,4.0,0.5,2.4,5,0.8333333333333334,0.009146341463414634,0.009124087591240875,0.005434782608695652,0.0,0
dupreca01w,7,CHI,0,2.1176470588235294,2.511627906976744,0,0.9836065573770492,1.7647058823529411,2.0930232558139537,1.7647058823529411,2.0930232558139537,316,9.294117647058824,0.10666666666666667,0.11363636363636363,0.11764705882352941,0.0,0
dupreca01w,8,CHI,0,2.484848484848485,2.7384044526901667,1,0.5609756097560976,2.4545454545454546,2.705009276437848,1.393939393939394,1.5361781076066792,370,11.212121212121213,0.12913385826771653,0.15851272015655576,0.07692307692307693,0.16666666666666666,0
dupreca01w,9,CHI,0,2.2941176470588234,2.509383378016086,0,0.7878787878787878,2.8823529411764706,3.1528150134048256,2.2941176470588234,2.509383378016086,429,12.617647058823529,0.121875,0.18631178707224336,0.14207650273224043,0.0,0
dupreca01w,10,CHI,0,1.588235294117647,1.639123102866779,0,0.9146341463414634,2.3823529411764706,2.4586846543001686,2.2058823529411766,2.2765598650927488,419,12.323529411764707,0.0891089108910891,0.15196998123827393,0.14071294559099437,0.0,0
dydekma01w,1,UTA,0,3.5625,5.295483870967741,1,0.6144578313253012,2.5625,3.809032258064516,1.59375,2.3690322580645162,340,10.625,0.1630901287553648,0.15045871559633028,0.09751434034416825,0.14285714285714285,0
dydekma01w,2,UTA,0,3.375,4.008247422680412,1,0.7032967032967034,2.8125,3.3402061855670104,2.0,2.375257731958763,445,13.90625,0.17335473515248795,0.18218623481781376,0.1219047619047619,0.125,0
dydekma01w,3,UTA,0,3.3,4.068493150684931,2,0.7319587628865979,3.2,3.9452054794520546,2.3666666666666667,2.917808219178082,465,15.5,0.14864864864864866,0.1835564053537285,0.14822546972860126,0.25,0
dydekma01w,4,SAS,0,3.323529411764706,4.393088552915767,1,0.7160493827160493,2.3529411764705883,3.1101511879049673,1.7058823529411764,2.2548596112311015,428,12.588235294117647,0.1550068587105624,0.1556420233463035,0.1351981351981352,0.1111111111111111,0
dydekma01w,5,SAS,0,2.0588235294117645,3.6950146627565985,0,0.9230769230769231,1.8823529411764706,3.378299120234604,1.7647058823529411,3.1671554252199416,296,8.705882352941176,0.11128775834658187,0.1245136186770428,0.1214574898785425,0.0,0
dydekma01w,6,CON,0,2.0,3.3263785394932937,0,0.7916666666666666,1.5161290322580645,2.5216095380029806,1.2258064516129032,2.0387481371087928,312,10.064516129032258,0.0992,0.10375275938189846,0.06620209059233449,0.0,0
dydekma01w,7,CON,0,2.1470588235294117,3.5370121130551815,0,0.7843137254901961,1.4705882352941178,2.4226110363391657,1.1764705882352942,1.9380888290713325,352,10.352941176470589,0.1374764595103578,0.0970873786407767,0.06339144215530904,0.0,0
dydekma01w,8,CON,0,2.34375,4.199066874027993,1,0.5961538461538461,1.59375,2.8553654743390355,0.96875,1.7356143079315707,318,9.9375,0.11682242990654206,0.09426987060998152,0.05,0.2,0
dydekma01w,9,LAS,0,0.0,0.0,0,0.0,0.0,0.0,0.0,0.0,3,1.5,0.0,0.0,0.0,0.0,0
edwarmi01w,1,CLE,1,1.0,6.352941176470589,0,0.2,1.3333333333333333,8.470588235294118,0.3333333333333333,2.1176470588235294,3,1.0,0.004629629629629629,0.0074211502782931356,0.001851851851851852,0.0,0
edwarmi01w,1,SEA,2,1.45,2.2945054945054943,0,1.0256410256410255,1.9,3.0065934065934066,2.0,3.164835164835165,93,4.65,0.04468412942989214,0.07224334600760456,0.10230179028132992,0.0,0
edwarmi01w,2,SEA,0,0.6666666666666666,5.538461538461538,0,1.0,1.0,8.307692307692308,1.3333333333333333,11.076923076923077,7,2.3333333333333335,0.0033003300330033004,0.006944444444444444,0.009685230024213076,0.0,0
edwarsi01w,1,SEA,0,1.9655172413793103,3.181395348837209,0,0.4782608695652174,1.5517241379310345,2.511627906976744,0.7586206896551724,1.227906976744186,155,5.344827586206897,0.08782742681047766,0.08555133079847908,0.056265984654731455,0.0,0
edwarsi01w,2,SEA,0,1.6875,2.4,0,0.6842105263157895,1.15625,1.6444444444444444,0.8125,1.1555555555555557,227,7.09375,0.0891089108910891,0.08564814814814815,0.06295399515738499,0.0,0
edwarsi01w,3,SEA,0,2.0625,3.4236311239193085,0,0.4222222222222222,1.375,2.282420749279539,0.59375,0.9855907780979828,193,6.03125,0.10576923076923077,0.09205020920502092,0.036893203883495145,0.0,0
edwarsi01w,4,SEA,0,1.6176470588235294,3.431542461005199,0,0.5,0.9117647058823529,1.9341421143847486,0.47058823529411764,0.998266897746967,168,4.9411764705882355,0.08527131782945736,0.06652360515021459,0.029143897996357013,0.0,0
edwarsi01w,5,SEA,0,1.0869565217391304,3.501945525291829,0,0.35714285714285715,0.5652173913043478,1.821011673151751,0.21739130434782608,0.7003891050583657,72,3.130434782608696,0.03753753753753754,0.026,0.009041591320072333,0.0,0
edwarsi01w,6,SEA,0,0.4642857142857143,2.328358208955224,0,0.6,0.14285714285714285,0.7164179104477612,0.10714285714285714,0.5373134328358209,40,1.4285714285714286,0.019756838905775075,0.007736943907156673,0.005758157389635317,0.0,0
edwarte01w,4,MIN,0,1.7647058823529411,2.5292740046838404,0,1.5913978494623655,2.7058823529411766,3.8782201405152223,4.352941176470588,6.23887587822014,305,8.970588235294118,0.09448818897637795,0.16457960644007155,0.2547332185886403,0.0,0
edwarte01w,5,MIN,0,1.088235294117647,1.9110473457675754,0,0.8404255319148937,2.735294117647059,4.803443328550932,2.323529411764706,4.080344332855093,224,6.588235294117647,0.05597579425113464,0.15146579804560262,0.14990512333965844,0.0,1
edwarto01w,1,PHO,0,2.5,3.1101511879049673,2,0.90625,1.96875,2.449244060475162,1.8125,2.2548596112311015,179,5.59375,0.12678288431061807,0.14651162790697675,0.12446351931330472,0.3333333333333333,0
edwarto01w,2,CHA,2,2.227272727272727,4.741935483870968,0,0.7317073170731707,1.8181818181818181,3.870967741935484,1.3636363636363635,2.903225806451613,93,4.2272727272727275,0.08085808580858085,0.08421052631578947,0.0641025641025641,0.0,0
edwarto01w,2,PHO,1,3.0,5.192307692307692,1,0.782608695652174,2.2,3.8076923076923075,1.8,3.1153846153846154,43,4.3,0.04792332268370607,0.04230769230769231,0.03495145631067961,0.14285714285714285,0
edwarto01w,3,CHA,0,0.9655172413793104,3.3267326732673266,0,1.3333333333333333,0.5862068965517241,2.01980198019802,0.8275862068965517,2.8514851485148514,83,2.8620689655172415,0.043209876543209874,0.04156479217603912,0.0482897384305835,0.0,0
elysh01w,6,SAS,0,1.3548387096774193,2.8636363636363638,0,0.7941176470588235,1.064516129032258,2.25,0.8709677419354839,1.840909090909091,100,3.225806451612903,0.06451612903225806,0.061567164179104475,0.06221198156682028,0.0,0
elysh01w,7,SAS,0,1.4166666666666667,4.5,0,0.7142857142857143,1.0833333333333333,3.441176470588235,0.8333333333333334,2.6470588235294117,43,3.5833333333333335,0.027823240589198037,0.026584867075664622,0.018484288354898338,0.0,0
elysh01w,8,SEA,0,0.9655172413793104,3.5744680851063833,0,0.55,0.6551724137931034,2.425531914893617,0.3793103448275862,1.4042553191489362,59,2.0344827586206895,0.04508856682769726,0.035580524344569285,0.020599250936329586,0.0,0
elysh01w,9,SEA,0,1.6470588235294117,5.182519280205656,0,0.5333333333333333,0.8529411764705882,2.683804627249357,0.47058823529411764,1.480719794344473,123,3.6176470588235294,0.08175182481751825,0.05502846299810247,0.030131826741996232,0.0,0
elysh01w,10,CHI,0,1.6176470588235294,3.9839034205231387,0,0.5405405405405406,1.0588235294117647,2.6076458752515093,0.5882352941176471,1.448692152917505,128,3.764705882352941,0.09075907590759076,0.0675422138836773,0.0375234521575985,0.0,0
enissh01w,1,CHA,0,2.5,3.343653250773994,0,0.5882352941176471,1.3333333333333333,1.7832817337461302,0.8333333333333334,1.1145510835913313,66,5.5,0.04201680672268908,0.03219315895372234,0.018115942028985508,0.0,0
enissh01w,2,CHA,0,1.875,3.467094703049759,0,0.3783783783783784,1.125,2.0802568218298556,0.4375,0.8089887640449438,142,4.4375,0.09900990099009901,0.07578947368421053,0.029914529914529916,0.0,0
enissh01w,3,CHA,0,1.0,2.440677966101695,0,1.5,0.25,0.6101694915254238,0.75,1.8305084745762712,15,3.75,0.006172839506172839,0.0024449877750611247,0.006036217303822937,0.0,0
enissh01w,4,CHA,0,2.1724137931034484,3.699836867862969,0,0.38095238095238093,1.4137931034482758,2.407830342577488,0.5517241379310345,0.9396411092985318,172,5.931034482758621,0.09025787965616046,0.0823293172690763,0.032,0.0,0
erbsu01w,1,CHA,0,2.3448275862068964,8.901818181818182,0,0.5555555555555556,0.5862068965517241,2.2254545454545456,0.3448275862068966,1.309090909090909,87,3.0,0.09523809523809523,0.03420523138832998,0.018115942028985508,0.0,0
erbsu01w,2,CHA,0,1.2777777777777777,5.594594594594595,0,0.36363636363636365,0.5555555555555556,2.4324324324324325,0.2222222222222222,0.972972972972973,45,2.5,0.037953795379537955,0.021052631578947368,0.008547008547008548,0.0,0
erbsu01w,3,CHA,0,2.2580645161290325,7.368421052631579,2,0.2777777777777778,1.1290322580645162,3.6842105263157894,0.3225806451612903,1.0526315789473684,105,3.3870967741935485,0.10802469135802469,0.08557457212713937,0.02012072434607646,0.2222222222222222,0
ervinla01w,10,CON,0,0.625,3.2142857142857144,0,0.0,0.25,1.2857142857142856,0.0,0.0,14,1.75,0.007374631268436578,0.004405286343612335,0.0,0.0,0
fallotr01w,2,PHO,0,1.3870967741935485,1.8406658739595718,0,0.6875,1.5161290322580645,2.0118906064209274,1.064516129032258,1.4126040428061832,157,5.064516129032258,0.06869009584664537,0.09038461538461538,0.06407766990291262,0.0,0
farriba01w,1,DET,0,2.142857142857143,8.307692307692308,0,0.13333333333333333,1.0,3.8769230769230774,0.14285714285714285,0.5538461538461539,41,2.9285714285714284,0.042735042735042736,0.026365348399246705,0.003968253968253968,0.0,0
farriba01w,2,DET,0,2.193548387096774,4.379248658318426,1,0.5161290322580645,0.967741935483871,1.9320214669051878,0.5161290322580645,1.0304114490161003,137,4.419354838709677,0.11276948590381426,0.06012024048096192,0.03404255319148936,0.25,0
farriba01w,3,DET,0,1.9375,3.9574468085106385,0,0.41025641025641024,1.1875,2.425531914893617,0.5,1.0212765957446808,131,4.09375,0.10163934426229508,0.07011070110701106,0.033402922755741124,0.0,0
farriba01w,4,DET,0,1.8235294117647058,4.275862068965518,0,0.5476190476190477,1.2058823529411764,2.8275862068965516,0.6764705882352942,1.586206896551724,119,3.5,0.10231023102310231,0.06732348111658457,0.04212454212454213,0.0,0
farriba01w,5,DET,0,1.7692307692307692,3.924170616113744,0,0.25925925925925924,1.0,2.2180094786729856,0.2692307692307692,0.5971563981042655,78,3.0,0.07087827426810478,0.05058365758754864,0.012389380530973451,0.0,0
farriba01w,6,DET,0,1.6176470588235294,4.45945945945946,0,0.4318181818181818,1.2647058823529411,3.4864864864864864,0.5588235294117647,1.5405405405405406,112,3.2941176470588234,0.07217847769028872,0.07517482517482517,0.04,0.0,0
farriba01w,7,NYL,0,3.088235294117647,4.004237288135593,1,0.7727272727272727,1.911764705882353,2.4788135593220337,1.5,1.9449152542372883,255,7.5,0.15555555555555556,0.11265164644714037,0.10714285714285714,0.16666666666666666,0
farriba01w,8,NYL,0,1.1428571428571428,4.860759493670885,0,0.65,0.6785714285714286,2.886075949367089,0.4642857142857143,1.9746835443037976,63,2.25,0.051696284329563816,0.03099510603588907,0.02594810379241517,0.0,0
farriba01w,9,PHO,0,2.5588235294117645,5.663652802893309,0,0.2222222222222222,1.0294117647058822,2.278481012658228,0.23529411764705882,0.5207956600361664,162,4.764705882352941,0.10943396226415095,0.07142857142857142,0.0142602495543672,0.0,0
farriba01w,10,DET,0,1.3076923076923077,5.5636363636363635,0,0.5,0.6923076923076923,2.9454545454545453,0.38461538461538464,1.6363636363636365,28,2.1538461538461537,0.02216427640156454,0.016453382084095063,0.008680555555555556,0.0,0
feastal01w,1,LAS,0,1.46875,3.6076759061833688,0,0.9166666666666666,1.09375,2.6865671641791042,1.03125,2.533049040511727,143,4.46875,0.06657223796033994,0.07494646680942184,0.056218057921635436,0.0,0
feastal01w,2,CHA,0,2.6875,3.074478649453823,1,0.7666666666666667,1.84375,2.109235352532274,1.4375,1.644488579940417,238,7.4375,0.1419141914191419,0.12421052631578948,0.09829059829059829,0.16666666666666666,0
feastal01w,3,CHA,0,2.46875,2.9748953974895396,0,1.4878048780487805,1.25,1.506276150627615,1.90625,2.297071129707113,230,7.1875,0.12191358024691358,0.097799511002445,0.1227364185110664,0.0,0
feastal01w,4,CHA,0,2.2058823529411766,2.4635036496350367,0,1.0,2.1176470588235294,2.3649635036496353,2.1470588235294117,2.397810218978102,247,7.264705882352941,0.10744985673352435,0.14457831325301204,0.146,0.0,0
feastal01w,5,CHA,0,1.8484848484848484,2.08745247148289,0,0.8695652173913043,2.0606060606060606,2.326996197718631,1.8181818181818181,2.0532319391634983,177,5.363636363636363,0.09399075500770417,0.14166666666666666,0.1405152224824356,0.0,0
feastal01w,6,CHA,0,2.4761904761904763,2.810810810810811,0,1.3076923076923077,1.8095238095238095,2.054054054054054,2.4285714285714284,2.7567567567567566,104,4.9523809523809526,0.07142857142857142,0.0708955223880597,0.10323886639676114,0.0,0
feastal01w,7,CHA,0,0.625,2.3300970873786406,0,1.4,0.4375,1.6310679611650487,0.65625,2.4466019417475726,56,1.75,0.027210884353741496,0.02434782608695652,0.03977272727272727,0.0,0
feastal01w,9,IND,0,0.696969696969697,2.750830564784053,0,1.7333333333333334,0.42424242424242425,1.6744186046511627,0.7878787878787878,3.1096345514950166,57,1.7272727272727273,0.03159340659340659,0.023890784982935155,0.05189620758483034,0.0,0
feifesu01w,6,SAC,0,0.6,4.5,0,1.0,0.4,3.0,0.6,4.5,4,0.8,0.004379562043795621,0.003992015968063872,0.005681818181818182,0.0,0
ferdima01w,2,UTA,0,2.1875,2.9166666666666665,1,1.234375,1.96875,2.625,2.46875,3.291666666666667,209,6.53125,0.11235955056179775,0.12753036437246965,0.15047619047619049,0.125,0
ferdima01w,3,UTA,0,2.6875,2.9070422535211264,0,1.011111111111111,2.78125,3.008450704225352,2.84375,3.0760563380281694,256,8.0,0.12912912912912913,0.1701720841300191,0.18997912317327767,0.0,0
ferdima01w,4,SAS,0,2.5588235294117645,2.806451612903226,0,1.0465116279069768,2.5,2.7419354838709675,2.6470588235294117,2.903225806451613,281,8.264705882352942,0.11934156378600823,0.16536964980544747,0.2097902097902098,0.0,0
ferdima01w,5,SAS,0,2.0,2.404715127701375,0,0.8055555555555556,2.0588235294117645,2.4754420432220043,1.7058823529411764,2.0510805500982316,117,6.882352941176471,0.05405405405405406,0.06809338521400778,0.058704453441295545,0.0,0
ferdima01w,6,SAS,0,2.3870967741935485,2.6666666666666665,0,0.9577464788732394,2.2580645161290325,2.5225225225225225,2.193548387096774,2.4504504504504507,235,7.580645161290323,0.11367127496159754,0.13059701492537312,0.15668202764976957,0.0,0
ferdima01w,8,SAS,0,1.6176470588235294,4.116424116424117,0,0.7368421052631579,1.088235294117647,2.769230769230769,0.8235294117647058,2.0956340956340958,131,3.8529411764705883,0.08409785932721713,0.06618962432915922,0.04929577464788732,0.0,0
ferdima01w,9,LAS,0,2.1515151515151514,3.7588235294117647,0,1.0238095238095237,1.2424242424242424,2.1705882352941175,1.303030303030303,2.276470588235294,157,4.757575757575758,0.09943977591036414,0.06732348111658457,0.07003257328990228,0.0,0
ferdima01w,10,LAS,0,1.5714285714285714,4.672566371681416,1,1.0434782608695652,0.7857142857142857,2.336283185840708,0.8571428571428571,2.5486725663716814,82,2.9285714285714284,0.07534246575342465,0.03866432337434095,0.04081632653061224,0.2,0
fernama01w,8,LAS,0,0.9117647058823529,1.2525252525252526,0,1.10989010989011,2.6470588235294117,3.6363636363636362,2.9705882352941178,4.08080808080808,223,6.5588235294117645,0.04229195088676671,0.15734265734265734,0.18198198198198198,0.0,0
ferrama01w,1,NYL,0,1.4782608695652173,7.948051948051948,0,0.3333333333333333,0.4782608695652174,2.571428571428571,0.17391304347826086,0.9350649350649352,23,1.0,0.05501618122977346,0.023157894736842106,0.008368200836820083,0.0,0
figgsuk01w,1,LAS,0,1.65625,2.376089663760897,0,2.8863636363636362,1.34375,1.9277708592777085,3.96875,5.693648816936488,206,6.4375,0.07507082152974505,0.09207708779443255,0.21635434412265758,0.0,0
figgsuk01w,2,LAS,0,1.3125,1.6258064516129032,0,2.25,1.71875,2.129032258064516,3.9375,4.87741935483871,273,8.53125,0.06807131280388978,0.1252847380410023,0.21105527638190955,0.0,0
figgsuk01w,3,POR,0,1.6129032258064515,2.0785219399538106,0,2.311111111111111,1.4193548387096775,1.8290993071593533,3.3548387096774195,4.323325635103926,211,6.806451612903226,0.08012820512820513,0.08906882591093117,0.21095334685598377,0.0,0
figgsuk01w,4,HOU,0,0.9705882352941176,1.2478991596638656,0,1.3666666666666667,1.7352941176470589,2.23109243697479,2.411764705882353,3.100840336134454,190,5.588235294117647,0.06720977596741344,0.13082039911308205,0.1759656652360515,0.0,0
firsool01w,1,NYL,0,0.8888888888888888,15.157894736842104,0,0.3333333333333333,0.2222222222222222,3.789473684210526,0.1111111111111111,1.894736842105263,6,0.6666666666666666,0.012944983818770227,0.004210526315789474,0.0020920502092050207,0.0,0
floremi01w,1,MIA,0,1.125,2.7341772151898733,0,1.0,1.5,3.6455696202531644,1.53125,3.721518987341772,98,3.0625,0.05084745762711865,0.09142857142857143,0.11778846153846154,0.0,0
flukety01w,7,CHA,0,1.5483870967741935,5.333333333333333,0,0.4090909090909091,0.6774193548387096,2.333333333333333,0.2903225806451613,1.0,91,2.935483870967742,0.0653061224489796,0.036521739130434785,0.017045454545454544,0.0,0
flukety01w,8,LAS,2,1.0833333333333333,4.105263157894736,0,0.3,0.75,2.8421052631578947,0.25,0.9473684210526315,32,2.6666666666666665,0.017735334242837655,0.015734265734265736,0.005405405405405406,0.0,0
flukety01w,8,SEA,1,0.4444444444444444,4.64516129032258,0,0.0,0.3333333333333333,3.4838709677419355,0.0,0.0,8,0.8888888888888888,0.00644122383252818,0.0056179775280898875,0.0,0.0,0
flukety01w,9,CHI,0,1.5384615384615385,6.233766233766233,0,0.5263157894736842,0.6923076923076923,2.8051948051948052,0.38461538461538464,1.5584415584415583,58,2.230769230769231,0.0625,0.034220532319391636,0.018214936247723135,0.0,0
folklkr01w,1,MIN,0,2.5,3.408284023668639,1,1.3137254901960784,1.5625,2.130177514792899,2.09375,2.854437869822485,266,8.3125,0.11577424023154848,0.10040160642570281,0.1350806451612903,0.08333333333333333,0
folklkr01w,2,POR,0,1.75,2.338747099767981,0,1.125,1.21875,1.62877030162413,1.40625,1.8793503480278422,344,10.75,0.08832807570977919,0.07784431137724551,0.09955752212389381,0.0,0
folklkr01w,3,POR,0,1.75,3.3488372093023253,0,0.9696969696969697,1.0,1.9136212624584719,1.0,1.9136212624584719,215,6.71875,0.08974358974358974,0.06477732793522267,0.06490872210953347,0.0,0
fordch01w,4,DET,0,3.40625,4.104602510460252,1,0.3375,2.46875,2.9748953974895396,0.84375,1.0167364016736402,424,13.25,0.17986798679867988,0.1297208538587849,0.04945054945054945,0.25,0
fordch01w,5,DET,0,3.806451612903226,4.657894736842106,3,0.6181818181818182,1.7419354838709677,2.131578947368421,1.096774193548387,1.3421052631578947,397,12.806451612903226,0.18181818181818182,0.10505836575875487,0.06017699115044248,0.42857142857142855,0
fordch01w,6,DET,0,4.333333333333333,5.523605150214592,6,0.37142857142857144,2.090909090909091,2.665236051502146,0.7878787878787878,1.0042918454935623,427,12.93939393939394,0.18766404199475065,0.12062937062937062,0.05473684210526316,0.5,0
fordch01w,7,DET,0,3.5625,4.460869565217392,0,0.7627118644067796,1.8125,2.269565217391304,1.40625,1.7608695652173914,471,14.71875,0.1601123595505618,0.10780669144981413,0.07853403141361257,0.0,0
fordch01w,8,DET,0,3.6,4.22608695652174,0,0.5116279069767442,2.8,3.2869565217391306,1.4666666666666666,1.7217391304347827,229,15.266666666666667,0.07681365576102418,0.0743362831858407,0.03900709219858156,0.0,0
fordch01w,9,DET,0,2.9166666666666665,3.956043956043956,0,0.9166666666666666,0.9583333333333334,1.2998430141287285,0.9166666666666666,1.2433281004709575,263,10.958333333333334,0.09655172413793103,0.04627766599597585,0.03636363636363636,0.0,0
fordch01w,10,DET,0,3.6206896551724137,5.006622516556291,1,0.5,1.6896551724137931,2.3364238410596023,0.8620689655172413,1.1920529801324504,281,9.689655172413794,0.13689700130378096,0.08957952468007313,0.043402777777777776,0.1,0
fordki01w,1,MIA,0,2.3214285714285716,5.518867924528301,1,0.75,0.9642857142857143,2.292452830188679,0.75,1.7830188679245285,116,4.142857142857143,0.09180790960451977,0.05142857142857143,0.05048076923076923,0.16666666666666666,0
fordki01w,2,MIA,0,1.4333333333333333,3.918987341772152,0,1.105263157894737,0.6,1.6405063291139241,0.7,1.9139240506329114,108,3.6,0.07131011608623548,0.0400890868596882,0.04487179487179487,0.0,0
fordst01w,2,NYL,0,0.0,0.0,0,0.0,0.0,0.0,0.0,0.0,1,1.0,0.0,0.0,0.0,0.0,0
fordst01w,3,SAC,0,0.2,3.0,0,0.5,0.2,3.0,0.2,3.0,3,0.6,0.0014792899408284023,0.002188183807439825,0.001996007984031936,0.0,0
fowlesy01w,9,CHI,0,1.8823529411764706,2.6790697674418604,1,0.13157894736842105,2.176470588235294,3.0976744186046514,0.29411764705882354,0.41860465116279066,187,11.0,0.05,0.07034220532319392,0.009107468123861567,0.2,0
fowlesy01w,10,CHI,0,3.0,3.7456647398843934,1,0.24675324675324675,3.1666666666666665,3.953757225433526,0.7916666666666666,0.9884393063583815,263,10.958333333333334,0.1188118811881188,0.1425891181988743,0.03564727954971857,0.3333333333333333,0
francde01w,1,NYL,0,0.0,0.0,0,0.0,0.0,0.0,0.0,0.0,0,0.0,0.0,0.0,0.0,0.0,0
frankaq01w,9,SAC,0,1.2941176470588236,4.512820512820513,0,2.185185185185185,0.7647058823529411,2.6666666666666665,1.7352941176470589,6.051282051282051,121,3.5588235294117645,0.06367583212735166,0.044293015332197615,0.12447257383966245,0.0,0
frankaq01w,10,SEA,0,1.0,3.6,0,0.5,0.5,1.8,0.5,1.8,4,2.0,0.0028129395218002813,0.0017985611510791368,0.00186219739292365,0.0,0
frazeme01w,10,SAS,0,1.4827586206896552,4.748466257668711,0,0.6818181818181818,0.7241379310344828,2.3190184049079754,0.5172413793103449,1.656441717791411,112,3.8620689655172415,0.07202680067001675,0.041176470588235294,0.025041736227045076,0.0,0
fresest01w,1,UTA,0,0.6666666666666666,2.27027027027027,0,1.1333333333333333,0.6666666666666666,2.27027027027027,0.8095238095238095,2.7567567567567566,39,1.8571428571428572,0.020028612303290415,0.025688073394495414,0.032504780114722756,0.0,0
frettla01w,1,LAS,0,0.4,1.9251336898395721,0,0.42857142857142855,0.52,2.502673796791444,0.24,1.1550802139037435,43,1.72,0.014164305949008499,0.027837259100642397,0.010221465076660987,0.0,0
frettla01w,2,SAC,0,1.0,2.6799007444168734,0,0.5454545454545454,1.0666666666666667,2.858560794044665,0.6,1.607940446650124,89,2.966666666666667,0.050933786078098474,0.06464646464646465,0.03220035778175313,0.0,0
frettla01w,3,SAC,0,2.1875,3.888888888888889,2,0.8214285714285714,0.84375,1.5,0.71875,1.2777777777777777,142,4.4375,0.10355029585798817,0.05908096280087528,0.04590818363273453,0.2222222222222222,0
frettla01w,4,SAC,0,0.6666666666666666,3.8400000000000003,0,1.0909090909090908,0.4166666666666667,2.4,0.5,2.88,40,1.6666666666666667,0.024922118380062305,0.021645021645021644,0.0210896309314587,0.0,0
frettla01w,5,CHA,1,0.4,2.028169014084507,0,0.36363636363636365,1.0,5.070422535211268,0.4,2.028169014084507,17,1.7,0.0061633281972265025,0.020833333333333332,0.00936768149882904,0.0,0
frettla01w,5,NYL,2,1.5625,3.260869565217391,0,0.9333333333333333,0.875,1.8260869565217392,0.875,1.8260869565217392,68,4.25,0.04251700680272109,0.027613412228796843,0.025925925925925925,0.0,0
frettla01w,6,NYL,0,1.5757575757575757,5.185595567867036,0,0.9473684210526315,0.5454545454545454,1.7950138504155126,0.5454545454545454,1.7950138504155126,72,2.1818181818181817,0.08469055374592833,0.038876889848812095,0.036072144288577156,0.0,0
friertr01w,5,SEA,0,1.4,11.454545454545455,0,0.0,0.2,1.6363636363636365,0.0,0.0,5,1.0,0.010510510510510511,0.002,0.0,0.0,0
frohlli01w,3,NYL,0,0.6875,5.91044776119403,0,0.2,0.25,2.1492537313432836,0.0625,0.5373134328358209,16,1.0,0.017214397496087636,0.008714596949891068,0.002012072434607646,0.0,0
frohlli01w,4,NYL,0,1.0,4.373831775700935,0,1.0,0.5384615384615384,2.3551401869158877,0.5769230769230769,2.523364485981308,65,2.5,0.04421768707482993,0.029723991507430998,0.028409090909090908,0.0,0
frohlli01w,7,IND,0,1.35,5.7514792899408285,0,0.6428571428571429,0.65,2.769230769230769,0.45,1.9171597633136095,49,2.45,0.044481054365733116,0.024574669187145556,0.017928286852589643,0.0,0
frohlli01w,8,SAC,0,1.0,7.0588235294117645,0,0.15384615384615385,1.2,8.470588235294118,0.2,1.4117647058823528,13,1.3,0.015552099533437015,0.0196078431372549,0.0037174721189591076,0.0,0
futreca01w,5,CON,0,1.0,5.0,0,1.25,0.35,1.75,0.5,2.5,35,1.75,0.03273322422258593,0.01511879049676026,0.017452006980802792,0.0,0
gaithka01w,1,IND,2,0.3333333333333333,3.0,0,0.5,0.16666666666666666,1.5,0.16666666666666666,1.5,5,0.8333333333333334,0.003110419906687403,0.0019267822736030828,0.00199203187250996,0.0,0
gaithka01w,1,UTA,1,0.8888888888888888,5.333333333333333,0,0.8,0.4444444444444444,2.6666666666666665,0.4444444444444444,2.6666666666666665,25,2.7777777777777777,0.011444921316165951,0.007339449541284404,0.0076481835564053535,0.0,0
gaithka01w,3,LAS,1,2.0,14.4,0,0.5,1.0,7.2,1.0,7.2,2,2.0,0.0030075187969924814,0.0019305019305019305,0.0017123287671232876,0.0,0
gaithka01w,3,WAS,2,1.0,36.0,0,0.0,0.0,0.0,0.0,0.0,0,0.0,0.0017123287671232876,0.0,0.0,0.0,0
garcibe01w,3,DET,0,1.0,4.5,0,0.75,1.375,6.1875,1.125,5.0625,16,2.0,0.013114754098360656,0.02029520295202952,0.018789144050104383,0.0,0
gardike01w,9,CON,0,1.6470588235294117,3.7333333333333334,0,0.8913043478260869,1.3235294117647058,3.0,1.2058823529411764,2.7333333333333334,188,5.529411764705882,0.08888888888888889,0.09221311475409837,0.06743421052631579,0.0,0
gardike01w,10,CON,0,1.7272727272727273,3.442953020134228,0,1.0,1.1515151515151516,2.295302013422819,1.1818181818181819,2.3557046979865772,231,7.0,0.084070796460177,0.08370044052863436,0.06403940886699508,0.0,0
gardnan01w,3,UTA,0,1.1666666666666667,6.363636363636363,0,0.35714285714285715,0.43333333333333335,2.3636363636363638,0.16666666666666666,0.9090909090909091,72,2.4,0.052552552552552555,0.0248565965583174,0.010438413361169102,0.0,0
gardnan01w,9,WAS,0,1.1818181818181819,5.258426966292134,0,0.5,0.5,2.2247191011235956,0.2727272727272727,1.2134831460674156,59,2.6818181818181817,0.03430079155672823,0.017241379310344827,0.012396694214876033,0.0,0
garnean01w,1,SEA,0,1.375,2.8285714285714283,0,0.5681818181818182,1.34375,2.7642857142857142,0.78125,1.6071428571428572,160,5.0,0.06779661016949153,0.0817490494296578,0.0639386189258312,0.0,0
gaydeco01w,1,ORL,0,0.0,0.0,0,1.0,0.0,0.0,0.3333333333333333,5.142857142857142,1,0.3333333333333333,0.0,0.0,0.002109704641350211,0.0,0
gearlka01w,8,SEA,0,0.6666666666666666,1.8123569794050343,0,1.1428571428571428,0.6060606060606061,1.6475972540045767,0.7272727272727273,1.9771167048054918,95,2.878787878787879,0.03542673107890499,0.03745318352059925,0.0449438202247191,0.0,0
gearlka01w,9,SEA,0,0.8235294117647058,2.1538461538461537,0,1.3125,0.4411764705882353,1.1538461538461537,0.6176470588235294,1.6153846153846154,79,2.323529411764706,0.040875912408759124,0.028462998102466792,0.03954802259887006,0.0,0
gearlka01w,10,SEA,0,0.7,2.074074074074074,0,0.8461538461538461,0.6,1.7777777777777777,0.55,1.6296296296296298,46,2.3,0.01969057665260197,0.02158273381294964,0.020484171322160148,0.0,0
gibsoke01w,1,HOU,0,0.6470588235294118,5.210526315789474,0,0.4,0.23529411764705882,1.894736842105263,0.11764705882352941,0.9473684210526315,15,0.8823529411764706,0.01981981981981982,0.009070294784580499,0.00404040404040404,0.0,0
gibsoke01w,2,HOU,0,0.7142857142857143,2.5,0,0.8125,0.5357142857142857,1.875,0.4642857142857143,1.625,56,2.0,0.0392156862745098,0.034324942791762014,0.03044496487119438,0.0,0
gibsoke01w,3,HOU,0,0.7241379310344828,2.739130434782609,0,0.6363636363636364,0.7241379310344828,2.739130434782609,0.4827586206896552,1.8260869565217392,49,1.6896551724137931,0.04487179487179487,0.046052631578947366,0.031042128603104215,0.0,0
gibsoke01w,4,HOU,0,0.5384615384615384,2.411483253588517,0,0.8,0.34615384615384615,1.5502392344497609,0.3076923076923077,1.3779904306220094,30,1.1538461538461537,0.028513238289205704,0.019955654101995565,0.017167381974248927,0.0,0
gilloje01w,1,PHO,0,3.033333333333333,3.9661016949152543,1,0.75,1.9666666666666666,2.571428571428571,1.5,1.9612590799031477,211,7.033333333333333,0.14421553090332806,0.1372093023255814,0.09656652360515021,0.16666666666666666,0
gilloje01w,2,PHO,0,2.84375,3.8181818181818183,1,0.4861111111111111,2.21875,2.979020979020979,1.09375,1.4685314685314685,212,6.625,0.14536741214057508,0.13653846153846153,0.06796116504854369,0.14285714285714285,0
gilloje01w,3,PHO,0,2.903225806451613,3.7070938215102975,0,0.5967741935483871,1.967741935483871,2.5125858123569795,1.1935483870967742,1.5240274599542336,203,6.548387096774194,0.14423076923076922,0.12151394422310757,0.08644859813084112,0.0,1
gilloje01w,4,LAS,0,1.9696969696969697,5.894206549118388,1,2.1,0.2727272727272727,0.8161209068010075,0.6363636363636364,1.9042821158690175,95,2.878787878787879,0.0951683748169839,0.01910828025477707,0.03571428571428571,0.07692307692307693,0
gilmous01w,1,IND,0,1.5,10.285714285714285,0,0.4,1.0,6.857142857142857,0.5,3.4285714285714284,7,1.75,0.00933125972006221,0.007707129094412331,0.00398406374501992,0.0,0
gisseka01w,9,LAS,0,1.0,5.142857142857142,0,0.0,0.5,2.571428571428571,0.0,0.0,2,1.0,0.0028011204481792717,0.0016420361247947454,0.0,0.0,0
givench01w,9,DET,0,0.6666666666666666,7.2,0,0.6666666666666666,0.6666666666666666,7.2,0.6666666666666666,7.2,2,0.6666666666666666,0.002758620689655172,0.004024144869215292,0.003305785123966942,0.0,0
gomisem01w,7,NYL,0,1.5,7.2,0,0.0,0.5,2.4,0.0,0.0,1,0.5,0.0044444444444444444,0.0017331022530329288,0.0,0.0,0
goodsad01w,1,UTA,0,2.310344827586207,2.596340150699677,0,0.8414634146341463,2.793103448275862,3.138858988159311,2.3793103448275863,2.673842841765339,281,9.689655172413794,0.09585121602288985,0.14862385321100918,0.13193116634799235,0.0,0
goodsad01w,2,UTA,0,2.2857142857142856,2.6978922716627634,0,0.7631578947368421,2.6785714285714284,3.161592505854801,2.0714285714285716,2.4449648711943794,237,8.464285714285714,0.10272873194221509,0.15182186234817813,0.11047619047619048,0.0,0
goodsad01w,3,UTA,0,2.875,3.008174386920981,0,0.6504854368932039,3.1875,3.335149863760218,2.09375,2.190735694822888,299,9.34375,0.13813813813813813,0.1950286806883365,0.13987473903966596,0.0,0
goodsad01w,4,SAS,0,2.909090909090909,3.5665634674922604,2,0.8255813953488372,2.5757575757575757,3.1578947368421053,2.1515151515151514,2.6377708978328176,286,8.666666666666666,0.13168724279835392,0.16536964980544747,0.1655011655011655,0.2222222222222222,0
goodsad01w,5,SAS,0,2.264705882352941,2.595505617977528,1,0.8823529411764706,1.9705882352941178,2.258426966292135,1.7647058823529411,2.0224719101123596,325,9.558823529411764,0.12241653418124006,0.1303501945525292,0.1214574898785425,0.16666666666666666,0
goodsad01w,6,CHA,2,2.2,3.683720930232558,1,0.3157894736842105,1.8,3.013953488372093,0.6,1.0046511627906978,45,4.5,0.03021978021978022,0.033582089552238806,0.012145748987854251,0.09090909090909091,0
goodsad01w,6,HOU,1,0.782608695652174,2.3911439114391144,0,0.8823529411764706,0.6956521739130435,2.125461254612546,0.6521739130434783,1.992619926199262,59,2.5652173913043477,0.030927835051546393,0.03755868544600939,0.03205128205128205,0.0,0
goringi01w,8,WAS,0,1.3333333333333333,6.461538461538462,0,0.6,0.19047619047619047,0.923076923076923,0.14285714285714285,0.6923076923076923,61,2.9047619047619047,0.03664921465968586,0.006993006993006993,0.006342494714587738,0.0,0
gortmsh01w,3,MIN,0,1.4482758620689655,4.097560975609756,0,0.8076923076923077,0.8620689655172413,2.4390243902439024,0.7241379310344828,2.048780487804878,101,3.4827586206896552,0.06796116504854369,0.04716981132075472,0.044967880085653104,0.0,0
gortmsh01w,4,MIN,0,1.0,4.5,0,0.6666666666666666,0.8,3.6,0.56,2.5200000000000005,58,2.32,0.03937007874015748,0.03577817531305903,0.024096385542168676,0.0,0
gortmsh01w,5,WAS,0,0.0,0.0,0,0.6666666666666666,0.5,3.0,0.5,3.0,7,1.75,0.0,0.004705882352941176,0.004273504273504274,0.0,0
gortmsh01w,7,SEA,0,1.6,4.347169811320755,0,0.6538461538461539,1.25,3.3962264150943398,0.85,2.309433962264151,78,3.9,0.04685212298682284,0.043782837127845885,0.03300970873786408,0.0,0
granter01w,8,HOU,0,1.1764705882352942,3.4123222748815163,0,3.0833333333333335,0.6470588235294118,1.876777251184834,2.176470588235294,6.312796208530806,63,3.7058823529411766,0.03048780487804878,0.017350157728706624,0.06618962432915922,0.0,0
grecomi01w,5,SEA,0,0.46153846153846156,2.958904109589041,0,0.8888888888888888,0.6153846153846154,3.9452054794520546,0.6153846153846154,3.9452054794520546,21,1.6153846153846154,0.009009009009009009,0.016,0.014466546112115732,0.0,0
greenci01w,7,SEA,0,1.8,13.5,0,0.0,0.0,0.0,0.0,0.0,8,1.6,0.013177159590043924,0.0,0.0,0.0,0
grginve01w,1,LAS,0,0.9444444444444444,3.3442622950819674,0,0.8,0.7777777777777778,2.7540983606557377,0.6666666666666666,2.360655737704918,39,2.1666666666666665,0.024079320113314446,0.029978586723768737,0.020442930153321975,0.0,0
grginve01w,2,LAS,0,0.875,3.390134529147982,0,0.75,0.625,2.42152466367713,0.5,1.937219730941704,52,2.1666666666666665,0.03403565640194489,0.03416856492027335,0.020100502512562814,0.0,0
grginve01w,3,LAS,0,0.9166666666666666,5.012658227848101,0,0.1111111111111111,0.6666666666666666,3.6455696202531644,0.08333333333333333,0.45569620253164556,10,0.8333333333333334,0.016541353383458645,0.015444015444015444,0.0017123287671232876,0.0,0
griffyo01w,1,SAC,0,3.4375,3.859649122807017,1,0.5662650602409639,2.5625,2.8771929824561404,1.46875,1.6491228070175437,522,16.3125,0.19230769230769232,0.1786492374727669,0.08274647887323944,0.16666666666666666,0
griffyo01w,2,SAC,0,3.5625,3.81058495821727,1,0.7105263157894737,2.34375,2.506963788300836,1.6875,1.8050139275766017,511,15.96875,0.1935483870967742,0.15151515151515152,0.09660107334525939,0.16666666666666666,0
griffyo01w,3,SAC,0,4.117647058823529,4.367417677642981,0,0.41304347826086957,2.6470588235294117,2.8076256499133447,1.1176470588235294,1.1854419410745234,196,11.529411764705882,0.10355029585798817,0.09846827133479212,0.03792415169660679,0.0,0
griffyo01w,4,SAC,0,3.676470588235294,4.433497536945813,3,0.6052631578947368,2.2058823529411766,2.660098522167488,1.3529411764705883,1.631527093596059,390,11.470588235294118,0.19470404984423675,0.16233766233766234,0.08084358523725835,0.375,0
griffyo01w,5,SAC,0,2.911764705882353,3.4568380213385064,2,0.7,1.7352941176470589,2.0601357904946656,1.2352941176470589,1.4665373423860328,404,11.882352941176471,0.1542056074766355,0.12139917695473251,0.08076923076923077,0.5,0
griffyo01w,6,SAC,0,2.8823529411764706,3.6673596673596673,0,0.7536231884057971,2.0,2.544698544698545,1.5294117647058822,1.945945945945946,348,10.235294117647058,0.14306569343065692,0.13572854291417166,0.09848484848484848,0.0,0
griffyo01w,7,SAC,0,2.176470588235294,3.11943793911007,0,0.835820895522388,1.9411764705882353,2.782201405152225,1.6470588235294117,2.360655737704918,335,9.852941176470589,0.11028315946348734,0.12154696132596685,0.10980392156862745,0.0,0
griffyo01w,8,SAC,0,3.03125,4.7317073170731705,1,0.7121212121212122,2.03125,3.170731707317073,1.46875,2.292682926829268,239,7.46875,0.15085536547433903,0.10620915032679738,0.08736059479553904,0.16666666666666666,0
griffyo01w,9,SEA,0,3.6666666666666665,6.018237082066869,1,0.8653846153846154,1.7,2.790273556231003,1.5,2.4620060790273555,294,9.8,0.16058394160583941,0.0967741935483871,0.0847457627118644,0.2,0
griffyo01w,10,IND,0,2.0,5.268292682926829,0,0.0,1.0,2.6341463414634143,0.0,0.0,9,3.0,0.008658008658008658,0.005639097744360902,0.0,0.0,0
groomla01w,1,SAC,0,0.9,2.423940149625935,0,0.5909090909090909,0.7,1.885286783042394,0.43333333333333335,1.167082294264339,70,2.3333333333333335,0.0472027972027972,0.0457516339869281,0.022887323943661973,0.0,0
groomla01w,2,SAC,0,1.3870967741935485,2.8508287292817682,0,1.4615384615384615,0.8064516129032258,1.6574585635359116,1.2258064516129032,2.519337016574586,141,4.548387096774194,0.0730050933786078,0.050505050505050504,0.06797853309481217,0.0,0
groomla01w,3,SAC,0,2.15625,2.9223529411764706,0,0.8297872340425532,1.4375,1.948235294117647,1.21875,1.651764705882353,167,5.21875,0.10207100591715976,0.10065645514223195,0.07784431137724551,0.0,0
groomla01w,4,SAC,0,0.7941176470588235,2.068085106382979,0,1.3181818181818181,0.6176470588235294,1.6085106382978724,0.8529411764705882,2.2212765957446807,97,2.8529411764705883,0.04205607476635514,0.045454545454545456,0.050966608084358524,0.0,0
groomla01w,5,SAC,0,0.5,2.1446808510638298,0,3.6666666666666665,0.07142857142857142,0.30638297872340425,0.39285714285714285,1.6851063829787234,38,1.3571428571428572,0.021806853582554516,0.00411522633744856,0.021153846153846155,0.0,0
grubigo01w,1,IND,0,1.6206896551724137,2.35,0,1.0327868852459017,2.0689655172413794,3.0,2.1724137931034484,3.15,170,5.862068965517241,0.07309486780715396,0.11560693641618497,0.1254980079681275,0.0,0
grubigo01w,2,IND,0,1.1111111111111112,2.2453222453222454,0,0.9428571428571428,1.2592592592592593,2.544698544698545,1.2222222222222223,2.4698544698544698,89,3.2962962962962963,0.04991680532445923,0.06910569105691057,0.0718954248366013,0.0,0
grubigo01w,3,PHO,0,1.84375,2.472642607683353,0,1.7627118644067796,1.8125,2.430733410942957,3.25,4.3585564610011645,207,6.46875,0.09455128205128205,0.11553784860557768,0.24299065420560748,0.0,0
grubigo01w,5,HOU,0,0.4,3.0,0,0.0,0.6,4.5,0.0,0.0,1,0.2,0.0035971223021582736,0.006185567010309278,0.0,0.0,0
grubigo01w,6,LAS,0,0.4444444444444444,3.5121951219512195,0,1.6666666666666667,0.2222222222222222,1.7560975609756098,0.5555555555555556,4.390243902439025,12,1.3333333333333333,0.005420054200542005,0.004056795131845842,0.009057971014492754,0.0,0
grudasa01w,9,CON,0,1.8064516129032258,4.235294117647059,0,0.6666666666666666,1.3225806451612903,3.100840336134454,0.9032258064516129,2.1176470588235294,183,5.903225806451613,0.08888888888888889,0.08401639344262295,0.046052631578947366,0.0,0
grudasa01w,10,CON,0,3.3076923076923075,3.8222222222222224,2,0.5072463768115942,2.6153846153846154,3.022222222222222,1.3461538461538463,1.5555555555555554,264,10.153846153846153,0.12684365781710916,0.14977973568281938,0.05747126436781609,0.2857142857142857,0
hairska01w,8,CON,0,1.4705882352941178,6.081081081081081,0,0.6,0.5294117647058824,2.1891891891891895,0.35294117647058826,1.4594594594594597,43,2.5294117647058822,0.03894080996884735,0.0166358595194085,0.00967741935483871,0.0,0
hallam01w,3,POR,0,0.6,4.153846153846154,0,0.07692307692307693,0.6,4.153846153846154,0.05,0.34615384615384615,35,1.75,0.019230769230769232,0.024291497975708502,0.002028397565922921,0.0,0
hallvi01w,1,CLE,0,1.875,3.7435008665511265,0,0.9230769230769231,0.78125,1.5597920277296362,0.75,1.4974003466204506,141,4.40625,0.09259259259259259,0.04638218923933209,0.044444444444444446,0.0,0
hallvi01w,2,CLE,1,1.5714285714285714,3.52,0,0.75,0.7857142857142857,1.76,0.6428571428571429,1.44,48,3.4285714285714284,0.04127579737335835,0.024719101123595506,0.017857142857142856,0.0,0
hallvi01w,2,IND,2,0.8461538461538461,3.2195121951219514,0,0.5,0.5384615384615384,2.048780487804878,0.3076923076923077,1.1707317073170733,24,1.8461538461538463,0.018302828618968387,0.014227642276422764,0.008714596949891068,0.0,0
hallvi01w,3,LAS,0,0.6666666666666666,3.789473684210526,0,0.5,0.3333333333333333,1.894736842105263,0.3333333333333333,1.894736842105263,4,1.3333333333333333,0.0030075187969924814,0.0019305019305019305,0.0017123287671232876,0.0,0
hammobe01w,1,NYL,0,1.71875,2.37125748502994,0,0.9206349206349206,1.9375,2.673053892215569,1.8125,2.50059880239521,152,4.75,0.0889967637540453,0.13052631578947368,0.12133891213389121,0.0,0
hammobe01w,2,NYL,0,1.4375,2.6752827140549273,0,1.0408163265306123,1.5,2.7915993537964456,1.59375,2.9660743134087237,131,4.09375,0.07455429497568881,0.1095890410958904,0.09205776173285199,0.0,0
hammobe01w,3,NYL,0,1.53125,2.676783004552352,0,0.9642857142857143,1.71875,3.0045523520485586,1.6875,2.9499241274658576,147,4.59375,0.07668231611893583,0.11982570806100218,0.10865191146881288,0.0,0
hammobe01w,4,NYL,0,1.1818181818181819,1.821011673151751,0,0.6428571428571429,2.4545454545454546,3.782101167315175,1.6363636363636365,2.5214007782101167,50,4.545454545454546,0.022108843537414966,0.05732484076433121,0.03409090909090909,0.0,0
hammobe01w,5,NYL,0,2.1470588235294117,2.3256637168141596,0,1.2605042016806722,3.4705882352941178,3.75929203539823,4.411764705882353,4.778761061946903,328,9.647058823529411,0.12414965986394558,0.23274161735700197,0.2777777777777778,0.0,0
hammobe01w,6,NYL,0,2.264705882352941,2.3491525423728814,0,1.3518518518518519,3.1470588235294117,3.2644067796610168,4.294117647058823,4.454237288135594,322,9.470588235294118,0.1254071661237785,0.23110151187904968,0.2925851703406814,0.0,0
hammobe01w,7,NYL,0,2.090909090909091,2.456973293768546,0,1.2272727272727273,2.9545454545454546,3.4718100890207717,3.6818181818181817,4.326409495548962,179,8.136363636363637,0.06814814814814815,0.11265164644714037,0.17016806722689076,0.0,0
hammobe01w,8,SAS,0,1.8214285714285714,1.9657387580299788,0,1.2173913043478262,4.071428571428571,4.394004282655247,5.0,5.3961456102783725,245,8.75,0.0779816513761468,0.2039355992844365,0.24647887323943662,0.0,0
hammobe01w,9,SAS,0,1.8181818181818181,1.9618528610354224,0,1.5333333333333334,3.1515151515151514,3.400544959128065,4.878787878787879,5.264305177111717,302,9.151515151515152,0.09950248756218906,0.19771863117870722,0.26744186046511625,0.0,0
hammobe01w,10,SAS,0,1.7419354838709677,1.8531935176358436,0,1.3928571428571428,3.5806451612903225,3.8093422306959006,5.032258064516129,5.353670162059104,320,10.32258064516129,0.09045226130653267,0.21764705882352942,0.2604340567612688,0.0,0
hamzoro01w,1,ORL,0,0.26666666666666666,3.3488372093023253,0,1.0,0.26666666666666666,3.3488372093023253,0.3333333333333333,4.186046511627907,13,0.8666666666666667,0.00684931506849315,0.008213552361396304,0.010548523206751054,0.0,0
hardili01w,8,MIN,0,2.2,2.631229235880399,0,1.625,2.35,2.8106312292358804,3.9,4.664451827242525,191,9.55,0.06162464985994398,0.08362989323843416,0.1306532663316583,0.0,0
hardili01w,9,MIN,0,2.3333333333333335,3.4111675126903553,2,1.3571428571428572,2.2916666666666665,3.3502538071065993,3.1666666666666665,4.629441624365482,163,6.791666666666667,0.07446808510638298,0.11627906976744186,0.13620071684587814,0.15384615384615385,0
hardili01w,10,WAS,0,2.0,2.050251256281407,1,1.5098039215686274,2.9705882352941178,3.0452261306532664,4.529411764705882,4.64321608040201,345,10.147058823529411,0.09366391184573003,0.16611842105263158,0.3392070484581498,0.14285714285714285,0
harpela01w,9,SAC,0,2.3529411764705883,5.142857142857142,0,0.24489795918367346,1.411764705882353,3.085714285714286,0.35294117647058826,0.7714285714285715,184,5.411764705882353,0.11577424023154848,0.0817717206132879,0.02531645569620253,0.0,0
harpela01w,10,SAC,0,1.9696969696969697,5.08695652173913,1,0.46511627906976744,1.2727272727272727,3.2869565217391306,0.6060606060606061,1.5652173913043477,168,5.090909090909091,0.10061919504643962,0.07179487179487179,0.036968576709796676,0.3333333333333333,0
harrido01w,1,IND,0,2.0,8.597014925373134,0,0.4166666666666667,1.375,5.91044776119403,0.625,2.6865671641791042,17,2.125,0.024883359253499222,0.02119460500963391,0.0099601593625498,0.0,0
harrili01w,1,PHO,0,2.0,2.976,0,1.565217391304348,0.7096774193548387,1.056,1.1612903225806452,1.728,191,6.161290322580645,0.098256735340729,0.05116279069767442,0.07725321888412018,0.0,0
harrili01w,2,PHO,0,1.8125,2.281967213114754,0,1.04,1.53125,1.9278688524590164,1.625,2.0459016393442626,231,7.21875,0.0926517571884984,0.09423076923076923,0.10097087378640776,0.0,0
harrili01w,3,PHO,0,1.9375,2.4827586206896552,0,0.8695652173913043,1.40625,1.8020022246941045,1.25,1.6017797552836486,200,6.25,0.09935897435897435,0.08964143426294821,0.09345794392523364,0.0,0
harrili01w,4,PHO,0,1.7575757575757576,2.491646778042959,0,1.0285714285714285,1.0303030303030303,1.460620525059666,1.0909090909090908,1.5465393794749402,189,5.7272727272727275,0.08721804511278196,0.07083333333333333,0.07792207792207792,0.0,0
harrili01w,6,PHO,0,1.2222222222222223,4.0,0,0.7692307692307693,0.4444444444444444,1.4545454545454546,0.37037037037037035,1.2121212121212122,55,2.037037037037037,0.04727793696275072,0.023166023166023165,0.01818181818181818,0.0,0
harrokr01w,2,MIN,0,1.0,2.0,0,2.75,0.75,1.5,2.75,5.5,18,4.5,0.005747126436781609,0.005905511811023622,0.02511415525114155,0.0,0
harrokr01w,3,MIN,0,0.8888888888888888,1.7962577962577964,0,1.8620689655172413,1.037037037037037,2.0956340956340958,2.0,4.041580041580042,112,4.148148148148148,0.038834951456310676,0.052830188679245285,0.11563169164882227,0.0,0
harrokr01w,4,MIN,0,0.4838709677419355,1.0821643286573146,0,1.8,1.2580645161290323,2.8136272545090177,2.3225806451612905,5.19438877755511,132,4.258064516129032,0.023622047244094488,0.06976744186046512,0.12392426850258176,0.0,0
harrokr01w,6,MIN,0,1.088235294117647,1.6009615384615385,0,1.7454545454545454,1.588235294117647,2.3365384615384617,2.823529411764706,4.153846153846154,217,6.382352941176471,0.0592,0.1005586592178771,0.18045112781954886,0.0,0
harrokr01w,10,LAS,0,1.032258064516129,2.2153846153846155,0,2.4642857142857144,0.8709677419354839,1.8692307692307693,2.225806451612903,4.776923076923077,142,4.580645161290323,0.0547945205479452,0.04745166959578207,0.11734693877551021,0.0,0
haydeva01w,5,MIN,0,2.2413793103448274,6.685714285714286,0,0.2,1.1724137931034482,3.4971428571428573,0.2413793103448276,0.72,127,4.379310344827586,0.09833585476550681,0.05537459283387622,0.013282732447817837,0.0,0
haydeva01w,6,MIN,0,3.5483870967741935,6.65546218487395,2,0.359375,2.032258064516129,3.8117647058823527,0.7419354838709677,1.3915966386554621,269,8.67741935483871,0.176,0.11731843575418995,0.043233082706766915,0.5,0
haydeva01w,7,MIN,0,3.5757575757575757,10.018867924528301,2,0.4222222222222222,1.3333333333333333,3.7358490566037736,0.5757575757575758,1.6132075471698113,184,5.575757575757576,0.1801526717557252,0.08286252354048965,0.03861788617886179,0.5,0
haydeva01w,9,MIN,0,2.7333333333333334,9.710526315789474,2,0.4444444444444444,0.8666666666666667,3.0789473684210527,0.4,1.4210526315789473,145,4.833333333333333,0.10904255319148937,0.05496828752642706,0.021505376344086023,0.15384615384615385,0
haydeva01w,10,LAS,0,1.96,6.557620817843866,0,0.3,0.76,2.54275092936803,0.24,0.8029739776951672,99,3.96,0.0839041095890411,0.033391915641476276,0.01020408163265306,0.0,0
haynikr01w,6,SAC,0,1.3666666666666667,3.400921658986175,0,1.1944444444444444,1.1666666666666667,2.903225806451613,1.4333333333333333,3.5668202764976957,139,4.633333333333334,0.059854014598540145,0.06986027944111776,0.08143939393939394,0.0,0
haynikr01w,7,SAC,0,1.4705882352941178,3.7815126050420167,0,1.446808510638298,1.3529411764705883,3.4789915966386555,2.0,5.142857142857142,164,4.823529411764706,0.07451564828614009,0.0847145488029466,0.13333333333333333,0.0,0
haynikr01w,8,SAC,0,1.2647058823529411,2.8403669724770646,0,1.0144927536231885,2.0,4.491743119266055,2.0588235294117645,4.623853211009175,131,3.8529411764705883,0.06687402799377916,0.1111111111111111,0.13011152416356878,0.0,0
haynikr01w,9,ATL,0,1.2424242424242424,3.037037037037037,0,1.7083333333333333,1.4242424242424243,3.481481481481482,2.484848484848485,6.074074074074074,172,5.212121212121212,0.05144291091593475,0.07912457912457913,0.1663286004056795,0.0,0
haynikr01w,10,DET,1,0.7,3.1304347826086953,0,1.0,0.5,2.2360248447204967,0.55,2.459627329192547,50,2.5,0.018252933507170794,0.018281535648994516,0.019097222222222224,0.0,0
haynikr01w,10,SAC,2,1.4444444444444444,3.0,0,1.125,1.6666666666666667,3.4615384615384617,2.0,4.153846153846154,47,5.222222222222222,0.020123839009287926,0.02564102564102564,0.033271719038817,0.0,0
headde01w,1,PHO,0,1.0,4.10738255033557,0,1.25,0.6470588235294118,2.6577181208053693,0.8823529411764706,3.624161073825503,37,2.176470588235294,0.02694136291600634,0.02558139534883721,0.032188841201716736,0.0,0
hendene01w,2,HOU,0,0.21739130434782608,1.005586592178771,0,1.2941176470588236,0.6956521739130435,3.217877094972067,0.9565217391304348,4.424581005586592,49,2.130434782608696,0.00980392156862745,0.036613272311212815,0.05152224824355972,0.0,0
hendetr01w,3,CLE,0,1.1304347826086956,5.410404624277457,1,0.15789473684210525,0.782608695652174,3.7456647398843934,0.13043478260869565,0.6242774566473988,47,2.0434782608695654,0.045774647887323945,0.03982300884955752,0.006237006237006237,0.1111111111111111,0
hendetr01w,4,CLE,0,0.5454545454545454,4.8,0,0.6,0.36363636363636365,3.2,0.2727272727272727,2.4,19,1.7272727272727273,0.009375,0.008565310492505354,0.005791505791505791,0.0,0
henniso01w,1,SEA,0,2.28125,2.6816326530612247,1,1.4363636363636363,1.6875,1.9836734693877551,2.46875,2.9020408163265303,229,7.15625,0.11248073959938366,0.10266159695817491,0.2020460358056266,0.2,0
henniso01w,2,SEA,0,1.9375,2.47450110864745,2,2.1136363636363638,1.34375,1.7161862527716185,2.90625,3.7117516629711753,222,6.9375,0.10231023102310231,0.09953703703703703,0.22518159806295399,0.2857142857142857,0
henniso01w,3,HOU,2,1.826086956521739,2.9021113243762,0,1.3783783783783783,1.565217391304348,2.487523992322457,2.217391304347826,3.523992322456814,138,6.0,0.08974358974358974,0.07894736842105263,0.1130820399113082,0.0,0
henniso01w,3,SEA,1,1.875,2.608695652173913,0,1.875,0.875,1.217391304347826,1.875,2.608695652173913,51,6.375,0.02403846153846154,0.014644351464435146,0.02912621359223301,0.0,0
henniso01w,4,IND,2,1.2173913043478262,3.475862068965517,0,2.0714285714285716,0.5652173913043478,1.6137931034482758,1.2608695652173914,3.6,68,2.9565217391304346,0.04185351270553064,0.02736842105263158,0.053703703703703705,0.0,0
henniso01w,4,WAS,1,0.0,0.0,0,0.0,0.0,0.0,0.0,0.0,1,1.0,0.0,0.0,0.0,0.0,0
herriam01w,1,UTA,0,1.64,4.328445747800586,1,0.6666666666666666,1.16,3.06158357771261,0.8,2.1114369501466275,91,3.64,0.058655221745350504,0.05321100917431193,0.03824091778202677,0.14285714285714285,0
herriam01w,2,UTA,0,1.46875,3.7767857142857144,0,0.3888888888888889,1.09375,2.8125,0.4375,1.125,117,3.65625,0.0754414125200642,0.0708502024291498,0.02666666666666667,0.0,0
herriam01w,3,UTA,0,1.25,4.684014869888476,0,0.18181818181818182,0.75,2.8104089219330857,0.14285714285714285,0.5353159851301115,84,3.0,0.052552552552552555,0.040152963671128104,0.008350730688935281,0.0,0
hibbeka01w,1,SEA,0,1.1,3.3,0,1.0,0.85,2.55,0.9,2.6999999999999997,56,2.8,0.03389830508474576,0.03231939163498099,0.04603580562659847,0.0,0
hicksje01w,1,ORL,0,1.2692307692307692,7.56687898089172,0,0.2222222222222222,0.6538461538461539,3.8980891719745223,0.15384615384615385,0.9171974522292994,39,1.5,0.05650684931506849,0.03490759753593429,0.008438818565400843,0.0,0
hicksje01w,2,ORL,0,2.65625,6.7105263157894735,0,0.4074074074074074,1.65625,4.184210526315789,0.6875,1.7368421052631577,154,4.8125,0.13198757763975155,0.09943714821763602,0.04856512141280353,0.0,0
hicksje01w,3,ORL,0,2.4838709677419355,5.885350318471337,1,0.4423076923076923,1.6451612903225807,3.8980891719745223,0.7419354838709677,1.7579617834394905,169,5.451612903225806,0.11492537313432835,0.11159737417943107,0.05145413870246085,0.16666666666666666,0
hicksje01w,4,CON,0,1.7407407407407407,6.687747035573123,0,0.2222222222222222,0.9629629629629629,3.699604743083004,0.2222222222222222,0.8537549407114624,74,2.740740740740741,0.07078313253012049,0.059770114942528735,0.011516314779270634,0.0,0
hicksje01w,5,SAS,0,2.111111111111111,5.530997304582211,1,0.5142857142857142,1.2592592592592593,3.299191374663073,0.6666666666666666,1.7466307277628033,105,3.888888888888889,0.09062003179650238,0.06614785992217899,0.03643724696356275,0.16666666666666666,0
hillec01w,1,CHA,0,1.2692307692307692,5.577464788732394,0,0.5384615384615384,0.9615384615384616,4.225352112676056,0.5384615384615384,2.366197183098592,43,1.6538461538461537,0.046218487394957986,0.05030181086519115,0.025362318840579712,0.0,0
hillec01w,2,PHO,0,0.6666666666666666,9.0,0,1.0,0.0,0.0,0.3333333333333333,4.5,2,0.6666666666666666,0.003194888178913738,0.0,0.001941747572815534,0.0,0
hledeko01w,1,UTA,0,2.7096774193548385,3.4878892733564015,1,1.1948051948051948,2.4516129032258065,3.155709342560554,2.967741935483871,3.8200692041522495,227,7.32258064516129,0.12017167381974249,0.13944954128440368,0.17590822179732313,0.14285714285714285,0
hledeko01w,2,UTA,0,2.074074074074074,4.430769230769231,0,1.0,1.5555555555555556,3.3230769230769233,1.5925925925925926,3.402197802197802,109,4.037037037037037,0.0898876404494382,0.08502024291497975,0.08190476190476191,0.0,0
hledeko01w,3,NYL,0,1.5,6.697674418604651,0,0.5454545454545454,1.3125,5.86046511627907,0.75,3.3488372093023253,36,2.25,0.03755868544600939,0.0457516339869281,0.02414486921529175,0.0,0
hodgedo01w,5,LAS,0,0.375,1.3224489795918368,0,0.8888888888888888,0.7083333333333334,2.497959183673469,0.6666666666666666,2.3510204081632655,50,2.0833333333333335,0.012295081967213115,0.03207547169811321,0.025518341307814992,0.0,0
hodgedo01w,6,LAS,0,1.09375,1.883408071748879,0,1.5714285714285714,1.5,2.5829596412556053,2.40625,4.143497757847533,149,4.65625,0.04742547425474255,0.0973630831643002,0.13949275362318841,0.0,0
hodgedo01w,7,LAS,0,0.7647058823529411,2.052631578947368,0,1.5,1.2647058823529411,3.3947368421052633,1.9411764705882353,5.210526315789474,126,3.7058823529411766,0.03823529411764706,0.08037383177570094,0.10801963993453355,0.0,0
hodgedo01w,8,SEA,0,0.3333333333333333,2.1818181818181817,0,1.0,0.8333333333333334,5.454545454545455,1.0,6.545454545454546,9,1.5,0.00322061191626409,0.009363295880149813,0.011235955056179775,0.0,0
hodgedo01w,9,IND,0,0.25,1.2857142857142856,0,0.2857142857142857,0.75,3.8571428571428568,0.25,1.2857142857142856,12,1.5,0.0027472527472527475,0.010238907849829351,0.003992015968063872,0.0,0
hodgero01w,6,HOU,0,0.3076923076923077,1.5319148936170213,0,1.75,0.11538461538461539,0.5744680851063829,0.2692307692307692,1.3404255319148937,27,1.0384615384615385,0.013745704467353952,0.007042253521126761,0.014957264957264958,0.0,0
hodgero01w,7,HOU,0,1.2121212121212122,2.063037249283668,0,0.8648648648648649,1.0909090909090908,1.856733524355301,0.9696969696969697,1.6504297994269341,117,3.5454545454545454,0.06472491909385113,0.06349206349206349,0.0600375234521576,0.0,0
hodgero01w,8,HOU,0,0.7241379310344828,2.283987915407855,0,1.2857142857142858,0.6896551724137931,2.175226586102719,0.9310344827586207,2.9365558912386707,70,2.413793103448276,0.03201219512195122,0.031545741324921134,0.04830053667262969,0.0,0
hodgero01w,9,HOU,0,0.7333333333333333,1.4452554744525548,0,1.7272727272727273,0.6666666666666666,1.313868613138686,1.2666666666666666,2.4963503649635035,56,3.7333333333333334,0.015089163237311385,0.016666666666666666,0.03411131059245961,0.0,0
hodgero01w,10,MIN,0,1.6363636363636365,2.155210643015521,0,1.7297297297297298,1.0909090909090908,1.4368070953436807,1.9393939393939394,2.5543237250554323,199,6.03030303030303,0.07780979827089338,0.07003891050583658,0.12549019607843137,0.0,0
hoffmeb01w,5,IND,0,1.7,5.497005988023952,1,0.75,0.9,2.910179640718563,0.7,2.2634730538922154,128,4.266666666666667,0.0796875,0.055441478439425054,0.03776978417266187,0.07692307692307693,0
hoffmeb01w,6,IND,0,1.7878787878787878,4.27364185110664,0,0.6666666666666666,0.696969696969697,1.6659959758551306,0.48484848484848486,1.158953722334004,144,4.363636363636363,0.08819133034379671,0.04811715481171548,0.032388663967611336,0.0,0
hoffmeb01w,7,IND,0,3.0588235294117645,4.399529964747356,1,0.6216216216216216,2.1470588235294117,3.0881316098707403,1.3529411764705883,1.945945945945946,292,8.588235294117647,0.171334431630972,0.13799621928166353,0.09163346613545817,0.25,0
hoffmeb01w,8,IND,0,2.0294117647058822,4.268041237113402,0,0.6190476190476191,1.2058823529411764,2.536082474226804,0.7647058823529411,1.6082474226804124,202,5.9411764705882355,0.10664605873261206,0.06949152542372881,0.05078125,0.0,0
hoffmeb01w,9,IND,0,3.6666666666666665,4.300098716683119,3,0.7625,2.393939393939394,2.807502467917078,1.8484848484848484,2.1678183613030604,392,11.878787878787879,0.1662087912087912,0.1348122866894198,0.1217564870259481,0.42857142857142855,0
hoffmeb01w,10,IND,0,3.1176470588235294,3.7970149253731345,3,0.6265060240963856,2.411764705882353,2.937313432835821,1.5294117647058822,1.862686567164179,320,9.411764705882353,0.15295815295815296,0.15413533834586465,0.09848484848484848,0.42857142857142855,0
holdsch01w,1,WAS,0,2.3125,2.3554376657824934,0,0.851063829787234,2.90625,2.960212201591512,2.5,2.546419098143236,385,12.03125,0.12374581939799331,0.1834319526627219,0.1532567049808429,0.0,0
holdsch01w,2,WAS,0,1.6896551724137931,1.8092307692307692,0,0.6947368421052632,3.2413793103448274,3.470769230769231,2.2758620689655173,2.436923076923077,380,13.10344827586207,0.09107806691449814,0.18951612903225806,0.15529411764705883,0.0,0
holdsch01w,3,WAS,0,2.5,2.839116719242902,0,0.9782608695652174,2.25,2.555205047318612,2.25,2.555205047318612,303,15.15,0.08561643835616438,0.09868421052631579,0.08704061895551257,0.0,0
holdsch01w,4,WAS,0,2.740740740740741,2.8101265822784813,0,1.2191780821917808,2.6666666666666665,2.7341772151898733,3.2962962962962963,3.379746835443038,432,16.0,0.10930576070901034,0.15550755939524838,0.15641476274165203,0.0,0
holdsch01w,5,WAS,0,2.9130434782608696,3.0112359550561796,0,0.9655172413793104,2.4782608695652173,2.5617977528089884,2.4347826086956523,2.5168539325842696,304,13.217391304347826,0.10260336906584992,0.13411764705882354,0.11965811965811966,0.0,0
holdsch01w,6,LAS,0,2.8484848484848486,2.860524091293322,2,1.04,3.0,3.012679628064243,3.1515151515151514,3.164835164835165,381,11.545454545454545,0.12737127371273713,0.20081135902636918,0.18840579710144928,0.2857142857142857,0
holdsch01w,7,LAS,0,2.32,2.8254397834912046,0,0.9655172413793104,2.28,2.7767253044654936,2.24,2.7280108254397835,251,10.04,0.08529411764705883,0.10654205607476636,0.09165302782324058,0.0,0
holdsch01w,8,LAS,0,2.8,3.3600000000000003,0,0.5555555555555556,5.2,6.24,3.0,3.6,52,10.4,0.019099590723055934,0.045454545454545456,0.02702702702702703,0.0,0
holdsch01w,10,ATL,0,2.4,3.0508474576271185,0,0.7466666666666667,2.96,3.7627118644067794,2.24,2.8474576271186445,206,8.24,0.08086253369272237,0.12521150592216582,0.10218978102189781,0.0,0
hollake01w,1,SAC,0,1.96875,2.4282655246252673,1,1.08,2.3125,2.852248394004283,2.53125,3.1220556745182013,199,6.21875,0.11013986013986014,0.16122004357298475,0.1426056338028169,0.16666666666666666,0
hollake01w,2,SAC,0,1.9375,2.5537757437070936,0,1.0298507462686568,2.0625,2.7185354691075516,2.15625,2.8421052631578947,205,6.40625,0.10526315789473684,0.13333333333333333,0.12343470483005367,0.0,0
hollake01w,3,SAC,0,2.3125,2.953436807095344,1,0.7682926829268293,2.53125,3.2328159645232817,1.96875,2.514412416851441,199,6.21875,0.10946745562130178,0.1772428884026258,0.12574850299401197,0.1111111111111111,0
hollake01w,4,DET,0,0.7647058823529411,1.3487031700288183,0,1.05,1.7352941176470589,3.060518731988473,1.8529411764705883,3.2680115273775217,159,4.676470588235294,0.0429042904290429,0.09688013136288999,0.11538461538461539,0.0,0
hollake01w,5,HOU,0,1.8888888888888888,2.611664295874822,0,1.1041666666666667,1.7407407407407407,2.406827880512091,1.962962962962963,2.7140825035561877,162,6.0,0.09172661870503597,0.09690721649484536,0.1172566371681416,0.0,0
hollake01w,7,DET,0,0.8529411764705882,2.6297229219143574,0,1.048780487804878,1.1764705882352942,3.6272040302267006,1.2647058823529411,3.899244332493703,108,3.176470588235294,0.04073033707865169,0.07434944237918216,0.07504363001745201,0.0,0
holliqu01w,10,MIN,0,1.911764705882353,5.3917050691244235,0,0.14285714285714285,1.0,2.8202764976958523,0.14705882352941177,0.4147465437788019,135,3.9705882352941178,0.0936599423631124,0.06614785992217899,0.00980392156862745,0.0,0
holmejo01w,1,DET,0,1.2413793103448276,4.782287822878229,0,0.8235294117647058,0.5517241379310345,2.125461254612546,0.4827586206896552,1.859778597785978,74,2.5517241379310347,0.05128205128205128,0.030131826741996232,0.027777777777777776,0.0,0
holmese01w,9,HOU,0,1.1176470588235294,3.3694581280788176,0,0.7333333333333333,0.8235294117647058,2.4827586206896552,0.6470588235294118,1.9507389162561577,55,3.235294117647059,0.02606310013717421,0.023333333333333334,0.019748653500897665,0.0,0
holtam01w,9,CON,0,1.9705882352941178,3.3781512605042017,0,2.03125,0.9117647058823529,1.5630252100840336,1.911764705882353,3.277310924369748,190,5.588235294117647,0.10634920634920635,0.06352459016393443,0.1069078947368421,0.0,0
holtam01w,10,CON,0,1.6956521739130435,3.694736842105263,0,2.933333333333333,0.6086956521739131,1.3263157894736841,1.9130434782608696,4.168421052631579,129,5.608695652173913,0.05752212389380531,0.030837004405286344,0.0722495894909688,0.0,0
hopeky01w,1,UTA,0,0.0,0.0,0,0.0,0.3333333333333333,9.0,0.0,0.0,2,0.6666666666666666,0.0,0.001834862385321101,0.0,0.0,0
hornbal01w,9,DET,0,2.8529411764705883,4.674698795180723,1,1.42,1.4411764705882353,2.36144578313253,2.088235294117647,3.4216867469879517,298,8.764705882352942,0.13379310344827586,0.09859154929577464,0.11735537190082644,0.14285714285714285,0
hornbal01w,10,DET,0,2.90625,3.9388235294117644,2,1.2285714285714286,2.15625,2.9223529411764706,2.6875,3.642352941176471,295,9.21875,0.121251629726206,0.12614259597806216,0.14930555555555555,0.2,0
houstch01w,9,MIN,0,2.121212121212121,4.337349397590361,0,0.5,1.6666666666666667,3.4079173838209984,0.8484848484848485,1.7349397590361446,193,5.848484848484849,0.09308510638297872,0.11627906976744186,0.05017921146953405,0.0,0
houstch01w,10,MIN,0,3.1470588235294117,4.863636363636364,2,0.9076923076923077,1.8823529411764706,2.909090909090909,1.7352941176470589,2.6818181818181817,309,9.088235294117647,0.15417867435158503,0.1245136186770428,0.11568627450980393,0.4,0
humphta01w,9,DET,1,2.6818181818181817,7.151515151515152,2,0.88,1.0909090909090908,2.909090909090909,1.0,2.6666666666666665,104,4.7272727272727275,0.08137931034482758,0.0482897384305835,0.03636363636363636,0.2857142857142857,0
humphta01w,9,WAS,2,4.0,5.433962264150943,0,0.4090909090909091,2.625,3.566037735849057,1.125,1.5283018867924527,64,8.0,0.04221635883905013,0.032915360501567396,0.01859504132231405,0.0,0
humphta01w,10,MIN,2,2.8421052631578947,5.717647058823529,0,0.5333333333333333,0.7368421052631579,1.4823529411764707,0.42105263157894735,0.8470588235294118,85,4.473684210526316,0.07780979827089338,0.027237354085603113,0.01568627450980392,0.0,0
humphta01w,10,WAS,1,1.6666666666666667,8.059701492537314,0,0.42857142857142855,0.6666666666666666,3.2238805970149254,0.3333333333333333,1.6119402985074627,20,2.2222222222222223,0.02066115702479339,0.009868421052631578,0.006607929515418502,0.0,0
irvinsa01w,6,PHO,0,1.6666666666666667,5.9016393442622945,0,1.6666666666666667,0.16666666666666666,0.5901639344262295,0.4166666666666667,1.4754098360655736,50,4.166666666666667,0.02865329512893983,0.003861003861003861,0.00909090909090909,0.0,0
irvinsa01w,7,PHO,0,0.7142857142857143,4.7368421052631575,0,0.25,0.42857142857142855,2.8421052631578947,0.14285714285714285,0.9473684210526315,21,3.0,0.006738544474393531,0.006772009029345372,0.0015600624024961,0.0,0
irvinsa01w,8,SAS,0,0.8695652173913043,5.625,0,0.5833333333333334,0.4782608695652174,3.09375,0.30434782608695654,1.96875,60,2.608695652173913,0.03058103975535168,0.01967799642218247,0.01232394366197183,0.0,0
irvinsa01w,9,SAS,0,0.9047619047619048,5.896551724137931,0,0.25,0.3333333333333333,2.1724137931034484,0.09523809523809523,0.6206896551724138,46,2.1904761904761907,0.03150912106135987,0.013307984790874524,0.0033222591362126247,0.0,0
ivanyda01w,1,UTA,0,2.4814814814814814,4.932515337423313,0,1.2352941176470589,1.8518518518518519,3.6809815950920246,2.3333333333333335,4.638036809815951,145,5.37037037037037,0.09585121602288985,0.09174311926605505,0.12045889101338432,0.0,0
ivanyda01w,4,PHO,0,1.0,4.235294117647059,0,0.6666666666666666,0.5,2.1176470588235294,0.5,2.1176470588235294,7,1.75,0.006015037593984963,0.004166666666666667,0.004329004329004329,0.0,0
ivanyda01w,6,SAS,0,1.6,2.9948006932409013,0,1.2592592592592593,1.7666666666666666,3.3067590987868285,2.2666666666666666,4.24263431542461,144,4.8,0.07373271889400922,0.09888059701492537,0.15668202764976957,0.0,0
ivanyda01w,7,SAS,0,1.2258064516129032,4.248447204968944,0,2.5,0.6129032258064516,2.124223602484472,1.6129032258064515,5.590062111801242,103,3.3225806451612905,0.062193126022913256,0.03885480572597137,0.09242144177449169,0.0,0
iveyni01w,2,IND,0,1.59375,2.593220338983051,0,1.9444444444444444,1.09375,1.7796610169491527,2.1875,3.5593220338983054,163,5.09375,0.08485856905158069,0.07113821138211382,0.15250544662309368,0.0,0
iveyni01w,3,IND,0,1.0,2.5421412300683373,0,1.6956521739130435,0.7096774193548387,1.8041002277904328,1.2580645161290323,3.1981776765375853,86,2.774193548387097,0.055357142857142855,0.05011389521640091,0.08705357142857142,0.0,0
iveyni01w,4,IND,0,1.4814814814814814,2.2119815668202767,0,2.4482758620689653,1.037037037037037,1.5483870967741937,2.6296296296296298,3.926267281105991,139,5.148148148148148,0.059790732436472344,0.05894736842105263,0.13148148148148148,0.0,0
iveyni01w,5,IND,0,1.3333333333333333,4.022346368715084,0,2.5714285714285716,0.4,1.2067039106145252,1.2,3.6201117318435756,35,2.3333333333333335,0.03125,0.012320328542094456,0.03237410071942446,0.0,0
iveyni01w,6,DET,1,1.1666666666666667,4.9411764705882355,0,1.6666666666666667,0.4166666666666667,1.7647058823529411,0.8333333333333334,3.5294117647058822,28,2.3333333333333335,0.01837270341207349,0.008741258741258742,0.021052631578947368,0.0,0
iveyni01w,6,PHO,2,1.2142857142857142,4.026315789473684,0,2.857142857142857,0.42857142857142855,1.4210526315789473,1.4285714285714286,4.7368421052631575,36,2.5714285714285716,0.024355300859598854,0.011583011583011582,0.03636363636363636,0.0,0
jacksde01w,3,CLE,0,0.6111111111111112,2.769230769230769,0,0.6,0.5,2.265734265734266,0.3333333333333333,1.5104895104895106,36,2.0,0.01936619718309859,0.01991150442477876,0.012474012474012475,0.0,0
jacksde01w,4,CLE,0,2.7058823529411766,4.340760157273919,1,1.5,0.9705882352941176,1.5570117955439058,1.5,2.406290956749672,173,5.088235294117647,0.14375,0.07066381156316917,0.09845559845559845,0.2,0
jacksde01w,5,IND,0,2.411764705882353,3.671641791044776,3,1.0,1.5294117647058822,2.328358208955224,1.5588235294117647,2.3731343283582094,201,5.911764705882353,0.128125,0.10677618069815195,0.09532374100719425,0.23076923076923078,0
jacksde01w,6,IND,0,1.6176470588235294,4.194915254237288,0,0.696969696969697,0.9411764705882353,2.440677966101695,0.6764705882352942,1.7542372881355932,129,3.7941176470588234,0.08221225710014948,0.06694560669456066,0.0465587044534413,0.0,0
jacksde01w,7,CHI,0,1.7272727272727273,4.170731707317073,0,0.5652173913043478,1.0,2.414634146341464,0.5909090909090909,1.4268292682926829,91,4.136363636363637,0.056296296296296296,0.041666666666666664,0.025490196078431372,0.0,0
jacksgw01w,4,SAS,0,2.5757575757575757,3.1384615384615384,1,0.425531914893617,1.393939393939394,1.6984615384615385,0.6060606060606061,0.7384615384615385,257,7.787878787878788,0.11659807956104253,0.08949416342412451,0.046620046620046623,0.1111111111111111,0
jacksgw01w,5,PHO,2,0.7857142857142857,2.9117647058823533,0,0.8,0.2857142857142857,1.0588235294117647,0.2857142857142857,1.0588235294117647,35,2.5,0.014686248331108143,0.008602150537634409,0.00796812749003984,0.0,0
jacksgw01w,5,SAS,1,1.2105263157894737,2.855172413793104,0,0.9166666666666666,0.5789473684210527,1.3655172413793104,0.5789473684210527,1.3655172413793104,71,3.736842105263158,0.03656597774244833,0.021400778210116732,0.022267206477732792,0.0,0
jacksgw01w,6,PHO,0,1.0909090909090908,3.5702479338842976,0,0.2727272727272727,0.9090909090909091,2.975206611570248,0.2727272727272727,0.8925619834710744,29,2.6363636363636362,0.017191977077363897,0.019305019305019305,0.005454545454545455,0.0,0
jacksla01w,2,SEA,0,3.3448275862068964,3.488511488511488,3,0.8148148148148148,1.8275862068965518,1.906093906093906,1.5172413793103448,1.5824175824175826,355,12.241379310344827,0.16006600660066006,0.12268518518518519,0.10653753026634383,0.42857142857142855,0
jacksla01w,3,SEA,0,3.392857142857143,3.8775510204081636,1,0.8541666666666666,1.6785714285714286,1.9183673469387754,1.4642857142857142,1.673469387755102,342,12.214285714285714,0.15224358974358973,0.09832635983263599,0.07961165048543689,0.16666666666666666,0
jacksla01w,4,SEA,0,3.212121212121212,3.4409377817853923,1,0.8857142857142857,2.090909090909091,2.2398557258791705,1.878787878787879,2.012623985572588,471,14.272727272727273,0.16434108527131783,0.148068669527897,0.11293260473588343,0.1111111111111111,0
jacksla01w,5,SEA,0,3.0,3.1289719626168226,0,0.75,2.161290322580645,2.2542056074766355,1.6451612903225807,1.7158878504672899,351,11.32258064516129,0.13963963963963963,0.134,0.0922242314647378,0.0,0
jacksla01w,6,SEA,0,2.9411764705882355,3.061224489795918,2,0.95,1.7352941176470589,1.806122448979592,1.6764705882352942,1.7448979591836733,473,13.911764705882353,0.1519756838905775,0.11411992263056092,0.10940499040307101,0.18181818181818182,0
jacksla01w,7,SEA,0,3.0,3.8207547169811322,1,1.170731707317073,1.3333333333333333,1.6981132075471699,1.6,2.0377358490566038,353,11.766666666666667,0.13177159590043924,0.07005253940455342,0.09320388349514563,0.16666666666666666,0
jacksla01w,8,SEA,0,3.0,3.2823529411764705,1,0.7017543859649122,1.8064516129032258,1.9764705882352942,1.2903225806451613,1.4117647058823528,434,14.0,0.1497584541062802,0.10486891385767791,0.0749063670411985,0.5,0
jacksla01w,9,SEA,0,3.1904761904761907,3.4755043227665707,0,0.6341463414634146,1.9047619047619047,2.07492795389049,1.2380952380952381,1.3487031700288183,237,11.285714285714286,0.09781021897810219,0.07590132827324478,0.04896421845574388,0.0,0
jacksla01w,10,SEA,0,3.730769230769231,4.142348754448399,2,0.5,1.6538461538461537,1.8362989323843417,0.8461538461538461,0.9395017793594306,287,11.038461538461538,0.13642756680731363,0.07733812949640288,0.040968342644320296,0.18181818181818182,0
jacksta01w,1,HOU,0,2.1379310344827585,6.584070796460177,0,0.44,0.8275862068965517,2.5486725663716814,0.3793103448275862,1.168141592920354,93,3.206896551724138,0.11171171171171171,0.05442176870748299,0.022222222222222223,0.0,0
jacksta01w,2,HOU,0,1.65625,4.316742081447964,0,0.7,0.90625,2.3619909502262444,0.65625,1.7104072398190044,145,4.53125,0.10392156862745099,0.06636155606407322,0.04918032786885246,0.0,0
jacksta01w,3,HOU,0,1.4,3.6521739130434785,0,0.14285714285714285,1.2,3.1304347826086953,0.2,0.5217391304347826,20,4.0,0.014957264957264958,0.013157894736842105,0.0022172949002217295,0.0,0
jacksta02w,1,DET,0,1.7647058823529411,4.044943820224719,0,1.6363636363636365,1.2352941176470589,2.831460674157303,2.1176470588235294,4.853932584269662,83,4.882352941176471,0.042735042735042736,0.03954802259887006,0.07142857142857142,0.0,0
jacksta02w,2,POR,0,1.09375,2.535211267605634,0,1.0869565217391304,1.40625,3.2595573440643864,1.5625,3.6217303822937628,122,3.8125,0.055205047318611984,0.08982035928143713,0.11061946902654868,0.0,0
jacksta02w,3,POR,0,1.84375,3.0693641618497107,0,1.4615384615384615,2.0,3.329479768786127,2.96875,4.942196531791907,210,6.5625,0.09455128205128205,0.12955465587044535,0.1926977687626775,0.0,0
jacksta02w,4,PHO,0,1.8235294117647058,2.3298538622129437,0,1.896103896103896,2.235294117647059,2.8559498956158667,4.294117647058823,5.486430062630481,284,8.352941176470589,0.09323308270676692,0.15833333333333333,0.31601731601731603,0.0,0
jacksta02w,5,WAS,0,0.84,1.8666666666666667,0,1.5517241379310345,1.12,2.4888888888888885,1.8,4.0,103,4.12,0.03215926493108729,0.06588235294117648,0.09615384615384616,0.0,0
jacksta02w,6,WAS,0,0.625,2.7272727272727275,0,2.0,0.5,2.1818181818181817,1.25,5.454545454545455,21,2.625,0.0071633237822349575,0.009174311926605505,0.019305019305019305,0.0,0
jacksta02w,7,PHO,0,2.3333333333333335,4.666666666666666,0,1.4,1.3333333333333333,2.6666666666666665,2.3333333333333335,4.666666666666666,18,6.0,0.009433962264150943,0.009029345372460496,0.0109204368174727,0.0,0
jacksti02w,8,NYL,0,1.9411764705882353,5.012658227848101,0,0.38,1.4411764705882353,3.721518987341772,0.5588235294117647,1.4430379746835444,158,4.647058823529412,0.10662358642972536,0.0799347471451876,0.03792415169660679,0.0,0
jacksti02w,9,NYL,0,1.84,3.338709677419355,0,0.5306122448979592,1.92,3.4838709677419355,1.04,1.8870967741935485,201,8.04,0.0701219512195122,0.08759124087591241,0.04710144927536232,0.0,0
jacksti02w,10,NYL,0,1.6176470588235294,4.0,0,0.5454545454545454,1.2647058823529411,3.1272727272727274,0.7058823529411765,1.7454545454545454,174,5.117647058823529,0.08620689655172414,0.07904411764705882,0.04554079696394687,0.0,0
jacobam01w,5,MIN,0,1.125,3.3145780051150897,0,1.0217391304347827,1.40625,4.143222506393862,1.46875,4.327365728900256,96,3.0,0.05446293494704992,0.0732899022801303,0.08918406072106262,0.0,0
jacobam01w,6,MIN,0,1.0303030303030303,2.560669456066946,0,1.446808510638298,1.393939393939394,3.4644351464435146,2.0606060606060606,5.121338912133892,110,3.3333333333333335,0.0544,0.0856610800744879,0.12781954887218044,0.0,0
jacobam01w,7,MIN,0,2.088235294117647,2.9686411149825784,0,1.2637362637362637,2.6470588235294117,3.7630662020905925,3.3823529411764706,4.80836236933798,233,6.852941176470588,0.1083969465648855,0.1694915254237288,0.23373983739837398,0.0,0
jacobam01w,8,MIN,0,1.0689655172413792,3.402439024390244,0,0.9523809523809523,1.4137931034482758,4.5,1.3793103448275863,4.390243902439025,69,2.3793103448275863,0.04341736694677871,0.07295373665480427,0.06700167504187604,0.0,0
jacobam01w,9,LAS,2,1.4,4.131147540983607,0,0.6666666666666666,1.6,4.721311475409836,1.2,3.540983606557377,8,1.6,0.00980392156862745,0.013136288998357963,0.009771986970684038,0.0,0
jacobam01w,9,WAS,1,1.1666666666666667,3.073170731707317,0,1.2222222222222223,1.3333333333333333,3.5121951219512195,1.8333333333333333,4.829268292682928,21,3.5,0.009234828496042216,0.012539184952978056,0.022727272727272728,0.0,0
jamesta01w,7,WAS,0,0.6190476190476191,2.9250000000000003,0,0.2727272727272727,0.47619047619047616,2.25,0.14285714285714285,0.6749999999999999,25,1.1904761904761905,0.016560509554140127,0.01845018450184502,0.005199306759098787,0.0,0
jamesta01w,8,WAS,0,1.3870967741935485,3.8603491271820447,0,1.1724137931034482,0.9032258064516129,2.5137157107231918,1.096774193548387,3.0523690773067336,112,3.6129032258064515,0.056282722513089,0.04895104895104895,0.07188160676532769,0.0,0
januabr01w,10,IND,0,2.3636363636363638,4.111273792093704,1,1.3275862068965518,1.7272727272727273,3.004392386530015,2.3333333333333335,4.058565153733529,179,5.424242424242424,0.11255411255411256,0.10714285714285714,0.14583333333333334,0.14285714285714285,0
jekaban01w,10,CON,0,2.259259259259259,3.409937888198758,1,1.2040816326530612,1.7777777777777777,2.6832298136645965,2.185185185185185,3.298136645962733,146,5.407407407407407,0.08997050147492626,0.10572687224669604,0.09688013136288999,0.14285714285714285,0
joensca01w,8,CHI,0,0.9473684210526315,2.3911439114391144,0,2.2857142857142856,0.6842105263157895,1.7269372693726939,1.6842105263157894,4.250922509225092,83,4.368421052631579,0.028346456692913385,0.025440313111545987,0.05351170568561873,0.0,0
joensca01w,9,CHI,0,1.0,3.441176470588235,0,0.5833333333333334,0.8846153846153846,3.044117647058824,0.5384615384615384,1.852941176470588,56,2.1538461538461537,0.040625,0.043726235741444866,0.025500910746812388,0.0,0
johnsad01w,1,ORL,0,1.84375,1.930909090909091,1,0.9473684210526315,1.75,1.8327272727272728,1.6875,1.767272727272727,171,5.34375,0.10102739726027397,0.11498973305954825,0.11392405063291139,0.16666666666666666,0
johnsad01w,3,ORL,0,1.25,2.39202657807309,0,0.8148148148148148,0.8125,1.5548172757475083,0.6875,1.3156146179401995,85,2.65625,0.05970149253731343,0.05689277899343545,0.049217002237136466,0.0,0
johnsad01w,4,CON,0,1.0588235294117647,2.219178082191781,0,0.8181818181818182,0.6176470588235294,1.2945205479452053,0.5294117647058824,1.1095890410958904,94,2.764705882352941,0.05421686746987952,0.04827586206896552,0.0345489443378119,0.0,0
johnsch01w,4,LAS,0,0.75,4.8,0,0.6,0.5,3.2,0.375,2.4,10,1.25,0.008784773060029283,0.008492569002123142,0.00510204081632653,0.0,0
johnsja01w,2,ORL,0,1.2352941176470589,5.438848920863309,0,0.5,1.0,4.402877697841727,0.5294117647058824,2.3309352517985613,39,2.2941176470588234,0.03260869565217391,0.03189493433395872,0.019867549668874173,0.0,0
johnsla01w,1,UTA,0,2.2413793103448274,4.864864864864865,0,0.7428571428571429,1.1724137931034482,2.544698544698545,0.896551724137931,1.945945945945946,92,3.1724137931034484,0.09298998569384835,0.062385321100917435,0.0497131931166348,0.0,0
johnsla01w,2,UTA,0,1.0,4.105263157894736,0,0.5,0.5,2.052631578947368,0.2692307692307692,1.1052631578947367,29,1.1153846153846154,0.04173354735152488,0.02631578947368421,0.013333333333333334,0.0,0
johnsla01w,3,UTA,0,1.2857142857142858,4.817843866171003,1,0.625,0.5357142857142857,2.007434944237918,0.35714285714285715,1.338289962825279,38,1.3571428571428572,0.05405405405405406,0.028680688336520075,0.020876826722338204,0.125,0
johnsla01w,4,SAS,0,1.0,4.0,0,0.6,0.45161290322580644,1.806451612903226,0.2903225806451613,1.161290322580645,38,1.2258064516129032,0.04252400548696845,0.027237354085603113,0.02097902097902098,0.0,0
johnsla01w,5,HOU,0,0.5,3.0,0,0.3333333333333333,0.3333333333333333,2.0,0.16666666666666666,1.0,4,0.6666666666666666,0.00539568345323741,0.004123711340206186,0.0022123893805309734,0.0,0
johnsni01w,1,CHA,0,0.5,1.3846153846153846,0,1.1,1.5,4.153846153846154,1.8333333333333333,5.076923076923077,19,3.1666666666666665,0.004201680672268907,0.018108651911468814,0.019927536231884056,0.0,0
johnspo01w,1,CLE,0,0.75,5.684210526315789,0,0.2222222222222222,0.6666666666666666,5.052631578947368,0.16666666666666666,1.263157894736842,17,1.4166666666666667,0.013888888888888888,0.014842300556586271,0.003703703703703704,0.0,0
johnspo01w,2,CLE,0,0.6666666666666666,3.630252100840336,0,0.36363636363636365,0.5555555555555556,3.025210084033614,0.2222222222222222,1.2100840336134453,37,2.0555555555555554,0.0225140712945591,0.02247191011235955,0.007936507936507936,0.0,0
johnspo01w,3,MIA,0,2.4193548387096775,3.370786516853933,0,0.5925925925925926,1.7096774193548387,2.382022471910112,1.032258064516129,1.4382022471910112,214,6.903225806451613,0.11645962732919254,0.12155963302752294,0.06708595387840671,0.0,0
johnspo01w,4,CLE,0,1.1666666666666667,3.028846153846154,0,0.95,0.6333333333333333,1.6442307692307692,0.6333333333333333,1.6442307692307692,123,4.1,0.0546875,0.04068522483940043,0.03667953667953668,0.0,0
johnspo01w,5,HOU,0,1.105263157894737,4.8152866242038215,0,0.1111111111111111,0.42105263157894735,1.8343949044585988,0.05263157894736842,0.22929936305732485,37,1.9473684210526316,0.03776978417266187,0.016494845360824743,0.0022123893805309734,0.0,0
johnssh01w,1,ORL,0,2.59375,2.653641207815275,0,1.6407766990291262,3.1875,3.2611012433392537,5.28125,5.403197158081705,389,12.15625,0.1421232876712329,0.20944558521560575,0.35654008438818563,0.0,0
johnssh01w,2,ORL,0,2.5384615384615383,3.0267515923566877,0,1.2363636363636363,2.076923076923077,2.476433121019108,2.6153846153846154,3.1184713375796176,185,7.115384615384615,0.10248447204968944,0.10131332082551595,0.15011037527593818,0.0,0
johnssh01w,3,ORL,0,2.5161290322580645,2.5297297297297296,1,1.6464646464646464,3.161290322580645,3.1783783783783783,5.258064516129032,5.286486486486487,350,11.290322580645162,0.11641791044776119,0.21444201312910285,0.36465324384787473,0.16666666666666666,0
johnssh01w,4,CON,0,2.264705882352941,2.5040650406504064,0,1.8148148148148149,3.1470588235294117,3.4796747967479678,5.764705882352941,6.373983739837398,377,11.088235294117647,0.11596385542168675,0.24597701149425288,0.3761996161228407,0.0,0
johnssh01w,5,SAS,0,2.225806451612903,2.6037735849056602,2,1.36,3.193548387096774,3.7358490566037736,4.387096774193548,5.132075471698113,270,8.709677419354838,0.10969793322734499,0.1926070038910506,0.27530364372469635,0.3333333333333333,0
johnssh01w,6,SAS,0,2.2941176470588234,2.543478260869565,1,1.3859649122807018,3.323529411764706,3.684782608695652,4.647058823529412,5.1521739130434785,300,8.823529411764707,0.11981566820276497,0.21082089552238806,0.3640552995391705,0.125,0
johnssh01w,7,SAS,0,2.4375,3.212814645308925,0,1.5394736842105263,2.34375,3.0892448512585813,3.65625,4.819221967963387,277,8.65625,0.1276595744680851,0.15337423312883436,0.21626617375231053,0.0,0
johnssh01w,8,DET,0,2.0606060606060606,4.379248658318426,0,1.3658536585365855,1.2121212121212122,2.5760286225402504,1.696969696969697,3.6064400715563507,139,4.212121212121212,0.09672830725462304,0.07079646017699115,0.09929078014184398,0.0,0
johnssh01w,9,HOU,0,2.5454545454545454,2.9822485207100593,0,2.1265822784810124,2.3636363636363638,2.769230769230769,5.090909090909091,5.964497041420119,336,10.181818181818182,0.11522633744855967,0.13,0.3016157989228007,0.0,0
johnssh01w,10,SEA,0,1.6470588235294117,3.2621359223300974,0,0.9811320754716981,1.5294117647058822,3.029126213592233,1.5294117647058822,3.029126213592233,148,4.352941176470588,0.07876230661040788,0.09352517985611511,0.09683426443202979,0.0,0
johnste01w,6,WAS,0,2.911764705882353,3.6628982528263103,2,1.9887640449438202,2.588235294117647,3.2559095580678314,5.205882352941177,6.548818088386433,326,9.588235294117647,0.14183381088825214,0.2018348623853211,0.3416988416988417,0.25,0
johnste01w,7,LAS,0,1.78125,2.539603960396039,0,2.267605633802817,2.1875,3.1188118811881185,5.03125,7.173267326732674,306,9.5625,0.0838235294117647,0.1308411214953271,0.2635024549918167,0.0,0
johnste01w,8,LAS,0,1.5454545454545454,2.970873786407767,0,0.9375,2.8181818181818183,5.417475728155339,2.727272727272727,5.242718446601941,68,6.181818181818182,0.023192360163710776,0.05419580419580419,0.05405405405405406,0.0,0
johnste01w,9,LAS,0,1.6521739130434783,3.480916030534351,0,1.868421052631579,1.608695652173913,3.3893129770992365,3.0869565217391304,6.5038167938931295,140,6.086956521739131,0.05322128851540616,0.060755336617405585,0.11563517915309446,0.0,0
johnste01w,10,PHO,0,2.323529411764706,3.1564927857935627,1,2.038961038961039,2.235294117647059,3.0366259711431742,4.617647058823529,6.273029966703663,310,9.117647058823529,0.10661268556005399,0.15169660678642716,0.2507987220447284,0.14285714285714285,0
johnsti01w,1,HOU,0,2.774193548387097,4.506550218340611,1,0.5555555555555556,0.5483870967741935,0.8908296943231441,0.3225806451612903,0.5240174672489083,183,5.903225806451613,0.15495495495495495,0.03854875283446712,0.020202020202020204,0.3333333333333333,0
johnsti01w,2,HOU,0,2.09375,3.5892857142857144,0,0.5116279069767442,1.3125,2.25,0.6875,1.1785714285714286,187,5.84375,0.13137254901960785,0.09610983981693363,0.05152224824355972,0.0,0
johnsti01w,3,HOU,0,2.09375,2.9595092024539875,0,1.0,1.1875,1.6785276073619633,1.21875,1.7226993865030675,253,7.90625,0.14316239316239315,0.08333333333333333,0.08647450110864745,0.0,0
johnsti01w,4,HOU,0,1.5,3.309192200557103,0,0.6190476190476191,0.9090909090909091,2.0055710306406684,0.5909090909090909,1.3036211699164346,86,3.909090909090909,0.06720977596741344,0.04434589800443459,0.027896995708154508,0.0,0
johnsti01w,5,HOU,0,2.1818181818181817,3.9272727272727272,1,0.84375,0.9393939393939394,1.690909090909091,0.8181818181818182,1.4727272727272727,175,5.303030303030303,0.12949640287769784,0.06391752577319587,0.059734513274336286,0.3333333333333333,0
johnsti01w,7,SEA,0,2.0625,3.695178849144635,0,0.53125,0.96875,1.7356143079315707,0.53125,0.9517884914463453,168,5.25,0.09663250366032211,0.0542907180385289,0.03300970873786408,0.0,0
johnsvi01w,1,NYL,0,1.5483870967741935,1.689149560117302,0,1.3275862068965518,1.8387096774193548,2.005865102639296,2.4838709677419355,2.709677419354839,241,7.774193548387097,0.07766990291262135,0.12,0.16108786610878661,0.0,0
johnsvi01w,2,NYL,0,1.9375,2.3769968051118213,1,1.6415094339622642,1.625,1.9936102236421724,2.71875,3.3354632587859423,233,7.28125,0.10048622366288493,0.1187214611872146,0.15703971119133575,0.14285714285714285,0
johnsvi01w,3,NYL,0,1.935483870967742,2.1011673151750974,0,1.8695652173913044,1.4516129032258065,1.575875486381323,2.774193548387097,3.0116731517509727,226,7.290322580645161,0.09389671361502347,0.09803921568627451,0.17303822937625754,0.0,0
johnsvi01w,4,NYL,0,2.03125,2.2456813819577732,0,1.3392857142857142,1.71875,1.9001919385796546,2.34375,2.5911708253358925,206,6.4375,0.11054421768707483,0.11677282377919321,0.14204545454545456,0.0,0
johnsvi01w,5,NYL,0,2.2058823529411766,2.412868632707775,0,1.7222222222222223,2.088235294117647,2.284182305630027,3.6470588235294117,3.9892761394101877,274,8.058823529411764,0.12755102040816327,0.14003944773175542,0.22962962962962963,0.0,0
johnsvi01w,6,NYL,0,1.6470588235294117,1.970674486803519,0,2.0444444444444443,1.2941176470588236,1.5483870967741937,2.7058823529411766,3.237536656891496,235,6.911764705882353,0.09120521172638436,0.09503239740820735,0.1843687374749499,0.0,0
johnsvi01w,7,SAS,0,1.7941176470588236,2.187250996015936,0,2.033333333333333,1.7352941176470589,2.1155378486055776,3.588235294117647,4.374501992031872,320,9.411764705882353,0.09983633387888707,0.12065439672801637,0.2255083179297597,0.0,0
johnsvi01w,8,SAS,0,1.5333333333333334,1.943661971830986,0,2.810810810810811,1.2,1.5211267605633803,3.466666666666667,4.394366197183099,290,9.666666666666666,0.07033639143730887,0.06440071556350627,0.18309859154929578,0.0,0
johnsvi01w,9,SAS,0,1.3125,1.695067264573991,0,2.3,1.53125,1.9775784753363228,3.59375,4.641255605381167,315,9.84375,0.06965174129353234,0.09315589353612168,0.19102990033222592,0.0,1
johnsvi01w,10,SAS,0,1.25,1.9538670284938942,0,1.925,1.21875,1.9050203527815468,2.40625,3.761194029850746,205,6.40625,0.06700167504187604,0.07647058823529412,0.1285475792988314,0.0,0
jonesas01w,3,WAS,0,2.75,5.1764705882352935,2,0.7,1.21875,2.2941176470588234,0.875,1.6470588235294117,147,4.59375,0.1506849315068493,0.08552631578947369,0.05415860735009671,0.5,0
jonesas01w,4,WAS,0,3.2058823529411766,5.245989304812834,1,0.8125,1.8529411764705883,3.0320855614973263,1.5294117647058822,2.502673796791444,228,6.705882352941177,0.16100443131462333,0.13606911447084233,0.0913884007029877,0.16666666666666666,0
jonesas01w,5,CON,0,2.411764705882353,4.223175965665236,0,0.7222222222222222,1.5588235294117647,2.7296137339055795,1.1470588235294117,2.0085836909871246,195,5.735294117647059,0.1342062193126023,0.11447084233261338,0.06806282722513089,0.0,0
jonesas01w,6,CON,0,2.121212121212121,3.5744680851063833,0,0.7692307692307693,1.5454545454545454,2.604255319148936,1.2121212121212122,2.0425531914893615,178,5.393939393939394,0.112,0.11258278145695365,0.06968641114982578,0.0,0
jonesas01w,7,CON,0,2.176470588235294,3.4285714285714284,0,0.7540983606557377,1.7647058823529411,2.7799227799227797,1.3529411764705883,2.1312741312741315,272,8.0,0.1393596986817326,0.11650485436893204,0.07290015847860538,0.0,0
jonesas01w,8,CON,0,3.0,3.4394904458598727,1,0.8152173913043478,3.033333333333333,3.477707006369427,2.5,2.8662420382165603,306,10.2,0.14018691588785046,0.16820702402957485,0.12096774193548387,0.2,0
jonesas01w,9,CON,0,2.5757575757575757,3.177570093457944,2,1.08,2.242424242424242,2.766355140186916,2.4545454545454546,3.02803738317757,328,9.93939393939394,0.1349206349206349,0.15163934426229508,0.13322368421052633,0.5,0
jonesas01w,10,CON,0,3.4347826086956523,3.911966987620358,1,1.12,2.130434782608696,2.4264099037138926,2.4347826086956523,2.7730398899587345,225,9.782608695652174,0.11651917404129794,0.10792951541850221,0.09195402298850575,0.14285714285714285,0
jonesch01w,5,DET,0,1.3225806451612903,3.717884130982368,0,1.0975609756097562,1.2903225806451613,3.6272040302267006,1.4516129032258065,4.080604534005038,102,3.2903225806451615,0.06317411402157165,0.07782101167315175,0.07964601769911504,0.0,0
jonesch01w,6,DET,1,2.0,4.595744680851063,0,0.9583333333333334,1.0952380952380953,2.5167173252279635,1.0952380952380953,2.5167173252279635,69,3.2857142857142856,0.05511811023622047,0.04020979020979021,0.04842105263157895,0.0,0
jonesch01w,6,MIN,2,2.6,3.3309608540925266,0,1.6666666666666667,1.7,2.1779359430604983,3.0,3.8434163701067616,79,7.9,0.0416,0.03165735567970205,0.05639097744360902,0.0,0
jonesch01w,7,MIN,0,0.5,2.8421052631578947,0,1.0,0.3333333333333333,1.894736842105263,0.5,2.8421052631578947,9,1.5,0.004580152671755725,0.003766478342749529,0.006097560975609756,0.0,0
jonesja01w,1,MIA,0,1.9047619047619047,6.180257510729613,0,0.38461538461538464,1.1904761904761905,3.8626609442060085,0.47619047619047616,1.5450643776824033,40,1.9047619047619047,0.05649717514124294,0.047619047619047616,0.02403846153846154,0.0,0
jonesla01w,1,CHA,0,0.5555555555555556,3.333333333333333,0,0.4,0.4444444444444444,2.6666666666666665,0.2222222222222222,1.3333333333333333,8,0.8888888888888888,0.0070028011204481795,0.008048289738430584,0.0036231884057971015,0.0,0
jonesme01w,1,CLE,0,2.6875,3.2658227848101267,2,1.0327868852459017,1.875,2.278481012658228,1.96875,2.392405063291139,233,7.28125,0.13271604938271606,0.11131725417439703,0.11666666666666667,0.25,0
jonesme01w,2,CLE,0,1.9666666666666666,2.128256513026052,0,0.8333333333333334,1.7666666666666666,1.911823647294589,1.5,1.623246492985972,242,8.066666666666666,0.11069418386491557,0.11910112359550562,0.08928571428571429,0.0,0
jonesme01w,3,CLE,0,1.875,1.9744058500914077,0,1.2857142857142858,1.71875,1.809872029250457,2.25,2.369287020109689,296,9.25,0.1056338028169014,0.12168141592920353,0.1496881496881497,0.0,0
jonesme01w,4,CLE,0,1.7352941176470589,3.1607142857142856,0,1.1891891891891893,1.0588235294117647,1.9285714285714284,1.2941176470588236,2.357142857142857,166,4.882352941176471,0.0921875,0.07708779443254818,0.08494208494208494,0.0,0
jonesme01w,5,DET,0,1.2424242424242424,2.854932301740812,0,0.7777777777777778,0.7878787878787878,1.8104448742746615,0.6363636363636364,1.4622823984526112,111,3.3636363636363638,0.06317411402157165,0.05058365758754864,0.03716814159292035,0.0,0
kellycr01w,9,SAC,0,1.8484848484848484,3.985480943738657,0,0.35714285714285715,1.2424242424242424,2.678765880217786,0.45454545454545453,0.9800362976406534,147,4.454545454545454,0.08827785817655572,0.06984667802385008,0.03164556962025317,0.0,0
kellycr01w,10,DET,2,1.4545454545454546,6.857142857142857,0,0.3333333333333333,1.0,4.714285714285714,0.36363636363636365,1.7142857142857142,23,2.090909090909091,0.020860495436766623,0.02010968921389397,0.006944444444444444,0.0,0
kellycr01w,10,SAC,1,1.7391304347826086,5.088339222614842,0,0.34782608695652173,0.9565217391304348,2.7985865724381624,0.34782608695652173,1.017667844522968,56,2.4347826086956523,0.06191950464396285,0.037606837606837605,0.014787430683918669,0.0,0
kingbsu01w,6,MIN,0,0.6666666666666666,4.235294117647059,0,1.0,0.0,0.0,0.3333333333333333,2.1176470588235294,3,1.0,0.0032,0.0,0.0018796992481203006,0.0,0
kingija01w,2,DET,0,1.4482758620689655,2.4192,0,1.3703703703703705,1.8275862068965518,3.0528,2.5517241379310347,4.2624,176,6.068965517241379,0.06965174129353234,0.1062124248496994,0.1574468085106383,0.0,0
kingija01w,5,DET,1,0.2,2.4,0,0.3333333333333333,0.4,4.8,0.2,2.4,2,0.4,0.0015408320493066256,0.0038910505836575876,0.0017699115044247787,0.0,0
kingija01w,5,PHO,2,0.7692307692307693,2.8125,0,1.5,0.5384615384615384,1.96875,0.9230769230769231,3.375,32,2.4615384615384617,0.01335113484646195,0.015053763440860216,0.02390438247011952,0.0,0
kingija01w,7,SAS,0,0.4444444444444444,2.5043478260869567,0,1.8333333333333333,0.2777777777777778,1.5652173913043477,0.6111111111111112,3.4434782608695653,27,1.5,0.01309328968903437,0.010224948875255624,0.02033271719038817,0.0,0
klimezu01w,3,IND,0,0.18181818181818182,1.846153846153846,0,0.6666666666666666,0.18181818181818182,1.846153846153846,0.18181818181818182,1.846153846153846,9,0.8181818181818182,0.0035714285714285713,0.004555808656036446,0.004464285714285714,0.0,0
klimezu01w,4,IND,0,1.0,12.0,0,0.0,0.0,0.0,0.0,0.0,0,0.0,0.0014947683109118087,0.0,0.0,0.0,0
koehnla01w,6,WAS,0,0.5,2.3478260869565215,0,1.4285714285714286,0.2,0.9391304347826086,0.3333333333333333,1.5652173913043477,23,0.7666666666666667,0.02148997134670487,0.013761467889908258,0.019305019305019305,0.0,0
koehnla01w,7,WAS,0,0.5,3.5776397515527947,0,1.3333333333333333,0.15625,1.1180124223602483,0.25,1.7888198757763973,24,0.75,0.02038216560509554,0.00922509225092251,0.01386481802426343,0.0,0
koehnla01w,8,WAS,0,0.2857142857142857,2.6422018348623855,0,1.25,0.10714285714285714,0.9908256880733946,0.17857142857142858,1.651376146788991,13,0.4642857142857143,0.010471204188481676,0.005244755244755245,0.010570824524312896,0.0,0
koehnla01w,9,WAS,0,0.3,2.25,0,0.2727272727272727,0.3333333333333333,2.5,0.1,0.75,14,0.4666666666666667,0.011873350923482849,0.01567398119122257,0.006198347107438017,0.0,0
korstil01w,2,PHO,0,0.3333333333333333,1.9200000000000002,0,0.5,0.75,4.32,0.4166666666666667,2.4,19,1.5833333333333333,0.006389776357827476,0.01730769230769231,0.009708737864077669,0.0,0
kostaan01w,7,HOU,0,1.28125,5.548872180451127,0,0.4418604651162791,1.3125,5.684210526315789,0.59375,2.571428571428571,51,1.59375,0.06634304207119741,0.07407407407407407,0.03564727954971857,0.0,0
kostita01w,1,MIA,0,1.2,4.695652173913043,0,0.5,1.4,5.478260869565218,0.8,3.1304347826086953,11,2.2,0.00847457627118644,0.013333333333333334,0.009615384615384616,0.0,0
kraayca01w,6,NYL,0,1.2352941176470589,3.8571428571428568,0,0.2777777777777778,1.0,3.122448979591837,0.29411764705882354,0.9183673469387755,44,2.588235294117647,0.03420195439739414,0.0367170626349892,0.01002004008016032,0.0,0
kraayca01w,7,NYL,0,2.088235294117647,2.830564784053156,0,0.5079365079365079,1.8235294117647058,2.471760797342193,0.9411764705882353,1.2757475083056478,221,6.5,0.10518518518518519,0.10745233968804159,0.06722689075630252,0.0,0
kraayca01w,8,NYL,0,2.4705882352941178,3.127197518097208,0,0.6,2.4705882352941178,3.127197518097208,1.5,1.8986556359875906,257,7.5588235294117645,0.13570274636510501,0.1370309951060359,0.10179640718562874,0.0,0
kraayca01w,9,NYL,0,2.7941176470588234,3.558792924037461,2,0.875,1.6176470588235294,2.060353798126951,1.4411764705882353,1.8355879292403747,312,9.176470588235293,0.1448170731707317,0.10036496350364964,0.08876811594202899,0.4,0
kraayca01w,10,NYL,0,2.235294117647059,3.081081081081081,0,0.47761194029850745,1.9411764705882353,2.675675675675676,0.9411764705882353,1.2972972972972974,222,6.529411764705882,0.11912225705329153,0.1213235294117647,0.06072106261859583,0.0,0
kubikni01w,1,PHO,0,1.0,7.578947368421052,0,0.5,0.75,5.684210526315789,0.5,3.789473684210526,4,1.0,0.006339144215530904,0.0069767441860465115,0.004291845493562232,0.0,0
kubikni01w,2,PHO,0,2.3333333333333335,12.0,0,1.25,1.0,5.142857142857142,1.6666666666666667,8.571428571428571,11,3.6666666666666665,0.011182108626198083,0.0057692307692307696,0.009708737864077669,0.0,0
lacyje01w,7,PHO,0,3.090909090909091,7.285714285714286,1,0.30434782608695654,1.3636363636363635,3.2142857142857144,0.42424242424242425,1.0,140,4.242424242424242,0.13746630727762804,0.10158013544018059,0.0218408736349454,0.1,0
lacyje01w,8,PHO,0,1.3,9.957446808510639,0,0.18181818181818182,0.5,3.8297872340425534,0.1,0.7659574468085106,24,1.2,0.03945371775417299,0.02053388090349076,0.0029239766081871343,0.0,0
lacyje01w,9,ATL,0,2.9393939393939394,5.771900826446281,1,0.7105263157894737,1.121212121212121,2.2016528925619836,0.8181818181818182,1.6066115702479338,140,4.242424242424242,0.12170639899623588,0.06228956228956229,0.05476673427991886,0.125,0
lacyje01w,10,ATL,0,1.78125,5.668508287292817,0,0.36,0.75,2.386740331491713,0.28125,0.8950276243093922,95,2.96875,0.07681940700808626,0.04060913705583756,0.016423357664233577,0.0,0
lacyve01w,1,NYL,0,0.0,0.0,0,0.0,1.0,4.0,0.0,0.0,5,2.5,0.0,0.004210526315789474,0.0,0.0,0
lambesh01w,3,CHA,0,0.3333333333333333,2.25,0,1.0,0.6666666666666666,4.5,1.0,6.75,7,2.3333333333333335,0.0015432098765432098,0.004889975550122249,0.006036217303822937,0.0,0
lambesh01w,4,DET,0,0.5555555555555556,2.8877005347593583,0,0.4666666666666667,1.0740740740740742,5.5828877005347595,0.5185185185185185,2.6951871657754007,47,1.7407407407407407,0.024752475247524754,0.047619047619047616,0.02564102564102564,0.0,0
lambesh01w,5,HOU,0,1.3529411764705883,2.1015228426395938,0,1.0602409638554218,2.411764705882353,3.7461928934010156,2.588235294117647,4.020304568527919,186,5.470588235294118,0.08273381294964029,0.16907216494845362,0.19469026548672566,0.0,0
lambesh01w,6,DET,0,0.9166666666666666,2.605263157894737,0,0.84,2.0,5.684210526315789,1.75,4.973684210526316,47,3.9166666666666665,0.014435695538057743,0.04195804195804196,0.04421052631578947,0.0,0
lambmo01w,1,HOU,0,1.7692307692307692,5.914285714285715,0,0.6,0.3076923076923077,1.0285714285714285,0.23076923076923078,0.7714285714285715,35,2.6923076923076925,0.04144144144144144,0.009070294784580499,0.006060606060606061,0.0,0
langhcr01w,9,WAS,0,1.588235294117647,3.674858223062382,1,0.40540540540540543,1.0588235294117647,2.4499054820415878,0.4411764705882353,1.0207939508506616,172,5.0588235294117645,0.0712401055408971,0.05642633228840126,0.030991735537190084,0.1111111111111111,0
langhcr01w,10,WAS,0,2.176470588235294,2.629812438302073,0,0.37662337662337664,2.235294117647059,2.7008884501480748,0.8529411764705882,1.0306021717670286,344,10.117647058823529,0.10192837465564739,0.125,0.06387665198237885,0.0,0
larkier01w,9,NYL,0,2.0,5.802985074626866,0,0.5,1.2962962962962963,3.761194029850746,0.6666666666666666,1.9343283582089552,108,4.0,0.08231707317073171,0.06386861313868614,0.03260869565217391,0.0,0
larkier01w,10,NYL,0,1.0555555555555556,4.992700729927007,0,0.47058823529411764,0.8888888888888888,4.204379562043796,0.4444444444444444,2.102189781021898,52,2.888888888888889,0.029780564263322883,0.029411764705882353,0.015180265654648957,0.0,0
lassiam01w,2,HOU,0,2.0625,3.8760195758564437,0,0.9444444444444444,1.09375,2.0554649265905383,1.0625,1.9967373572593803,181,5.65625,0.12941176470588237,0.08009153318077804,0.07962529274004684,0.0,0
lassiam01w,3,HOU,1,0.6666666666666666,3.1304347826086953,0,0.6666666666666666,0.3333333333333333,1.5652173913043477,0.3333333333333333,1.5652173913043477,12,2.0,0.008547008547008548,0.0043859649122807015,0.004434589800443459,0.0,0
lassiam01w,3,SEA,2,2.4166666666666665,3.768953068592058,1,1.1,2.0416666666666665,3.184115523465704,2.2916666666666665,3.574007220216606,164,6.833333333333333,0.09294871794871795,0.10251046025104603,0.10679611650485436,0.16666666666666666,0
lassiam01w,4,SEA,0,2.875,4.518417462482947,2,0.9767441860465116,1.3125,2.062755798090041,1.3125,2.062755798090041,207,6.46875,0.14263565891472868,0.09012875536480687,0.07650273224043716,0.2222222222222222,0
lassiam01w,5,MIN,0,2.242424242424242,4.731793960923624,0,0.9024390243902439,1.2121212121212122,2.5577264653641207,1.121212121212121,2.365896980461812,160,4.848484848484849,0.11195158850226929,0.06514657980456026,0.07020872865275142,0.0,0
lassiam01w,6,MIN,0,1.7741935483870968,5.103092783505154,0,0.7666666666666667,0.9354838709677419,2.690721649484536,0.7419354838709677,2.134020618556701,87,2.806451612903226,0.088,0.054003724394785846,0.043233082706766915,0.0,0
lassiam01w,7,CHI,0,2.78125,4.118251928020566,3,1.1206896551724137,1.78125,2.6375321336760926,2.03125,3.007712082262211,212,6.625,0.13185185185185186,0.10795454545454546,0.12745098039215685,0.6,0
lattaiv01w,8,DET,0,0.7741935483870968,3.9095022624434392,0,1.1764705882352942,0.5161290322580645,2.6063348416289593,0.6451612903225806,3.257918552036199,49,1.5806451612903225,0.034139402560455195,0.02831858407079646,0.03546099290780142,0.0,0
lattaiv01w,9,ATL,0,2.4411764705882355,3.1125,0,1.9838709677419355,1.7941176470588236,2.2874999999999996,3.6176470588235294,4.6125,241,7.088235294117647,0.10414052697616061,0.1026936026936027,0.24949290060851928,0.0,0
lattaiv01w,10,ATL,0,1.3333333333333333,3.2914285714285714,0,1.2592592592592593,1.0833333333333333,2.6742857142857144,1.4166666666666667,3.4971428571428573,64,2.6666666666666665,0.0431266846361186,0.043993231810490696,0.06204379562043796,0.0,0
lawsoed01w,6,HOU,2,0.29411764705882354,1.5789473684210527,0,0.3076923076923077,0.7058823529411765,3.789473684210526,0.23529411764705882,1.263157894736842,14,0.8235294117647058,0.00859106529209622,0.028169014084507043,0.008547008547008548,0.0,0
lawsoed01w,6,NYL,1,1.0,6.0,0,0.0,0.0,0.0,0.0,0.0,2,1.0,0.003257328990228013,0.0,0.0,0.0,0
lawsoed01w,7,SEA,0,0.7692307692307693,3.444976076555024,0,1.45,0.7307692307692307,3.272727272727273,1.1153846153846154,4.9952153110047846,66,2.5384615384615383,0.029282576866764276,0.03327495621716287,0.05631067961165048,0.0,0
lawsoed01w,9,SAS,0,0.9666666666666667,3.7285714285714286,0,1.0,0.8333333333333334,3.2142857142857144,0.8666666666666667,3.342857142857143,69,2.3,0.04809286898839138,0.04752851711026616,0.04318936877076412,0.0,0
lawsoed01w,10,SAS,0,1.606060606060606,3.272727272727273,0,2.466666666666667,0.8787878787878788,1.7907375643224699,2.242424242424242,4.569468267581475,170,5.151515151515151,0.08877721943048576,0.056862745098039215,0.12353923205342238,0.0,0
lawsoka01w,4,SAC,0,1.3235294117647058,2.106631989596879,0,1.302325581395349,1.2352941176470589,1.9661898569570873,1.6470588235294117,2.6215864759427827,183,5.382352941176471,0.07009345794392523,0.09090909090909091,0.0984182776801406,0.0,0
lawsoka01w,5,SAC,0,1.2058823529411764,1.784764207980653,0,1.2592592592592593,1.5588235294117647,2.3071342200725513,2.0,2.9600967351874243,174,5.117647058823529,0.06386292834890965,0.10905349794238683,0.13076923076923078,0.0,0
lawsoka01w,6,SAC,0,1.1666666666666667,1.984251968503937,0,1.608695652173913,0.9166666666666666,1.5590551181102361,1.5416666666666667,2.622047244094488,86,3.5833333333333335,0.040875912408759124,0.043912175648702596,0.07007575757575757,0.0,0
lawsoka01w,7,SAC,0,1.088235294117647,1.7783711615487316,0,1.2727272727272727,1.2647058823529411,2.0667556742323097,1.6470588235294117,2.691588785046729,145,4.264705882352941,0.05514157973174367,0.07918968692449356,0.10980392156862745,0.0,0
lawsoka01w,8,SAC,0,1.4411764705882353,2.2790697674418605,0,1.34,1.4411764705882353,2.2790697674418605,1.9705882352941178,3.1162790697674416,184,5.411764705882353,0.07620528771384137,0.08006535947712418,0.12453531598513011,0.0,0
lawsoka01w,9,SAC,0,1.28125,1.7804583835946923,0,1.3673469387755102,1.5,2.0844390832328106,2.09375,2.9095295536791315,179,5.59375,0.059334298118668596,0.0817717206132879,0.14135021097046413,0.0,0
lawsoka01w,10,SAC,0,0.96,1.4304635761589404,0,1.75,1.4,2.086092715231788,2.52,3.754966887417219,133,5.32,0.03715170278637771,0.05982905982905983,0.11645101663585952,0.0,1
lazicka01w,2,NYL,0,1.125,5.890909090909091,0,0.2727272727272727,1.25,6.545454545454546,0.375,1.9636363636363636,12,1.5,0.014586709886547812,0.0228310502283105,0.005415162454873646,0.0,0
lehnish01w,10,ATL,0,1.2941176470588236,2.2404526166902405,0,2.309090909090909,1.588235294117647,2.7496463932107496,3.735294117647059,6.466760961810468,227,6.676470588235294,0.05929919137466307,0.09137055837563451,0.23175182481751824,0.0,0
lennobe01w,1,MIN,0,3.5,4.097560975609756,4,0.8367346938775511,3.03125,3.548780487804878,2.5625,3.0,322,10.0625,0.16208393632416787,0.19477911646586346,0.16532258064516128,0.3333333333333333,0
lennobe01w,2,MIN,0,2.6363636363636362,4.331950207468879,0,0.6153846153846154,2.272727272727273,3.7344398340248963,1.4545454545454546,2.3900414937759336,84,7.636363636363637,0.041666666666666664,0.04921259842519685,0.0365296803652968,0.0,0
lennobe01w,3,MIA,2,3.0384615384615383,4.89500860585198,2,0.746031746031746,2.3846153846153846,3.8416523235800346,1.8076923076923077,2.9122203098106714,150,5.769230769230769,0.12267080745341614,0.14220183486238533,0.09853249475890985,0.4,0
lennobe01w,3,MIN,1,4.6,6.0,1,0.7619047619047619,4.0,5.217391304347826,3.2,4.173913043478261,37,7.4,0.0372168284789644,0.03773584905660377,0.034261241970021415,0.125,0
lennobe01w,4,CLE,0,2.264705882352941,4.95,0,0.5423728813559322,1.7058823529411764,3.7285714285714286,0.9411764705882353,2.057142857142857,139,4.088235294117647,0.1203125,0.12419700214132762,0.06177606177606178,0.0,0
lennobe01w,5,SEA,0,2.78125,3.482608695652174,0,1.0128205128205128,2.40625,3.0130434782608697,2.46875,3.091304347826087,275,8.59375,0.13363363363363365,0.154,0.14285714285714285,0.0,0
lennobe01w,6,SEA,0,2.9285714285714284,3.69,0,0.75,2.6785714285714284,3.375,2.0357142857142856,2.565,221,7.892857142857143,0.12462006079027356,0.1450676982591876,0.10940499040307101,0.0,0
lennobe01w,7,SEA,0,2.7058823529411766,3.717171717171717,2,0.7373737373737373,2.8823529411764706,3.9595959595959593,2.1470588235294117,2.9494949494949494,251,7.382352941176471,0.13469985358711567,0.17162872154115585,0.141747572815534,0.3333333333333333,0
lennobe01w,8,SEA,0,2.2058823529411766,2.8815368196371396,0,1.0,2.676470588235294,3.496264674493063,2.7058823529411766,3.534685165421558,293,8.617647058823529,0.12077294685990338,0.1704119850187266,0.17228464419475656,0.0,0
lennobe01w,9,ATL,0,2.7058823529411766,3.279207920792079,0,0.7043478260869566,3.3529411764705883,4.063366336633663,2.3823529411764706,2.887128712871287,272,8.0,0.11543287327478043,0.1919191919191919,0.1643002028397566,0.0,0
lennobe01w,10,LAS,0,2.3333333333333335,3.9375,0,0.7605633802816901,2.3333333333333335,3.9375,1.8,3.0375,220,7.333333333333333,0.11986301369863013,0.12302284710017575,0.09183673469387756,0.0,0
leslili01w,1,LAS,0,4.1875,4.692607003891051,7,0.5769230769230769,3.21875,3.6070038910505837,1.875,2.1011673151750974,471,14.71875,0.18980169971671387,0.22055674518201285,0.10221465076660988,0.5,0
leslili01w,2,LAS,0,4.258064516129032,4.600193610842207,3,0.7373737373737373,3.161290322580645,3.4152952565343657,2.3548387096774195,2.5440464666021296,476,15.35483870967742,0.21393841166936792,0.22323462414578588,0.12227805695142378,0.3,0
leslili01w,3,LAS,0,3.967741935483871,4.1773584905660375,7,0.7614678899082569,3.4838709677419355,3.667924528301887,2.6774193548387095,2.818867924528302,541,17.451612903225808,0.1849624060150376,0.2084942084942085,0.1421232876712329,0.3684210526315789,0
leslili01w,4,LAS,0,4.043478260869565,4.2272727272727275,3,0.696969696969697,2.8260869565217392,2.9545454545454546,2.0,2.090909090909091,371,16.130434782608695,0.13616398243045388,0.13800424628450106,0.0782312925170068,0.23076923076923078,0
leslili01w,5,LAS,0,3.823529411764706,4.069565217391304,5,0.7927927927927928,3.235294117647059,3.4434782608695653,2.588235294117647,2.754782608695652,572,16.823529411764707,0.17759562841530055,0.20754716981132076,0.14035087719298245,0.7142857142857143,0
leslili01w,6,LAS,0,3.588235294117647,4.007299270072993,2,0.8613861386138614,2.9411764705882355,3.2846715328467155,2.5588235294117645,2.8576642335766422,473,13.911764705882353,0.16531165311653118,0.2028397565922921,0.15760869565217392,0.2857142857142857,0
leslili01w,7,LAS,0,3.3823529411764706,3.969319271332694,4,0.8503937007874016,3.7058823529411766,4.348993288590604,3.176470588235294,3.7277085330776605,539,15.852941176470589,0.16911764705882354,0.23551401869158878,0.176759410801964,0.5,0
leslili01w,9,LAS,0,3.5454545454545454,3.977337110481586,2,0.6666666666666666,3.606060606060606,4.045325779036827,2.4242424242424243,2.7195467422096318,519,15.727272727272727,0.1638655462184874,0.19540229885057472,0.13029315960912052,0.4,0
leslili01w,10,LAS,0,3.260869565217391,4.231974921630094,1,0.8166666666666667,2.5652173913043477,3.329153605015674,2.130434782608696,2.7648902821316614,249,10.826086956521738,0.1284246575342466,0.10369068541300527,0.08333333333333333,0.2,0
leuchye01w,7,CHA,0,1.25,4.7368421052631575,0,1.5,0.25,0.9473684210526315,0.75,2.8421052631578947,9,2.25,0.006802721088435374,0.0017391304347826088,0.005681818181818182,0.0,0
leuchye01w,8,WAS,0,1.1666666666666667,8.689655172413794,0,0.75,0.5,3.7241379310344827,0.5,3.7241379310344827,8,1.3333333333333333,0.009162303664921465,0.005244755244755245,0.006342494714587738,0.0,0
levanni01w,2,LAS,0,0.23076923076923078,1.6119402985074627,0,1.1666666666666667,0.38461538461538464,2.6865671641791042,0.5384615384615384,3.761194029850746,22,1.6923076923076923,0.004862236628849271,0.011389521640091117,0.011725293132328308,0.0,0
lewista01w,3,SEA,0,0.8571428571428571,7.578947368421052,0,0.375,0.5,4.421052631578947,0.21428571428571427,1.894736842105263,29,2.0714285714285716,0.019230769230769232,0.014644351464435146,0.005825242718446602,0.0,0
lewisty01w,2,HOU,0,0.896551724137931,2.233890214797136,0,0.5555555555555556,0.896551724137931,2.233890214797136,0.5172413793103449,1.288782816229117,92,3.1724137931034484,0.050980392156862744,0.059496567505720827,0.0351288056206089,0.0,0
lewisty01w,3,HOU,0,1.0588235294117647,4.468965517241379,0,0.9,0.5294117647058824,2.2344827586206897,0.5294117647058824,2.2344827586206897,33,1.9411764705882353,0.038461538461538464,0.019736842105263157,0.019955654101995565,0.0,0
lewisty01w,4,CHA,0,0.782608695652174,2.769230769230769,0,1.1764705882352942,0.6956521739130435,2.4615384615384617,0.8695652173913043,3.076923076923077,69,3.0,0.025787965616045846,0.0321285140562249,0.04,0.0,0
lewisty01w,5,CHA,0,1.3823529411764706,2.7423014586709886,1,0.9777777777777777,1.2941176470588236,2.567260940032415,1.2941176470588236,2.567260940032415,135,3.9705882352941178,0.0724191063174114,0.09166666666666666,0.10304449648711944,0.2,0
lewisty01w,6,CHA,1,0.7,1.5180722891566263,0,1.0833333333333333,1.1,2.385542168674699,1.3,2.819277108433735,39,3.9,0.009615384615384616,0.020522388059701493,0.02631578947368421,0.0,0
lewisty01w,6,MIN,2,0.6363636363636364,2.8,0,0.5833333333333334,1.0,4.3999999999999995,0.6363636363636364,2.8,16,1.4545454545454546,0.0112,0.020484171322160148,0.013157894736842105,0.0,0
lewisty01w,7,MIN,0,0.8421052631578947,2.8514851485148514,0,1.0588235294117647,0.8421052631578947,2.8514851485148514,0.9473684210526315,3.2079207920792077,62,3.263157894736842,0.024427480916030534,0.030131826741996232,0.036585365853658534,0.0,0
liebena01w,9,DET,0,0.0,0.0,0,0.6666666666666666,2.0,8.0,2.0,8.0,2,2.0,0.0,0.004024144869215292,0.003305785123966942,0.0,0
littlca01w,8,SAS,0,2.0588235294117645,3.5443037974683542,0,0.5609756097560976,1.1764705882352942,2.0253164556962027,0.6764705882352942,1.1645569620253164,216,6.352941176470588,0.10703363914373089,0.07155635062611806,0.040492957746478875,0.0,0
littlca01w,9,ATL,1,2.6153846153846154,5.538461538461538,0,0.47368421052631576,1.3846153846153846,2.9321266968325794,0.6923076923076923,1.4660633484162897,66,5.076923076923077,0.04265997490589712,0.030303030303030304,0.018255578093306288,0.0,0
littlca01w,9,SEA,2,2.736842105263158,4.235294117647059,2,0.627906976744186,2.210526315789474,3.420814479638009,1.4210526315789473,2.199095022624434,134,7.052631578947368,0.07591240875912408,0.07969639468690702,0.05084745762711865,0.4,0
littlca01w,10,SEA,0,3.4705882352941178,4.068965517241379,1,0.5147058823529411,1.9705882352941178,2.310344827586207,1.0294117647058822,1.206896551724138,309,9.088235294117647,0.1659634317862166,0.12050359712230216,0.06517690875232775,0.09090909090909091,0
lloydan01w,1,MIN,0,2.2857142857142856,3.4594594594594597,0,0.88,1.7142857142857142,2.5945945945945947,1.5714285714285714,2.378378378378378,79,5.642857142857143,0.04630969609261939,0.04819277108433735,0.04435483870967742,0.0,0
lobore01w,2,NYL,0,1.0,6.776470588235294,0,0.125,0.4375,2.9647058823529413,0.0625,0.4235294117647059,17,1.0625,0.02593192868719611,0.01598173515981735,0.0018050541516245488,0.0,0
lobore01w,3,HOU,0,0.47619047619047616,2.7272727272727275,0,1.0,0.5238095238095238,3.0,0.5714285714285714,3.272727272727273,41,1.9523809523809523,0.021367521367521368,0.02412280701754386,0.026607538802660754,0.0,0
lobore01w,4,CON,0,1.32,4.0,0,0.3333333333333333,0.56,1.696969696969697,0.2,0.6060606060606061,78,3.12,0.04969879518072289,0.03218390804597701,0.009596928982725527,0.0,0
lovelst01w,1,SEA,0,1.826086956521739,4.666666666666666,0,0.4444444444444444,1.5217391304347827,3.888888888888889,0.6956521739130435,1.7777777777777777,88,3.8260869565217392,0.06471494607087827,0.06653992395437262,0.04092071611253197,0.0,0
lovelst01w,2,SEA,0,1.0454545454545454,3.924170616113744,0,0.47368421052631576,0.8181818181818182,3.071090047393365,0.4090909090909091,1.5355450236966826,54,2.4545454545454546,0.037953795379537955,0.041666666666666664,0.021791767554479417,0.0,0
lovelst01w,5,MIN,0,1.3823529411764706,4.360824742268041,0,0.43478260869565216,1.3235294117647058,4.175257731958763,0.5882352941176471,1.8556701030927834,113,3.323529411764706,0.07110438729198185,0.0732899022801303,0.03795066413662239,0.0,0
lovelst01w,6,MIN,0,1.6764705882352942,3.454545454545454,0,0.8157894736842105,1.088235294117647,2.2424242424242427,0.9117647058823529,1.8787878787878787,173,5.088235294117647,0.0912,0.06890130353817504,0.05827067669172932,0.0,0
lovelst01w,7,CHI,0,2.0294117647058822,3.9871589085072228,0,0.4074074074074074,1.5588235294117647,3.0626003210272876,0.6470588235294118,1.2712680577849118,197,5.794117647058823,0.10222222222222223,0.10037878787878787,0.043137254901960784,0.0,0
lovelst01w,8,WAS,0,1.4444444444444444,4.457142857142857,0,0.25,0.7777777777777778,2.4,0.2222222222222222,0.6857142857142857,19,2.111111111111111,0.017015706806282723,0.012237762237762238,0.004228329809725159,0.0,0
lovelst01w,9,ATL,1,2.2666666666666666,4.744186046511628,2,0.7894736842105263,1.2,2.511627906976744,1.0,2.0930232558139537,96,6.4,0.04265997490589712,0.030303030303030304,0.030425963488843813,0.25,0
lovelst01w,9,DET,2,0.8571428571428571,4.909090909090908,0,0.2,0.5714285714285714,3.272727272727273,0.14285714285714285,0.8181818181818182,9,1.2857142857142858,0.008275862068965517,0.008048289738430584,0.001652892561983471,0.0,0
luckepa01w,2,PHO,0,0.0,0.0,0,1.0,0.0,0.0,1.0,4.5,3,3.0,0.0,0.0,0.001941747572815534,0.0,0
luzhe01w,2,WAS,0,1.46875,3.460122699386503,0,1.25,1.34375,3.165644171779141,1.71875,4.049079754601227,125,3.90625,0.08736059479553904,0.08669354838709678,0.12941176470588237,0.0,0
luzhe01w,3,WAS,0,1.25,3.0379746835443036,0,1.0909090909090908,1.34375,3.2658227848101267,1.5,3.6455696202531644,103,3.21875,0.0684931506849315,0.09429824561403509,0.09284332688588008,0.0,0
luzhe01w,4,WAS,0,0.8,3.4909090909090907,0,1.75,0.55,2.4,1.05,4.581818181818181,39,1.95,0.023633677991137372,0.023758099352051837,0.03690685413005272,0.0,0
lyttlsa01w,6,HOU,0,1.3636363636363635,3.5217391304347827,0,0.7083333333333334,0.696969696969697,1.8,0.5151515151515151,1.3304347826086957,165,5.0,0.07731958762886598,0.0539906103286385,0.03632478632478633,0.0,0
lyttlsa01w,7,HOU,0,2.103448275862069,5.778947368421052,0,0.42105263157894735,0.6206896551724138,1.7052631578947368,0.27586206896551724,0.7578947368421053,151,5.206896551724138,0.09870550161812297,0.031746031746031744,0.0150093808630394,0.0,0
lyttlsa01w,8,HOU,0,2.0,4.41106719367589,0,0.7317073170731707,1.2903225806451613,2.8458498023715415,0.967741935483871,2.1343873517786562,251,8.096774193548388,0.09451219512195122,0.06309148264984227,0.05366726296958855,0.0,0
lyttlsa01w,9,HOU,0,2.3703703703703702,4.711656441717792,2,0.7741935483870968,1.1111111111111112,2.208588957055215,0.8888888888888888,1.7668711656441718,259,9.592592592592593,0.0877914951989026,0.05,0.04308797127468582,0.25,0
lyttlsa01w,10,ATL,0,3.088235294117647,4.060150375939849,2,0.7846153846153846,1.8823529411764706,2.4747583243823845,1.5,1.9720730397422126,395,11.617647058823529,0.14150943396226415,0.10829103214890017,0.09306569343065693,0.3333333333333333,0
mabikmw01w,1,LAS,0,3.65625,4.480851063829787,2,1.8846153846153846,1.59375,1.9531914893617022,3.0625,3.753191489361702,353,11.03125,0.16572237960339944,0.10920770877944326,0.16695059625212946,0.14285714285714285,0
mabikmw01w,2,LAS,0,2.642857142857143,3.2173913043478257,0,1.9333333333333333,1.5714285714285714,1.9130434782608696,3.107142857142857,3.782608695652174,267,9.535714285714286,0.11993517017828201,0.10022779043280182,0.1457286432160804,0.0,0
mabikmw01w,3,LAS,0,2.8125,3.085714285714286,1,1.4603174603174602,1.9375,2.125714285714286,2.875,3.1542857142857144,306,9.5625,0.13533834586466165,0.11969111969111969,0.15753424657534246,0.05263157894736842,0
mabikmw01w,4,LAS,0,3.28125,3.6276391554702494,3,1.0933333333333333,2.3125,2.5566218809980805,2.5625,2.833013435700576,271,8.46875,0.15373352855051245,0.15711252653927812,0.13945578231292516,0.23076923076923078,0
mabikmw01w,5,LAS,0,2.838709677419355,3.282901554404145,0,1.530612244897959,1.5483870967741935,1.7906735751295335,2.4193548387096775,2.7979274611398965,236,7.612903225806452,0.12021857923497267,0.09056603773584905,0.11961722488038277,0.0,0
mabikmw01w,6,LAS,0,2.5294117647058822,4.217983651226158,0,1.9333333333333333,0.8235294117647058,1.3732970027247957,1.7058823529411764,2.844686648501362,71,4.176470588235294,0.058265582655826556,0.028397565922920892,0.05253623188405797,0.0,0
mabikmw01w,7,LAS,0,2.40625,4.082474226804123,0,1.263157894736842,1.15625,1.9617083946980856,1.5,2.544918998527246,137,4.28125,0.11323529411764706,0.0691588785046729,0.07855973813420622,0.0,0
mabikmw01w,8,LAS,0,2.727272727272727,4.251968503937007,1,0.972972972972973,2.212121212121212,3.4488188976377954,2.1818181818181817,3.4015748031496065,230,6.96969696969697,0.12278308321964529,0.12762237762237763,0.12972972972972974,0.14285714285714285,0
mabikmw01w,9,HOU,0,1.95,4.293577981651376,0,1.3076923076923077,0.6,1.3211009174311927,0.85,1.8715596330275228,64,3.2,0.053497942386831275,0.02,0.03052064631956912,0.0,0
macchla01w,5,LAS,0,2.24,4.917073170731708,0,0.4666666666666667,1.16,2.5463414634146337,0.56,1.229268292682927,102,4.08,0.07650273224043716,0.05471698113207547,0.022328548644338118,0.0,0
macchla01w,6,LAS,0,1.7692307692307692,5.594594594594595,0,0.5,1.0,3.1621621621621623,0.5384615384615384,1.7027027027027029,34,2.6153846153846154,0.03116531165311653,0.02636916835699797,0.012681159420289856,0.0,0
machacl01w,1,LAS,0,2.129032258064516,5.643705463182898,1,0.9,0.6129032258064516,1.6247030878859856,0.5806451612903226,1.539192399049881,107,3.4516129032258065,0.09348441926345609,0.04068522483940043,0.030664395229982964,0.07142857142857142,0
machacl01w,2,CHA,0,3.1666666666666665,5.896551724137931,2,0.40476190476190477,1.3666666666666667,2.5448275862068965,0.5666666666666667,1.0551724137931033,170,5.666666666666667,0.15676567656765678,0.0863157894736842,0.03632478632478633,0.3333333333333333,0
machacl01w,3,ORL,0,2.103448275862069,5.130841121495327,0,0.5,1.1379310344827587,2.7757009345794392,0.5862068965517241,1.4299065420560746,97,3.3448275862068964,0.09104477611940298,0.07221006564551423,0.03803131991051454,0.0,0
mahonme01w,7,CON,0,1.2258064516129032,3.8974358974358974,0,0.9230769230769231,0.8064516129032258,2.5641025641025643,0.7741935483870968,2.4615384615384617,98,3.161290322580645,0.07156308851224105,0.04854368932038835,0.03803486529318542,0.0,0
mahonme01w,8,CON,0,1.0,5.355371900826446,0,0.6666666666666666,0.6111111111111112,3.272727272727273,0.4444444444444444,2.3801652892561984,27,1.5,0.028037383177570093,0.02033271719038817,0.012903225806451613,0.0,0
mahonsh01w,1,NYL,0,0.9333333333333333,3.189873417721519,0,0.6666666666666666,0.3333333333333333,1.139240506329114,0.26666666666666666,0.9113924050632911,37,2.466666666666667,0.022653721682847898,0.010526315789473684,0.008368200836820083,0.0,0
mahonsh01w,3,PHO,0,1.3333333333333333,11.076923076923077,0,0.5,0.3333333333333333,2.769230769230769,0.3333333333333333,2.769230769230769,3,1.0,0.00641025641025641,0.00199203187250996,0.002336448598130841,0.0,0
maigaha01w,3,SAC,0,1.608695652173913,6.761421319796955,0,0.375,1.0,4.2030456852791875,0.391304347826087,1.6446700507614214,64,2.782608695652174,0.05473372781065089,0.05032822757111598,0.017964071856287425,0.0,0
maigaha01w,4,SAC,0,1.2272727272727273,5.11578947368421,0,0.9333333333333333,0.6363636363636364,2.6526315789473682,0.6363636363636364,2.6526315789473682,71,3.227272727272727,0.04205607476635514,0.030303030303030304,0.02460456942003515,0.0,0
maigaha01w,5,SAC,0,1.8529411764705883,4.7250000000000005,0,0.5,1.4411764705882353,3.675,0.7352941176470589,1.875,131,3.8529411764705883,0.09813084112149532,0.10082304526748971,0.04807692307692308,0.0,0
maigaha01w,6,SAC,0,2.0294117647058822,6.088235294117648,0,0.6976744186046512,1.2352941176470589,3.705882352941176,0.8823529411764706,2.6470588235294117,127,3.735294117647059,0.10072992700729927,0.08383233532934131,0.056818181818181816,0.0,0
maigaha01w,7,SAC,0,2.3529411764705883,5.363128491620112,1,0.6521739130434783,1.3235294117647058,3.0167597765363126,0.8823529411764706,2.011173184357542,144,4.235294117647059,0.11922503725782414,0.08287292817679558,0.058823529411764705,0.3333333333333333,0
maigaha01w,8,HOU,0,3.323529411764706,4.035714285714286,1,1.0845070422535212,2.0588235294117645,2.5,2.264705882352941,2.75,274,8.058823529411764,0.1722560975609756,0.11041009463722397,0.13774597495527727,0.25,0
maigaha01w,9,HOU,0,2.4615384615384617,3.9050847457627116,0,0.6724137931034483,2.1923076923076925,3.4779661016949155,1.5,2.3796610169491523,165,6.346153846153846,0.0877914951989026,0.095,0.07001795332136446,0.0,0
maigaha01w,10,SAC,0,2.235294117647059,4.047337278106509,0,0.6981132075471698,1.5294117647058822,2.769230769230769,1.088235294117647,1.970414201183432,165,4.852941176470588,0.11764705882352941,0.08888888888888889,0.06839186691312385,0.0,0
malcona01w,2,IND,0,2.4193548387096775,3.8297872340425534,2,0.5306122448979592,1.5483870967741935,2.451063829787234,0.8387096774193549,1.327659574468085,133,4.290322580645161,0.12479201331114809,0.0975609756097561,0.05664488017429194,0.3333333333333333,0
malcona01w,3,IND,0,1.4482758620689655,2.5242070116861433,0,0.6,1.1724137931034482,2.0434056761268784,0.7241379310344828,1.2621035058430716,98,3.3793103448275863,0.075,0.0774487471526196,0.046875,0.0,0
malloso01w,4,PHO,0,1.1666666666666667,5.7272727272727275,0,0.0,1.0,4.909090909090908,0.0,0.0,15,2.5,0.010526315789473684,0.0125,0.0,0.0,0
maltsev01w,8,CON,0,1.5,2.9128630705394194,0,1.4444444444444444,1.0,1.9419087136929463,1.5,2.9128630705394194,127,4.884615384615385,0.06074766355140187,0.04805914972273567,0.06290322580645161,0.0,0
mannish01w,1,MIA,0,2.4583333333333335,5.270471464019851,1,0.425,1.625,3.4838709677419355,0.7083333333333334,1.5186104218362284,144,6.0,0.08333333333333333,0.07428571428571429,0.040865384615384616,0.16666666666666666,0
mannkr01w,6,MIN,0,0.6666666666666666,3.1135135135135137,0,1.375,0.2916666666666667,1.3621621621621622,0.4583333333333333,2.140540540540541,55,2.2916666666666665,0.0256,0.01303538175046555,0.020676691729323307,0.0,0
mannkr01w,7,MIN,0,2.1515151515151514,2.859060402684564,0,1.8431372549019607,1.5151515151515151,2.013422818791946,2.8484848484848486,3.7852348993288594,233,7.0606060606060606,0.1083969465648855,0.09416195856873823,0.1910569105691057,0.0,0
mannkr01w,8,MIN,0,2.3823529411764706,3.306122448979592,1,1.5357142857142858,0.7941176470588235,1.1020408163265305,1.2647058823529411,1.7551020408163267,203,5.970588235294118,0.1134453781512605,0.04804270462633452,0.07202680067001675,0.16666666666666666,0
mannkr01w,9,ATL,1,1.7692307692307692,3.713004484304933,0,0.9333333333333333,1.0769230769230769,2.2600896860986546,1.0769230769230769,2.2600896860986546,45,3.4615384615384617,0.028858218318695106,0.02356902356902357,0.028397565922920892,0.0,0
mannkr01w,9,IND,2,0.0,0.0,0,0.5,0.2,1.161290322580645,0.2,1.161290322580645,7,1.4,0.0,0.0017064846416382253,0.001996007984031936,0.0,0
mannkr01w,10,WAS,0,0.5625,3.4105263157894736,0,1.5,0.1875,1.1368421052631579,0.375,2.2736842105263158,23,1.4375,0.012396694214876033,0.004934210526315789,0.013215859030837005,0.0,0
mapprh01w,1,CHA,0,3.7333333333333334,4.710280373831775,3,1.0666666666666667,1.9666666666666666,2.481308411214953,2.1333333333333333,2.691588785046729,323,10.766666666666667,0.1568627450980392,0.11871227364185111,0.11594202898550725,0.3333333333333333,0
mapprh01w,2,LAS,0,2.0,5.468354430379747,0,0.5384615384615384,0.8333333333333334,2.278481012658228,0.4666666666666667,1.2759493670886077,115,3.8333333333333335,0.09724473257698542,0.05694760820045558,0.023450586264656615,0.0,0
mapprh01w,4,LAS,0,1.875,6.352941176470589,0,0.46153846153846156,0.5,1.6941176470588235,0.25,0.8470588235294118,87,3.625,0.06588579795021962,0.025477707006369428,0.01020408163265306,0.0,0
marcimi01w,1,POR,0,2.46875,5.296089385474861,2,1.0735294117647058,2.09375,4.4916201117318435,2.28125,4.893854748603352,175,5.46875,0.1036745406824147,0.1127946127946128,0.15176715176715178,0.16666666666666666,0
marcimi01w,2,SEA,0,1.8148148148148149,4.5,0,1.5161290322580645,1.1111111111111112,2.7551020408163267,1.7407407407407407,4.316326530612245,117,4.333333333333333,0.08085808580858085,0.06944444444444445,0.11380145278450363,0.0,0
marcimi01w,3,SEA,0,1.434782608695652,4.242857142857143,0,1.4615384615384615,1.0869565217391304,3.2142857142857144,1.6521739130434783,4.885714285714285,79,3.4347826086956523,0.052884615384615384,0.05230125523012552,0.07378640776699029,0.0,0
martima01w,1,MIN,0,2.7,6.394736842105263,1,0.7,0.9666666666666667,2.2894736842105265,0.7,1.657894736842105,118,3.933333333333333,0.11722141823444283,0.05823293172690763,0.04233870967741935,0.08333333333333333,0
martima01w,2,MIN,0,2.806451612903226,6.340080971659919,2,0.5,1.1935483870967742,2.6963562753036436,0.6129032258064516,1.3846153846153846,137,4.419354838709677,0.125,0.07283464566929133,0.04337899543378995,0.25,0
martinu01w,6,MIN,0,0.0,0.0,0,0.0,0.0,0.0,0.0,0.0,0,0.0,0.0,0.0,0.0,0.0,0
mascira01w,5,LAS,0,1.3529411764705883,7.137931034482759,0,1.3333333333333333,0.29411764705882354,1.5517241379310347,0.47058823529411764,2.4827586206896552,14,0.8235294117647058,0.031420765027322405,0.009433962264150943,0.012759170653907496,0.0,0
mascira01w,6,LAS,0,1.5454545454545454,3.9654427645788335,0,1.0454545454545454,0.6363636363636364,1.632829373650108,0.696969696969697,1.7883369330453565,86,2.606060606060606,0.06910569105691057,0.04259634888438134,0.041666666666666664,0.0,0
mascira01w,9,LAS,0,1.206896551724138,3.058252427184466,0,0.9411764705882353,0.5517241379310345,1.3980582524271843,0.5517241379310345,1.3980582524271843,65,2.2413793103448274,0.049019607843137254,0.026272577996715927,0.026058631921824105,0.0,0
matteca01w,6,CHA,0,0.4,2.571428571428571,0,2.0,0.2,1.2857142857142856,0.6,3.8571428571428568,10,1.0,0.005494505494505495,0.0037313432835820895,0.012145748987854251,0.0,0
maxwemo01w,1,IND,0,2.875,3.21865889212828,0,0.9692307692307692,2.0,2.239067055393586,1.96875,2.204081632653061,288,9.0,0.14307931570762053,0.1233140655105973,0.1254980079681275,0.0,0
maxwemo01w,2,IND,0,1.2666666666666666,2.8739495798319323,0,0.6086956521739131,1.4666666666666666,3.327731092436975,0.9333333333333333,2.1176470588235294,60,4.0,0.03161397670549085,0.044715447154471545,0.030501089324618737,0.0,0
maxwemo01w,3,IND,0,0.8888888888888888,3.388235294117647,0,1.0,0.3333333333333333,1.2705882352941176,0.3888888888888889,1.4823529411764707,49,2.7222222222222223,0.02857142857142857,0.01366742596810934,0.015625,0.0,0
mazzake01w,5,CHA,0,0.6470588235294118,2.336283185840708,0,0.42857142857142855,0.5882352941176471,2.1238938053097343,0.2647058823529412,0.9557522123893805,51,1.5,0.03389830508474576,0.041666666666666664,0.02107728337236534,0.0,0
mazzake01w,6,CHA,0,0.3333333333333333,1.4336283185840708,0,0.875,0.25925925925925924,1.1150442477876106,0.25925925925925924,1.1150442477876106,47,1.7407407407407407,0.012362637362637362,0.013059701492537313,0.01417004048582996,0.0,0
mazzake01w,7,CHA,0,1.088235294117647,1.837241379310345,0,1.3061224489795917,1.411764705882353,2.383448275862069,1.8823529411764706,3.1779310344827585,216,6.352941176470588,0.050340136054421766,0.08347826086956522,0.12121212121212122,0.0,0
mazzake01w,8,PHO,0,0.8235294117647058,2.0655737704918034,0,1.8095238095238095,0.5882352941176471,1.4754098360655736,1.1176470588235294,2.8032786885245904,122,3.588235294117647,0.042488619119878605,0.04106776180698152,0.05555555555555555,0.0,0
mazzake01w,9,PHO,0,1.2941176470588236,2.4711388455538223,0,2.0,0.5294117647058824,1.0109204368174727,1.1176470588235294,2.1341653666146647,130,3.823529411764706,0.055345911949685536,0.036734693877551024,0.0677361853832442,0.0,0
mazzake01w,10,PHO,0,1.3548387096774193,3.491916859122402,0,1.5454545454545454,0.3225806451612903,0.8314087759815243,0.5483870967741935,1.4133949191685913,70,2.2580645161290325,0.05668016194331984,0.01996007984031936,0.027156549520766772,0.0,0
mccaibr01w,3,CLE,0,0.9354838709677419,2.663265306122449,0,1.1714285714285715,1.096774193548387,3.122448979591837,1.3225806451612903,3.7653061224489797,81,2.6129032258064515,0.051056338028169015,0.0752212389380531,0.08523908523908524,0.0,0
mccaiti01w,1,ORL,0,0.72,3.02803738317757,0,0.5,0.36,1.514018691588785,0.2,0.8411214953271028,20,0.8,0.030821917808219176,0.018480492813141684,0.010548523206751054,0.0,0
mccaiti01w,2,ORL,0,1.625,4.235294117647059,0,1.0285714285714285,1.0625,2.769230769230769,1.125,2.9321266968325794,92,2.875,0.08074534161490683,0.06378986866791744,0.07947019867549669,0.0,0
mccaiti01w,3,ORL,0,0.5625,6.352941176470589,0,0.5,0.1875,2.1176470588235294,0.125,1.4117647058823528,8,0.5,0.013432835820895522,0.006564551422319475,0.0044742729306487695,0.0,0
mccanra01w,10,MIN,0,2.176470588235294,5.526970954356846,1,0.7027027027027027,1.0588235294117647,2.688796680497925,0.7647058823529411,1.9419087136929463,119,3.5,0.10662824207492795,0.07003891050583658,0.050980392156862744,0.2,0
mccarja01w,6,CHA,0,1.3928571428571428,4.514469453376206,0,0.4782608695652174,0.7857142857142857,2.5466237942122185,0.39285714285714285,1.2733118971061093,106,3.7857142857142856,0.05357142857142857,0.041044776119402986,0.022267206477732792,0.0,0
mccarja01w,7,CHA,0,1.7,4.3610451306413305,1,0.8620689655172413,0.9333333333333333,2.3942992874109263,0.8333333333333334,2.137767220902613,167,5.566666666666666,0.06938775510204082,0.04869565217391304,0.04734848484848485,0.14285714285714285,0
mccarja01w,8,NYL,0,2.25,3.828655834564254,1,0.45,2.46875,4.2008862629246675,1.125,1.914327917282127,247,7.71875,0.11631663974151858,0.12887438825448613,0.0718562874251497,0.3333333333333333,0
mccarja01w,9,NYL,0,2.5161290322580645,3.441176470588235,1,0.9705882352941176,2.161290322580645,2.9558823529411766,2.129032258064516,2.9117647058823533,305,9.838709677419354,0.11890243902439024,0.12226277372262774,0.11956521739130435,0.2,0
mccarja01w,10,NYL,0,2.46875,3.3537735849056602,1,1.0114942528735633,2.6875,3.650943396226415,2.75,3.7358490566037736,348,10.875,0.1238244514106583,0.15808823529411764,0.16698292220113853,0.25,0
mccarst01w,1,IND,0,1.53125,2.777952755905512,0,1.1875,1.46875,2.664566929133858,1.78125,3.231496062992126,154,4.8125,0.07620528771384137,0.0905587668593449,0.11354581673306773,0.0,0
mccarst01w,2,IND,0,1.6666666666666667,3.571428571428571,0,1.4871794871794872,1.2666666666666666,2.714285714285714,1.9333333333333333,4.142857142857142,153,5.1,0.08319467554076539,0.07723577235772358,0.12636165577342048,0.0,0
mccarst01w,4,IND,0,2.142857142857143,3.7435008665511265,0,1.5263157894736843,1.3214285714285714,2.3084922010398614,2.0714285714285716,3.6187175043327557,139,4.964285714285714,0.08968609865470852,0.07789473684210527,0.10740740740740741,0.0,0
mccarst01w,5,IND,0,1.3636363636363635,2.4,0,1.6774193548387097,1.3636363636363635,2.4,2.3636363636363638,4.16,109,4.954545454545454,0.046875,0.061601642710472276,0.09352517985611511,0.0,0
mcconsu01w,1,CLE,0,0.9375,1.5319148936170213,0,1.7,2.15625,3.523404255319149,3.71875,6.0765957446808505,185,5.78125,0.046296296296296294,0.1280148423005566,0.22037037037037038,0.0,1
mccouan01w,10,ATL,0,2.7058823529411766,4.506122448979593,2,0.9726027397260274,2.1176470588235294,3.5265306122448976,2.088235294117647,3.477551020408163,262,7.705882352941177,0.12398921832884097,0.1218274111675127,0.12956204379562045,0.3333333333333333,0
mccrani01w,1,WAS,0,2.46875,2.718929254302103,0,0.9444444444444444,2.78125,3.063097514340344,2.65625,2.9254302103250476,191,5.96875,0.13210702341137123,0.1755424063116371,0.16283524904214558,0.0,0
mccrani01w,2,WAS,0,2.125,2.956521739130435,1,0.6351351351351351,2.28125,3.1739130434782608,1.46875,2.0434782608695654,129,4.03125,0.12639405204460966,0.14717741935483872,0.11058823529411765,0.25,0
mccrani01w,3,IND,0,2.28125,2.4839319470699435,2,0.8433734939759037,2.5625,2.7901701323251418,2.1875,2.3818525519848768,198,6.1875,0.13035714285714287,0.1867881548974943,0.15625,0.2857142857142857,0
mccrani01w,4,IND,0,1.9705882352941178,3.2861035422343323,1,1.0888888888888888,1.2941176470588236,2.1580381471389645,1.4411764705882353,2.4032697547683926,139,4.088235294117647,0.10014947683109118,0.09263157894736843,0.09074074074074075,0.16666666666666666,0
mccrani01w,5,PHO,0,1.2962962962962963,3.3962264150943398,0,0.6842105263157895,0.6666666666666666,1.7466307277628033,0.48148148148148145,1.261455525606469,49,1.8148148148148149,0.04672897196261682,0.03870967741935484,0.025896414342629483,0.0,0
mccrani01w,6,SAS,0,1.1304347826086956,3.0993377483443707,0,0.8421052631578947,0.782608695652174,2.1456953642384105,0.6956521739130435,1.9072847682119205,47,2.0434782608695654,0.039938556067588324,0.033582089552238806,0.03686635944700461,0.0,0
mccrani01w,7,CHI,0,0.7272727272727273,3.3488372093023253,0,0.45454545454545453,0.9090909090909091,4.186046511627907,0.45454545454545453,2.0930232558139537,18,1.6363636363636365,0.011851851851851851,0.01893939393939394,0.00980392156862745,0.0,0
mccrini01w,1,LAS,0,1.28125,3.024590163934426,0,1.3265306122448979,1.5,3.540983606557377,2.03125,4.795081967213115,134,4.1875,0.05807365439093484,0.10278372591006424,0.11073253833049404,0.0,0
mccrini01w,2,LAS,0,0.6785714285714286,1.9542857142857142,0,2.739130434782609,0.7857142857142857,2.262857142857143,2.25,6.4799999999999995,96,3.4285714285714284,0.03079416531604538,0.05011389521640091,0.10552763819095477,0.0,0
mccrini01w,3,LAS,0,0.6875,2.2247191011235956,0,2.12,0.75,2.426966292134831,1.65625,5.359550561797753,101,3.15625,0.03308270676691729,0.04633204633204633,0.09075342465753425,0.0,0
mccrini01w,4,LAS,0,0.6060606060606061,2.4080267558528425,0,1.7777777777777777,0.5151515151515151,2.0468227424749164,0.9696969696969697,3.8528428093645486,81,2.4545454545454546,0.029282576866764276,0.036093418259023353,0.05442176870748299,0.0,0
mcculda01w,1,IND,0,2.1724137931034484,4.973684210526316,1,0.5,1.2758620689655173,2.9210526315789473,0.6551724137931034,1.5,139,4.793103448275862,0.09797822706065319,0.07129094412331406,0.037848605577689244,0.1,0
mcculda01w,2,IND,0,1.5,4.8,0,0.625,0.875,2.8,0.625,2.0,24,3.0,0.019966722129783693,0.014227642276422764,0.010893246187363835,0.0,0
mcculda01w,3,SEA,0,1.25,4.186046511627907,0,0.3333333333333333,0.5,1.6744186046511627,0.25,0.8372093023255813,9,2.25,0.008012820512820512,0.0041841004184100415,0.001941747572815534,0.0,0
mcculda01w,4,SEA,0,0.42857142857142855,4.153846153846154,0,0.0,0.5714285714285714,5.538461538461538,0.0,0.0,1,0.14285714285714285,0.004651162790697674,0.008583690987124463,0.0,0.0,0
mcgheca01w,1,ORL,0,1.8125,5.117647058823529,0,0.71875,0.96875,2.7352941176470584,0.71875,2.0294117647058822,113,3.53125,0.09931506849315068,0.06365503080082136,0.04852320675105485,0.0,0
mcgheca01w,2,ORL,0,0.5294117647058824,4.563380281690141,0,0.0,0.35294117647058826,3.0422535211267605,0.0,0.0,12,0.7058823529411765,0.013975155279503106,0.01125703564727955,0.0,0.0,0
mcgheca01w,3,ORL,0,0.0,0.0,0,0.0,0.0,0.0,0.0,0.0,1,0.5,0.0,0.0,0.0,0.0,0
mckivte01w,4,CHA,0,1.8709677419354838,6.12316715542522,0,0.21428571428571427,0.8709677419354839,2.8504398826979473,0.1935483870967742,0.6334310850439884,135,4.354838709677419,0.0830945558739255,0.05421686746987952,0.012,0.0,0
mckivte01w,5,CHA,0,2.3333333333333335,9.818181818181817,0,0.0,0.5555555555555556,2.3376623376623376,0.0,0.0,26,2.888888888888889,0.032357473035439135,0.010416666666666666,0.0,0.0,0
mckivte01w,6,CHA,0,2.2903225806451615,7.060773480662983,0,0.25925925925925924,0.8387096774193549,2.585635359116022,0.22580645161290322,0.6961325966850829,104,3.3548387096774195,0.09752747252747253,0.048507462686567165,0.01417004048582996,0.0,0
mckivte01w,8,PHO,0,0.5,7.2,0,0.0,0.0,0.0,0.0,0.0,2,1.0,0.0015174506828528073,0.0,0.0,0.0,0
mcwilta01w,1,ORL,0,2.6875,2.819672131147541,0,0.6428571428571429,2.59375,2.721311475409836,1.6875,1.7704918032786885,388,12.125,0.14726027397260275,0.1704312114989733,0.11392405063291139,0.0,0
mcwilta01w,2,ORL,0,2.3125,2.5155807365439093,1,0.8518518518518519,2.5,2.7195467422096318,2.15625,2.3456090651558075,414,12.9375,0.11490683229813664,0.150093808630394,0.152317880794702,0.25,0
mcwilta01w,3,ORL,0,3.076923076923077,3.7597911227154044,1,0.5652173913043478,1.6923076923076923,2.0678851174934727,1.0,1.2219321148825066,109,8.384615384615385,0.05970149253731343,0.04814004376367615,0.029082774049217,0.16666666666666666,0
mcwilta01w,4,CON,0,3.0294117647058822,3.772126144455748,1,0.8909090909090909,1.588235294117647,1.977619532044761,1.4411764705882353,1.7945066124109867,352,10.352941176470589,0.15512048192771086,0.12413793103448276,0.09404990403071017,0.16666666666666666,0
mcwilta01w,5,CON,0,2.823529411764706,3.0503089143865845,1,0.8513513513513513,2.1470588235294117,2.319505736981465,1.8529411764705883,2.0017652250661957,400,11.764705882352942,0.15711947626841244,0.15766738660907129,0.1099476439790576,0.5,0
mcwilta01w,6,CON,0,2.3529411764705883,2.6592797783933517,1,1.0833333333333333,1.7352941176470589,1.9612188365650969,1.911764705882353,2.1606648199445986,375,11.029411764705882,0.128,0.13024282560706402,0.1132404181184669,0.5,1
mcwilta01w,7,CON,0,2.34375,2.7108433734939763,0,1.0126582278481013,2.4375,2.819277108433735,2.5,2.891566265060241,452,14.125,0.14124293785310735,0.15145631067961166,0.12678288431061807,0.0,0
mcwilta01w,8,LAS,0,2.586206896551724,3.172737955346651,1,0.9607843137254902,1.7241379310344827,2.1151586368977675,1.6896551724137931,2.072855464159812,283,9.758620689655173,0.10231923601637108,0.08741258741258741,0.08828828828828829,0.14285714285714285,0
mcwilta01w,9,DET,2,2.5714285714285716,3.502702702702703,0,1.3,1.2857142857142858,1.7513513513513514,1.8571428571428572,2.5297297297297296,68,9.714285714285714,0.02482758620689655,0.018108651911468814,0.021487603305785124,0.0,0
mcwilta01w,9,WAS,1,2.3846153846153846,2.589327146171694,0,0.5394736842105263,2.8846153846153846,3.1322505800464038,1.5769230769230769,1.7122969837587005,301,11.576923076923077,0.08179419525065963,0.11755485893416928,0.08471074380165289,0.0,0
mcwilta01w,10,DET,0,2.5294117647058822,3.0,0,1.462686567164179,1.9411764705882353,2.302325581395349,2.8823529411764706,3.4186046511627906,372,10.941176470588236,0.1121251629726206,0.1206581352833638,0.1701388888888889,0.0,0
melvich01w,1,CLE,0,3.53125,4.5,4,0.9682539682539683,1.9375,2.4690265486725664,1.90625,2.4292035398230087,280,8.75,0.1743827160493827,0.1150278293135436,0.11296296296296296,0.5,0
melvich01w,2,CLE,0,3.0,3.86737400530504,0,1.0869565217391304,1.6666666666666667,2.1485411140583555,1.8518518518518519,2.387267904509284,244,9.037037037037036,0.15196998123827393,0.10112359550561797,0.0992063492063492,0.0,0
melvich01w,3,CLE,0,3.25,3.5488151658767775,2,0.76,2.3125,2.5251184834123226,1.78125,1.9450236966824646,297,9.28125,0.18309859154929578,0.16371681415929204,0.11850311850311851,0.2222222222222222,0
melvich01w,4,CLE,0,3.176470588235294,3.664467483506126,0,0.7647058823529411,1.9705882352941178,2.273327049952875,1.5294117647058822,1.764373232799246,317,9.323529411764707,0.16875,0.14346895074946467,0.10038610038610038,0.0,0
melvich01w,5,WAS,0,2.6176470588235294,3.8836363636363638,0,0.6981132075471698,1.5294117647058822,2.269090909090909,1.088235294117647,1.6145454545454545,201,5.911764705882353,0.1362940275650842,0.1223529411764706,0.07905982905982906,0.0,0
melvich01w,6,WAS,0,3.323529411764706,3.8705994291151287,1,0.4032258064516129,1.7941176470588236,2.0894386298763084,0.7352941176470589,0.8563273073263558,269,7.911764705882353,0.16189111747851004,0.13990825688073394,0.04826254826254826,0.125,0
melvich01w,7,WAS,0,3.2058823529411766,3.9279279279279278,1,0.7142857142857143,1.8235294117647058,2.2342342342342345,1.3235294117647058,1.6216216216216215,329,9.676470588235293,0.13885350318471337,0.11439114391143912,0.0779896013864818,0.0625,0
melvich01w,8,CHI,2,3.0344827586206895,3.7139507620164127,0,0.5285714285714286,2.3793103448275863,2.9120750293083235,1.2758620689655173,1.5615474794841735,284,9.793103448275861,0.13858267716535433,0.1350293542074364,0.061872909698996656,0.0,0
melvich01w,8,WAS,1,4.333333333333333,5.7073170731707314,0,0.0,0.6666666666666666,0.8780487804878049,0.0,0.0,26,8.666666666666666,0.017015706806282723,0.0034965034965034965,0.0,0.0,0
melvich01w,9,CHI,0,2.911764705882353,4.695652173913043,1,1.0,1.4411764705882353,2.3241106719367592,1.4705882352941178,2.3715415019762847,263,7.735294117647059,0.1546875,0.09315589353612168,0.09107468123861566,0.2,0
melvich01w,10,WAS,0,2.9705882352941178,4.80952380952381,0,0.7058823529411765,1.4705882352941178,2.380952380952381,1.0588235294117647,1.7142857142857142,257,7.5588235294117645,0.13911845730027547,0.08223684210526316,0.07929515418502203,0.0,0
mendigi01w,5,SAC,0,0.3333333333333333,1.846153846153846,0,0.75,0.5,2.769230769230769,0.5,2.769230769230769,8,1.3333333333333333,0.003115264797507788,0.006172839506172839,0.0057692307692307696,0.0,0
miaomi01w,6,SAC,0,0.7222222222222222,3.466666666666667,0,0.8125,0.8333333333333334,4.0,0.7222222222222222,3.466666666666667,23,1.2777777777777777,0.01897810218978102,0.029940119760479042,0.02462121212121212,0.0,0
millebr01w,10,DET,0,1.0,4.5,0,0.0,0.0,0.0,0.0,0.0,1,1.0,0.001303780964797914,0.0,0.0,0.0,0
milleco01w,2,WAS,0,0.5,2.627737226277372,0,0.5714285714285714,0.65,3.4160583941605838,0.4,2.102189781021898,23,1.15,0.01858736059479554,0.02620967741935484,0.018823529411764704,0.0,0
milleco01w,3,WAS,0,2.625,3.345132743362832,0,1.3666666666666667,1.84375,2.349557522123894,2.5625,3.265486725663717,233,7.28125,0.14383561643835616,0.12938596491228072,0.15860735009671179,0.0,0
milleco01w,4,WAS,0,2.878787878787879,3.1784386617100373,1,1.5925925925925926,1.606060606060606,1.7732342007434945,2.606060606060606,2.877323420074349,259,7.848484848484849,0.14032496307237813,0.11447084233261338,0.15114235500878734,0.16666666666666666,0
milleco01w,5,WAS,0,1.8181818181818181,3.390894819466248,0,1.5357142857142858,0.8181818181818182,1.5259026687598116,1.303030303030303,2.4301412872841444,127,3.8484848484848486,0.09188361408882083,0.06352941176470588,0.09188034188034189,0.0,0
milleco01w,6,WAS,0,1.5588235294117647,3.816,0,1.5172413793103448,0.8235294117647058,2.016,1.2941176470588236,3.1679999999999997,132,3.8823529411764706,0.07593123209169055,0.06422018348623854,0.08494208494208494,0.0,0
milleco01w,7,WAS,0,2.1470588235294117,3.9939209726443767,1,1.18,1.4411764705882353,2.6808510638297873,1.7352941176470589,3.2279635258358663,188,5.529411764705882,0.0929936305732484,0.09040590405904059,0.1022530329289428,0.0625,0
milleco01w,8,WAS,0,1.5,3.5604395604395602,0,0.8333333333333334,0.9666666666666667,2.2945054945054943,0.8333333333333334,1.978021978021978,95,3.1666666666666665,0.058900523560209424,0.050699300699300696,0.052854122621564484,0.0,0
milleco01w,9,WAS,0,1.8529411764705883,3.1943661971830988,0,0.7966101694915254,1.7058823529411764,2.9408450704225353,1.3823529411764706,2.3830985915492957,163,4.794117647058823,0.08311345646437995,0.09090909090909091,0.09710743801652892,0.0,0
milleco01w,10,ATL,0,1.088235294117647,3.272727272727273,0,1.03125,0.9117647058823529,2.7420147420147423,0.9705882352941176,2.9189189189189193,97,2.8529411764705883,0.04986522911051213,0.05245346869712352,0.060218978102189784,0.0,0
milleke01w,2,CHA,0,0.5384615384615384,2.2399999999999998,0,1.4,0.34615384615384615,1.44,0.5384615384615384,2.2399999999999998,51,1.9615384615384615,0.0231023102310231,0.018947368421052633,0.029914529914529916,0.0,0
milleke01w,3,CHA,0,1.21875,2.5342960288808665,0,1.75,0.84375,1.7545126353790614,1.53125,3.184115523465704,140,4.375,0.06018518518518518,0.06601466992665037,0.09859154929577464,0.0,0
milleke01w,4,CHA,0,1.2941176470588236,3.0286806883365203,0,1.3055555555555556,1.0294117647058822,2.4091778202676863,1.3823529411764706,3.2351816443594648,120,3.5294117647058822,0.06303724928366762,0.07028112449799197,0.094,0.0,0
milleke01w,5,IND,0,2.3823529411764706,2.6605839416058394,3,1.4133333333333333,2.176470588235294,2.4306569343065694,3.1176470588235294,3.4817518248175183,256,7.529411764705882,0.1265625,0.15195071868583163,0.1906474820143885,0.23076923076923078,0
milleke01w,6,IND,0,2.3823529411764706,2.7587511825922424,1,1.5,1.5588235294117647,1.805108798486282,2.3823529411764706,2.7587511825922424,209,6.147058823529412,0.1210762331838565,0.1108786610878661,0.16396761133603238,0.14285714285714285,0
milleke01w,7,PHO,0,2.740740740740741,3.272727272727273,0,1.2702702702702702,2.7037037037037037,3.2285012285012287,3.4814814814814814,4.157248157248157,272,10.074074074074074,0.09973045822102426,0.16478555304740405,0.14664586583463338,0.0,0
milleke01w,8,PHO,0,2.764705882352941,3.253846153846154,1,1.793103448275862,2.5294117647058822,2.976923076923077,4.588235294117647,5.3999999999999995,371,10.911764705882353,0.1426403641881639,0.17659137577002054,0.22807017543859648,0.16666666666666666,0
milleke01w,9,PHO,0,1.9411764705882353,2.5142857142857142,0,1.588235294117647,2.4705882352941178,3.2,3.9705882352941178,5.142857142857142,309,9.088235294117647,0.0830188679245283,0.17142857142857143,0.24064171122994651,0.0,0
milleke01w,10,MIN,0,1.6470588235294117,2.9866666666666664,0,1.3137254901960784,1.4705882352941178,2.6666666666666665,1.9705882352941178,3.5733333333333333,167,4.911764705882353,0.08069164265129683,0.09727626459143969,0.13137254901960785,0.0,0
millsta01w,1,WAS,0,2.2903225806451615,8.664406779661018,1,0.23684210526315788,1.1935483870967742,4.5152542372881355,0.2903225806451613,1.0983050847457627,107,3.4516129032258065,0.11872909698996656,0.07297830374753451,0.017241379310344827,0.25,0
millsta01w,2,WAS,0,2.4,8.12539184952978,0,0.23076923076923078,0.8333333333333334,2.8213166144200628,0.2,0.677115987460815,129,4.3,0.13382899628252787,0.05040322580645161,0.01411764705882353,0.0,0
millsta01w,3,WAS,0,0.75,6.352941176470589,0,0.0,0.5,4.235294117647059,0.0,0.0,4,1.0,0.005136986301369863,0.0043859649122807015,0.0,0.0,0
millsta01w,4,SAS,0,2.0,11.286486486486487,1,0.2916666666666667,0.7931034482758621,4.475675675675676,0.2413793103448276,1.3621621621621622,68,2.3448275862068964,0.07956104252400549,0.04474708171206226,0.016317016317016316,0.1111111111111111,0
millsta01w,8,DET,0,2.2,7.764705882352942,0,0.2857142857142857,1.2,4.235294117647059,0.4,1.4117647058823528,20,4.0,0.015647226173541962,0.010619469026548672,0.0035460992907801418,0.0,0
miltode01w,1,LAS,0,3.875,4.541200406917599,3,1.0,2.09375,2.4537131230925735,2.125,2.490335707019329,335,10.46875,0.17563739376770537,0.14346895074946467,0.11584327086882454,0.21428571428571427,0
miltode01w,2,LAS,0,3.15625,3.876332622601279,0,1.152542372881356,1.8125,2.226012793176972,2.125,2.609808102345416,315,9.84375,0.16369529983792544,0.13211845102505695,0.11390284757118928,0.0,0
miltode01w,3,LAS,0,3.8125,4.546583850931677,3,0.47368421052631576,2.9375,3.5031055900621118,1.40625,1.6770186335403725,341,10.65625,0.18345864661654135,0.18146718146718147,0.07705479452054795,0.15789473684210525,0
miltode01w,4,LAS,0,3.5161290322580645,3.613259668508287,3,0.8,2.5483870967741935,2.61878453038674,2.064516129032258,2.1215469613259668,374,12.064516129032258,0.1595900439238653,0.16772823779193205,0.10884353741496598,0.23076923076923078,0
miltode01w,5,LAS,0,3.3157894736842106,3.754966887417219,1,0.6326530612244898,2.526315789473684,2.8609271523178808,1.631578947368421,1.847682119205298,154,8.105263157894736,0.0860655737704918,0.09056603773584905,0.049441786283891544,0.14285714285714285,0
miltode01w,6,WAS,0,3.5454545454545454,3.940130963517306,4,0.7631578947368421,2.272727272727273,2.5257249766136574,1.7575757575757576,1.9532273152478952,305,9.242424242424242,0.167621776504298,0.1720183486238532,0.11196911196911197,0.5,0
miltode01w,7,WAS,0,3.782608695652174,4.64,2,0.7058823529411765,2.9130434782608696,3.5733333333333333,2.0869565217391304,2.56,212,9.217391304347826,0.11082802547770701,0.12361623616236163,0.0831889081455806,0.125,0
miltode01w,8,WAS,0,3.1470588235294117,3.375985977212971,2,0.45081967213114754,3.5588235294117645,3.817703768624014,1.6176470588235294,1.7353198948290973,362,10.647058823529411,0.1400523560209424,0.21153846153846154,0.11627906976744186,0.18181818181818182,0
miltode01w,9,LAS,0,3.5161290322580645,3.862204724409449,0,0.73,3.193548387096774,3.5078740157480315,2.3548387096774195,2.5866141732283463,321,10.35483870967742,0.15266106442577032,0.1625615763546798,0.11889250814332247,0.0,0
miltode01w,10,LAS,0,2.5454545454545454,2.8993288590604025,1,0.9466666666666667,2.242424242424242,2.554170661553212,2.1515151515151514,2.450623202301055,277,8.393939393939394,0.14383561643835616,0.13005272407732865,0.12074829931972789,0.2,0
mitchle01w,9,NYL,0,1.2647058823529411,2.988416988416988,0,2.425,1.1470588235294117,2.7104247104247103,2.8529411764705883,6.741312741312741,174,5.117647058823529,0.06554878048780488,0.07116788321167883,0.17572463768115942,0.0,0
mitchle01w,10,NYL,0,1.3529411764705883,3.798165137614679,0,2.814814814814815,0.7647058823529411,2.146788990825688,2.235294117647059,6.275229357798166,128,3.764705882352941,0.07210031347962383,0.04779411764705882,0.1442125237191651,0.0,0
moeggli01w,7,CHI,0,0.5185185185185185,1.819494584837545,0,1.0625,0.5555555555555556,1.9494584837545126,0.6296296296296297,2.2093862815884475,79,2.925925925925926,0.02074074074074074,0.028409090909090908,0.03333333333333333,0.0,0
moeggli01w,8,CHI,0,0.6521739130434783,2.6213592233009706,0,0.5454545454545454,0.43478260869565216,1.7475728155339805,0.2608695652173913,1.0485436893203883,42,1.826086956521739,0.023622047244094488,0.019569471624266144,0.010033444816053512,0.0,0
moisead01w,2,PHO,0,1.5714285714285714,3.2195121951219514,0,1.0,2.2857142857142856,4.682926829268293,2.4285714285714284,4.975609756097561,39,5.571428571428571,0.01757188498402556,0.03076923076923077,0.03300970873786408,0.0,0
moisead01w,3,PHO,0,1.65625,3.0823909531502425,0,1.082191780821918,2.25,4.187399030694669,2.46875,4.594507269789983,172,5.375,0.08493589743589744,0.14342629482071714,0.18457943925233644,0.0,0
moisead01w,8,PHO,0,0.5,2.32258064516129,0,0.2727272727272727,2.5,11.612903225806452,0.75,3.4838709677419355,13,3.25,0.0030349013657056147,0.02053388090349076,0.0043859649122807015,0.0,0
montaan01w,10,MIN,0,1.0625,3.621301775147929,0,1.4615384615384615,0.75,2.5562130177514795,1.1875,4.047337278106509,54,3.375,0.024495677233429394,0.023346303501945526,0.03725490196078431,0.0,0
montgre01w,10,MIN,0,1.088235294117647,1.743455497382199,0,1.0746268656716418,1.9411764705882353,3.109947643979057,2.1176470588235294,3.392670157068063,172,5.0588235294117645,0.053314121037463975,0.12840466926070038,0.1411764705882353,0.0,0
mooreja01w,3,IND,0,0.8888888888888888,4.5,0,0.2,0.7777777777777778,3.9375,0.16666666666666666,0.84375,38,2.111111111111111,0.02857142857142857,0.03189066059225513,0.006696428571428571,0.0,0
mooreje01w,6,CHA,1,1.5,6.612244897959184,1,0.4,0.6666666666666666,2.9387755102040813,0.3333333333333333,1.4693877551020407,7,1.1666666666666667,0.012362637362637362,0.007462686567164179,0.004048582995951417,0.09090909090909091,0
mooreje01w,6,LAS,2,1.4,6.935779816513762,0,0.16666666666666666,0.3333333333333333,1.651376146788991,0.06666666666666667,0.3302752293577982,13,0.8666666666666667,0.028455284552845527,0.010141987829614604,0.0018115942028985507,0.0,0
mooreje01w,7,LAS,0,2.323529411764706,4.355283307810107,1,0.8275862068965517,0.8235294117647058,1.5436447166921898,0.7058823529411765,1.32312404287902,153,4.5,0.1161764705882353,0.052336448598130844,0.03927986906710311,0.125,0
mooreje01w,8,LAS,0,2.206896551724138,5.236363636363636,1,0.5294117647058824,1.1379310344827587,2.6999999999999997,0.6206896551724138,1.4727272727272727,118,4.068965517241379,0.08731241473396999,0.057692307692307696,0.032432432432432434,0.14285714285714285,0
mooreje01w,9,LAS,0,1.7142857142857142,5.592233009708737,0,0.9444444444444444,0.6071428571428571,1.9805825242718447,0.6071428571428571,1.9805825242718447,71,2.5357142857142856,0.06722689075630252,0.027914614121510674,0.02768729641693811,0.0,0
mooreje01w,10,IND,0,2.7419354838709675,4.99184339314845,0,0.42424242424242425,1.032258064516129,1.8792822185970637,0.45161290322580644,0.8221859706362153,135,4.354838709677419,0.12265512265512266,0.06015037593984962,0.026515151515151516,0.0,0
moorelo01w,6,NYL,0,0.5,2.3736263736263736,0,0.7307692307692307,1.0416666666666667,4.945054945054945,0.7916666666666666,3.758241758241758,56,2.3333333333333335,0.019543973941368076,0.05399568034557235,0.03807615230460922,0.0,0
moorelo01w,7,NYL,0,2.6470588235294117,3.403361344537815,0,1.8484848484848484,1.911764705882353,2.4579831932773106,3.588235294117647,4.61344537815126,337,9.911764705882353,0.13333333333333333,0.11265164644714037,0.25630252100840334,0.0,0
moorelo01w,8,NYL,0,2.735294117647059,2.878761822871883,1,1.63,2.911764705882353,3.064488392089424,4.794117647058823,5.045571797076526,381,11.205882352941176,0.15024232633279483,0.16150081566068517,0.3253493013972056,0.3333333333333333,0
moorelo01w,9,NYL,0,2.4482758620689653,3.1594561186650183,0,1.6923076923076923,2.6551724137931036,3.426452410383189,4.551724137931035,5.873918417799754,292,10.068965517241379,0.10823170731707317,0.14051094890510948,0.2391304347826087,0.0,0
moorelo01w,10,NYL,0,1.6176470588235294,2.104144527098831,0,1.6835443037974684,2.2941176470588234,2.984059511158342,3.911764705882353,5.088204038257173,326,9.588235294117647,0.08620689655172414,0.14338235294117646,0.2523719165085389,0.0,0
moorena01w,8,MIN,0,1.105263157894737,8.689655172413794,0,0.5,0.3684210526315789,2.896551724137931,0.21052631578947367,1.6551724137931034,22,1.1578947368421053,0.029411764705882353,0.012455516014234875,0.006700167504187605,0.0,0
moorena01w,9,MIN,0,1.125,5.183999999999999,0,1.25,0.1875,0.864,0.3125,1.44,27,1.6875,0.023936170212765957,0.006342494714587738,0.008960573476702509,0.0,0
mooreta01w,3,MIA,1,3.2,6.9397590361445785,0,0.8333333333333334,2.2,4.771084337349398,2.0,4.337349397590361,24,4.8,0.024844720496894408,0.02522935779816514,0.020964360587002098,0.0,0
mooreta01w,3,MIN,2,2.5,3.583460949464012,0,1.04,2.8461538461538463,4.079632465543645,3.0,4.300153139356815,186,7.153846153846154,0.10517799352750809,0.13962264150943396,0.1670235546038544,0.0,0
mooreta01w,4,DET,1,0.3333333333333333,2.7272727272727275,0,0.5714285714285714,0.4,3.272727272727273,0.26666666666666666,2.1818181818181817,19,1.2666666666666666,0.00825082508250825,0.009852216748768473,0.007326007326007326,0.0,0
mooreta01w,4,PHO,2,0.8181818181818182,2.9454545454545453,0,0.7272727272727273,0.9090909090909091,3.272727272727273,0.7272727272727273,2.618181818181818,36,3.272727272727273,0.013533834586466165,0.020833333333333332,0.017316017316017316,0.0,0
mooreta01w,5,PHO,0,1.4375,4.27906976744186,0,1.5142857142857142,1.0625,3.1627906976744184,1.65625,4.930232558139535,116,3.625,0.06141522029372497,0.07311827956989247,0.10557768924302789,0.0,0
mooreta01w,6,NYL,0,0.8571428571428571,4.5,0,1.2,0.5714285714285714,3.0,0.8571428571428571,4.5,13,1.8571428571428572,0.009771986970684038,0.008639308855291577,0.012024048096192385,0.0,0
mooreta01w,7,LAS,0,1.7352941176470589,3.3501577287066246,0,1.6666666666666667,1.1176470588235294,2.1577287066246056,1.911764705882353,3.690851735015773,177,5.205882352941177,0.08676470588235294,0.07102803738317758,0.10638297872340426,0.0,0
mooreta01w,8,HOU,0,2.533333333333333,4.73356401384083,1,1.3333333333333333,2.1333333333333333,3.9861591695501732,2.933333333333333,5.480968858131488,87,5.8,0.057926829268292686,0.050473186119873815,0.07871198568872988,0.25,0
moosca01w,3,MIA,0,1.0,12.0,0,0.0,0.0,0.0,0.0,0.0,1,0.5,0.003105590062111801,0.0,0.0,0.0,0
mosbybe01w,8,WAS,0,0.7857142857142857,2.8387096774193545,0,0.5,0.6785714285714286,2.4516129032258065,0.35714285714285715,1.2903225806451613,102,3.642857142857143,0.028795811518324606,0.033216783216783216,0.021141649048625793,0.0,0
mosbybe01w,9,WAS,0,0.8333333333333334,3.9344262295081966,0,0.15384615384615385,0.5,2.360655737704918,0.08333333333333333,0.39344262295081966,64,2.6666666666666665,0.026385224274406333,0.018808777429467086,0.004132231404958678,0.0,0
mosbybe01w,10,WAS,0,1.2083333333333333,6.177514792899408,1,0.17647058823529413,0.6666666666666666,3.408284023668639,0.125,0.6390532544378699,49,2.0416666666666665,0.03994490358126722,0.02631578947368421,0.006607929515418502,0.14285714285714285,0
moweje01w,2,POR,0,1.0,10.588235294117647,0,0.0,0.4,4.235294117647059,0.0,0.0,4,0.8,0.007886435331230283,0.003992015968063872,0.0,0.0,0
moweje01w,3,POR,0,0.6,6.75,0,0.0,0.2,2.25,0.0,0.0,1,0.2,0.004807692307692308,0.0020242914979757085,0.0,0.0,0
moweje01w,4,LAS,0,3.0,5.142857142857142,0,0.0,1.0,1.7142857142857142,0.0,0.0,2,2.0,0.004392386530014641,0.0021231422505307855,0.0,0.0,0
mulitna01w,1,UTA,0,1.6818181818181819,4.577319587628866,0,0.1935483870967742,1.3636363636363635,3.7113402061855667,0.2727272727272727,0.7422680412371134,50,2.272727272727273,0.05293276108726753,0.05504587155963303,0.011472275334608031,0.0,0
murphsh01w,8,MIN,0,1.5,3.963302752293578,0,0.8095238095238095,0.625,1.651376146788991,0.53125,1.4036697247706422,148,4.625,0.06722689075630252,0.03558718861209965,0.02847571189279732,0.0,0
murphsh01w,9,DET,2,1.2307692307692308,4.721311475409836,0,0.7,0.6923076923076923,2.6557377049180326,0.5384615384615384,2.0655737704918034,36,2.769230769230769,0.022068965517241378,0.018108651911468814,0.011570247933884297,0.0,0
murphsh01w,9,MIN,1,1.0,14.4,0,0.0,0.0,0.0,0.0,0.0,2,1.0,0.0026595744680851063,0.0,0.0,0.0,0
murphsh01w,9,WAS,3,0.5,3.272727272727273,0,0.3333333333333333,1.0,6.545454545454546,0.5,3.272727272727273,4,2.0,0.0013192612137203166,0.003134796238244514,0.002066115702479339,0.0,0
murphsh01w,10,IND,0,1.25,5.806451612903226,0,1.0,0.375,1.7419354838709677,0.4166666666666667,1.935483870967742,60,2.5,0.04329004329004329,0.016917293233082706,0.01893939393939394,0.0,0
nagyan01w,1,WAS,0,2.391304347826087,2.8530259365994235,0,2.107142857142857,2.391304347826087,2.8530259365994235,5.130434782608695,6.121037463976946,206,8.956521739130435,0.09197324414715718,0.10848126232741617,0.2260536398467433,0.0,0
nagyan01w,2,NYL,0,1.0869565217391304,4.225352112676056,1,1.0,1.0,3.887323943661972,1.0434782608695652,4.056338028169014,38,1.6521739130434783,0.04051863857374392,0.05251141552511415,0.04332129963898917,0.14285714285714285,0
nagyan01w,3,SAC,0,2.125,4.488997555012225,1,2.28125,1.2916666666666667,2.728606356968215,3.0416666666666665,6.425427872860635,116,4.833333333333333,0.07544378698224852,0.06783369803063458,0.14570858283433133,0.1111111111111111,0
nanch01w,10,CHI,0,1.4615384615384615,4.2749999999999995,0,0.2,1.1153846153846154,3.2624999999999997,0.23076923076923078,0.6749999999999999,78,3.0,0.0627062706270627,0.054409005628517824,0.01125703564727955,0.0,0
ndiayas01w,1,DET,0,2.71875,3.608294930875576,0,0.6153846153846154,2.0,2.654377880184332,1.25,1.6589861751152075,272,8.5,0.12393162393162394,0.12052730696798493,0.07936507936507936,0.0,0
ndiayas01w,2,DET,0,2.5625,3.2332968236582693,1,0.6621621621621622,2.28125,2.87842278203724,1.53125,1.932092004381161,270,8.4375,0.13598673300165837,0.1462925851703407,0.10425531914893617,0.25,0
ndiayas01w,3,DET,0,2.03125,3.015463917525773,0,0.6610169491525424,1.8125,2.690721649484536,1.21875,1.809278350515464,230,7.1875,0.10655737704918032,0.1070110701107011,0.081419624217119,0.0,0
ndiayas01w,4,DET,0,0.2727272727272727,1.542857142857143,0,0.1,0.8181818181818182,4.628571428571428,0.09090909090909091,0.5142857142857142,19,1.7272727272727273,0.0049504950495049506,0.014778325123152709,0.0018315018315018315,0.0,0
ndiayas01w,5,IND,0,0.7,3.4054054054054057,0,0.4444444444444444,0.8,3.891891891891892,0.4,1.945945945945946,19,1.9,0.0109375,0.01642710472279261,0.007194244604316547,0.0,0
ndiayas01w,7,HOU,0,1.2727272727272727,3.968503937007874,0,0.7272727272727273,0.9090909090909091,2.8346456692913384,0.7272727272727273,2.267716535433071,40,3.6363636363636362,0.022653721682847898,0.01763668430335097,0.0150093808630394,0.0,0
ndiayas01w,8,SEA,0,1.5,3.7241379310344827,0,0.0,1.25,3.1034482758620694,0.0,0.0,9,2.25,0.00966183574879227,0.009363295880149813,0.0,0.0,0
ndongem01w,7,LAS,0,1.3529411764705883,7.45945945945946,0,0.42857142857142855,0.35294117647058826,1.945945945945946,0.17647058823529413,0.972972972972973,44,2.588235294117647,0.033823529411764704,0.011214953271028037,0.004909983633387889,0.0,0
nemcoev01w,1,CLE,0,2.0714285714285716,2.3566591422121896,0,0.8214285714285714,1.9285714285714286,2.194130925507901,1.6428571428571428,1.8690744920993227,87,6.214285714285714,0.044753086419753084,0.05009276437847866,0.04259259259259259,0.0,0
nemcoev01w,2,CLE,0,1.125,2.8672566371681416,0,1.1428571428571428,0.75,1.911504424778761,1.0,2.5486725663716814,25,3.125,0.016885553470919325,0.01348314606741573,0.015873015873015872,0.0,0
nevescl01w,1,DET,0,1.0,1.6981132075471699,0,1.0535714285714286,1.8333333333333333,3.1132075471698113,1.9666666666666666,3.339622641509434,126,4.2,0.042735042735042736,0.10357815442561205,0.11706349206349206,0.0,0
nevescl01w,2,DET,0,0.9545454545454546,1.8574938574938573,0,1.1724137931034482,1.2727272727272727,2.4766584766584767,1.5454545454545454,3.0073710073710074,84,3.8181818181818183,0.03482587064676617,0.056112224448897796,0.07234042553191489,0.0,0
nevescl01w,3,MIA,0,0.9,3.3402061855670104,0,1.7857142857142858,0.65,2.4123711340206184,1.25,4.639175257731958,40,2.0,0.027950310559006212,0.02981651376146789,0.05241090146750524,0.0,0
newtoch01w,6,SAC,0,3.0,5.135664335664336,0,1.4473684210526316,1.088235294117647,1.862937062937063,1.6176470588235294,2.769230769230769,154,4.529411764705882,0.14890510948905109,0.07385229540918163,0.10416666666666667,0.0,0
newtoch01w,7,CHI,0,2.5555555555555554,3.8333333333333335,0,1.4146341463414633,1.4814814814814814,2.2222222222222223,2.1481481481481484,3.222222222222222,172,6.37037037037037,0.10222222222222223,0.07575757575757576,0.11372549019607843,0.0,0
newtoch01w,8,SAC,0,2.823529411764706,4.9655172413793105,2,1.069767441860465,1.2352941176470589,2.1724137931034484,1.3529411764705883,2.3793103448275863,145,4.264705882352941,0.14930015552099535,0.06862745098039216,0.08550185873605948,0.3333333333333333,0
newtoch01w,9,SAC,0,2.1538461538461537,5.129770992366412,0,1.0769230769230769,0.9615384615384616,2.2900763358778624,1.0769230769230769,2.564885496183206,94,3.6153846153846154,0.08104196816208394,0.04258943781942078,0.05907172995780591,0.0,0
newtoch01w,10,SAC,0,1.3478260869565217,3.3214285714285716,0,2.2941176470588234,0.6956521739130435,1.7142857142857142,1.6956521739130435,4.178571428571429,90,3.9130434782608696,0.047987616099071206,0.02735042735042735,0.07208872458410351,0.0,0
ngarsch01w,7,NYL,0,0.6666666666666666,3.9130434782608696,0,0.5555555555555556,0.5333333333333333,3.1304347826086953,0.3333333333333333,1.9565217391304348,30,2.0,0.014814814814814815,0.01386481802426343,0.01050420168067227,0.0,0
ngoyibe01w,3,NYL,0,0.2857142857142857,6.0,0,0.0,0.0,0.0,0.0,0.0,7,1.0,0.003129890453834116,0.0,0.0,0.0,0
ngoyibe01w,6,SAS,0,1.7307692307692308,6.454183266932271,1,0.19230769230769232,0.9615384615384616,3.585657370517928,0.19230769230769232,0.7171314741035857,73,2.8076923076923075,0.06912442396313365,0.04664179104477612,0.01152073732718894,0.125,0
ngoyibe01w,7,CHI,0,2.966666666666667,5.110047846889953,1,0.45901639344262296,2.0,3.444976076555024,0.9333333333333333,1.6076555023923444,219,7.3,0.13185185185185186,0.11363636363636363,0.054901960784313725,0.2,0
ngoyibe01w,9,IND,0,1.4516129032258065,7.168141592920354,0,0.21875,1.0,4.938053097345133,0.22580645161290322,1.1150442477876106,73,2.3548387096774195,0.061813186813186816,0.052901023890784986,0.013972055888223553,0.0,0
nieuwma01w,6,LAS,0,0.7142857142857143,11.25,0,0.0,0.2857142857142857,4.5,0.0,0.0,2,0.2857142857142857,0.006775067750677507,0.004056795131845842,0.0,0.0,0
nnamach01w,9,ATL,0,0.9166666666666666,4.714285714285714,0,0.4,0.3333333333333333,1.7142857142857142,0.16666666666666666,0.8571428571428571,19,1.5833333333333333,0.013801756587202008,0.006734006734006734,0.004056795131845842,0.0,0
nolande01w,2,DET,0,1.5925925925925926,2.8403669724770646,0,0.8333333333333334,1.2962962962962963,2.3119266055045875,1.1111111111111112,1.981651376146789,106,3.925925925925926,0.07131011608623548,0.07014028056112225,0.06382978723404255,0.0,0
nolande01w,3,DET,0,2.3125,3.3134328358208953,1,1.0,1.90625,2.7313432835820897,1.9375,2.7761194029850746,188,5.875,0.12131147540983607,0.11254612546125461,0.12943632567849686,0.5,0
nolande01w,4,DET,0,2.03125,2.452830188679245,0,1.1857142857142857,2.15625,2.6037735849056602,2.59375,3.1320754716981134,245,7.65625,0.10726072607260725,0.11330049261083744,0.152014652014652,0.0,0
nolande01w,5,DET,0,2.2058823529411766,2.3725834797891037,1,1.2307692307692308,2.6470588235294117,2.8471001757469243,3.2941176470588234,3.5430579964850613,324,9.529411764705882,0.11556240369799692,0.17509727626459143,0.19823008849557522,0.14285714285714285,0
nolande01w,6,DET,0,1.9393939393939394,1.8994229183841715,0,1.198019801980198,3.0303030303030303,2.9678483099752677,3.6666666666666665,3.5910964550700744,346,10.484848484848484,0.08398950131233596,0.17482517482517482,0.25473684210526315,0.0,0
nolande01w,7,DET,0,2.323529411764706,2.6139705882352944,1,1.4252873563218391,2.5294117647058822,2.8455882352941178,3.6470588235294117,4.102941176470588,335,9.852941176470589,0.11095505617977527,0.15985130111524162,0.2164048865619546,0.2,0
nolande01w,8,DET,0,2.0294117647058822,2.1140425531914895,0,1.5903614457831325,2.411764705882353,2.5123404255319146,3.8823529411764706,4.044255319148936,341,10.029411764705882,0.09815078236130868,0.14513274336283186,0.23404255319148937,0.0,0
nolande01w,9,DET,0,2.0,2.13986013986014,1,2.027027027027027,2.1470588235294117,2.2972027972027975,4.411764705882353,4.72027972027972,335,9.852941176470589,0.09379310344827586,0.14688128772635814,0.24793388429752067,0.14285714285714285,0
nolande01w,10,DET,0,2.757575757575758,2.943396226415094,1,1.5675675675675675,2.212121212121212,2.3611859838274936,3.515151515151515,3.752021563342318,311,9.424242424242424,0.11864406779661017,0.13345521023765997,0.2013888888888889,0.1,0
nygaava01w,1,POR,0,3.0625,4.185053380782918,2,0.7692307692307693,1.1875,1.6227758007117439,0.9375,1.2811387900355873,173,5.40625,0.12860892388451445,0.06397306397306397,0.062370062370062374,0.16666666666666666,0
nygaava01w,2,POR,0,1.5483870967741935,6.671814671814672,0,0.6666666666666666,0.45161290322580644,1.945945945945946,0.3225806451612903,1.3899613899613898,53,1.7096774193548387,0.07570977917981073,0.027944111776447105,0.022123893805309734,0.0,0
nygaava01w,3,MIA,0,1.6896551724137931,3.9819413092550793,0,0.6428571428571429,0.4482758620689655,1.0564334085778782,0.3103448275862069,0.7313769751693002,88,3.0344827586206895,0.07608695652173914,0.02981651376146789,0.018867924528301886,0.0,0
nygaava01w,4,LAS,0,2.0,4.714285714285714,1,1.0,0.36363636363636365,0.8571428571428571,0.45454545454545453,1.0714285714285714,27,2.4545454545454546,0.032210834553440704,0.008492569002123142,0.008503401360544218,0.07692307692307693,0
ogayu01w,9,PHO,0,0.5652173913043478,2.5999999999999996,1,0.6086956521739131,0.9565217391304348,4.3999999999999995,0.6086956521739131,2.8,38,1.6521739130434783,0.016352201257861635,0.044897959183673466,0.024955436720142603,0.08333333333333333,0
ohldeni01w,5,MIN,0,3.0294117647058822,3.642436149312377,1,0.8,2.176470588235294,2.6168958742632613,1.7647058823529411,2.1218074656188604,315,9.264705882352942,0.15582450832072617,0.12052117263843648,0.11385199240986717,0.25,0
ohldeni01w,6,MIN,0,2.7058823529411766,3.1907514450867054,1,0.9176470588235294,2.4705882352941178,2.913294797687861,2.2941176470588234,2.7052023121387285,315,9.264705882352942,0.1472,0.1564245810055866,0.14661654135338345,0.25,0
ohldeni01w,7,MIN,0,2.911764705882353,4.096551724137932,0,0.72,2.176470588235294,3.0620689655172413,1.588235294117647,2.2344827586206897,289,8.5,0.15114503816793892,0.1393596986817326,0.10975609756097561,0.0,0
ohldeni01w,8,MIN,0,3.735294117647059,4.9587852494577005,4,0.6746987951807228,2.411764705882353,3.2017353579175705,1.6470588235294117,2.1865509761388284,301,8.852941176470589,0.17787114845938376,0.14590747330960854,0.09380234505862646,0.6666666666666666,0
ohldeni01w,9,MIN,0,2.588235294117647,5.667262969588551,1,0.8823529411764706,1.4705882352941178,3.2200357781753133,1.3235294117647058,2.8980322003577816,189,5.5588235294117645,0.11702127659574468,0.10570824524312897,0.08064516129032258,0.07692307692307693,0
ohldeni01w,10,PHO,0,2.619047619047619,6.366559485530547,1,0.2,1.380952380952381,3.3569131832797425,0.2857142857142857,0.6945337620578779,90,4.285714285714286,0.07422402159244265,0.05788423153692615,0.009584664536741214,0.14285714285714285,0
oneilkr01w,9,SEA,0,0.36363636363636365,4.64516129032258,0,0.5,0.09090909090909091,1.161290322580645,0.09090909090909091,1.161290322580645,4,0.36363636363636365,0.00583941605839416,0.0018975332068311196,0.0018832391713747645,0.0,0
osipoir01w,7,DET,0,0.5,3.0,0,0.0,0.5,3.0,0.0,0.0,1,0.5,0.0014044943820224719,0.0018587360594795538,0.0,0.0,0
owenhe01w,1,WAS,0,1.0909090909090908,7.2,0,0.5,0.2727272727272727,1.8,0.18181818181818182,1.2,11,1.0,0.020066889632107024,0.005917159763313609,0.0038314176245210726,0.0,0
owenssh01w,1,MIA,0,3.064516129032258,5.652892561983471,3,0.38181818181818183,1.7419354838709677,3.2132231404958675,0.6774193548387096,1.2495867768595041,155,5.0,0.134180790960452,0.10285714285714286,0.05048076923076923,0.5,0
owenssh01w,3,CHA,0,0.0,0.0,0,0.0,0.0,0.0,0.0,0.0,2,1.0,0.0,0.0,0.0,0.0,0
pageda01w,9,CON,0,1.0,9.0,0,0.0,0.6666666666666666,6.0,0.0,0.0,6,2.0,0.004761904761904762,0.004098360655737705,0.0,0.0,0
pagemu01w,1,WAS,0,3.21875,3.5449330783938815,2,1.0,1.96875,2.1682600382409176,2.0,2.202676864244742,327,10.21875,0.17224080267558528,0.1242603550295858,0.12260536398467432,0.5,0
pagemu01w,2,WAS,0,2.75,3.203235591506572,2,0.9016393442622951,1.875,2.1840242669362993,1.71875,2.0020222446916076,298,9.3125,0.16356877323420074,0.12096774193548387,0.12941176470588237,0.5,0
pagemu01w,3,WAS,0,2.46875,3.792,0,0.8043478260869565,1.40625,2.16,1.15625,1.776,221,6.90625,0.13527397260273974,0.09868421052631579,0.07156673114119923,0.0,0
pagemu01w,4,WAS,0,2.9705882352941178,4.277647058823529,0,0.8333333333333334,1.2058823529411764,1.736470588235294,1.0294117647058822,1.4823529411764707,229,6.735294117647059,0.14918759231905465,0.08855291576673865,0.061511423550087874,0.0,0
pagemu01w,5,WAS,0,2.5757575757575757,3.7824474660074165,1,1.1612903225806452,0.9090909090909091,1.3349814585908528,1.0909090909090908,1.6019777503090236,217,6.575757575757576,0.13016845329249618,0.07058823529411765,0.07692307692307693,0.5,0
pagemu01w,6,WAS,0,1.6470588235294117,3.422750424448217,0,1.0416666666666667,0.6764705882352942,1.4057724957555178,0.7352941176470589,1.5280135823429541,132,3.8823529411764706,0.08022922636103152,0.052752293577981654,0.04826254826254826,0.0,0
pagemu01w,7,LAS,0,1.8529411764705883,3.2869565217391306,1,1.064516129032258,0.8823529411764706,1.5652173913043477,0.9705882352941176,1.7217391304347827,180,5.294117647058823,0.09264705882352942,0.056074766355140186,0.054009819967266774,0.125,0
pagemu01w,8,LAS,0,2.0,3.9043062200956937,0,1.7307692307692308,0.7352941176470589,1.4354066985645935,1.3235294117647058,2.583732057416268,179,5.264705882352941,0.0927694406548431,0.043706293706293704,0.08108108108108109,0.0,0
pagemu01w,9,LAS,0,1.2222222222222223,4.888888888888888,0,1.1666666666666667,0.4074074074074074,1.6296296296296298,0.5185185185185185,2.074074074074074,55,2.037037037037037,0.046218487394957986,0.0180623973727422,0.02280130293159609,0.0,0
paigeyo01w,6,IND,0,0.07692307692307693,0.4615384615384615,0,1.8571428571428572,0.46153846153846156,2.769230769230769,1.0,6.0,24,1.8461538461538463,0.0014947683109118087,0.012552301255230125,0.02631578947368421,0.0,0
paliesa01w,7,DET,0,0.8181818181818182,6.352941176470589,0,0.5454545454545454,0.9090909090909091,7.0588235294117645,0.5454545454545454,4.235294117647059,12,1.0909090909090908,0.012640449438202247,0.01858736059479554,0.010471204188481676,0.0,0
palmewe01w,1,DET,0,3.5,4.411378555798687,2,0.5909090909090909,2.03125,2.560175054704595,1.21875,1.5361050328227572,288,9.0,0.15954415954415954,0.1224105461393597,0.07738095238095238,0.4,0
palmewe01w,2,DET,0,2.909090909090909,3.539170506912442,0,0.46938775510204084,2.1818181818181817,2.654377880184332,1.0454545454545454,1.2718894009216588,204,9.272727272727273,0.10613598673300166,0.09619238476953908,0.04893617021276596,0.0,0
palmewe01w,3,DET,1,2.75,3.413793103448276,0,0.5714285714285714,2.125,2.6379310344827585,1.25,1.5517241379310347,131,8.1875,0.07213114754098361,0.06273062730627306,0.04175365344467641,0.0,0
palmewe01w,3,ORL,2,2.875,3.305389221556886,0,0.875,1.4375,1.652694610778443,1.3125,1.5089820359281436,142,8.875,0.06865671641791045,0.05032822757111598,0.04697986577181208,0.0,0
palmewe01w,4,CON,0,1.9375,5.1547344110854505,0,0.4444444444444444,1.09375,2.9099307159353347,0.5,1.3302540415704387,136,4.25,0.09337349397590361,0.08045977011494253,0.030710172744721688,0.0,0
palmewe01w,5,CON,0,2.3333333333333335,3.5267175572519083,0,0.7317073170731707,1.2121212121212122,1.83206106870229,0.9090909090909091,1.3740458015267176,240,7.2727272727272725,0.1260229132569558,0.08639308855291576,0.05235602094240838,0.0,0
palmewe01w,6,SAS,0,2.176470588235294,3.0204081632653064,0,0.7674418604651163,1.2352941176470589,1.7142857142857142,0.9705882352941176,1.346938775510204,253,7.4411764705882355,0.11367127496159754,0.07835820895522388,0.07603686635944701,0.0,0
palmewe01w,7,SEA,0,3.4,5.1,0,0.2727272727272727,2.0,3.0,0.6,0.9,49,9.8,0.024890190336749635,0.017513134851138354,0.005825242718446602,0.0,0
palmewe01w,8,SEA,0,2.2058823529411766,5.69620253164557,0,0.4594594594594595,1.0588235294117647,2.7341772151898733,0.5,1.2911392405063291,184,5.411764705882353,0.12077294685990338,0.06741573033707865,0.031835205992509365,0.0,0
parisco01w,10,SAC,0,1.4545454545454546,3.9095022624434392,0,1.0476190476190477,0.6060606060606061,1.6289592760180995,0.6666666666666666,1.7918552036199094,177,5.363636363636363,0.07430340557275542,0.03418803418803419,0.04066543438077634,0.0,0
parkeca01w,9,LAS,0,2.757575757575758,2.9540126239855726,2,1.202127659574468,2.8181818181818183,3.018935978358882,3.4242424242424243,3.6681695220919748,543,16.454545454545453,0.12745098039215685,0.15270935960591134,0.18403908794788273,0.4,0
parkeca01w,10,LAS,0,2.12,2.3411042944785274,1,1.1428571428571428,2.2,2.4294478527607364,2.56,2.826993865030675,376,15.04,0.09075342465753425,0.09666080843585237,0.10884353741496598,0.2,0
pascafl01w,9,SEA,0,0.3333333333333333,4.0,0,0.0,0.3333333333333333,4.0,0.0,0.0,1,0.3333333333333333,0.00145985401459854,0.0018975332068311196,0.0,0.0,0
pavlimi01w,2,UTA,0,0.0,0.0,0,0.5,0.1,1.7142857142857142,0.1,1.7142857142857142,9,0.9,0.0,0.0020242914979757085,0.0019047619047619048,0.0,0
pavlimi01w,4,PHO,0,0.125,1.2413793103448276,0,0.3333333333333333,0.25,2.4827586206896552,0.125,1.2413793103448276,6,0.75,0.0015037593984962407,0.004166666666666667,0.0021645021645021645,0.0,0
payeka01w,1,MIN,0,1.75,4.323529411764706,0,1.3103448275862069,1.0,2.4705882352941178,1.3571428571428572,3.3529411764705883,82,2.9285714285714284,0.07091172214182344,0.05622489959839357,0.07661290322580645,0.0,0
payeka01w,2,MIN,0,1.71875,3.03680981595092,0,2.0638297872340425,1.4375,2.539877300613497,3.03125,5.355828220858895,179,5.59375,0.07902298850574713,0.09055118110236221,0.22146118721461186,0.0,0
payeka01w,3,SEA,0,0.9473684210526315,5.684210526315789,1,0.5555555555555556,0.42105263157894735,2.526315789473684,0.2631578947368421,1.5789473684210527,15,0.7894736842105263,0.028846153846153848,0.016736401673640166,0.009708737864077669,0.16666666666666666,0
penicti01w,1,SAC,0,2.3666666666666667,2.7307692307692304,1,3.2777777777777777,2.3666666666666667,2.7307692307692304,7.866666666666666,9.076923076923077,401,13.366666666666667,0.12412587412587413,0.15468409586056645,0.4154929577464789,0.16666666666666666,0
penicti01w,2,SAC,0,2.5217391304347827,2.806451612903226,1,2.646153846153846,2.782608695652174,3.0967741935483875,7.478260869565218,8.32258064516129,306,13.304347826086957,0.09847198641765705,0.1292929292929293,0.3076923076923077,0.16666666666666666,0
penicti01w,3,SAC,0,2.0416666666666665,2.0679953106682296,0,2.742857142857143,2.875,2.9120750293083235,8.0,8.103165298944901,359,14.958333333333334,0.07248520710059171,0.15098468271334792,0.38323353293413176,0.0,0
penicti01w,4,SAC,0,2.235294117647059,2.512396694214876,1,2.792682926829268,2.3823529411764706,2.677685950413223,6.735294117647059,7.570247933884297,410,12.058823529411764,0.11838006230529595,0.17532467532467533,0.4024604569420035,0.125,0
penicti01w,5,SAC,0,1.9393939393939394,2.375257731958763,0,2.232876712328767,2.1818181818181817,2.672164948453608,4.9393939393939394,6.049484536082475,331,10.030303030303031,0.09968847352024922,0.14814814814814814,0.31346153846153846,0.0,0
penicti01w,6,SAC,0,1.8823529411764706,2.4854368932038833,0,2.1911764705882355,1.9705882352941178,2.6019417475728153,4.382352941176471,5.786407766990291,300,8.823529411764707,0.09343065693430656,0.13373253493013973,0.2821969696969697,0.0,0
penicti01w,7,SAC,0,1.6470588235294117,2.382978723404255,0,1.7058823529411764,1.9705882352941178,2.8510638297872344,3.411764705882353,4.9361702127659575,267,7.852941176470588,0.08345752608047691,0.12338858195211787,0.22745098039215686,0.0,0
penicti01w,8,SAC,0,1.84375,2.8058124174372523,1,2.360655737704918,1.875,2.85336856010568,4.5,6.8480845442536324,277,8.65625,0.09175738724727839,0.09803921568627451,0.26765799256505574,0.16666666666666666,0
penicti01w,9,SAC,0,2.4242424242424243,3.364485981308411,1,1.9545454545454546,2.6363636363636362,3.658878504672897,5.212121212121212,7.233644859813084,342,10.363636363636363,0.11577424023154848,0.14821124361158433,0.3628691983122363,0.25,0
penicti01w,10,SAC,0,1.5,2.2375690607734806,0,2.3846153846153846,2.1333333333333333,3.18232044198895,5.166666666666667,7.707182320441989,270,9.0,0.0696594427244582,0.1094017094017094,0.28650646950092423,0.0,0
pennjo01w,4,WAS,0,0.9333333333333333,3.5,0,0.7619047619047619,0.6666666666666666,2.5,0.5333333333333333,2.0,84,2.8,0.0413589364844904,0.04319654427645788,0.028119507908611598,0.0,0
pennjo01w,5,SAS,0,0.0,0.0,0,0.0,0.0,0.0,0.0,0.0,1,1.0,0.0,0.0,0.0,0.0,0
perkiji01w,5,CHA,0,0.5,4.235294117647059,0,0.5,0.25,2.1176470588235294,0.25,2.1176470588235294,7,1.75,0.0030816640986132513,0.0020833333333333333,0.00234192037470726,0.0,0
perkiji01w,6,CHA,0,1.5,3.4913793103448274,0,0.9696969696969697,1.0666666666666667,2.4827586206896552,1.0666666666666667,2.4827586206896552,114,3.8,0.061813186813186816,0.05970149253731343,0.06477732793522267,0.0,0
perkiji01w,7,CHI,0,2.4,3.0820451843043997,0,1.7017543859649122,1.8666666666666667,2.3971462544589777,3.2333333333333334,4.1521997621878715,260,8.666666666666666,0.10666666666666667,0.10606060606060606,0.19019607843137254,0.0,0
perkiji01w,8,CHI,0,1.9696969696969697,3.070866141732284,1,1.4423076923076923,1.5454545454545454,2.409448818897638,2.272727272727273,3.5433070866141736,242,7.333333333333333,0.10236220472440945,0.09980430528375733,0.1254180602006689,0.16666666666666666,0
perkiji01w,9,CHI,0,2.235294117647059,2.526315789473684,1,1.5483870967741935,1.7941176470588236,2.027700831024931,2.823529411764706,3.1911357340720223,307,9.029411764705882,0.11875,0.11596958174904944,0.17486338797814208,0.2,0
perkiji01w,10,CHI,0,2.2941176470588234,3.016111707841031,0,1.7857142857142858,1.6176470588235294,2.1267454350161117,2.9411764705882355,3.866809881847476,295,8.676470588235293,0.12871287128712872,0.10318949343339587,0.18761726078799248,0.0,0
pettibr01w,1,PHO,0,1.9375,3.8284734133790734,1,1.15,1.21875,2.4082332761578042,1.4375,2.840480274442539,141,4.40625,0.098256735340729,0.09069767441860466,0.09871244635193133,0.16666666666666666,0
pettibr01w,2,PHO,0,1.46875,3.4044265593561365,1,1.2820512820512822,1.1875,2.75251509054326,1.5625,3.6217303822937628,142,4.4375,0.07507987220447285,0.07307692307692308,0.0970873786407767,0.14285714285714285,0
pettibr01w,3,IND,0,0.6875,2.112,0,0.68,0.75,2.3040000000000003,0.53125,1.6320000000000001,64,2.0,0.039285714285714285,0.05466970387243736,0.03794642857142857,0.0,0
pettibr01w,4,IND,0,0.5483870967741935,4.135135135135135,0,0.8888888888888888,0.25806451612903225,1.945945945945946,0.25806451612903225,1.945945945945946,32,1.032258064516129,0.025411061285500747,0.016842105263157894,0.014814814814814815,0.0,0
pettibr01w,7,PHO,0,1.0,5.91044776119403,0,3.3333333333333335,0.18181818181818182,1.0746268656716418,0.9090909090909091,5.3731343283582085,22,2.0,0.014824797843665768,0.004514672686230248,0.015600624024960999,0.0,0
philler01w,7,CON,0,1.1176470588235294,2.2243902439024392,1,2.051282051282051,1.1176470588235294,2.2243902439024392,2.3529411764705883,4.682926829268293,184,5.411764705882353,0.07156308851224105,0.07378640776699029,0.12678288431061807,0.5,0
philler01w,9,CON,0,0.875,2.930232558139535,0,0.42857142857142855,0.75,2.511627906976744,0.375,1.255813953488372,25,3.125,0.011111111111111112,0.012295081967213115,0.004934210526315789,0.0,0
philler01w,10,CON,0,1.625,2.5297297297297296,0,1.5,1.34375,2.091891891891892,2.0625,3.210810810810811,215,6.71875,0.07669616519174041,0.0947136563876652,0.10837438423645321,0.0,0
phillta01w,1,NYL,0,3.5483870967741935,4.049079754601227,5,0.32558139534883723,2.7419354838709675,3.1288343558282206,0.9032258064516129,1.030674846625767,355,11.451612903225806,0.1779935275080906,0.17894736842105263,0.058577405857740586,0.625,0
phillta01w,2,NYL,0,3.4375,3.775023832221163,0,0.4,2.625,2.8827454718779792,1.0625,1.1668255481410867,356,11.125,0.17828200972447325,0.1917808219178082,0.061371841155234655,0.0,0
phillta01w,3,NYL,0,3.53125,4.031714568880079,2,0.43617021276595747,2.90625,3.3181367690782957,1.28125,1.4628344895936571,336,10.5,0.17683881064162754,0.20261437908496732,0.08249496981891348,0.3333333333333333,0
phillta01w,4,NYL,0,3.5757575757575757,4.112294288480155,3,0.6021505376344086,2.787878787878788,3.206195546950629,1.696969696969697,1.951597289448209,420,12.727272727272727,0.20068027210884354,0.19532908704883228,0.10606060606060606,0.5,0
phillta01w,5,NYL,0,3.1538461538461537,4.745980707395498,1,0.47058823529411764,2.5384615384615383,3.819935691318328,1.2307692307692308,1.8520900321543408,110,8.461538461538462,0.06972789115646258,0.0650887573964497,0.02962962962962963,0.25,0
phillta01w,6,HOU,0,1.75,5.508196721311475,0,0.45161290322580644,0.9375,2.9508196721311473,0.4375,1.3770491803278688,112,3.5,0.09621993127147767,0.07042253521126761,0.029914529914529916,0.0,0
phillta01w,7,HOU,0,1.7619047619047619,6.0,1,0.16666666666666666,1.0952380952380953,3.72972972972973,0.19047619047619047,0.6486486486486487,65,3.0952380952380953,0.059870550161812294,0.04056437389770723,0.0075046904315197,0.14285714285714285,0
phillta01w,8,HOU,0,1.2857142857142858,9.257142857142856,0,0.16666666666666666,0.7142857142857143,5.142857142857142,0.14285714285714285,1.0285714285714285,9,1.2857142857142858,0.013719512195121951,0.007886435331230283,0.0017889087656529517,0.0,0
pierspl01w,4,PHO,0,2.6363636363636362,5.20265780730897,1,0.5116279069767442,1.2727272727272727,2.511627906976744,0.6666666666666666,1.3156146179401995,134,4.0606060606060606,0.13082706766917293,0.0875,0.047619047619047616,0.1111111111111111,0
pierspl01w,5,PHO,0,3.2903225806451615,4.572851805728519,4,0.52,1.5806451612903225,2.1967621419676213,0.8387096774193549,1.165628891656289,200,6.451612903225806,0.13618157543391188,0.1053763440860215,0.05179282868525897,0.2857142857142857,0
pierspl01w,6,DET,2,2.347826086956522,4.378378378378379,0,0.4883720930232558,1.826086956521739,3.4054054054054057,0.9130434782608695,1.7027027027027029,103,4.478260869565218,0.07086614173228346,0.07342657342657342,0.04421052631578947,0.0,0
pierspl01w,6,PHO,1,3.25,4.415094339622642,2,0.3939393939393939,2.6666666666666665,3.6226415094339623,1.0833333333333333,1.471698113207547,95,7.916666666666667,0.055873925501432664,0.06177606177606178,0.023636363636363636,0.15384615384615385,0
pierspl01w,7,DET,0,2.4705882352941178,5.352212389380531,0,0.631578947368421,1.088235294117647,2.3575221238938053,0.7058823529411765,1.5292035398230088,188,5.529411764705882,0.11797752808988764,0.0687732342007435,0.041884816753926704,0.0,0
pierspl01w,8,DET,0,3.235294117647059,4.615384615384615,5,0.7375,2.323529411764706,3.314685314685315,1.7352941176470589,2.475524475524476,311,9.147058823529411,0.15647226173541964,0.13982300884955753,0.10460992907801418,0.5555555555555556,0
pierspl01w,9,DET,0,3.5357142857142856,5.491525423728814,1,1.2857142857142858,1.7142857142857142,2.662557781201849,2.25,3.4946070878274265,257,9.178571428571429,0.13655172413793104,0.096579476861167,0.10413223140495868,0.14285714285714285,0
pierspl01w,10,DET,0,2.0,14.4,0,0.0,0.0,0.0,0.0,0.0,2,2.0,0.002607561929595828,0.0,0.0,0.0,0
pondeca01w,7,PHO,0,2.625,2.8341143392689783,3,2.130434782608696,1.40625,1.5182755388940956,3.0625,3.3064667291471417,246,7.6875,0.11320754716981132,0.10158013544018059,0.15288611544461778,0.3,0
pondeca01w,8,PHO,0,1.903225806451613,2.198757763975155,0,1.7571428571428571,2.225806451612903,2.571428571428571,3.967741935483871,4.583850931677018,272,8.774193548387096,0.08952959028831563,0.14168377823408623,0.17982456140350878,0.0,0
pondeca01w,9,PHO,0,2.5625,2.9461077844311374,1,1.4361702127659575,2.90625,3.341317365269461,4.21875,4.850299401197605,297,9.28125,0.10314465408805032,0.18979591836734694,0.24064171122994651,0.08333333333333333,0
pondeca01w,10,PHO,0,2.911764705882353,3.315348837209302,0,1.9655172413793103,2.5294117647058822,2.88,5.029411764705882,5.7265116279069765,358,10.529411764705882,0.13360323886639677,0.17165668662674652,0.2731629392971246,0.0,0
potthan01w,1,MIN,0,1.0,13.5,0,1.0,0.0,0.0,0.3333333333333333,4.5,3,1.0,0.004341534008683068,0.0,0.0020161290322580645,0.0,0
powelel01w,1,ORL,0,1.05,2.1786743515850144,0,1.3548387096774193,1.5,3.112391930835735,2.1,4.357348703170029,105,5.25,0.03595890410958904,0.061601642710472276,0.08860759493670886,0.0,0
powelel01w,2,ORL,0,2.0,2.1838862559241705,0,1.225,2.46875,2.695734597156398,3.0625,3.344075829383886,252,7.875,0.09937888198757763,0.14821763602251406,0.2163355408388521,0.0,0
powelel01w,3,DET,2,1.2666666666666666,1.7229219143576826,0,1.4285714285714286,2.7333333333333334,3.717884130982368,4.0,5.440806045340051,154,10.266666666666667,0.03114754098360656,0.07564575645756458,0.12526096033402923,0.0,0
powelel01w,3,ORL,1,2.066666666666667,3.6233766233766236,0,0.967741935483871,2.0,3.5064935064935066,2.0,3.5064935064935066,86,5.733333333333333,0.04626865671641791,0.06564551422319474,0.06711409395973154,0.0,0
powelel01w,4,DET,0,1.9696969696969697,2.4946695095948828,0,1.6125,2.393939393939394,3.0319829424307034,3.909090909090909,4.950959488272921,289,8.757575757575758,0.10726072607260725,0.1297208538587849,0.23626373626373626,0.0,0
powelel01w,5,DET,0,2.2333333333333334,3.1736842105263157,0,2.161290322580645,2.033333333333333,2.889473684210526,4.466666666666667,6.347368421052631,262,8.733333333333333,0.10323574730354391,0.11867704280155641,0.23716814159292035,0.0,0
powelel01w,6,DET,0,2.1379310344827585,3.3263785394932937,0,1.4807692307692308,1.7586206896551724,2.736214605067064,2.6551724137931036,4.131147540983607,190,6.551724137931035,0.08136482939632546,0.08916083916083917,0.16210526315789472,0.0,0
powelel01w,7,CHI,1,1.8571428571428572,3.7290836653386457,0,1.3703703703703705,1.8571428571428572,3.7290836653386457,2.642857142857143,5.3067729083665345,78,5.571428571428571,0.03851851851851852,0.04924242424242424,0.07254901960784314,0.0,0
powelel01w,7,DET,2,0.8181818181818182,2.6999999999999997,0,1.5,0.8181818181818182,2.6999999999999997,1.3636363636363635,4.5,31,2.8181818181818183,0.012640449438202247,0.016728624535315983,0.02617801047120419,0.0,0
powelel01w,8,DET,0,1.03125,3.678018575851393,0,1.4666666666666666,0.90625,3.2321981424148607,1.375,4.904024767801857,92,2.875,0.04694167852062589,0.05132743362831858,0.07801418439716312,0.0,0
powelel01w,9,DET,0,1.3125,2.415335463258786,0,1.8421052631578947,1.125,2.070287539936102,2.1875,4.025559105431309,92,5.75,0.028965517241379312,0.03621730382293763,0.05785123966942149,0.0,0
powelni01w,5,CHA,0,1.1935483870967742,3.46875,0,0.6956521739130435,0.7096774193548387,2.0625,0.5161290322580645,1.5,106,3.4193548387096775,0.05701078582434515,0.04583333333333333,0.03747072599531616,0.0,0
powelni01w,6,SAC,0,2.4411764705882355,3.0242914979757085,0,1.3777777777777778,1.2941176470588236,1.603238866396761,1.8235294117647058,2.2591093117408905,241,7.088235294117647,0.12116788321167883,0.08782435129740519,0.11742424242424243,0.0,0
powelni01w,7,SAC,0,2.411764705882353,3.331828442437923,0,1.2708333333333333,1.3823529411764706,1.909706546275395,1.7941176470588236,2.4785553047404063,249,7.323529411764706,0.12220566318926974,0.0865561694290976,0.11960784313725491,0.0,0
powelni01w,8,SAC,0,1.8529411764705883,2.3002028397565923,0,0.8923076923076924,1.8823529411764706,2.336713995943205,1.7058823529411764,2.1176470588235294,309,9.088235294117647,0.09797822706065319,0.10457516339869281,0.10780669144981413,0.0,0
powelni01w,9,SAC,0,2.2941176470588234,2.9745762711864407,2,0.7301587301587301,1.8235294117647058,2.3644067796610173,1.3529411764705883,1.7542372881355932,242,7.117647058823529,0.11287988422575977,0.10562180579216354,0.0970464135021097,0.5,0
powelni01w,10,SAC,0,1.8235294117647058,2.1565217391304348,0,0.9058823529411765,2.4705882352941178,2.9217391304347826,2.264705882352941,2.678260869565217,334,9.823529411764707,0.09597523219814241,0.14358974358974358,0.1423290203327172,0.0,0
pricear01w,8,CHI,0,1.9705882352941178,2.701007838745801,0,1.65,1.7352941176470589,2.3784994400895854,2.911764705882353,3.9910414333706608,350,10.294117647058824,0.10551181102362205,0.11545988258317025,0.16555183946488294,0.0,0
pricear01w,9,CHI,0,2.323529411764706,3.727391874180865,1,1.1568627450980393,1.4705882352941178,2.3591087811271296,1.7352941176470589,2.783748361730013,232,6.823529411764706,0.1234375,0.09505703422053231,0.10746812386156648,0.2,0
pricear01w,10,ATL,2,1.0909090909090908,4.408163265306122,0,0.4,0.8181818181818182,3.306122448979592,0.36363636363636365,1.4693877551020407,25,2.272727272727273,0.016172506738544475,0.015228426395939087,0.0072992700729927005,0.0,0
pricear01w,10,CHI,1,1.4545454545454546,3.5555555555555554,0,1.368421052631579,0.8181818181818182,2.0,1.1818181818181819,2.888888888888889,98,4.454545454545454,0.052805280528052806,0.03377110694183865,0.04878048780487805,0.0,0
pridely01w,1,POR,0,1.84375,4.597402597402597,1,1.1764705882352942,1.03125,2.571428571428571,1.25,3.1168831168831166,126,3.9375,0.07742782152230972,0.05555555555555555,0.08316008316008316,0.08333333333333333,0
pridely01w,2,MIN,0,2.40625,3.887798036465638,2,0.5957446808510638,1.4375,2.32258064516129,0.875,1.4137447405329593,222,6.9375,0.11063218390804598,0.09055118110236221,0.0639269406392694,0.25,0
pridely01w,3,MIN,0,2.3548387096774195,4.461799660441426,1,0.8958333333333334,1.5161290322580645,2.872665534804754,1.3870967741935485,2.628183361629881,196,6.32258064516129,0.11812297734627832,0.08867924528301886,0.09207708779443255,0.125,0
pridely01w,4,LAS,2,2.25,11.571428571428573,1,0.0,0.75,3.8571428571428568,0.0,0.0,6,1.5,0.013177159590043924,0.006369426751592357,0.0,0.07692307692307693,0
pridely01w,4,MIN,1,0.8461538461538461,6.0,0,0.1111111111111111,0.6153846153846154,4.363636363636363,0.07692307692307693,0.5454545454545454,22,1.6923076923076923,0.01732283464566929,0.014311270125223614,0.0017211703958691911,0.0,0
pringla01w,9,PHO,0,2.4482758620689653,6.779840848806366,0,0.32142857142857145,0.9310344827586207,2.5782493368700266,0.3103448275862069,0.8594164456233421,165,5.689655172413793,0.08930817610062892,0.05510204081632653,0.016042780748663103,0.0,0
pringla01w,10,MIN,0,1.2941176470588236,4.981132075471698,0,0.5333333333333333,0.8235294117647058,3.1698113207547167,0.47058823529411764,1.8113207547169812,62,3.6470588235294117,0.03170028818443804,0.027237354085603113,0.01568627450980392,0.0,0
queenbr01w,7,CON,0,0.0,0.0,0,0.0,0.25,3.6,0.0,0.0,0,0.0,0.0,0.001941747572815534,0.0,0.0,0
queenbr01w,9,CHI,0,0.625,5.0,0,0.3333333333333333,0.625,5.0,0.25,2.0,6,0.75,0.0078125,0.009505703422053232,0.0036429872495446266,0.0,0
quiglal01w,9,PHO,0,0.6428571428571429,3.2399999999999998,0,0.5714285714285714,0.42857142857142855,2.16,0.2857142857142857,1.44,22,1.5714285714285714,0.011320754716981131,0.012244897959183673,0.0071301247771836,0.0,0
quiglal01w,10,PHO,0,1.0,6.75,0,0.16666666666666666,0.8333333333333334,5.625,0.16666666666666666,1.125,6,1.0,0.008097165991902834,0.00998003992015968,0.001597444089456869,0.0,0
quinnno01w,8,MIN,0,1.1764705882352942,2.1492537313432836,0,2.176470588235294,1.9705882352941178,3.6,4.352941176470588,7.95223880597015,279,8.205882352941176,0.056022408963585436,0.11921708185053381,0.24790619765494137,0.0,0
quinnno01w,9,MIN,0,1.03125,2.2288930581613506,0,1.7234042553191489,1.4375,3.106941838649156,2.53125,5.470919324577862,173,5.40625,0.043882978723404256,0.09725158562367865,0.14516129032258066,0.0,0
quinnno01w,10,LAS,0,1.7352941176470589,2.2863293864370293,0,2.269230769230769,1.5,1.976318622174381,3.4705882352941178,4.572658772874059,291,8.558823529411764,0.10102739726027397,0.08963093145869948,0.20068027210884354,0.0,0
quinnte01w,1,IND,0,0.7058823529411765,3.6610169491525424,0,1.3636363636363635,0.5882352941176471,3.0508474576271185,0.8823529411764706,4.576271186440678,35,2.0588235294117645,0.01866251944012442,0.019267822736030827,0.029880478087649404,0.0,0
radunha01w,2,NYL,0,0.75,12.0,0,0.0,0.5,8.0,0.0,0.0,5,1.25,0.004862236628849271,0.0045662100456621,0.0,0.0,0
raglafe01w,3,SEA,0,1.4193548387096775,3.6666666666666665,0,0.7666666666666667,0.9354838709677419,2.416666666666667,0.7419354838709677,1.9166666666666667,99,3.193548387096774,0.07051282051282051,0.060669456066945605,0.04466019417475728,0.0,0
raglafe01w,4,PHO,0,1.3333333333333333,3.692307692307692,0,0.5,1.0,2.769230769230769,0.6666666666666666,1.846153846153846,6,2.0,0.006015037593984963,0.00625,0.004329004329004329,0.0,0
raglafe01w,5,HOU,0,1.411764705882353,3.3423597678916828,0,1.1515151515151516,0.9411764705882353,2.228239845261122,1.1176470588235294,2.646034816247582,133,3.911764705882353,0.08633093525179857,0.06597938144329897,0.084070796460177,0.0,0
raglafe01w,6,HOU,0,0.75,12.0,0,1.0,0.0,0.0,0.25,4.0,1,0.25,0.005154639175257732,0.0,0.002136752136752137,0.0,0
randase01w,2,SEA,0,1.40625,1.832579185520362,0,0.5945945945945946,2.28125,2.9728506787330318,1.375,1.7918552036199094,182,5.6875,0.07425742574257425,0.16898148148148148,0.10653753026634383,0.0,0
randase01w,3,SEA,1,1.5714285714285714,2.593886462882096,0,0.7837837837837838,1.7142857142857142,2.8296943231441047,1.380952380952381,2.279475982532751,118,5.619047619047619,0.052884615384615384,0.07531380753138076,0.05631067961165048,0.0,0
randase01w,3,UTA,2,2.0,4.266666666666667,0,0.7272727272727273,1.25,2.6666666666666665,1.0,2.1333333333333333,34,4.25,0.024024024024024024,0.019120458891013385,0.016701461377870562,0.0,0
randase01w,4,SAS,0,1.2424242424242424,4.353982300884955,0,0.5111111111111111,1.3333333333333333,4.672566371681416,0.696969696969697,2.4424778761061945,87,2.6363636363636362,0.056241426611796985,0.08560311284046693,0.053613053613053616,0.0,0
randase01w,5,SAS,0,1.4137931034482758,3.194805194805195,0,0.6896551724137931,0.9655172413793104,2.1818181818181817,0.6896551724137931,1.5584415584415583,106,3.6551724137931036,0.06518282988871224,0.054474708171206226,0.04048582995951417,0.0,0
rasmukr01w,1,MIA,2,1.88,3.7268722466960353,0,0.9,1.16,2.2995594713656384,1.08,2.1409691629955945,161,6.44,0.06638418079096045,0.05523809523809524,0.06490384615384616,0.0,0
rasmukr01w,1,UTA,1,2.0,8.0,0,0.5,1.0,4.0,1.0,4.0,4,4.0,0.002861230329041488,0.001834862385321101,0.0019120458891013384,0.0,0
rasmukr01w,2,MIA,0,1.7142857142857142,4.153846153846154,0,0.5,1.1071428571428572,2.6826923076923075,0.5714285714285714,1.3846153846153846,129,4.607142857142857,0.07960199004975124,0.06904231625835189,0.03418803418803419,0.0,0
rasmukr01w,3,MIA,0,2.032258064516129,3.3649851632047474,0,1.0789473684210527,1.1935483870967742,1.9762611275964392,1.3225806451612903,2.1899109792284865,192,6.193548387096774,0.09782608695652174,0.08486238532110092,0.0859538784067086,0.0,0
rasmukr01w,4,IND,0,1.9696969696969697,2.8746928746928746,0,1.3061224489795917,1.4545454545454546,2.122850122850123,1.9393939393939394,2.8304668304668303,218,6.606060606060606,0.09715994020926756,0.10105263157894737,0.11851851851851852,0.0,0
rasmukr01w,5,IND,0,1.5454545454545454,2.6531791907514455,0,1.3055555555555556,1.0606060606060606,1.8208092485549134,1.4242424242424243,2.445086705202312,195,5.909090909090909,0.0796875,0.07186858316221766,0.08453237410071943,0.0,0
rasmukr01w,6,CHA,2,2.6666666666666665,9.931034482758621,0,1.0,0.3333333333333333,1.2413793103448276,0.6666666666666666,2.4827586206896552,8,2.6666666666666665,0.01098901098901099,0.0018656716417910447,0.004048582995951417,0.0,0
rasmukr01w,6,HOU,1,2.3333333333333335,3.8620689655172415,0,1.1,0.7916666666666666,1.3103448275862069,0.9166666666666666,1.517241379310345,127,5.291666666666667,0.09621993127147767,0.04460093896713615,0.04700854700854701,0.0,0
rasmukr01w,7,PHO,0,2.8823529411764706,3.8854625550660797,0,2.1176470588235294,0.9705882352941176,1.3083700440528634,2.1176470588235294,2.854625550660793,335,9.852941176470589,0.1320754716981132,0.0744920993227991,0.11232449297971919,0.0,0
rasmukr01w,8,CON,0,1.6363636363636365,3.7241379310344827,1,0.8055555555555556,1.0606060606060606,2.413793103448276,0.8787878787878788,2.0,136,4.121212121212121,0.08411214953271028,0.06469500924214418,0.0467741935483871,0.2,0
rasmukr01w,9,MIN,0,1.5483870967741935,4.396946564885496,0,1.35,0.6129032258064516,1.7404580152671756,0.8709677419354839,2.4732824427480917,130,4.193548387096774,0.06382978723404255,0.040169133192389,0.04838709677419355,0.0,0
raymost01w,8,CHI,0,0.55,2.1999999999999997,0,1.4210526315789473,0.9,3.6,1.35,5.3999999999999995,45,2.25,0.01732283464566929,0.03522504892367906,0.0451505016722408,0.0,0
reddja01w,1,SEA,0,2.0384615384615383,4.930232558139535,0,0.4444444444444444,1.3461538461538463,3.255813953488372,0.6153846153846154,1.4883720930232558,81,3.1153846153846154,0.08166409861325115,0.06653992395437262,0.04092071611253197,0.0,0
reddja01w,2,SEA,0,3.15625,5.517450682852807,0,0.9795918367346939,1.5,2.622154779969651,1.5,2.622154779969651,150,4.6875,0.16666666666666666,0.1111111111111111,0.1162227602905569,0.0,0
reddja01w,3,SEA,0,1.7,5.4642857142857135,0,0.875,0.7,2.25,0.7,2.25,22,2.2,0.027243589743589744,0.014644351464435146,0.013592233009708738,0.0,0
reedbr01w,1,PHO,0,1.625,1.7174311926605506,0,0.945054945054945,2.8125,2.9724770642201834,2.6875,2.8403669724770646,360,11.25,0.08240887480190175,0.20930232558139536,0.18454935622317598,0.0,0
reedbr01w,2,PHO,0,0.0,0.0,0,0.0,0.0,0.0,0.0,0.0,3,3.0,0.0,0.0,0.0,0.0,0
reedbr01w,3,PHO,0,1.6,3.388235294117647,0,0.4444444444444444,1.6,3.388235294117647,0.8,1.6941176470588235,13,2.6,0.01282051282051282,0.01593625498007968,0.009345794392523364,0.0,0
reidtr01w,1,CHA,0,1.6206896551724137,2.729032258064516,1,0.5576923076923077,1.7586206896551724,2.9612903225806453,1.0,1.6838709677419355,152,5.241379310344827,0.06582633053221289,0.10261569416498995,0.05253623188405797,0.1111111111111111,0
reidtr01w,2,MIA,0,1.3333333333333333,3.6258992805755397,0,0.5,1.1904761904761905,3.237410071942446,0.6190476190476191,1.683453237410072,70,3.3333333333333335,0.04643449419568822,0.0556792873051225,0.027777777777777776,0.0,0
reidtr01w,3,PHO,0,1.2083333333333333,2.4798099762470307,0,0.3783783783783784,1.5,3.078384798099762,0.5833333333333334,1.1971496437054632,115,4.791666666666667,0.046474358974358976,0.07171314741035857,0.03271028037383177,0.0,0
reidtr01w,4,PHO,0,2.0,12.0,0,0.5,0.5,3.0,0.5,3.0,4,2.0,0.006015037593984963,0.0020833333333333333,0.0021645021645021645,0.0,0
rileyru01w,2,MIA,0,3.34375,4.821026282853567,3,0.40625,1.96875,2.8385481852315393,0.8125,1.1714643304130163,227,7.09375,0.17744610281923714,0.1403118040089087,0.05555555555555555,0.5,0
rileyru01w,3,MIA,0,3.3461538461538463,6.034682080924855,1,0.5,1.8846153846153846,3.398843930635838,0.9615384615384616,1.7341040462427746,167,6.423076923076923,0.13509316770186336,0.11238532110091744,0.05241090146750524,0.2,0
rileyru01w,4,DET,0,3.764705882352941,4.631155778894473,2,0.7710843373493976,2.411764705882353,2.966834170854271,1.8823529411764706,2.3155778894472365,348,10.235294117647058,0.21122112211221122,0.13464696223316913,0.11721611721611722,0.5,0
rileyru01w,5,DET,0,3.5588235294117645,4.200578592092575,2,0.6024096385542169,2.411764705882353,2.846673095467695,1.4705882352941178,1.7357762777242045,333,9.794117647058824,0.1864406779661017,0.15953307392996108,0.08849557522123894,0.2857142857142857,0
rileyru01w,6,DET,0,3.9696969696969697,5.515789473684211,4,0.5652173913043478,2.0606060606060606,2.863157894736842,1.1818181818181819,1.642105263157895,264,8.0,0.17191601049868765,0.11888111888111888,0.08210526315789474,0.3333333333333333,0
rileyru01w,7,DET,0,3.235294117647059,4.525714285714286,2,0.9454545454545454,1.588235294117647,2.2217142857142855,1.5294117647058822,2.1394285714285712,284,8.352941176470589,0.1544943820224719,0.10037174721189591,0.09075043630017451,0.4,0
rileyru01w,8,SAS,0,3.8,5.309184993531694,1,0.5285714285714286,2.3,3.2134540750323413,1.2333333333333334,1.723156532988357,271,9.033333333333333,0.1743119266055046,0.12343470483005367,0.06514084507042253,0.5,0
rileyru01w,9,SAS,0,3.3666666666666667,6.268965517241379,2,0.5849056603773585,1.7333333333333334,3.2275862068965515,1.0333333333333334,1.9241379310344828,194,6.466666666666667,0.16749585406301823,0.09885931558935361,0.05149501661129568,0.5,0
rileyru01w,10,SAS,0,2.903225806451613,4.984615384615385,4,0.7777777777777778,1.1290322580645162,1.9384615384615387,0.9032258064516129,1.5507692307692307,227,7.32258064516129,0.1507537688442211,0.06862745098039216,0.04674457429048414,0.6666666666666666,0
rizzoje01w,1,HOU,0,1.1875,3.1304347826086953,0,1.6296296296296295,0.8125,2.14187643020595,1.375,3.6247139588100685,97,3.03125,0.06846846846846846,0.05895691609977324,0.08888888888888889,0.0,0
rizzoje01w,2,CLE,0,0.9375,2.26890756302521,0,1.2142857142857142,1.28125,3.100840336134454,1.59375,3.8571428571428568,108,3.375,0.05628517823639775,0.09213483146067415,0.10119047619047619,0.0,0
rizzoje01w,3,CLE,0,2.0384615384615383,2.7453237410071942,3,1.8478260869565217,1.7307692307692308,2.3309352517985613,3.269230769230769,4.402877697841727,181,6.961538461538462,0.09330985915492958,0.09955752212389381,0.17671517671517672,0.3333333333333333,0
rizzoje01w,4,CLE,0,0.6666666666666666,1.5085714285714285,0,1.8055555555555556,1.0606060606060606,2.4,1.9696969696969697,4.457142857142857,121,3.6666666666666665,0.034375,0.07494646680942184,0.12548262548262548,0.0,0
robinas01w,5,PHO,0,1.1578947368421053,6.092307692307693,0,0.4,0.21052631578947367,1.1076923076923078,0.10526315789473684,0.5538461538461539,33,1.736842105263158,0.029372496662216287,0.008602150537634409,0.00398406374501992,0.0,0
robinas01w,6,PHO,0,3.176470588235294,5.899848254931715,3,0.7948717948717948,1.1176470588235294,2.0758725341426403,0.9117647058823529,1.693474962063733,203,5.970588235294118,0.15472779369627507,0.07335907335907337,0.056363636363636366,0.23076923076923078,0
robinas01w,7,CHI,1,1.5833333333333333,5.516129032258065,0,0.5454545454545454,0.8333333333333334,2.903225806451613,0.5,1.7419354838709677,50,4.166666666666667,0.028148148148148148,0.01893939393939394,0.011764705882352941,0.0,0
robinas01w,7,SEA,2,2.0,6.213197969543147,0,0.5384615384615384,0.7058823529411765,2.1928934010152283,0.4117647058823529,1.2791878172588833,65,3.823529411764706,0.04978038067349927,0.021015761821366025,0.013592233009708738,0.0,0
robinas01w,8,SEA,0,1.7272727272727273,5.017114914425428,0,0.5185185185185185,0.7878787878787878,2.2885085574572126,0.42424242424242425,1.2322738386308068,155,4.696969696969697,0.09178743961352658,0.04868913857677903,0.026217228464419477,0.0,0
robinas01w,9,SEA,0,1.878787878787879,6.78419452887538,0,0.41379310344827586,0.8484848484848485,3.0638297872340425,0.36363636363636365,1.3130699088145896,116,3.515151515151515,0.0905109489051095,0.05313092979127135,0.022598870056497175,0.0,0
robinas01w,10,SEA,0,1.1923076923076923,6.682634730538922,0,0.18181818181818182,0.38461538461538464,2.155688622754491,0.07692307692307693,0.4311377245508982,41,1.5769230769230769,0.04360056258790436,0.017985611510791366,0.0037243947858473,0.0,0
robincr01w,1,NYL,0,2.740740740740741,3.689750692520776,0,1.411764705882353,1.2222222222222223,1.6454293628808865,1.7777777777777777,2.393351800554017,149,5.518518518518518,0.11974110032362459,0.06947368421052631,0.100418410041841,0.0,0
robincr01w,2,NYL,0,2.6875,3.1591836734693874,1,2.8620689655172415,0.875,1.0285714285714285,2.59375,3.048979591836735,215,6.71875,0.1393841166936791,0.0639269406392694,0.14981949458483754,0.14285714285714285,0
robincr01w,3,NYL,0,3.15625,3.4044943820224716,0,1.528301886792453,1.625,1.752808988764045,2.53125,2.7303370786516856,233,7.28125,0.15805946791862285,0.11328976034858387,0.16297786720321933,0.0,0
robincr01w,4,NYL,0,2.8484848484848486,3.139146567717996,0,1.4318181818181819,1.303030303030303,1.4359925788497216,1.9090909090909092,2.103896103896104,186,5.636363636363637,0.1598639455782313,0.09129511677282377,0.11931818181818182,0.0,0
robincr01w,5,NYL,0,2.75,3.1146067415730334,2,1.7058823529411764,1.1785714285714286,1.3348314606741574,2.0714285714285716,2.346067415730337,173,6.178571428571429,0.13095238095238096,0.0650887573964497,0.10740740740740741,0.5,0
robincr01w,6,NYL,0,2.6875,3.195046439628483,1,1.4871794871794872,1.1875,1.4117647058823528,1.8125,2.154798761609907,184,5.75,0.14006514657980457,0.08207343412526998,0.11623246492985972,0.2,0
robincr01w,7,WAS,0,3.074074074074074,4.110041265474553,2,1.75,1.0,1.3370013755158185,1.8148148148148149,2.4264099037138926,152,5.62962962962963,0.10573248407643313,0.04981549815498155,0.08492201039861352,0.125,0
robincr01w,8,WAS,0,2.0,4.235294117647059,0,1.0,0.5,1.0588235294117647,1.0,2.1176470588235294,7,3.5,0.005235602094240838,0.0017482517482517483,0.004228329809725159,0.0,0
robinre01w,1,WAS,0,1.5,21.599999999999998,0,0.0,0.5,7.2,0.0,0.0,1,0.5,0.005016722408026756,0.0019723865877712033,0.0,0.0,0
rolanja01w,1,ORL,0,0.7619047619047619,3.329479768786127,0,0.4,0.9047619047619048,3.953757225433526,0.38095238095238093,1.6647398843930634,31,1.4761904761904763,0.0273972602739726,0.039014373716632446,0.016877637130801686,0.0,0
rossad01w,9,SAS,0,0.5,10.285714285714285,0,0.0,0.0,0.0,0.0,0.0,1,0.25,0.003316749585406302,0.0,0.0,0.0,0
rushle01w,9,CHI,0,2.0,12.0,0,0.0,1.0,6.0,0.0,0.0,0,0.0,0.00625,0.0038022813688212928,0.0,0.0,0
salesny01w,1,ORL,0,2.875,3.328643216080402,2,1.0147058823529411,2.09375,2.4241206030150755,2.15625,2.4964824120603017,267,8.34375,0.15753424657534246,0.1375770020533881,0.14556962025316456,0.3333333333333333,0
salesny01w,2,ORL,0,3.40625,3.776708373435996,0,0.7945205479452054,2.25,2.4947064485081807,1.8125,2.0096246390760344,306,9.5625,0.16925465838509315,0.1350844277673546,0.1280353200883002,0.0,0
salesny01w,3,ORL,0,3.03125,3.3512476007677545,0,0.8333333333333334,2.21875,2.452975047984645,1.875,2.0729366602687143,247,7.71875,0.14477611940298507,0.15536105032822758,0.1342281879194631,0.0,0
salesny01w,4,CON,0,3.1470588235294117,3.4828209764918627,3,1.2432432432432432,2.1470588235294117,2.3761301989150088,2.7058823529411766,2.9945750452079567,296,8.705882352941176,0.16114457831325302,0.167816091954023,0.1765834932821497,0.5,0
salesny01w,5,CON,0,2.8823529411764706,3.218978102189781,0,1.2597402597402598,2.235294117647059,2.4963503649635035,2.8529411764705883,3.186131386861314,315,9.264705882352942,0.16039279869067102,0.16414686825053995,0.16928446771378708,0.0,0
salesny01w,6,CON,0,2.823529411764706,3.217877094972067,0,1.1384615384615384,1.8823529411764706,2.1452513966480447,2.176470588235294,2.4804469273743015,269,7.911764705882353,0.1536,0.141280353200883,0.1289198606271777,0.0,0
salesny01w,7,CON,0,1.9545454545454546,2.541871921182266,0,2.0,1.3181818181818181,1.7142857142857142,2.727272727272727,3.5467980295566504,174,7.909090909090909,0.08097928436911488,0.05631067961165048,0.09508716323296355,0.0,0
salesny01w,8,CON,0,2.269230769230769,2.78740157480315,1,1.4137931034482758,2.1923076923076925,2.6929133858267718,3.1538461538461537,3.874015748031496,234,9.0,0.09190031152647975,0.10536044362292052,0.13225806451612904,0.2,0
sampsch01w,1,SEA,0,1.7619047619047619,4.757142857142857,0,0.7333333333333333,0.6666666666666666,1.8,0.5238095238095238,1.4142857142857141,75,3.5714285714285716,0.05701078582434515,0.026615969581749048,0.028132992327365727,0.0,0
samsh01w,1,MIA,0,2.161290322580645,2.668141592920354,0,0.88,2.3870967741935485,2.9469026548672566,2.129032258064516,2.6283185840707963,238,7.67741935483871,0.09463276836158192,0.14095238095238094,0.15865384615384615,0.0,0
samsh01w,2,MIA,0,2.09375,2.1927272727272724,0,1.0,2.71875,2.847272727272727,2.75,2.88,288,9.0,0.1111111111111111,0.19376391982182628,0.18803418803418803,0.0,0
samsh01w,3,MIA,0,2.59375,2.7847157502329916,0,1.1527777777777777,2.21875,2.3821062441752097,2.59375,2.7847157502329916,313,9.78125,0.12888198757763975,0.1628440366972477,0.1740041928721174,0.0,0
samsh01w,4,MIN,0,2.0588235294117645,2.6442812172088144,0,1.7959183673469388,1.411764705882353,1.813221406086044,2.588235294117647,3.3242392444910807,274,8.058823529411764,0.11023622047244094,0.08586762075134168,0.1514629948364888,0.0,0
samsh01w,5,SEA,0,3.176470588235294,3.819253438113949,1,1.28125,1.8529411764705883,2.2278978388998034,2.411764705882353,2.899803536345776,280,8.235294117647058,0.16216216216216217,0.126,0.14828209764918626,0.1111111111111111,0
samsh01w,6,CHA,0,2.5588235294117645,2.9134883720930236,1,0.900990099009901,2.9411764705882355,3.3488372093023253,2.676470588235294,3.047441860465116,282,8.294117647058824,0.11950549450549451,0.1865671641791045,0.18421052631578946,0.09090909090909091,0
samsh01w,7,CHA,0,2.2941176470588234,2.836363636363636,0,1.2162162162162162,2.1470588235294117,2.6545454545454548,2.6470588235294117,3.272727272727273,320,9.411764705882353,0.10612244897959183,0.12695652173913044,0.17045454545454544,0.0,0
samsh01w,8,IND,0,1.7575757575757576,3.532994923857868,0,1.05,1.1818181818181819,2.3756345177664975,1.2727272727272727,2.5583756345177666,174,5.2727272727272725,0.08964451313755796,0.06610169491525424,0.08203125,0.0,0
samsh01w,9,DET,0,1.125,2.711297071129707,0,1.1875,0.96875,2.3347280334728033,1.1875,2.8619246861924688,151,4.71875,0.0496551724137931,0.06237424547283702,0.0628099173553719,0.0,0
sanchis01w,5,DET,0,0.6,3.4838709677419355,0,0.25,1.1,6.387096774193549,0.3,1.7419354838709677,10,1.0,0.009244992295839754,0.021400778210116732,0.005309734513274336,0.0,0
sandeam01w,8,DET,0,0.5,12.0,0,0.0,0.3333333333333333,8.0,0.0,0.0,2,0.3333333333333333,0.004267425320056899,0.0035398230088495575,0.0,0.0,0
sanfona01w,4,WAS,0,2.0588235294117645,9.402985074626866,0,0.06666666666666667,0.8235294117647058,3.761194029850746,0.058823529411764705,0.26865671641791045,32,1.8823529411764706,0.051698670605613,0.03023758099352052,0.0017574692442882249,0.0,0
sanfona01w,5,WAS,0,3.193548387096774,5.457886676875957,0,0.47368421052631576,1.1935483870967742,2.0398162327718223,0.5806451612903226,0.9923430321592649,206,6.645161290322581,0.15160796324655437,0.08705882352941176,0.038461538461538464,0.0,0
sanfona01w,6,WAS,0,1.8518518518518519,6.143344709897612,0,0.3333333333333333,0.6296296296296297,2.0887372013651877,0.2222222222222222,0.7372013651877133,72,2.6666666666666665,0.07163323782234957,0.0389908256880734,0.011583011583011582,0.0,0
sanfona01w,7,WAS,0,3.4705882352941178,4.8,2,0.4931506849315068,2.1176470588235294,2.928813559322034,1.0588235294117647,1.464406779661017,288,8.470588235294118,0.1503184713375796,0.13284132841328414,0.06239168110918544,0.125,0
sanfona01w,8,WAS,0,4.147058823529412,5.106639839034206,5,0.25842696629213485,2.588235294117647,3.187122736418511,0.6764705882352942,0.8329979879275653,320,9.411764705882353,0.18455497382198952,0.15384615384615385,0.048625792811839326,0.45454545454545453,0
sanfona01w,9,WAS,0,4.0588235294117645,6.249056603773584,3,0.47619047619047616,2.4411764705882355,3.758490566037736,1.1764705882352942,1.8113207547169812,265,7.794117647058823,0.1820580474934037,0.13009404388714735,0.08264462809917356,0.3333333333333333,0
sanfona01w,10,WAS,0,3.2058823529411766,5.918552036199095,1,0.2972972972972973,2.1470588235294117,3.9638009049773757,0.6470588235294118,1.1945701357466063,209,6.147058823529412,0.15013774104683195,0.12006578947368421,0.048458149779735685,0.14285714285714285,0
sanniol01w,9,DET,0,1.903225806451613,6.535384615384615,0,0.14634146341463414,1.2903225806451613,4.430769230769231,0.1935483870967742,0.6646153846153847,88,2.838709677419355,0.08137931034482758,0.08048289738430583,0.009917355371900827,0.0,0
sanniol01w,10,DET,0,1.8064516129032258,6.76510067114094,0,0.5161290322580645,0.967741935483871,3.624161073825503,0.5161290322580645,1.9328859060402683,89,2.870967741935484,0.07301173402868318,0.054844606946983544,0.027777777777777776,0.0,0
santoal01w,1,IND,0,1.0,9.818181818181817,0,0.0,0.6666666666666666,6.545454545454546,0.0,0.0,3,1.0,0.004665629860031105,0.0038535645472061657,0.0,0.0,0
santoal01w,2,SEA,0,1.2,6.967741935483871,0,0.0,0.3,1.7419354838709677,0.0,0.0,16,1.6,0.019801980198019802,0.006944444444444444,0.0,0.0,0
santoke01w,2,DET,0,1.6428571428571428,5.411764705882352,0,0.38461538461538464,0.8571428571428571,2.8235294117647056,0.35714285714285715,1.1764705882352942,38,2.7142857142857144,0.03814262023217247,0.02404809619238477,0.010638297872340425,0.0,0
santoke01w,3,DET,0,1.6666666666666667,4.260355029585798,0,0.4666666666666667,1.1666666666666667,2.9822485207100593,0.5833333333333334,1.4911242603550297,51,4.25,0.03278688524590164,0.025830258302583026,0.014613778705636743,0.0,0
santoke01w,9,SEA,0,1.1818181818181819,6.985074626865671,0,0.45454545454545453,0.45454545454545453,2.6865671641791042,0.22727272727272727,1.3432835820895521,39,1.7727272727272727,0.03795620437956204,0.018975332068311195,0.009416195856873822,0.0,0
sarenra01w,1,PHO,0,1.5,7.605633802816901,0,0.4444444444444444,0.85,4.309859154929577,0.4,2.028169014084507,39,1.95,0.04754358161648178,0.03953488372093023,0.017167381974248927,0.0,0
sauerpa01w,1,LAS,0,0.8333333333333334,5.454545454545455,0,0.42857142857142855,0.5,3.272727272727273,0.25,1.6363636363636365,22,1.8333333333333333,0.014164305949008499,0.01284796573875803,0.005110732538330494,0.0,0
sauerpa01w,2,CLE,0,0.5,9.0,0,0.0,0.5,9.0,0.0,0.0,3,1.5,0.001876172607879925,0.0022471910112359553,0.0,0.0,0
sauerpa01w,3,CLE,0,0.0,0.0,0,0.0,1.0,5.142857142857142,0.0,0.0,3,3.0,0.0,0.0022123893805309734,0.0,0.0,0
saundja01w,2,PHO,0,1.0,3.984189723320158,0,0.4666666666666667,0.5,1.992094861660079,0.25,0.9960474308300395,65,2.3214285714285716,0.04472843450479233,0.026923076923076925,0.013592233009708738,0.0,0
saundja01w,3,PHO,0,0.8518518518518519,2.741721854304636,0,1.0952380952380953,0.7407407407407407,2.384105960264901,0.8518518518518519,2.741721854304636,74,2.740740740740741,0.03685897435897436,0.0398406374501992,0.053738317757009345,0.0,0
saureau01w,2,WAS,0,1.56,3.085714285714286,0,1.0238095238095237,1.64,3.243956043956044,1.72,3.402197802197802,113,4.52,0.0724907063197026,0.08266129032258064,0.1011764705882353,0.0,0
saureau01w,3,WAS,0,0.8,2.618181818181818,0,1.125,1.0,3.272727272727273,1.2,3.9272727272727272,39,2.6,0.02054794520547945,0.03289473684210526,0.03481624758220503,0.0,0
schumke01w,2,IND,0,1.4642857142857142,3.8842105263157896,0,0.45454545454545453,0.75,1.9894736842105263,0.35714285714285715,0.9473684210526315,114,4.071428571428571,0.06821963394342762,0.042682926829268296,0.02178649237472767,0.0,0
schumke01w,3,IND,0,1.5806451612903225,5.011363636363636,0,0.5909090909090909,0.6774193548387096,2.147727272727273,0.41935483870967744,1.3295454545454546,102,3.2903225806451615,0.0875,0.04783599088838269,0.029017857142857144,0.0,0
schumke01w,4,IND,0,1.8529411764705883,4.7250000000000005,0,0.6060606060606061,0.9411764705882353,2.4,0.5882352941176471,1.5,150,4.411764705882353,0.09417040358744394,0.06736842105263158,0.037037037037037035,0.0,0
schumke01w,5,IND,0,2.09375,4.0133111480865225,0,0.4716981132075472,1.625,3.1148086522462566,0.78125,1.497504159733777,170,5.3125,0.1046875,0.10677618069815195,0.044964028776978415,0.0,0
schumke01w,6,IND,0,1.7352941176470589,4.116279069767442,0,0.4117647058823529,0.9705882352941176,2.302325581395349,0.4117647058823529,0.9767441860465116,116,3.411764705882353,0.08819133034379671,0.06903765690376569,0.02834008097165992,0.0,0
schumke01w,7,NYL,0,3.238095238095238,4.541743970315399,1,0.6388888888888888,1.6666666666666667,2.3376623376623376,1.0952380952380953,1.5361781076066792,167,7.9523809523809526,0.10074074074074074,0.060658578856152515,0.04831932773109244,0.16666666666666666,0
schumke01w,8,PHO,0,1.9411764705882353,4.375690607734806,0,0.34285714285714286,1.0,2.2541436464088402,0.35294117647058826,0.7955801104972375,201,5.911764705882353,0.10015174506828528,0.06981519507186858,0.017543859649122806,0.0,0
schumke01w,9,DET,0,1.8571428571428572,5.258426966292134,0,0.5555555555555556,1.1428571428571428,3.235955056179775,0.7142857142857143,2.0224719101123596,30,4.285714285714286,0.01793103448275862,0.01609657947686117,0.008264462809917356,0.0,0
schumke01w,10,DET,0,2.0,7.2,0,0.0,0.0,0.0,0.0,0.0,1,1.0,0.002607561929595828,0.0,0.0,0.0,0
schwege01w,2,MIN,0,1.4166666666666667,2.893617021276596,1,1.8888888888888888,0.7083333333333334,1.446808510638298,1.4166666666666667,2.893617021276596,101,4.208333333333333,0.04885057471264368,0.03346456692913386,0.0776255707762557,0.125,0
schwege01w,3,MIN,0,1.5666666666666667,3.324165029469548,1,1.3214285714285714,0.9,1.9096267190569745,1.2333333333333334,2.6168958742632613,108,3.6,0.07605177993527508,0.0509433962264151,0.07922912205567452,0.125,0
schwege01w,4,MIN,0,0.375,1.8305084745762712,0,0.7777777777777778,0.5,2.440677966101695,0.4375,2.135593220338983,29,1.8125,0.009448818897637795,0.014311270125223614,0.012048192771084338,0.0,0
scottol01w,1,DET,0,2.9642857142857144,8.097560975609756,2,0.6086956521739131,1.6071428571428572,4.390243902439025,1.0,2.7317073170731705,130,4.642857142857143,0.11823361823361823,0.0847457627118644,0.05555555555555555,0.4,0
scottol01w,2,IND,0,3.375,5.016774193548387,1,0.547945205479452,2.25,3.3445161290322583,1.25,1.8580645161290323,235,7.34375,0.17970049916805325,0.14634146341463414,0.08714596949891068,0.16666666666666666,0
scottol01w,3,IND,0,4.096774193548387,4.689230769230769,2,0.7428571428571429,2.225806451612903,2.5476923076923077,1.6774193548387097,1.9200000000000002,314,10.129032258064516,0.22678571428571428,0.1571753986332574,0.11607142857142858,0.2857142857142857,0
scottol01w,5,CHA,0,2.2941176470588234,7.055276381909548,0,0.2702702702702703,1.0588235294117647,3.2562814070351758,0.29411764705882354,0.9045226130653267,97,2.8529411764705883,0.12018489984591679,0.075,0.0234192037470726,0.0,0
scottol01w,6,SAC,0,1.5,5.717647058823529,0,0.21739130434782608,1.2222222222222223,4.658823529411765,0.2777777777777778,1.0588235294117647,44,2.4444444444444446,0.03941605839416058,0.043912175648702596,0.00946969696969697,0.0,0
scottol01w,7,IND,0,1.380952380952381,6.566037735849056,0,0.4375,0.7142857142857143,3.3962264150943398,0.3333333333333333,1.5849056603773584,49,2.3333333333333335,0.047775947281713346,0.02835538752362949,0.013944223107569721,0.0,0
scottol01w,8,PHO,0,0.75,6.75,0,0.5,0.375,3.375,0.25,2.25,10,1.25,0.009104704097116844,0.006160164271047228,0.0029239766081871343,0.0,0
scottol01w,9,PHO,0,3.8333333333333335,12.0,1,0.42857142857142855,1.0,3.1304347826086953,0.5,1.5652173913043477,29,4.833333333333333,0.028930817610062894,0.012244897959183673,0.0053475935828877,0.08333333333333333,0
shakiel01w,1,HOU,0,0.8571428571428571,2.88,0,0.5,0.5,1.6800000000000002,0.2857142857142857,0.9600000000000001,42,3.0,0.021621621621621623,0.015873015873015872,0.00808080808080808,0.0,0
shakiel01w,2,HOU,0,0.4230769230769231,1.9507389162561577,0,0.9,0.34615384615384615,1.5960591133004927,0.34615384615384615,1.5960591133004927,52,2.0,0.021568627450980392,0.020594965675057208,0.02107728337236534,0.0,0
shakiel01w,3,CHA,0,0.0,0.0,0,0.0,0.0,0.0,0.0,0.0,2,2.0,0.0,0.0,0.0,0.0,0
sharpkb01w,4,NYL,0,0.5,1.3567839195979898,0,1.3703703703703705,0.8666666666666667,2.351758793969849,1.2333333333333334,3.3467336683417086,83,2.7666666666666666,0.025510204081632654,0.055201698513800426,0.07007575757575757,0.0,0
sharpkb01w,5,NYL,0,0.23333333333333334,1.05,0,1.5714285714285714,0.6666666666666666,3.0,1.1,4.95,61,2.033333333333333,0.011904761904761904,0.03944773175542406,0.06111111111111111,0.0,0
sharpkb01w,7,IND,0,0.13043478260869565,0.6967741935483871,0,2.5555555555555554,0.34782608695652173,1.8580645161290323,1.0,5.341935483870968,39,1.6956521739130435,0.004942339373970346,0.015122873345935728,0.045816733067729085,0.0,0
sharpkb01w,8,IND,0,0.5,1.3480176211453745,0,1.8148148148148149,0.7647058823529411,2.0616740088105727,1.4411764705882353,3.8854625550660797,94,2.764705882352941,0.02627511591962906,0.04406779661016949,0.095703125,0.0,0
sharpkb01w,9,CHI,0,0.7941176470588235,1.6254180602006687,0,1.53125,0.9117647058823529,1.8662207357859533,1.4411764705882353,2.9498327759197327,108,3.176470588235294,0.0421875,0.058935361216730035,0.08925318761384335,0.0,0
sharpkb01w,10,CHI,0,0.5555555555555556,1.6615384615384616,0,1.0416666666666667,0.8518518518518519,2.5476923076923077,0.9259259259259259,2.769230769230769,55,2.037037037037037,0.024752475247524754,0.043151969981238276,0.04690431519699812,0.0,0
shielas01w,8,HOU,0,0.9615384615384616,2.960526315789474,0,0.4444444444444444,1.6923076923076923,5.210526315789474,0.7692307692307693,2.3684210526315788,64,2.4615384615384617,0.038109756097560975,0.0694006309148265,0.03577817531305903,0.0,0
shielas01w,9,DET,2,0.42857142857142855,2.454545454545454,0,0.2857142857142857,0.8571428571428571,4.909090909090908,0.2857142857142857,1.6363636363636365,6,0.8571428571428571,0.004137931034482759,0.012072434607645875,0.003305785123966942,0.0,0
shielas01w,9,HOU,1,1.0,9.0,0,0.5,0.3333333333333333,3.0,0.3333333333333333,3.0,2,0.6666666666666666,0.00411522633744856,0.0016666666666666668,0.0017953321364452424,0.0,0
slaisma01w,1,DET,0,0.0,0.0,0,0.0,0.0,0.0,0.0,0.0,2,0.6666666666666666,0.0,0.0,0.0,0.0,0
slauggw01w,5,MIN,0,0.0,0.0,0,0.0,0.0,0.0,0.0,0.0,2,0.6666666666666666,0.0,0.0,0.0,0.0,0
slavtge01w,4,PHO,0,1.0,6.0,0,0.5,0.5,3.0,0.5,3.0,1,0.5,0.0030075187969924814,0.0020833333333333333,0.0021645021645021645,0.0,0
smithai01w,4,WAS,0,1.4193548387096775,3.753554502369668,0,0.37037037037037035,0.8387096774193549,2.2180094786729856,0.3225806451612903,0.8530805687203791,95,3.064516129032258,0.06499261447562776,0.056155507559395246,0.01757469244288225,0.0,0
smithai01w,5,WAS,0,1.3103448275862069,3.3945409429280398,0,0.6818181818181818,0.7241379310344828,1.8759305210918114,0.5172413793103449,1.3399503722084367,113,3.896551724137931,0.05819295558958652,0.04941176470588235,0.03205128205128205,0.0,0
smithbr01w,9,PHO,0,2.9,7.791044776119403,0,0.9,0.9,2.417910447761194,0.9,2.417910447761194,50,5.0,0.03647798742138365,0.018367346938775512,0.016042780748663103,0.0,0
smithbr01w,10,PHO,0,1.4285714285714286,7.5,0,0.375,0.3333333333333333,1.75,0.14285714285714285,0.75,43,2.0476190476190474,0.04048582995951417,0.013972055888223553,0.004792332268370607,0.0,0
smithch02w,1,CHA,0,2.933333333333333,4.8072837632776935,2,1.1224489795918366,1.6,2.622154779969651,1.8333333333333333,3.0045523520485586,193,6.433333333333334,0.12324929971988796,0.096579476861167,0.09963768115942029,0.2222222222222222,0
smithch02w,2,CHA,0,2.433333333333333,3.8761061946902657,1,1.1904761904761905,1.3666666666666667,2.1769911504424777,1.6666666666666667,2.6548672566371683,180,6.0,0.12046204620462046,0.0863157894736842,0.10683760683760683,0.16666666666666666,0
smithch02w,3,CHA,0,3.53125,4.570786516853932,3,0.8688524590163934,1.875,2.426966292134831,1.65625,2.143820224719101,212,6.625,0.1743827160493827,0.1466992665036675,0.10663983903420524,0.3333333333333333,0
smithch02w,4,CHA,0,2.0,4.388261851015802,0,0.72,0.8888888888888888,1.9503386004514671,0.6666666666666666,1.4627539503386005,90,3.3333333333333335,0.07736389684813753,0.04819277108433735,0.036,0.0,0
smithch02w,5,CHA,0,3.2058823529411766,4.016376663254862,1,0.7142857142857143,1.6176470588235294,2.0266120777891503,1.1764705882352942,1.473899692937564,210,6.176470588235294,0.1679506933744222,0.11458333333333333,0.0936768149882904,0.2,0
smithch02w,6,WAS,0,2.735294117647059,3.2316602316602316,0,1.5106382978723405,1.3529411764705883,1.5984555984555986,2.088235294117647,2.4671814671814674,232,6.823529411764706,0.1332378223495702,0.10550458715596331,0.13706563706563707,0.0,0
smithch02w,7,IND,0,1.1666666666666667,4.369942196531792,0,0.5,0.7222222222222222,2.7052023121387285,0.3888888888888889,1.4566473988439306,35,1.9444444444444444,0.03459637561779242,0.024574669187145556,0.013944223107569721,0.0,0
smithch03w,1,SEA,0,1.625,3.627906976744186,0,1.606060606060606,1.0,2.2325581395348837,1.65625,3.697674418604651,119,3.71875,0.08012326656394453,0.060836501901140684,0.13554987212276215,0.0,0
smithch03w,2,SEA,0,1.625,3.1782682512733444,0,1.4444444444444444,0.8125,1.5891341256366722,1.21875,2.3837011884550083,112,3.5,0.0858085808580858,0.06018518518518518,0.09443099273607748,0.0,0
smithch03w,4,PHO,0,0.5,4.235294117647059,0,1.0,0.0,0.0,0.25,2.1176470588235294,5,1.25,0.0030075187969924814,0.0,0.0021645021645021645,0.0,0
smithcr01w,7,PHO,0,1.0434782608695652,4.385786802030457,0,1.1578947368421053,0.782608695652174,3.2893401015228427,0.9565217391304348,4.020304568527919,61,2.652173913043478,0.03234501347708895,0.040632054176072234,0.0343213728549142,0.0,0
smithcr01w,8,HOU,0,1.8518518518518519,2.635431918008785,0,1.263157894736842,2.074074074074074,2.951683748169839,2.6666666666666665,3.79502196193265,162,6.0,0.07621951219512195,0.08832807570977919,0.12880143112701253,0.0,0
smithcr01w,9,MIN,1,0.0,,0,0.0,0.0,,0.0,,0,0.0,0.0,0.0,0.0,0.0,0
smithcr01w,9,WAS,2,1.5357142857142858,3.9489795918367347,0,0.7142857142857143,1.2142857142857142,3.122448979591837,0.8928571428571429,2.295918367346939,69,2.4642857142857144,0.05672823218997362,0.05329153605015674,0.05165289256198347,0.0,0
smithje01w,6,NYL,0,0.0,0.0,0,0.0,0.0,0.0,0.0,0.0,0,0.0,0.0,0.0,0.0,0.0,0
smithka01w,1,MIN,0,2.21875,2.142497904442582,0,1.1688311688311688,2.375,2.2933780385582563,2.8125,2.7158424140821458,234,7.3125,0.10274963820549927,0.15261044176706828,0.1814516129032258,0.0,0
smithka01w,2,MIN,0,2.9375,2.7423014586709886,0,0.7954545454545454,2.71875,2.538087520259319,2.1875,2.0421393841166937,220,6.875,0.13505747126436782,0.17125984251968504,0.1598173515981735,0.0,0
smithka01w,3,MIN,0,2.806451612903226,2.7521968365553606,2,1.1126760563380282,2.2580645161290325,2.2144112478031635,2.5483870967741935,2.499121265377856,210,6.774193548387097,0.1407766990291262,0.1320754716981132,0.16916488222698073,0.25,0
smithka01w,4,MIN,0,3.2941176470588234,3.40253164556962,2,1.2352941176470589,1.9705882352941178,2.0354430379746837,2.4705882352941178,2.5518987341772155,253,7.4411764705882355,0.1763779527559055,0.11985688729874776,0.14457831325301204,0.2857142857142857,0
smithka01w,5,MIN,0,2.739130434782609,2.835,1,1.0,2.217391304347826,2.295,2.260869565217391,2.34,165,7.173913043478261,0.09531013615733737,0.08306188925081433,0.09867172675521822,0.25,0
smithka01w,6,DET,2,2.076923076923077,2.467005076142132,0,1.4444444444444444,1.3076923076923077,1.5532994923857868,2.0,2.3756345177664975,62,4.769230769230769,0.03543307086614173,0.02972027972027972,0.05473684210526316,0.0,0
smithka01w,6,MIN,1,2.0,2.161879895561358,0,1.1090909090909091,2.347826086956522,2.5378590078328984,2.652173913043478,2.866840731070496,143,6.217391304347826,0.0736,0.1005586592178771,0.11466165413533834,0.0,0
smithka01w,7,DET,0,2.2941176470588234,2.4696569920844325,0,1.696969696969697,1.911764705882353,2.058047493403694,3.2941176470588234,3.5461741424802113,233,6.852941176470588,0.10955056179775281,0.120817843866171,0.19546247818499127,0.0,0
smithka01w,8,DET,0,2.3823529411764706,2.500857632933105,0,2.066666666666667,1.7352941176470589,1.8216123499142367,3.6470588235294117,3.8284734133790734,297,8.735294117647058,0.11522048364153627,0.10442477876106195,0.2198581560283688,0.0,0
smithka01w,9,DET,0,2.0588235294117645,2.1875,0,1.691358024691358,2.3529411764705883,2.5,4.029411764705882,4.28125,266,7.823529411764706,0.09655172413793103,0.16096579476861167,0.22644628099173553,0.0,0
smithka01w,10,DET,0,2.5555555555555554,2.778523489932886,2,1.2063492063492063,2.2962962962962963,2.496644295302014,2.814814814814815,3.0604026845637584,162,6.0,0.08996088657105607,0.113345521023766,0.13194444444444445,0.2,0
smithki01w,7,SAC,0,1.064516129032258,3.7955271565495208,0,0.8695652173913043,0.7096774193548387,2.5303514376996805,0.6451612903225806,2.300319488817891,68,2.193548387096774,0.04918032786885246,0.040515653775322284,0.0392156862745098,0.0,0
smithki01w,8,SAC,0,0.3333333333333333,6.0,0,0.0,0.3333333333333333,6.0,0.0,0.0,2,0.6666666666666666,0.0015552099533437014,0.0016339869281045752,0.0,0.0,0
smithki01w,9,SAC,0,1.0476190476190477,5.538461538461538,0,0.5,0.42857142857142855,2.265734265734266,0.23809523809523808,1.2587412587412588,28,1.3333333333333333,0.03183791606367583,0.015332197614991482,0.010548523206751054,0.0,0
smithla01w,1,ORL,0,0.6666666666666666,6.0,0,0.3333333333333333,0.6666666666666666,6.0,0.3333333333333333,3.0,5,1.6666666666666667,0.003424657534246575,0.004106776180698152,0.002109704641350211,0.0,0
smithta01w,1,SAC,0,3.34375,4.164324324324324,1,0.7049180327868853,1.875,2.3351351351351353,1.34375,1.6735135135135133,315,9.84375,0.18706293706293706,0.13071895424836602,0.07570422535211267,0.16666666666666666,0
smithta01w,2,SAC,0,3.3125,4.184210526315789,2,0.6119402985074627,2.0625,2.605263157894737,1.28125,1.618421052631579,309,9.65625,0.1799660441426146,0.13333333333333333,0.07334525939177101,0.3333333333333333,0
smithta01w,3,SAC,0,3.9375,4.267168391345249,4,0.6666666666666666,1.84375,1.998118532455315,1.25,1.3546566321730948,301,9.40625,0.1863905325443787,0.12910284463894967,0.07984031936127745,0.4444444444444444,0
smithta01w,4,SAC,0,3.0294117647058822,3.7606490872210956,2,0.9122807017543859,1.6470588235294117,2.044624746450304,1.5294117647058822,1.898580121703854,314,9.235294117647058,0.16043613707165108,0.12121212121212122,0.0913884007029877,0.25,0
smithta01w,5,SAC,0,2.5294117647058822,3.409691629955947,0,0.9259259259259259,1.5588235294117647,2.101321585903084,1.4705882352941178,1.9823788546255505,251,7.382352941176471,0.13395638629283488,0.10905349794238683,0.09615384615384616,0.0,0
smithta01w,6,CHA,0,3.3870967741935485,3.5559736594543745,1,0.4823529411764706,2.7096774193548385,2.8447789275634996,1.3225806451612903,1.3885230479774224,286,9.225806451612904,0.14423076923076922,0.15671641791044777,0.08299595141700405,0.09090909090909091,0
smithta01w,7,CHA,0,2.9411764705882355,3.7037037037037037,1,0.704225352112676,2.0588235294117645,2.5925925925925926,1.4705882352941178,1.8518518518518519,300,8.823529411764707,0.1360544217687075,0.12173913043478261,0.0946969696969697,0.14285714285714285,0
smithta01w,8,PHO,0,2.9705882352941178,3.3917910447761193,1,0.7719298245614035,1.6470588235294117,1.880597014925373,1.2941176470588236,1.4776119402985075,360,10.588235294117647,0.15326251896813353,0.11498973305954825,0.06432748538011696,0.16666666666666666,0
smithta01w,9,PHO,0,3.92,4.886426592797784,3,0.6666666666666666,1.64,2.044321329639889,1.12,1.3961218836565097,261,10.44,0.12327044025157233,0.0836734693877551,0.049910873440285206,0.25,0
smithta01w,10,PHO,0,3.1470588235294117,4.1869565217391305,4,0.7105263157894737,1.088235294117647,1.4478260869565216,0.7941176470588235,1.056521739130435,301,8.852941176470589,0.14439946018893388,0.07385229540918163,0.04313099041533546,0.5714285714285714,0
smithty01w,8,DET,0,0.0,0.0,0,0.0,0.0,0.0,0.0,0.0,3,3.0,0.0,0.0,0.0,0.0,0
smithwa01w,9,DET,0,0.0,,0,0.0,0.0,,0.0,,0,0.0,0.0,0.0,0.0,0.0,0
snellbe01w,6,PHO,0,1.55,4.938053097345133,0,1.5,0.55,1.752212389380531,0.9,2.8672566371681416,62,3.1,0.044412607449856735,0.021235521235521235,0.03272727272727273,0.0,0
snellbe01w,7,PHO,0,0.9333333333333333,4.032,0,1.0555555555555556,0.5666666666666667,2.4480000000000004,0.6333333333333333,2.7359999999999998,76,2.533333333333333,0.03773584905660377,0.03837471783295711,0.029641185647425898,0.0,0
snellbe01w,8,PHO,0,1.0333333333333334,3.2536443148688043,0,2.3157894736842106,0.6,1.8892128279883382,1.4666666666666666,4.618075801749271,114,3.8,0.04704097116843703,0.03696098562628337,0.06432748538011696,0.0,0
snellbe01w,10,SAS,0,1.6666666666666667,3.2549728752260396,0,1.2333333333333334,0.9666666666666667,1.887884267631103,1.2333333333333334,2.4086799276672695,137,4.566666666666666,0.08375209380234507,0.056862745098039215,0.06176961602671119,0.0,0
snowmi01w,3,HOU,0,1.84375,4.425,0,0.5652173913043478,0.6875,1.65,0.40625,0.9750000000000001,170,5.3125,0.12606837606837606,0.04824561403508772,0.028824833702882482,0.0,0
snowmi01w,4,HOU,0,3.5294117647058822,4.214634146341464,2,0.6086956521739131,2.0,2.3882926829268296,1.2352941176470589,1.4751219512195122,402,11.823529411764707,0.24439918533604887,0.15077605321507762,0.09012875536480687,0.6666666666666666,0
snowmi01w,5,HOU,0,2.870967741935484,3.587905935050392,0,0.4305555555555556,2.2903225806451615,2.8622620380739083,1.0,1.2497200447928332,333,10.741935483870968,0.16007194244604317,0.1463917525773196,0.06858407079646017,0.0,0
snowmi01w,6,HOU,0,3.6363636363636362,4.472049689440993,4,0.6060606060606061,1.9696969696969697,2.422360248447205,1.2121212121212122,1.4906832298136645,323,9.787878787878787,0.20618556701030927,0.15258215962441316,0.08547008547008547,0.6666666666666666,0
snowmi01w,7,HOU,0,3.5588235294117645,4.37788944723618,3,0.5280898876404494,2.588235294117647,3.18391959798995,1.3823529411764706,1.7005025125628142,387,11.382352941176471,0.19579288025889968,0.15520282186948853,0.08818011257035648,0.42857142857142855,0
snowmi01w,8,HOU,0,3.1470588235294117,4.318385650224215,1,0.5108695652173914,2.676470588235294,3.672645739910314,1.3823529411764706,1.8968609865470851,330,9.705882352941176,0.16310975609756098,0.14353312302839116,0.08407871198568873,0.25,0
snowmi01w,9,HOU,0,3.264705882352941,4.668224299065421,3,0.6615384615384615,1.8823529411764706,2.691588785046729,1.2647058823529411,1.808411214953271,322,9.470588235294118,0.1522633744855967,0.10666666666666667,0.07719928186714542,0.375,0
snowmi01w,10,ATL,0,2.1470588235294117,5.224652087475149,0,0.425,1.1470588235294117,2.7912524850894633,0.5,1.216699801192843,194,5.705882352941177,0.09838274932614555,0.06598984771573604,0.03102189781021898,0.0,0
spencsi01w,8,LAS,0,2.5294117647058822,3.739130434782609,0,1.1666666666666667,1.0294117647058822,1.5217391304347827,1.2352941176470589,1.8260869565217392,218,6.411764705882353,0.11732605729877217,0.06118881118881119,0.07567567567567568,0.0,0
spencsi01w,9,LAS,0,1.4545454545454546,3.8314855875831486,0,0.75,0.696969696969697,1.835920177383592,0.5454545454545454,1.4368070953436807,98,2.9696969696969697,0.06722689075630252,0.03776683087027915,0.029315960912052116,0.0,0
spencsi01w,10,NYL,0,0.7272727272727273,2.541176470588235,0,1.5,0.2727272727272727,0.9529411764705882,0.45454545454545453,1.5882352941176472,60,1.8181818181818181,0.03761755485893417,0.016544117647058824,0.028462998102466792,0.0,0
spornra01w,2,DET,0,0.6956521739130435,2.1735849056603773,0,0.7857142857142857,0.5652173913043478,1.7660377358490567,0.4782608695652174,1.4943396226415093,74,3.217391304347826,0.026533996683250415,0.026052104208416832,0.023404255319148935,0.0,0
stafftr01w,2,HOU,0,1.4,4.142465753424657,0,0.5925925925925926,0.8666666666666667,2.5643835616438357,0.5333333333333333,1.5780821917808219,115,3.8333333333333335,0.08235294117647059,0.059496567505720827,0.03747072599531616,0.0,0
stafftr01w,3,MIA,0,0.8333333333333334,4.7368421052631575,0,0.2857142857142857,1.0,5.684210526315789,0.3333333333333333,1.894736842105263,9,1.5,0.007763975155279503,0.013761467889908258,0.0041928721174004195,0.0,0
staleda01w,1,CHA,0,2.5,2.620564149226569,1,2.0652173913043477,2.84375,2.9808917197452227,5.9375,6.223839854413103,305,9.53125,0.11204481792717087,0.18309859154929578,0.3442028985507246,0.1111111111111111,0
staleda01w,2,CHA,0,1.6875,1.6875,0,1.7722772277227723,3.125,3.125,5.59375,5.59375,303,9.46875,0.0891089108910891,0.21052631578947367,0.38247863247863245,0.0,0
staleda01w,3,CHA,0,2.09375,2.273327049952875,0,2.0246913580246915,2.5,2.714420358152686,5.125,5.564561734213007,268,8.375,0.10339506172839506,0.19559902200489,0.3299798792756539,0.0,0
staleda01w,4,CHA,0,2.235294117647059,2.519337016574586,0,2.2025316455696204,2.2941176470588234,2.585635359116022,5.117647058823529,5.767955801104972,285,8.382352941176471,0.10888252148997135,0.1566265060240964,0.348,0.0,0
staleda01w,5,CHA,0,2.4411764705882355,2.614173228346457,0,2.28,2.176470588235294,2.330708661417323,5.029411764705882,5.3858267716535435,274,8.058823529411764,0.12788906009244994,0.15416666666666667,0.40046838407494145,0.0,0
staleda01w,6,CHA,1,2.0434782608695654,2.4736842105263155,0,2.813953488372093,1.826086956521739,2.2105263157894735,5.260869565217392,6.368421052631579,204,8.869565217391305,0.06456043956043957,0.07835820895522388,0.24493927125506074,0.0,0
staleda01w,6,HOU,2,2.3,3.746606334841629,1,2.1538461538461537,1.2,1.9547511312217196,2.8,4.5610859728506785,52,5.2,0.03951890034364261,0.028169014084507043,0.05982905982905983,0.16666666666666666,0
staleda01w,7,HOU,0,1.4705882352941178,1.768172888015717,0,1.7272727272727273,2.235294117647059,2.68762278978389,3.911764705882353,4.703339882121807,248,7.294117647058823,0.08090614886731391,0.13403880070546736,0.24953095684803,0.0,1
stansti01w,7,LAS,0,1.0,6.260869565217391,0,0.6666666666666666,0.5,3.1304347826086953,0.5,3.1304347826086953,12,3.0,0.0058823529411764705,0.003738317757009346,0.0032733224222585926,0.0,0
stansti01w,8,MIN,0,2.6,6.42562929061785,0,0.5,0.9666666666666667,2.389016018306636,0.5,1.2356979405034325,169,5.633333333333334,0.1092436974789916,0.051601423487544484,0.02512562814070352,0.0,0
starbka01w,1,UTA,0,1.103448275862069,3.388235294117647,0,1.0,1.0,3.070588235294118,1.0344827586206897,3.1764705882352944,87,3.0,0.045779685264663805,0.05321100917431193,0.05736137667304015,0.0,0
starbka01w,2,UTA,0,1.3043478260869565,3.4838709677419355,0,1.3125,0.6521739130434783,1.7419354838709677,0.9130434782608695,2.438709677419355,60,2.608695652173913,0.048154093097913325,0.030364372469635626,0.04,0.0,0
starbka01w,3,SEA,2,2.111111111111111,3.67741935483871,0,1.0,1.2222222222222223,2.129032258064516,1.3333333333333333,2.32258064516129,41,4.555555555555555,0.030448717948717948,0.02301255230125523,0.02330097087378641,0.0,0
starbka01w,3,UTA,1,1.0666666666666667,6.545454545454546,0,2.3333333333333335,0.13333333333333333,0.8181818181818182,0.4666666666666667,2.8636363636363638,27,1.8,0.024024024024024024,0.0038240917782026767,0.014613778705636743,0.0,0
starbka01w,5,IND,0,0.5833333333333334,2.1538461538461537,0,1.1,0.75,2.769230769230769,0.9166666666666666,3.3846153846153846,26,2.1666666666666665,0.0109375,0.018480492813141684,0.019784172661870502,0.0,0
stedika01w,1,SAC,0,0.7586206896551724,2.563106796116505,0,0.7777777777777778,0.5862068965517241,1.9805825242718447,0.4827586206896552,1.6310679611650487,74,2.5517241379310347,0.038461538461538464,0.037037037037037035,0.02464788732394366,0.0,0
stedika01w,2,SEA,0,0.8846153846153846,2.1068702290076335,1,1.0434782608695652,0.8461538461538461,2.015267175572519,0.9230769230769231,2.198473282442748,84,3.230769230769231,0.037953795379537955,0.05092592592592592,0.05811138014527845,0.14285714285714285,0
stepama01w,1,PHO,0,2.8,8.894117647058824,1,0.34782608695652173,1.4666666666666666,4.658823529411765,0.5333333333333333,1.6941176470588235,69,4.6,0.06656101426307448,0.05116279069767442,0.017167381974248927,0.16666666666666666,0
stepama01w,2,PHO,0,3.4375,4.858895705521473,3,0.803921568627451,1.5625,2.208588957055215,1.28125,1.811042944785276,349,10.90625,0.1757188498402556,0.09615384615384616,0.07961165048543689,0.42857142857142855,0
stepama01w,6,PHO,0,2.2,2.904645476772616,0,1.0,1.4666666666666666,1.9364303178484108,1.5333333333333334,2.0244498777506115,161,10.733333333333333,0.04727793696275072,0.04247104247104247,0.04181818181818182,0.0,0
stephst01w,5,DET,0,1.0,7.0,0,1.0,0.2857142857142857,2.0,0.42857142857142855,3.0,12,1.7142857142857142,0.01078582434514638,0.0038910505836575876,0.005309734513274336,0.0,0
stevema01w,5,SAS,0,1.103448275862069,4.447876447876448,0,0.4166666666666667,0.3793103448275862,1.528957528957529,0.1724137931034483,0.6949806949806949,50,1.7241379310344827,0.05087440381558029,0.021400778210116732,0.010121457489878543,0.0,0
stevema01w,6,SEA,0,0.75,2.0377358490566038,0,0.2,1.0,2.7169811320754715,0.25,0.6792452830188679,9,2.25,0.004559270516717325,0.007736943907156673,0.0019193857965451055,0.0,0
stevema01w,7,PHO,0,1.5,6.0,0,0.0,1.0,4.0,0.0,0.0,4,2.0,0.004043126684636119,0.004514672686230248,0.0,0.0,0
stileja01w,2,POR,0,2.34375,2.6392961876832848,0,0.7971014492753623,2.125,2.3929618768328442,1.71875,1.935483870967742,159,4.96875,0.11829652996845426,0.13572854291417166,0.12168141592920353,0.0,0
stileja01w,3,POR,0,1.8095238095238095,3.5811518324607325,0,0.9090909090909091,1.0,1.9790575916230368,0.9523809523809523,1.8848167539267016,42,2.0,0.060897435897435896,0.04251012145748988,0.04056795131845842,0.0,0
stinsan01w,1,CHA,0,2.40625,2.4683882457702584,0,1.3908045977011494,2.6875,2.756901157613535,3.78125,3.8788958147818344,335,10.46875,0.10784313725490197,0.17303822937625754,0.21920289855072464,0.0,0
stinsan01w,2,CHA,0,1.84375,2.1113320079522864,0,1.2394366197183098,2.1875,2.5049701789264414,2.75,3.149105367793241,287,8.96875,0.09735973597359736,0.14736842105263157,0.18803418803418803,0.0,0
stinsan01w,3,CHA,0,1.75,2.1221052631578945,0,1.7169811320754718,1.625,1.9705263157894737,2.84375,3.448421052631579,314,9.8125,0.08641975308641975,0.1271393643031785,0.18309859154929578,0.0,0
stinsan01w,4,CHA,0,2.0588235294117645,2.5200000000000005,0,1.2763157894736843,2.2058823529411766,2.6999999999999997,2.8529411764705883,3.492,290,8.529411764705882,0.10028653295128939,0.15060240963855423,0.194,0.0,0
stinsan01w,5,CHA,0,1.7647058823529411,2.7799227799227797,1,1.1666666666666667,1.2058823529411764,1.8996138996138998,1.4411764705882353,2.27027027027027,202,5.9411764705882355,0.09244992295839753,0.08541666666666667,0.11475409836065574,0.2,0
stinsan01w,6,DET,0,0.3333333333333333,2.1176470588235294,0,2.6,0.2222222222222222,1.4117647058823528,0.7222222222222222,4.588235294117647,28,1.5555555555555556,0.007874015748031496,0.006993006993006993,0.02736842105263158,0.0,0
stiresh01w,1,MIN,0,1.0476190476190477,6.769230769230769,0,0.4666666666666667,0.6666666666666666,4.3076923076923075,0.3333333333333333,2.1538461538461537,27,1.2857142857142858,0.03183791606367583,0.028112449799196786,0.014112903225806451,0.0,0
stiresh01w,2,MIN,0,1.4444444444444444,4.656716417910448,0,0.7,1.0555555555555556,3.4029850746268657,0.7777777777777778,2.5074626865671643,53,2.9444444444444446,0.03735632183908046,0.03740157480314961,0.0319634703196347,0.0,0
stiresh01w,3,MIN,0,0.3333333333333333,4.909090909090908,0,0.3333333333333333,0.2222222222222222,3.272727272727273,0.1111111111111111,1.6363636363636365,8,0.8888888888888888,0.0048543689320388345,0.0037735849056603774,0.0021413276231263384,0.0,0
stockta01w,2,WAS,0,1.0,9.818181818181817,0,0.0,0.0,0.0,0.0,0.0,2,0.6666666666666666,0.0055762081784386614,0.0,0.0,0.0,0
streiju01w,1,IND,0,2.4814814814814814,5.688679245283018,1,1.3333333333333333,1.1851851851851851,2.7169811320754715,1.6296296296296295,3.7358490566037736,154,5.703703703703703,0.104199066874028,0.06165703275529865,0.08764940239043825,0.1,0
streiju01w,2,IND,0,3.0,4.124469589816124,2,0.9811320754716981,1.9259259259259258,2.6478076379066477,1.9259259259259258,2.6478076379066477,247,9.148148148148149,0.13477537437603992,0.10569105691056911,0.11328976034858387,0.3333333333333333,0
streiju01w,6,IND,0,2.2058823529411766,3.935860058309038,0,0.8648648648648649,1.0588235294117647,1.8892128279883382,0.9411764705882353,1.6793002915451896,173,5.088235294117647,0.11210762331838565,0.07531380753138076,0.06477732793522267,0.0,0
strotan01w,7,PHO,0,0.375,2.769230769230769,0,2.0,0.0,0.0,0.25,1.846153846153846,10,1.25,0.004043126684636119,0.0,0.0031201248049922,0.0,0
strotan01w,8,IND,0,0.4166666666666667,2.608695652173913,0,1.0,0.16666666666666666,1.0434782608695652,0.25,1.5652173913043477,12,1.0,0.0077279752704791345,0.003389830508474576,0.005859375,0.0,0
strotan01w,9,ATL,0,0.8095238095238095,3.8249999999999997,0,1.75,0.14285714285714285,0.6749999999999999,0.3333333333333333,1.575,28,1.3333333333333333,0.02132998745294856,0.005050505050505051,0.014198782961460446,0.0,0
summela01w,6,CON,0,1.0,9.209302325581396,0,0.6,0.36363636363636365,3.3488372093023253,0.2727272727272727,2.511627906976744,15,1.3636363636363635,0.0176,0.008830022075055188,0.005226480836236934,0.0,0
summela01w,7,CON,0,1.1515151515151516,3.81058495821727,0,0.9047619047619048,0.6060606060606061,2.0055710306406684,0.5757575757575758,1.905292479108635,60,1.8181818181818181,0.07156308851224105,0.038834951456310676,0.030110935023771792,0.0,0
sun-mju01w,4,SEA,0,0.7647058823529411,3.9661016949152543,0,0.16666666666666666,0.29411764705882354,1.5254237288135593,0.058823529411764705,0.3050847457627119,16,0.9411764705882353,0.020155038759689922,0.01072961373390558,0.0018214936247723133,0.0,0
suttota01w,2,CHA,0,2.896551724137931,5.023255813953488,1,0.2682926829268293,1.3793103448275863,2.39202657807309,0.3793103448275862,0.6578073089700998,200,6.896551724137931,0.13861386138613863,0.08421052631578947,0.023504273504273504,0.16666666666666666,0
suttota01w,3,CHA,0,3.90625,5.084745762711864,3,0.3,1.53125,1.9932203389830507,0.46875,0.6101694915254238,271,8.46875,0.19290123456790123,0.1198044009779951,0.030181086519114688,0.3333333333333333,0
suttota01w,4,CHA,0,3.8823529411764706,5.5,2,0.25,1.7352941176470589,2.458333333333333,0.4411764705882353,0.625,285,8.382352941176471,0.18911174785100288,0.11847389558232932,0.03,0.5,0
suttota01w,5,CHA,0,3.264705882352941,4.119587628865979,1,0.20833333333333334,2.088235294117647,2.6350515463917525,0.4411764705882353,0.5567010309278351,328,9.647058823529411,0.17103235747303544,0.14791666666666667,0.0351288056206089,0.2,0
suttota01w,6,CHA,0,4.0588235294117645,5.600901916572718,5,0.2,2.0294117647058822,2.800450958286359,0.4117647058823529,0.5682074408117249,260,7.647058823529412,0.18956043956043955,0.1287313432835821,0.02834008097165992,0.45454545454545453,0
suttota01w,7,CHA,0,3.5,4.7250000000000005,2,0.2777777777777778,2.3666666666666667,3.195,0.6666666666666666,0.9,277,9.233333333333333,0.14285714285714285,0.12347826086956522,0.03787878787878788,0.2857142857142857,0
suttota01w,8,IND,0,3.3823529411764706,4.813953488372093,1,0.3488372093023256,2.5,3.5581395348837206,0.8823529411764706,1.255813953488372,296,8.705882352941176,0.1777434312210201,0.1440677966101695,0.05859375,0.16666666666666666,0
suttota01w,9,IND,0,3.4242424242424243,4.2552301255230125,2,0.24285714285714285,2.090909090909091,2.598326359832636,0.5151515151515151,0.6401673640167365,302,9.151515151515152,0.15521978021978022,0.11774744027303755,0.033932135728542916,0.2857142857142857,0
suttota01w,10,IND,0,2.814814814814815,4.023529411764706,2,0.46,1.8148148148148149,2.594117647058823,0.8518518518518519,1.2176470588235293,236,8.74074074074074,0.10966810966810966,0.09210526315789473,0.043560606060606064,0.2857142857142857,0
swanike01w,9,CON,0,0.68,2.64935064935065,0,1.2380952380952381,0.8,3.1168831168831166,1.04,4.051948051948052,70,2.8,0.026984126984126985,0.040983606557377046,0.04276315789473684,0.0,0
swanike01w,10,PHO,0,1.0303030303030303,3.154639175257732,0,1.148936170212766,1.393939393939394,4.268041237113402,1.6363636363636365,5.010309278350515,125,3.787878787878788,0.04588394062078273,0.09181636726546906,0.08626198083067092,0.0,0
swoopsh01w,1,HOU,0,2.161290322580645,2.212844036697248,0,1.4337349397590362,2.6451612903225805,2.708256880733945,3.838709677419355,3.9302752293577985,434,14.0,0.12072072072072072,0.18594104308390022,0.2404040404040404,0.0,0
swoopsh01w,3,HOU,0,1.5625,1.5597920277296362,0,1.2159090909090908,2.71875,2.714038128249567,3.34375,3.337954939341421,376,11.75,0.10683760683760683,0.19078947368421054,0.23725055432372505,0.0,0
swoopsh01w,4,HOU,0,1.5483870967741935,1.5940959409594095,0,1.635135135135135,2.3548387096774195,2.4243542435424357,3.903225806451613,4.018450184501845,367,11.838709677419354,0.09775967413441955,0.16186252771618626,0.259656652360515,0.0,0
swoopsh01w,5,HOU,0,1.8064516129032258,1.8841121495327104,0,1.5166666666666666,1.903225806451613,1.9850467289719627,2.935483870967742,3.0616822429906545,307,9.903225806451612,0.10071942446043165,0.12164948453608247,0.2013274336283186,0.0,0
swoopsh01w,6,HOU,0,1.6363636363636365,1.586938775510204,0,1.9315068493150684,2.1818181818181817,2.115918367346939,4.2727272727272725,4.143673469387755,352,10.666666666666666,0.09278350515463918,0.16901408450704225,0.30128205128205127,0.0,0
swoopsh01w,7,HOU,0,1.4838709677419355,1.4905490549054905,0,1.5333333333333334,2.3870967741935485,2.3978397839783976,3.7096774193548385,3.7263726372637263,371,11.96774193548387,0.0744336569579288,0.13051146384479717,0.21575984990619138,0.0,0
swoopsh01w,8,HOU,0,1.0,1.0188679245283019,0,1.1,3.0,3.0566037735849054,3.6666666666666665,3.7358490566037736,34,11.333333333333334,0.004573170731707317,0.014195583596214511,0.01967799642218247,0.0,0
swoopsh01w,9,SEA,0,1.5172413793103448,2.2436260623229463,0,1.875,1.0689655172413792,1.5807365439093484,2.0689655172413794,3.0594900849858355,238,8.206896551724139,0.06423357664233577,0.058823529411764705,0.11299435028248588,0.0,0
tateso01w,1,MIN,0,1.625,4.9787234042553195,0,0.625,0.875,2.6808510638297873,0.625,1.9148936170212767,21,2.625,0.01881331403762663,0.014056224899598393,0.010080645161290322,0.0,0
tauradi01w,5,PHO,0,3.4411764705882355,3.7274336283185843,4,1.4505494505494505,2.6470588235294117,2.8672566371681416,3.8823529411764706,4.205309734513274,349,10.264705882352942,0.15620827770360482,0.1935483870967742,0.26294820717131473,0.2857142857142857,0
tauradi01w,6,PHO,0,3.3636363636363638,3.669421487603306,2,1.3274336283185841,3.393939393939394,3.702479338842975,4.545454545454546,4.958677685950414,354,10.727272727272727,0.15902578796561603,0.21621621621621623,0.2727272727272727,0.15384615384615385,0
tauradi01w,7,PHO,0,2.9411764705882355,3.125,2,1.7375,2.323529411764706,2.46875,4.088235294117647,4.34375,330,9.705882352941176,0.1347708894878706,0.17832957110609482,0.21684867394695787,0.2,0
tauradi01w,8,PHO,0,3.3125,3.7229268292682924,1,1.611764705882353,2.625,2.9502439024390243,4.28125,4.8117073170731715,351,10.96875,0.16084977238239756,0.17248459958932238,0.20029239766081872,0.16666666666666666,0
tauradi01w,9,PHO,0,3.676470588235294,4.155124653739612,2,1.4404761904761905,2.4411764705882355,2.759002770083103,3.5588235294117645,4.022160664819944,385,11.323529411764707,0.15723270440251572,0.16938775510204082,0.21568627450980393,0.16666666666666666,0
tauradi01w,10,PHO,0,3.064516129032258,3.5040983606557377,0,1.3132530120481927,2.6451612903225805,3.024590163934426,3.5161290322580645,4.020491803278689,366,11.806451612903226,0.1282051282051282,0.16367265469061876,0.17412140575079874,0.0,0
tayloli01w,5,PHO,0,1.4,9.692307692307692,0,1.0,0.2,1.3846153846153846,0.4,2.769230769230769,7,1.4,0.009345794392523364,0.002150537634408602,0.00398406374501992,0.0,0
taylope01w,2,CLE,0,1.4375,2.951871657754011,0,1.1282051282051282,1.1875,2.4385026737967914,1.375,2.8235294117647056,202,6.3125,0.08630393996247655,0.0853932584269663,0.0873015873015873,0.0,0
taylope01w,3,CLE,0,2.2,2.616740088105727,0,1.152542372881356,1.9333333333333333,2.2995594713656384,2.2666666666666666,2.696035242290749,274,9.133333333333333,0.11619718309859155,0.12831858407079647,0.14137214137214138,0.0,0
taylope01w,4,CLE,0,1.5588235294117647,2.1247216035634744,0,1.3114754098360655,1.7647058823529411,2.405345211581292,2.3529411764705883,3.2071269487750556,276,8.117647058823529,0.0828125,0.1284796573875803,0.15444015444015444,0.0,0
taylope01w,5,PHO,0,3.272727272727273,3.613382899628253,1,1.0,2.4545454545454546,2.7100371747211898,2.484848484848485,2.7434944237918213,308,9.333333333333334,0.14419225634178906,0.17419354838709677,0.16334661354581673,0.07142857142857142,0
taylope01w,6,PHO,0,2.9655172413793105,3.6338028169014085,2,1.205128205128205,2.6551724137931036,3.2535211267605635,3.2413793103448274,3.971830985915493,263,9.068965517241379,0.12320916905444126,0.14864864864864866,0.1709090909090909,0.15384615384615385,0
taylope01w,7,PHO,0,2.85,3.828358208955224,1,1.7,1.45,1.9477611940298507,2.55,3.425373134328358,202,10.1,0.07681940700808626,0.0654627539503386,0.07956318252730109,0.1,0
taylope01w,8,PHO,0,3.5294117647058822,4.2772277227722775,2,1.2564102564102564,2.264705882352941,2.7445544554455443,2.8823529411764706,3.493069306930693,385,11.323529411764707,0.18209408194233687,0.15811088295687886,0.14327485380116958,0.3333333333333333,0
taylope01w,10,PHO,0,2.2857142857142856,4.070671378091872,0,1.0,2.2142857142857144,3.943462897526502,2.2857142857142856,4.070671378091872,86,6.142857142857143,0.043184885290148446,0.06187624750499002,0.051118210862619806,0.0,0
teaslni01w,3,LAS,0,1.96875,2.571428571428571,1,2.028985507246377,2.125,2.7755102040816326,4.375,5.7142857142857135,258,8.0625,0.09473684210526316,0.13127413127413126,0.23972602739726026,0.05263157894736842,0
teaslni01w,4,LAS,0,2.0,2.0588730025231285,0,1.963302752293578,3.176470588235294,3.269974768713204,6.294117647058823,6.479394449116905,443,13.029411764705882,0.09956076134699854,0.22929936305732485,0.36394557823129253,0.0,0
teaslni01w,5,LAS,0,2.6176470588235294,2.8995475113122176,0,1.9903846153846154,3.0294117647058822,3.355656108597285,6.088235294117647,6.743891402714932,373,10.970588235294118,0.12158469945355191,0.19433962264150945,0.33014354066985646,0.0,0
teaslni01w,6,LAS,0,2.0,2.4827586206896552,0,1.4583333333333333,2.473684210526316,3.0707803992740472,3.6842105263157894,4.573502722323049,150,7.894736842105263,0.051490514905149054,0.09533468559837728,0.12681159420289856,0.0,0
teaslni01w,7,WAS,0,2.3823529411764706,2.9907692307692306,1,2.3461538461538463,2.264705882352941,2.8430769230769233,5.382352941176471,6.756923076923076,327,9.617647058823529,0.10318471337579618,0.14206642066420663,0.317157712305026,0.0625,0
teaslni01w,8,WAS,0,2.4242424242424243,3.8605898123324396,0,1.7301587301587302,1.878787878787879,2.991957104557641,3.303030303030303,5.260053619302949,211,6.393939393939394,0.10471204188481675,0.10839160839160839,0.23044397463002114,0.0,0
teaslni01w,10,ATL,1,2.8,4.3076923076923075,0,2.6923076923076925,1.2,1.846153846153846,3.5,5.384615384615384,62,6.2,0.03773584905660377,0.02030456852791878,0.06386861313868614,0.0,0
teaslni01w,10,DET,2,1.4545454545454546,2.5945945945945947,0,1.411764705882353,1.4545454545454546,2.5945945945945947,2.1818181818181817,3.891891891891892,48,4.363636363636363,0.020860495436766623,0.029250457038391225,0.041666666666666664,0.0,0
teilaza01w,7,WAS,0,1.125,6.171428571428572,0,0.2,0.25,1.3714285714285714,0.0625,0.34285714285714286,34,2.125,0.022929936305732482,0.007380073800738007,0.0017331022530329288,0.0,0
terryka01w,7,IND,0,1.4,9.50943396226415,0,0.0,0.8,5.433962264150943,0.0,0.0,17,1.7,0.023064250411861616,0.015122873345935728,0.0,0.0,0
terryka01w,8,IND,0,2.0,12.0,1,0.08333333333333333,1.2222222222222223,7.333333333333333,0.1111111111111111,0.6666666666666666,20,2.2222222222222223,0.027820710973724884,0.01864406779661017,0.001953125,0.16666666666666666,0
terryka01w,9,ATL,2,2.6,6.807272727272727,0,0.2631578947368421,1.85,4.843636363636364,0.5,1.309090909090909,95,4.75,0.06524466750313676,0.06228956228956229,0.02028397565922921,0.0,0
terryka01w,9,IND,1,1.5,4.5,0,0.2857142857142857,3.0,9.0,1.0,3.0,7,3.5,0.004120879120879121,0.010238907849829351,0.003992015968063872,0.0,0
thomaca01w,8,CHI,0,1.2941176470588236,6.491803278688525,0,0.375,0.4117647058823529,2.0655737704918034,0.17647058823529413,0.8852459016393442,36,2.1176470588235294,0.03464566929133858,0.0136986301369863,0.005016722408026756,0.0,0
thomach01w,5,LAS,0,2.5806451612903225,5.2650822669104205,0,0.8214285714285714,0.8709677419354839,1.776965265082267,0.7419354838709677,1.5137111517367459,175,5.645161290322581,0.1092896174863388,0.0509433962264151,0.03668261562998405,0.0,0
thomach01w,6,LAS,0,3.1875,7.061538461538461,1,0.6538461538461539,0.78125,1.7307692307692308,0.53125,1.176923076923077,151,4.71875,0.13821138211382114,0.05070993914807302,0.030797101449275364,0.14285714285714285,0
thomach01w,7,LAS,0,2.962962962962963,5.343228200371057,1,0.6046511627906976,1.5555555555555556,2.8051948051948052,0.9629629629629629,1.7365491651205938,203,7.518518518518518,0.11764705882352941,0.07850467289719626,0.0425531914893617,0.125,0
thomach01w,8,LAS,0,3.5,6.6937500000000005,2,0.3829787234042553,1.3529411764705883,2.5875,0.5294117647058824,1.0125,228,6.705882352941177,0.16234652114597545,0.08041958041958042,0.032432432432432434,0.2857142857142857,0
thomach01w,9,LAS,0,1.65,7.471698113207547,0,0.6666666666666666,0.4,1.8113207547169812,0.3,1.3584905660377358,56,2.8,0.046218487394957986,0.013136288998357963,0.009771986970684038,0.0,0
thomach01w,10,MIN,0,1.3636363636363635,8.181818181818182,0,0.42857142857142855,0.5454545454545454,3.272727272727273,0.2727272727272727,1.6363636363636365,26,2.3636363636363638,0.021613832853025938,0.011673151750972763,0.0058823529411764705,0.0,0
thomala01w,4,CLE,0,1.9375,2.619718309859155,1,0.8604651162790697,1.3125,1.7746478873239435,1.15625,1.563380281690141,242,7.5625,0.096875,0.08993576017130621,0.07142857142857142,0.2,0
thomala01w,5,SAS,0,3.193548387096774,3.697095435684647,1,0.7368421052631579,1.8064516129032258,2.091286307053942,1.3548387096774193,1.5684647302904564,216,6.967741935483871,0.1573926868044515,0.10894941634241245,0.08502024291497975,0.16666666666666666,0
thomala01w,6,SAS,0,2.0,2.994059405940594,0,0.6470588235294118,1.5714285714285714,2.352475247524753,1.0476190476190477,1.5683168316831682,105,5.0,0.06451612903225806,0.061567164179104475,0.05069124423963134,0.0,0
thomala01w,7,SAS,0,2.5789473684210527,4.780487804878049,1,0.7857142857142857,1.4210526315789473,2.6341463414634143,1.1578947368421053,2.1463414634146343,125,6.578947368421052,0.08019639934533551,0.05521472392638037,0.04066543438077634,0.5,0
thomala01w,8,LAS,0,2.3333333333333335,4.657084188911704,0,1.0666666666666667,1.0740740740740742,2.1437371663244353,1.1851851851851851,2.3655030800821355,109,4.037037037037037,0.08594815825375171,0.050699300699300696,0.05765765765765766,0.0,0
thomala01w,9,DET,1,0.42857142857142855,2.6999999999999997,0,0.3333333333333333,0.2857142857142857,1.8,0.14285714285714285,0.9,8,1.1428571428571428,0.004137931034482759,0.004024144869215292,0.001652892561983471,0.0,0
thomala01w,9,MIN,2,1.2307692307692308,3.9183673469387754,0,0.15789473684210525,1.3846153846153846,4.408163265306122,0.23076923076923078,0.7346938775510203,30,2.3076923076923075,0.02127659574468085,0.03805496828752643,0.005376344086021506,0.0,0
thomast01w,1,POR,0,2.90625,3.8794901506373116,1,1.463768115942029,2.125,2.836616454229432,3.15625,4.213209733487833,296,9.25,0.1220472440944882,0.11447811447811448,0.20997920997921,0.08333333333333333,0
thomast01w,2,POR,0,1.78125,4.968523002421307,0,1.0,1.25,3.486682808716707,1.28125,3.5738498789346247,151,4.71875,0.08990536277602523,0.07984031936127745,0.09070796460176991,0.0,0
thomast01w,3,POR,0,1.9375,3.5942028985507246,0,1.8108108108108107,1.125,2.0869565217391304,2.09375,3.8840579710144927,215,6.71875,0.09935897435897435,0.0728744939271255,0.1359026369168357,0.0,0
thomast01w,4,DET,2,0.9090909090909091,4.390243902439025,0,0.7142857142857143,0.5454545454545454,2.6341463414634143,0.45454545454545453,2.1951219512195124,31,2.8181818181818183,0.0165016501650165,0.009852216748768473,0.009157509157509158,0.0,0
thomast01w,4,PHO,1,0.7368421052631579,2.6951871657754007,0,0.9090909090909091,0.5263157894736842,1.9251336898395721,0.5263157894736842,1.9251336898395721,56,2.9473684210526314,0.021052631578947368,0.020833333333333332,0.021645021645021644,0.0,0
thomast01w,5,DET,0,0.0,0.0,0,0.0,0.0,0.0,0.0,0.0,0,0.0,0.0,0.0,0.0,0.0,0
thomast01w,6,DET,1,0.8823529411764706,4.060150375939849,0,2.0,0.17647058823529413,0.8120300751879699,0.47058823529411764,2.1654135338345863,39,2.2941176470588234,0.01968503937007874,0.005244755244755245,0.016842105263157894,0.0,0
thomast01w,6,MIN,2,0.0,0.0,0,0.0,0.0,0.0,0.0,0.0,2,2.0,0.0,0.0,0.0,0.0,0
thompal01w,1,IND,0,2.7419354838709675,3.8636363636363633,4,0.7592592592592593,1.7096774193548387,2.409090909090909,1.3225806451612903,1.8636363636363638,226,7.290322580645161,0.1321928460342146,0.10211946050096339,0.08167330677290836,0.4,0
thompal01w,2,IND,0,1.0909090909090908,2.267716535433071,0,1.0869565217391304,1.0,2.078740157480315,1.1363636363636365,2.3622047244094486,104,4.7272727272727275,0.03993344425956739,0.044715447154471545,0.054466230936819175,0.0,0
thompal01w,3,IND,0,1.1111111111111112,2.2929936305732483,0,0.7368421052631579,1.0,2.0636942675159236,0.7777777777777778,1.6050955414012738,65,3.611111111111111,0.03571428571428571,0.04100227790432802,0.03125,0.0,0
thompal01w,5,SEA,0,0.391304347826087,1.7802197802197801,0,1.125,0.30434782608695654,1.3846153846153846,0.391304347826087,1.7802197802197801,39,1.6956521739130435,0.013513513513513514,0.014,0.0162748643761302,0.0,0
thompal01w,6,SEA,0,0.5666666666666667,1.8601823708206686,0,0.7368421052631579,0.6,1.9696048632218845,0.4666666666666667,1.5319148936170213,67,2.2333333333333334,0.025835866261398176,0.03481624758220503,0.026871401151631478,0.0,0
thompti01w,1,HOU,0,2.75,2.9144434222631093,0,0.5647058823529412,2.625,2.78196872125115,1.5,1.5896964121435144,365,11.40625,0.15855855855855855,0.19047619047619047,0.09696969696969697,0.0,0
thompti01w,2,HOU,0,2.466666666666667,2.417422867513612,0,0.6590909090909091,2.9,2.8421052631578947,1.9333333333333333,1.894736842105263,342,11.4,0.1450980392156863,0.19908466819221968,0.1358313817330211,0.0,0
thompti01w,3,HOU,0,2.6206896551724137,2.600760456273764,0,0.6666666666666666,3.1724137931034484,3.1482889733840302,2.1379310344827585,2.121673003802281,324,11.172413793103448,0.1623931623931624,0.20175438596491227,0.13747228381374724,0.0,0
thompti01w,4,HOU,0,2.3214285714285716,2.402464065708419,0,0.6714285714285714,2.4642857142857144,2.5503080082135523,1.6785714285714286,1.7371663244353184,253,9.035714285714286,0.13238289205702647,0.15299334811529933,0.10085836909871244,0.0,0
thompti01w,5,HOU,0,2.6153846153846154,2.5959703075291625,0,0.676056338028169,2.6923076923076925,2.672322375397667,1.8461538461538463,1.8324496288441146,250,9.615384615384615,0.1223021582733813,0.14432989690721648,0.10619469026548672,0.0,0
thompti01w,6,HOU,0,2.1333333333333333,2.624145785876993,0,0.6666666666666666,2.1333333333333333,2.624145785876993,1.4666666666666666,1.8041002277904328,95,6.333333333333333,0.054982817869415807,0.07511737089201878,0.04700854700854701,0.0,0
thompti01w,7,HOU,0,2.5238095238095237,2.741379310344828,0,0.8867924528301887,2.4761904761904763,2.689655172413793,2.238095238095238,2.4310344827586206,198,9.428571428571429,0.08576051779935275,0.09171075837742504,0.08818011257035648,0.0,0
thompti01w,8,HOU,0,1.8235294117647058,1.8087520259319287,0,0.831858407079646,3.2941176470588234,3.26742301458671,2.764705882352941,2.7423014586709886,375,11.029411764705882,0.09451219512195122,0.17665615141955837,0.16815742397137745,0.0,0
thompti01w,9,HOU,0,2.466666666666667,2.4804469273743015,0,0.5663716814159292,3.7333333333333334,3.7541899441340782,2.1333333333333333,2.1452513966480447,325,10.833333333333334,0.10150891632373114,0.18666666666666668,0.11490125673249552,0.0,0
thompti01w,10,LAS,0,2.088235294117647,2.1624365482233503,0,0.8210526315789474,2.764705882352941,2.8629441624365484,2.2941176470588234,2.3756345177664975,327,9.617647058823529,0.12157534246575342,0.16520210896309315,0.1326530612244898,0.0,0
thorbsh01w,7,MIN,0,0.5,2.8085106382978724,0,1.2666666666666666,0.6363636363636364,3.5744680851063833,0.8636363636363636,4.851063829787234,43,1.9545454545454546,0.016793893129770993,0.026365348399246705,0.03861788617886179,0.0,0
thorbsh01w,8,SEA,0,0.0,0.0,0,0.0,1.0,9.0,0.0,0.0,1,0.5,0.0,0.003745318352059925,0.0,0.0,0
thorner01w,4,NYL,0,0.34782608695652173,1.591160220994475,0,1.1428571428571428,0.5652173913043478,2.585635359116022,0.6956521739130435,3.18232044198895,32,1.391304347826087,0.013605442176870748,0.027600849256900213,0.030303030303030304,0.0,0
thorner01w,5,NYL,0,0.29411764705882354,1.1538461538461537,0,0.8,0.5294117647058824,2.076923076923077,0.47058823529411764,1.846153846153846,21,1.2352941176470589,0.008503401360544218,0.01775147928994083,0.014814814814814815,0.0,0
thorner01w,6,NYL,0,0.5714285714285714,2.12807881773399,0,1.625,0.3333333333333333,1.2413793103448276,0.6190476190476191,2.305418719211823,31,1.4761904761904763,0.019543973941368076,0.01511879049676026,0.026052104208416832,0.0,0
thorner01w,7,NYL,0,0.8148148148148148,2.095238095238095,0,1.5,0.7777777777777778,2.0,1.2222222222222223,3.142857142857143,78,2.888888888888889,0.03259259259259259,0.036395147313691506,0.06932773109243698,0.0,0
thorner01w,8,NYL,0,1.3793103448275863,1.6308040770101924,0,1.489795918367347,1.6551724137931034,1.956964892412231,2.5172413793103448,2.9762174405436017,186,6.413793103448276,0.06462035541195477,0.07830342577487764,0.14570858283433133,0.0,0
thorner01w,9,NYL,0,0.6875,2.0842105263157893,0,1.7142857142857142,0.625,1.894736842105263,1.125,3.4105263157894736,65,2.03125,0.03353658536585366,0.0364963503649635,0.06521739130434782,0.0,0
thorner01w,10,CHI,0,0.9411764705882353,1.996533795493934,0,1.65625,0.9117647058823529,1.9341421143847486,1.5588235294117647,3.3067590987868285,126,3.7058823529411766,0.052805280528052806,0.058161350844277676,0.09943714821763602,0.0,0
threaro01w,1,SEA,0,1.8,3.4376657824933683,1,0.5806451612903226,1.5,2.8647214854111405,0.9,1.7188328912466841,66,3.3,0.05546995377503852,0.057034220532319393,0.04603580562659847,0.2,0
tilliic01w,5,DET,0,0.7419354838709677,2.8850174216027873,0,0.5416666666666666,0.7419354838709677,2.8850174216027873,0.41935483870967744,1.6306620209059235,69,2.225806451612903,0.03543913713405239,0.04474708171206226,0.023008849557522124,0.0,0
tilliic01w,7,NYL,0,1.84,6.46875,2,0.4782608695652174,0.88,3.09375,0.44,1.546875,80,3.2,0.06814814814814815,0.038128249566724434,0.023109243697478993,0.3333333333333333,0
tilliic01w,8,DET,2,0.375,4.153846153846154,0,0.125,0.875,9.692307692307692,0.125,1.3846153846153846,8,1.0,0.004267425320056899,0.012389380530973451,0.0017730496453900709,0.0,0
tilliic01w,8,LAS,1,1.0,13.5,0,0.0,1.3333333333333333,18.0,0.0,0.0,1,0.3333333333333333,0.004092769440654843,0.006993006993006993,0.0,0.0,0
timmsmi01w,1,PHO,0,2.75,4.5,0,0.9473684210526315,2.25,3.681818181818182,2.25,3.681818181818182,51,6.375,0.03486529318541997,0.04186046511627907,0.03862660944206009,0.0,0
timmsmi01w,2,PHO,0,2.0,3.705882352941176,0,2.0232558139534884,2.0,3.705882352941176,4.142857142857143,7.6764705882352935,155,7.380952380952381,0.0670926517571885,0.08076923076923077,0.16893203883495145,0.0,0
tolivkr01w,10,CHI,0,1.2222222222222223,3.077720207253886,0,1.1333333333333333,1.6296296296296295,4.103626943005182,1.8888888888888888,4.756476683937824,101,3.740740740740741,0.054455445544554455,0.0825515947467167,0.09568480300187618,0.0,0
torniel01w,1,DET,0,2.28125,3.0241657077100115,0,1.1884057971014492,2.125,2.817031070195627,2.5625,3.3970080552359034,234,7.3125,0.10398860398860399,0.128060263653484,0.1626984126984127,0.0,0
torniel01w,2,DET,0,1.84375,2.733590733590734,0,0.9333333333333333,1.84375,2.733590733590734,1.75,2.5945945945945947,166,5.1875,0.0978441127694859,0.11823647294589178,0.11914893617021277,0.0,0
torrele01w,2,MIA,0,0.0,0.0,0,0.0,1.0,9.0,0.0,0.0,0,0.0,0.0,0.004454342984409799,0.0,0.0,0
traviti01w,1,CHA,0,2.3125,4.641114982578397,0,0.7878787878787878,1.0,2.0069686411149825,0.8125,1.6306620209059235,142,4.4375,0.10364145658263306,0.06438631790744467,0.04710144927536232,0.0,0
tremich01w,1,IND,0,1.2,3.3962264150943398,0,1.6451612903225807,1.2,3.3962264150943398,2.04,5.773584905660377,93,3.72,0.04665629860031104,0.057803468208092484,0.10159362549800798,0.0,0
turneba01w,7,SEA,0,1.6470588235294117,3.2411575562700965,0,1.0,1.3823529411764706,2.720257234726688,1.411764705882353,2.7781350482315115,153,4.5,0.08199121522693997,0.08231173380035026,0.09320388349514563,0.0,0
turneba01w,8,HOU,0,1.1363636363636365,3.4220532319391634,0,0.9090909090909091,0.9545454545454546,2.8745247148288975,0.9090909090909091,2.7376425855513307,74,3.3636363636363638,0.038109756097560975,0.033123028391167195,0.03577817531305903,0.0,0
turneba01w,9,CON,0,1.8235294117647058,3.3665158371040724,0,1.2682926829268293,1.1764705882352942,2.171945701357466,1.5294117647058822,2.8235294117647056,186,5.470588235294118,0.09841269841269841,0.08196721311475409,0.08552631578947369,0.0,0
turneba01w,10,CON,0,1.7142857142857142,3.0,0,2.8,0.5714285714285714,1.0,2.0,3.5,34,4.857142857142857,0.017699115044247787,0.00881057268722467,0.022988505747126436,0.0,0
tuvicsl01w,2,PHO,0,1.6333333333333333,5.427692307692308,0,0.5862068965517241,0.9333333333333333,3.1015384615384614,0.5666666666666667,1.8830769230769229,113,3.7666666666666666,0.07827476038338659,0.05384615384615385,0.03300970873786408,0.0,0
tuvicsl01w,3,PHO,0,2.0384615384615383,5.9624999999999995,0,0.34375,1.1923076923076923,3.4875000000000003,0.4230769230769231,1.2375,92,3.5384615384615383,0.08493589743589744,0.061752988047808766,0.02570093457943925,0.0,0
tuvicsl01w,4,PHO,0,3.588235294117647,6.016438356164384,2,0.36363636363636365,1.8823529411764706,3.1561643835616437,0.7058823529411765,1.1835616438356162,104,6.117647058823529,0.09172932330827067,0.06666666666666667,0.025974025974025976,0.2222222222222222,0
tuvicsl01w,5,PHO,0,3.484848484848485,5.991316931982634,2,0.7619047619047619,1.2424242424242424,2.1360347322720696,0.9696969696969697,1.667149059334298,217,6.575757575757576,0.15353805073431243,0.08817204301075268,0.06374501992031872,0.14285714285714285,0
udokamf01w,4,HOU,0,1.52,5.4501992031872515,0,0.18181818181818182,0.84,3.0119521912350598,0.16,0.5737051792828685,61,2.44,0.07739307535641547,0.04656319290465632,0.008583690987124463,0.0,0
udokamf01w,5,LAS,0,1.6666666666666667,9.473684210526315,0,0.0,0.3333333333333333,1.894736842105263,0.0,0.0,3,1.0,0.006830601092896175,0.0018867924528301887,0.0,0.0,0
ujhelpe01w,4,DET,0,0.5714285714285714,4.235294117647059,0,0.2727272727272727,0.7142857142857143,5.294117647058823,0.21428571428571427,1.5882352941176472,16,1.1428571428571428,0.013201320132013201,0.016420361247947456,0.005494505494505495,0.0,0
umoh-it01w,4,HOU,0,0.3333333333333333,6.0,0,0.5,0.3333333333333333,6.0,0.3333333333333333,6.0,1,0.3333333333333333,0.002036659877800407,0.0022172949002217295,0.002145922746781116,0.0,0
valdeam01w,1,HOU,0,0.9545454545454546,4.421052631578947,0,0.9285714285714286,0.5909090909090909,2.7368421052631575,0.5909090909090909,2.7368421052631575,46,2.090909090909091,0.03783783783783784,0.02947845804988662,0.026262626262626262,0.0,0
vangomi01w,1,POR,0,1.3214285714285714,6.693467336683417,0,0.16129032258064516,1.0714285714285714,5.427135678391959,0.17857142857142858,0.9045226130653267,54,1.9285714285714286,0.048556430446194225,0.050505050505050504,0.010395010395010396,0.0,0
vangomi01w,2,MIN,0,1.6363636363636365,5.333333333333333,0,0.631578947368421,0.8181818181818182,2.6666666666666665,0.5454545454545454,1.7777777777777777,55,2.5,0.05172413793103448,0.03543307086614173,0.0273972602739726,0.0,0
vangomi01w,3,MIN,0,2.409090909090909,5.420454545454546,2,0.6666666666666666,0.9090909090909091,2.0454545454545454,0.6363636363636364,1.4318181818181819,95,4.318181818181818,0.08576051779935275,0.03773584905660377,0.029978586723768737,0.25,0
vangomi01w,4,MIN,0,2.806451612903226,5.931818181818182,2,0.2982456140350877,1.8064516129032258,3.8181818181818183,0.5483870967741935,1.1590909090909092,154,4.967741935483871,0.13700787401574804,0.1001788908765653,0.029259896729776247,0.2857142857142857,0
vangomi01w,5,MIN,0,1.0,4.363636363636363,0,0.125,0.875,3.8181818181818183,0.125,0.5454545454545454,15,1.875,0.012102874432677761,0.011400651465798045,0.0018975332068311196,0.0,0
vaughki01w,10,NYL,0,1.6764705882352942,5.1818181818181825,0,0.24242424242424243,0.9411764705882353,2.909090909090909,0.23529411764705882,0.7272727272727273,105,3.088235294117647,0.08934169278996865,0.058823529411764705,0.015180265654648957,0.0,0
vaughkr01w,9,WAS,0,0.4,2.769230769230769,0,0.0,0.6666666666666666,4.615384615384615,0.0,0.0,19,1.2666666666666666,0.0079155672823219,0.01567398119122257,0.0,0.0,0
vealkr01w,2,PHO,0,2.0,3.1732522796352582,0,1.5060240963855422,2.8275862068965516,4.486322188449848,4.310344827586207,6.838905775075988,222,7.655172413793103,0.0926517571884984,0.1576923076923077,0.24271844660194175,0.0,0
vealkr01w,3,PHO,0,1.7826086956521738,4.088642659279778,0,0.9534883720930233,1.826086956521739,4.188365650969529,1.7826086956521738,4.088642659279778,84,3.652173913043478,0.06570512820512821,0.08366533864541832,0.09579439252336448,0.0,0
vilipda01w,7,LAS,0,1.0,6.0,0,0.0,0.5,3.0,0.0,0.0,3,1.5,0.0029411764705882353,0.001869158878504673,0.0,0.0,0
vodicka01w,1,SEA,0,2.739130434782609,4.638036809815951,0,0.3793103448275862,2.4782608695652173,4.196319018404908,0.9565217391304348,1.6196319018404908,144,6.260869565217392,0.0970724191063174,0.10836501901140684,0.056265984654731455,0.0,0
vodicka01w,2,SEA,0,1.9310344827586208,4.977777777777777,0,0.6571428571428571,1.1724137931034482,3.022222222222222,0.7931034482758621,2.0444444444444443,117,4.0344827586206895,0.0924092409240924,0.0787037037037037,0.05569007263922518,0.0,0
vodicka01w,3,SEA,0,3.0,4.230110159118727,1,0.8392857142857143,1.71875,2.423500611995104,1.46875,2.0709914320685434,277,8.65625,0.15384615384615385,0.11506276150627615,0.0912621359223301,0.16666666666666666,0
vodicka01w,4,SEA,0,3.607142857142857,5.128349788434415,4,0.5740740740740741,1.8928571428571428,2.691114245416079,1.1071428571428572,1.5740479548660085,215,7.678571428571429,0.15658914728682172,0.11373390557939914,0.056466302367941715,0.4444444444444444,0
vodicka01w,5,SEA,0,3.235294117647059,4.536082474226804,5,0.7432432432432432,2.1470588235294117,3.0103092783505154,1.6176470588235294,2.268041237113402,267,7.852941176470588,0.16516516516516516,0.146,0.09945750452079566,0.5555555555555556,0
vodicka01w,6,PHO,0,3.0714285714285716,3.771010962241169,2,1.0677966101694916,2.0714285714285716,2.543239951278928,2.25,2.7624847746650425,309,11.035714285714286,0.12320916905444126,0.11196911196911197,0.11454545454545455,0.15384615384615385,0
vodicka01w,7,PHO,0,3.1785714285714284,4.353260869565217,2,0.7592592592592593,1.8928571428571428,2.592391304347826,1.4642857142857142,2.0054347826086953,275,9.821428571428571,0.11994609164420485,0.11963882618510158,0.06396255850234009,0.2,0
vodopna01w,6,SEA,0,0.5294117647058824,3.306122448979592,0,1.1111111111111112,0.47058823529411764,2.9387755102040813,0.5882352941176471,3.673469387755102,35,2.0588235294117645,0.013677811550151976,0.015473887814313346,0.019193857965451054,0.0,0
walkeas01w,10,SEA,0,1.5384615384615385,8.0,0,0.5,0.5384615384615384,2.8,0.3076923076923077,1.6,31,2.3846153846153846,0.02812939521800281,0.012589928057553957,0.0074487895716946,0.0,0
walkeay01w,3,DET,0,1.75,3.678832116788321,0,0.5666666666666667,0.90625,1.905109489051095,0.53125,1.1167883211678833,181,5.65625,0.09180327868852459,0.05350553505535055,0.03549060542797495,0.0,0
walkeay01w,4,DET,0,0.9705882352941176,4.3837638376383765,0,0.5,0.5588235294117647,2.523985239852398,0.29411764705882354,1.3284132841328413,102,3.0,0.054455445544554455,0.031198686371100164,0.018315018315018316,0.0,0
walkeay01w,5,DET,0,0.7222222222222222,3.1621621621621623,0,1.0,0.2777777777777778,1.2162162162162162,0.3333333333333333,1.4594594594594597,37,2.0555555555555554,0.020030816640986132,0.009727626459143969,0.010619469026548672,0.0,0
walkeay01w,6,CHA,2,1.2222222222222223,4.304347826086957,0,1.5,0.3333333333333333,1.1739130434782608,0.6666666666666666,2.3478260869565215,28,3.111111111111111,0.01510989010989011,0.005597014925373134,0.012145748987854251,0.0,0
walkeay01w,6,DET,1,1.25,2.240663900414938,0,0.7647058823529411,1.3333333333333333,2.3900414937759336,1.0833333333333333,1.9419087136929463,76,6.333333333333333,0.01968503937007874,0.027972027972027972,0.02736842105263158,0.0,0
walkeay01w,7,CHA,0,1.24,6.165745856353592,0,0.6,0.16,0.7955801104972375,0.12,0.5966850828729282,54,2.16,0.04217687074829932,0.006956521739130435,0.005681818181818182,0.0,0
walkeay01w,8,DET,0,4.0,6.697674418604651,1,0.14285714285714285,3.0,5.023255813953488,0.5,0.8372093023255813,10,5.0,0.011379800853485065,0.010619469026548672,0.0017730496453900709,0.1111111111111111,0
walkede01w,1,POR,0,2.3,7.987138263665595,1,0.5277777777777778,1.1666666666666667,4.051446945337621,0.6333333333333333,2.19935691318328,90,3.0,0.09055118110236221,0.058922558922558925,0.0395010395010395,0.08333333333333333,0
walkede01w,2,POR,0,2.4285714285714284,6.181818181818182,0,0.2777777777777778,1.6666666666666667,4.242424242424242,0.47619047619047616,1.2121212121212122,87,4.142857142857143,0.0804416403785489,0.06986027944111776,0.022123893805309734,0.0,0
walkede01w,3,POR,0,3.129032258064516,4.117924528301887,0,0.5604395604395604,2.903225806451613,3.8207547169811322,1.6451612903225807,2.1650943396226414,264,8.516129032258064,0.15544871794871795,0.18218623481781376,0.10344827586206896,0.0,0
walkede01w,4,SAC,0,2.7941176470588234,4.621621621621621,0,0.6714285714285714,2.0294117647058822,3.356756756756757,1.3823529411764706,2.2864864864864867,244,7.176470588235294,0.14797507788161993,0.14935064935064934,0.08260105448154657,0.0,0
walkede01w,5,SAC,0,3.2058823529411766,4.4389140271493215,1,0.9885057471264368,2.5294117647058822,3.502262443438914,2.5294117647058822,3.502262443438914,268,7.882352941176471,0.16978193146417445,0.17695473251028807,0.16538461538461538,0.25,0
walkede01w,6,SAC,0,3.0,3.9732441471571907,1,0.6857142857142857,3.1363636363636362,4.153846153846154,2.1818181818181817,2.8896321070234112,206,9.363636363636363,0.09635036496350365,0.1377245508982036,0.09090909090909091,0.5,0
walkede01w,7,SAC,0,2.3043478260869565,4.3561643835616435,1,0.8648648648648649,1.565217391304348,2.958904109589041,1.391304347826087,2.6301369863013697,146,6.3478260869565215,0.07898658718330849,0.06629834254143646,0.06274509803921569,0.3333333333333333,0
walkede01w,8,SAC,0,2.2,3.7714285714285714,0,0.375,3.0,5.142857142857142,1.2,2.057142857142857,37,7.4,0.017107309486780714,0.024509803921568627,0.011152416356877323,0.0,0
walkede01w,9,SAC,0,1.4285714285714286,6.923076923076923,0,0.09090909090909091,1.4285714285714286,6.923076923076923,0.14285714285714285,0.6923076923076923,12,1.7142857142857142,0.01447178002894356,0.017035775127768313,0.002109704641350211,0.0,0
walkede01w,10,SAC,0,3.2941176470588234,4.911084043848965,1,0.6989247311827957,2.7058823529411766,4.034104750304507,1.911764705882353,2.8501827040194883,265,7.794117647058823,0.17337461300309598,0.15726495726495726,0.12014787430683918,0.3333333333333333,0
walkema01w,9,HOU,0,1.5,9.818181818181817,0,0.2,2.0,13.090909090909092,0.5,3.272727272727273,9,4.5,0.00411522633744856,0.006666666666666667,0.0017953321364452424,0.0,0
walsema01w,2,SAC,0,0.5,9.0,0,0.0,0.5,9.0,0.0,0.0,2,0.5,0.003395585738539898,0.00404040404040404,0.0,0.0,0
walsema01w,3,WAS,0,0.4444444444444444,2.769230769230769,0,0.7,0.5,3.1153846153846154,0.3888888888888889,2.423076923076923,30,1.6666666666666667,0.0136986301369863,0.019736842105263157,0.013539651837524178,0.0,0
washico01w,1,HOU,0,0.76,2.8983050847457625,0,1.2,0.76,2.8983050847457625,0.96,3.6610169491525424,59,2.36,0.03423423423423423,0.04308390022675737,0.048484848484848485,0.0,0
washico01w,2,HOU,0,1.96875,2.2388943731490625,1,2.103448275862069,1.78125,2.025666337611056,3.8125,4.335636722606121,318,9.9375,0.12352941176470589,0.13043478260869565,0.2857142857142857,0.3333333333333333,0
washico01w,3,HOU,1,1.8095238095238095,3.9197707736389686,1,1.4761904761904763,0.9523809523809523,2.063037249283668,1.4761904761904763,3.197707736389685,85,4.0476190476190474,0.0811965811965812,0.043859649122807015,0.06873614190687362,0.5,0
washico01w,3,IND,2,2.0,2.436923076923077,0,1.92,2.1818181818181817,2.658461538461539,4.363636363636363,5.316923076923078,106,9.636363636363637,0.039285714285714285,0.05466970387243736,0.10714285714285714,0.0,0
washico01w,4,IND,0,1.6,3.310344827586207,0,1.5483870967741935,1.5,3.1034482758620694,2.4,4.9655172413793105,93,4.65,0.04783258594917788,0.06315789473684211,0.08888888888888889,0.0,0
washito01w,1,WAS,0,0.21052631578947367,1.3980582524271843,0,1.0,0.21052631578947367,1.3980582524271843,0.2631578947368421,1.7475728155339805,21,1.105263157894737,0.006688963210702341,0.007889546351084813,0.009578544061302681,0.0,0
washito01w,2,WAS,0,0.16666666666666666,0.5357142857142857,0,0.6666666666666666,0.4666666666666667,1.5,0.3333333333333333,1.0714285714285714,59,1.9666666666666666,0.00929368029739777,0.028225806451612902,0.023529411764705882,0.0,0
washito01w,3,WAS,0,0.24,0.7422680412371134,0,0.8823529411764706,0.64,1.9793814432989691,0.6,1.8556701030927834,58,2.32,0.010273972602739725,0.03508771929824561,0.029013539651837523,0.0,0
washito01w,4,SEA,2,0.7272727272727273,2.3801652892561984,0,0.8333333333333334,0.45454545454545453,1.487603305785124,0.45454545454545453,1.487603305785124,20,1.8181818181818181,0.012403100775193798,0.01072961373390558,0.009107468123861567,0.0,0
washito01w,4,WAS,1,0.3076923076923077,1.4257425742574257,0,0.5,0.38461538461538464,1.7821782178217822,0.23076923076923078,1.0693069306930694,14,1.0769230769230769,0.005908419497784343,0.01079913606911447,0.005272407732864675,0.0,0
wautean01w,1,CLE,0,2.34375,4.51505016722408,0,0.578125,1.96875,3.7926421404682276,1.15625,2.2274247491638794,211,6.59375,0.11574074074074074,0.11688311688311688,0.06851851851851852,0.0,0
wautean01w,2,CLE,0,2.2916666666666665,3.1832797427652735,0,0.6862745098039216,2.0833333333333335,2.8938906752411575,1.4583333333333333,2.0257234726688105,179,7.458333333333333,0.10318949343339587,0.11235955056179775,0.06944444444444445,0.0,0
wautean01w,3,CLE,0,2.642857142857143,3.321695760598504,0,0.65,2.107142857142857,2.6483790523690773,1.3928571428571428,1.7506234413965087,216,7.714285714285714,0.13028169014084506,0.13053097345132744,0.08108108108108109,0.0,0
wautean01w,5,NYL,0,2.1538461538461537,3.719557195571956,0,0.9545454545454546,1.6153846153846154,2.789667896678967,1.6153846153846154,2.789667896678967,73,5.615384615384615,0.047619047619047616,0.04142011834319527,0.03888888888888889,0.0,0
wautean01w,6,NYL,0,3.25,3.726962457337884,1,0.5694444444444444,2.5357142857142856,2.9078498293515356,1.4642857142857142,1.6791808873720135,266,9.5,0.1482084690553746,0.15334773218142547,0.08216432865731463,0.2,0
wautean01w,9,SAS,0,2.34375,2.7551020408163267,0,0.7887323943661971,2.1875,2.571428571428571,1.75,2.057142857142857,369,11.53125,0.12437810945273632,0.13307984790874525,0.09302325581395349,0.0,0
wautean01w,10,SAS,0,2.2941176470588234,3.032397408207343,0,0.4222222222222222,2.588235294117647,3.4211663066954645,1.1176470588235294,1.4773218142548596,133,7.823529411764706,0.06532663316582915,0.08627450980392157,0.03171953255425709,0.0,0
weathte01w,1,NYL,0,2.65625,2.8385899814471243,0,2.3563218390804597,2.6875,2.8719851576994433,6.40625,6.846011131725418,384,12.0,0.13754045307443366,0.18105263157894738,0.42887029288702927,0.0,0
weathte01w,2,NYL,0,2.59375,3.0677618069815193,1,2.475609756097561,2.53125,2.9938398357289526,6.34375,7.503080082135524,380,11.875,0.13452188006482982,0.18493150684931506,0.3664259927797834,0.14285714285714285,0
weathte01w,3,NYL,0,2.75,3.3207547169811322,2,2.2911392405063293,2.4375,2.943396226415094,5.65625,6.830188679245283,312,9.75,0.13771517996870108,0.16993464052287582,0.3641851106639839,0.3333333333333333,0
weathte01w,4,NYL,0,1.7647058823529411,2.6213592233009706,0,2.365079365079365,1.8235294117647058,2.7087378640776696,4.382352941176471,6.509708737864078,279,8.205882352941176,0.10204081632653061,0.1316348195329087,0.2821969696969697,0.0,0
weathte01w,5,LAS,0,0.7941176470588235,3.328767123287671,0,1.1851851851851851,0.7647058823529411,3.2054794520547945,0.9411764705882353,3.9452054794520546,74,2.176470588235294,0.036885245901639344,0.04905660377358491,0.051036682615629984,0.0,0
webbum01w,1,MIA,0,2.230769230769231,5.3538461538461535,0,0.5833333333333334,1.7692307692307692,4.246153846153846,1.0769230769230769,2.5846153846153843,39,3.0,0.04096045197740113,0.04380952380952381,0.03365384615384615,0.0,0
weberma01w,8,NYL,0,0.0,0.0,0,0.0,0.5,9.0,0.0,0.0,1,0.5,0.0,0.0016313213703099511,0.0,0.0,0
weckeke01w,6,SAS,0,0.0,0.0,0,1.0,1.0,3.272727272727273,2.0,6.545454545454546,3,3.0,0.0,0.0018656716417910447,0.004608294930875576,0.0,0
weckeke01w,7,SAS,0,1.2352941176470589,2.615916955017301,0,1.4242424242424243,0.9411764705882353,1.9930795847750866,1.3823529411764706,2.9273356401384083,145,4.264705882352941,0.06873977086743044,0.065439672801636,0.08687615526802218,0.0,0
weckeke01w,8,SAS,0,0.5,3.4520547945205475,0,1.0,0.21428571428571427,1.4794520547945205,0.2857142857142857,1.9726027397260273,16,1.1428571428571428,0.010703363914373088,0.005366726296958855,0.007042253521126761,0.0,0
weckeke01w,9,WAS,0,0.5555555555555556,3.75,0,0.875,0.7777777777777778,5.25,0.7777777777777778,5.25,21,2.3333333333333335,0.006596306068601583,0.0109717868338558,0.014462809917355372,0.0,0
whaleli01w,5,CON,0,2.3225806451612905,2.7399577167019027,0,1.5578947368421052,3.032258064516129,3.5771670190274842,4.774193548387097,5.632135306553911,277,8.935483870967742,0.11783960720130933,0.20302375809935205,0.2582897033158813,0.0,0
whaleli01w,6,CON,0,2.6470588235294117,3.0945558739255015,0,1.9111111111111112,2.6176470588235294,3.0601719197707737,5.0588235294117645,5.91404011461318,344,10.117647058823529,0.144,0.19646799116997793,0.29965156794425085,0.0,0
whaleli01w,7,CON,0,1.696969696969697,2.3414634146341466,0,1.9125,2.393939393939394,3.303135888501742,4.636363636363637,6.397212543554008,311,9.424242424242424,0.10546139359698682,0.1533980582524272,0.24247226624405704,0.0,0
whaleli01w,8,CON,0,2.5,2.9423076923076925,0,2.223684210526316,2.2058823529411766,2.596153846153846,4.970588235294118,5.8500000000000005,407,11.970588235294118,0.13239875389408098,0.13863216266173753,0.2725806451612903,0.0,0
whaleli01w,9,CON,0,2.806451612903226,3.449339207048458,0,2.8135593220338984,1.8709677419354838,2.2995594713656384,5.354838709677419,6.581497797356828,386,12.451612903225806,0.1380952380952381,0.11885245901639344,0.2730263157894737,0.0,0
whaleli01w,10,CON,0,2.5588235294117645,3.1319999999999997,0,2.4375,1.8529411764705883,2.268,4.588235294117647,5.616,360,10.588235294117647,0.12831858407079647,0.13876651982378854,0.2561576354679803,0.0,0
whitede01w,5,NYL,0,1.1935483870967742,3.1714285714285717,0,0.24324324324324326,1.1612903225806452,3.085714285714286,0.2903225806451613,0.7714285714285715,145,4.67741935483871,0.06292517006802721,0.07100591715976332,0.016666666666666666,0.0,0
whitede01w,6,NYL,0,1.1538461538461537,6.0,0,0.0,0.23076923076923078,1.2,0.0,0.0,29,2.230769230769231,0.024429967426710098,0.0064794816414686825,0.0,0.0,0
whiteer01w,9,HOU,0,1.7647058823529411,5.070422535211268,0,0.9591836734693877,1.411764705882353,4.056338028169014,1.3823529411764706,3.971830985915493,120,3.5294117647058822,0.0823045267489712,0.08,0.0843806104129264,0.0,0
whiteer01w,10,IND,0,0.5,2.0,0,4.0,0.0,0.0,2.0,8.0,8,4.0,0.001443001443001443,0.0,0.007575757575757576,0.0,0
whiteta01w,6,IND,0,1.8235294117647058,3.220779220779221,1,0.7464788732394366,2.0588235294117645,3.6363636363636362,1.5588235294117647,2.7532467532467533,143,4.205882352941177,0.09267563527653214,0.14644351464435146,0.10728744939271255,0.14285714285714285,0
whiteta01w,7,IND,0,1.9411764705882353,3.189261744966443,1,1.0,1.5,2.4644295302013424,1.5294117647058822,2.5127516778523487,170,5.0,0.10873146622734761,0.09640831758034027,0.10358565737051793,0.25,0
whiteta01w,8,IND,0,2.235294117647059,3.253269916765755,2,0.65,2.911764705882353,4.2378121284185495,1.911764705882353,2.7824019024970275,201,5.911764705882353,0.11746522411128284,0.16779661016949152,0.126953125,0.3333333333333333,0
whiteta01w,9,IND,0,2.6666666666666665,3.5436241610738257,0,0.9302325581395349,2.5757575757575757,3.422818791946309,2.4242424242424243,3.2214765100671143,238,7.212121212121212,0.12087912087912088,0.14505119453924914,0.1596806387225549,0.0,0
whiteta01w,10,CON,0,2.433333333333333,3.9878603945371776,1,1.736842105263158,1.2333333333333334,2.0212443095599393,2.2,3.60546282245827,192,6.4,0.10766961651917405,0.08149779735682819,0.10837438423645321,0.14285714285714285,0
whitiva01w,2,MIN,0,2.3846153846153846,4.8311688311688314,0,0.45714285714285713,1.3076923076923077,2.64935064935065,0.6153846153846154,1.2467532467532467,128,4.923076923076923,0.08908045977011494,0.06692913385826772,0.0365296803652968,0.0,0
whitiva01w,3,MIN,0,1.6666666666666667,6.923076923076923,0,1.0,0.6666666666666666,2.769230769230769,0.8333333333333334,3.4615384615384617,18,3.0,0.016181229773462782,0.007547169811320755,0.010706638115631691,0.0,0
whitmta01w,1,NYL,0,3.1875,5.329462989840349,1,0.37037037037037035,1.65625,2.769230769230769,0.625,1.0449927431059507,159,4.96875,0.1650485436893204,0.11157894736842106,0.04184100418410042,0.125,0
whitmta01w,2,NYL,0,2.1875,3.351063829787234,0,0.5588235294117647,1.03125,1.5797872340425532,0.59375,0.9095744680851063,143,4.46875,0.11345218800648298,0.07534246575342465,0.03429602888086643,0.0,0
whitmta01w,3,NYL,0,3.1875,3.758444216990788,1,0.46,1.53125,1.805527123848516,0.71875,0.8474923234390993,234,7.3125,0.1596244131455399,0.10675381263616558,0.04627766599597585,0.16666666666666666,0
whitmta01w,4,NYL,0,3.0303030303030303,4.374240583232077,1,0.43103448275862066,1.7272727272727273,2.4933171324422845,0.7575757575757576,1.0935601458080193,204,6.181818181818182,0.17006802721088435,0.12101910828025478,0.04734848484848485,0.16666666666666666,0
whitmta01w,5,LAS,0,2.1470588235294117,4.416806722689075,0,0.4857142857142857,1.0,2.057142857142857,0.5,1.0285714285714285,140,4.117647058823529,0.09972677595628415,0.06415094339622641,0.02711323763955343,0.0,0
whitmta01w,6,LAS,0,3.235294117647059,4.318429661941112,1,0.7241379310344828,1.6764705882352942,2.23773173391494,1.2352941176470589,1.6488549618320612,232,6.823529411764706,0.14905149051490515,0.11561866125760649,0.07608695652173914,0.14285714285714285,0
whitmta01w,7,IND,0,2.676470588235294,3.0993377483443707,1,0.6421052631578947,2.764705882352941,3.2015137180700095,1.7941176470588236,2.077578051087985,284,8.352941176470589,0.14991762767710048,0.1776937618147448,0.12151394422310757,0.25,0
whitmta01w,8,IND,0,2.5294117647058822,3.5181818181818185,1,0.6,2.4705882352941178,3.4363636363636365,1.5,2.0863636363636364,252,7.411764705882353,0.13292117465224113,0.1423728813559322,0.099609375,0.16666666666666666,0
whitmta01w,9,CON,0,2.7941176470588234,3.7541163556531285,1,0.6811594202898551,2.0,2.687156970362239,1.3823529411764706,1.8572996706915479,241,7.088235294117647,0.15079365079365079,0.13934426229508196,0.07730263157894737,0.25,0
whitmta01w,10,CON,0,1.4166666666666667,3.2553191489361706,0,1.1904761904761905,0.8333333333333334,1.9148936170212767,1.0416666666666667,2.3936170212765955,89,3.7083333333333335,0.05014749262536873,0.04405286343612335,0.041050903119868636,0.0,0
whittje01w,2,WAS,0,2.0,14.4,0,0.0,0.75,5.3999999999999995,0.0,0.0,2,0.5,0.01486988847583643,0.006048387096774193,0.0,0.0,0
whittkh01w,9,IND,0,1.9090909090909092,8.129032258064516,0,0.46153846153846156,0.5454545454545454,2.32258064516129,0.2727272727272727,1.161290322580645,60,2.727272727272727,0.057692307692307696,0.020477815699658702,0.011976047904191617,0.0,0
whittkh01w,10,IND,0,0.6666666666666666,2.88,0,2.0,0.0,0.0,0.6666666666666666,2.88,7,2.3333333333333335,0.002886002886002886,0.0,0.003787878787878788,0.0,0
wickssu01w,1,NYL,0,2.4375,4.129411764705882,1,0.4117647058823529,1.5625,2.6470588235294117,0.65625,1.111764705882353,235,7.34375,0.1262135922330097,0.10526315789473684,0.043933054393305436,0.125,0
wickssu01w,2,NYL,0,2.8666666666666667,5.142857142857142,2,0.8409090909090909,1.4333333333333333,2.571428571428571,1.2333333333333334,2.212624584717608,241,8.033333333333333,0.1393841166936791,0.09817351598173515,0.06678700361010831,0.2857142857142857,1
wickssu01w,3,NYL,0,2.0,5.046728971962616,0,0.45161290322580644,1.0,2.523364485981308,0.4666666666666667,1.1775700934579438,152,5.066666666666666,0.09389671361502347,0.06535947712418301,0.028169014084507043,0.0,0
widemja01w,1,POR,0,0.6,3.085714285714286,0,0.2857142857142857,1.2,6.171428571428572,0.4,2.057142857142857,8,1.6,0.003937007874015748,0.010101010101010102,0.004158004158004158,0.0,0
wiggica01w,9,MIN,0,3.7666666666666666,4.9368932038834945,5,1.5517241379310345,1.9,2.4902912621359223,3.0,3.932038834951456,248,8.266666666666667,0.1502659574468085,0.12050739957716702,0.16129032258064516,0.38461538461538464,0
wiggica01w,10,MIN,0,2.911764705882353,3.504424778761062,0,1.0731707317073171,2.3823529411764706,2.8672566371681416,2.588235294117647,3.1150442477876106,236,6.9411764705882355,0.14265129682997119,0.1575875486381323,0.17254901960784313,0.0,0
wilkibr01w,7,SAC,0,1.25,12.857142857142858,0,0.3333333333333333,0.5,5.142857142857142,0.25,2.571428571428571,1,0.25,0.007451564828614009,0.003683241252302026,0.00196078431372549,0.0,0
wilkibr01w,9,SAS,0,0.0,,0,0.0,0.0,,0.0,,0,0.0,0.0,0.0,0.0,0.0,0
williad01w,1,PHO,0,1.5,4.3076923076923075,0,0.5333333333333333,1.0357142857142858,2.974358974358974,0.5714285714285714,1.6410256410256412,105,3.75,0.06656101426307448,0.06744186046511629,0.034334763948497854,0.0,0
williad01w,2,PHO,0,1.72,4.128,0,0.3142857142857143,1.36,3.2640000000000002,0.44,1.056,106,4.24,0.06869009584664537,0.06538461538461539,0.021359223300970873,0.0,0
williad01w,3,PHO,0,2.75,3.6082004555808656,0,0.546875,1.96875,2.583143507972665,1.09375,1.4350797266514808,332,10.375,0.14102564102564102,0.1254980079681275,0.08177570093457943,0.0,0
williad01w,4,PHO,0,2.7941176470588234,3.4720812182741114,1,0.4189189189189189,2.1470588235294117,2.668020304568528,0.9117647058823529,1.132994923857868,359,10.558823529411764,0.14285714285714285,0.15208333333333332,0.0670995670995671,0.1111111111111111,0
williad01w,5,PHO,1,1.4545454545454546,3.972413793103448,0,0.3125,1.3636363636363635,3.7241379310344827,0.45454545454545453,1.2413793103448276,42,3.8181818181818183,0.021361815754339118,0.03225806451612903,0.0099601593625498,0.0,0
williad01w,5,SAS,2,1.5833333333333333,4.590604026845638,0,0.6153846153846154,1.0,2.8993288590604025,0.6666666666666666,1.9328859060402683,45,3.75,0.030206677265500796,0.023346303501945526,0.016194331983805668,0.0,0
williad01w,7,MIN,0,1.875,4.426229508196721,1,0.4,0.59375,1.4016393442622952,0.25,0.5901639344262295,190,5.9375,0.0916030534351145,0.035781544256120526,0.016260162601626018,0.25,0
williad01w,8,SAC,0,1.911764705882353,3.842364532019704,1,0.4827586206896552,1.6764705882352942,3.3694581280788176,0.8235294117647058,1.6551724137931034,208,6.117647058823529,0.10108864696734059,0.09313725490196079,0.05204460966542751,0.16666666666666666,0
williad01w,9,SAC,0,2.1470588235294117,3.82532751091703,0,0.36363636363636365,1.588235294117647,2.8296943231441047,0.5882352941176471,1.0480349344978166,214,6.294117647058823,0.10564399421128799,0.0919931856899489,0.04219409282700422,0.0,0
willian01w,6,PHO,0,1.0625,4.10738255033557,0,0.75,0.6875,2.6577181208053693,0.5625,2.174496644295302,43,2.6875,0.024355300859598854,0.021235521235521235,0.016363636363636365,0.0,0
willian01w,7,DET,0,0.42857142857142855,2.43609022556391,0,0.75,0.7142857142857143,4.060150375939849,0.5714285714285714,3.2481203007518795,38,1.8095238095238095,0.012640449438202247,0.027881040892193308,0.020942408376963352,0.0,0
willibe01w,1,IND,0,2.0,24.0,0,0.0,0.0,0.0,0.0,0.0,0,0.0,0.003110419906687403,0.0,0.0,0.0,0
willile01w,5,CON,0,0.6956521739130435,3.2914285714285714,0,0.5384615384615384,0.5217391304347826,2.468571428571429,0.30434782608695654,1.44,60,2.608695652173913,0.02618657937806874,0.02591792656587473,0.012216404886561954,0.0,0
willile01w,6,CON,0,0.8888888888888888,6.32967032967033,0,0.2,0.7777777777777778,5.538461538461538,0.16666666666666666,1.1868131868131868,22,1.2222222222222223,0.0256,0.03090507726269316,0.005226480836236934,0.0,0
willile01w,7,CON,0,0.7931034482758621,3.9617224880382778,0,1.0625,0.5172413793103449,2.583732057416268,0.5862068965517241,2.92822966507177,77,2.6551724137931036,0.04331450094161959,0.02912621359223301,0.02694136291600634,0.0,0
willile01w,8,CON,0,1.5714285714285714,4.95,0,0.55,0.6785714285714286,2.1374999999999997,0.39285714285714285,1.2375,102,3.642857142857143,0.06853582554517133,0.03512014787430684,0.017741935483870968,0.0,0
willile01w,9,PHO,0,3.411764705882353,5.0071942446043165,2,0.6170212765957447,1.3529411764705883,1.9856115107913668,0.8529411764705882,1.2517985611510791,260,7.647058823529412,0.1459119496855346,0.09387755102040816,0.05169340463458111,0.16666666666666666,0
willile01w,10,PHO,0,2.676470588235294,4.594670406732118,0,0.7446808510638298,1.3529411764705883,2.32258064516129,1.0294117647058822,1.767180925666199,209,6.147058823529412,0.12280701754385964,0.09181636726546906,0.05591054313099041,0.0,0
willile02w,3,DET,0,0.5555555555555556,3.0508474576271185,0,0.26666666666666666,0.5185185185185185,2.8474576271186445,0.14814814814814814,0.8135593220338984,27,1.0,0.02459016393442623,0.025830258302583026,0.008350730688935281,0.0,0
willili01w,7,LAS,0,1.0416666666666667,2.8125,0,0.5555555555555556,0.7083333333333334,1.9124999999999999,0.4166666666666667,1.125,79,3.2916666666666665,0.03676470588235294,0.03177570093457944,0.016366612111292964,0.0,0
willili01w,8,LAS,1,1.25,4.675324675324675,0,0.36363636363636365,1.25,4.675324675324675,0.5,1.8701298701298703,18,2.25,0.013642564802182811,0.017482517482517484,0.007207207207207207,0.0,0
willili01w,8,NYL,2,0.875,3.2101910828025475,0,0.36,1.5,5.503184713375796,0.5625,2.0636942675159236,46,2.875,0.022617124394184167,0.03915171288743882,0.017964071856287425,0.0,0
willili01w,9,NYL,0,1.3235294117647058,3.5371179039301306,0,0.4375,0.9117647058823529,2.4366812227074237,0.4117647058823529,1.1004366812227073,106,3.1176470588235294,0.06859756097560976,0.05656934306569343,0.025362318840579712,0.0,0
willili01w,10,SAC,0,0.5,7.2,0,0.0,0.5,7.2,0.0,0.0,0,0.0,0.0015479876160990713,0.0017094017094017094,0.0,0.0,0
willina01w,1,UTA,0,4.275862068965517,4.296438883541867,3,0.6375,2.7241379310344827,2.7372473532242543,1.7586206896551724,1.7670837343599615,440,15.172413793103448,0.17739628040057226,0.14495412844036698,0.09751434034416825,0.42857142857142855,0
willina01w,2,UTA,0,4.129032258064516,4.330827067669173,4,0.7746478873239436,2.2580645161290325,2.3684210526315788,1.7741935483870968,1.8609022556390977,414,13.35483870967742,0.20545746388443017,0.1417004048582996,0.10476190476190476,0.5,0
willina01w,3,UTA,0,3.935483870967742,4.357142857142857,4,0.5205479452054794,2.3225806451612905,2.571428571428571,1.2258064516129032,1.357142857142857,347,11.193548387096774,0.1831831831831832,0.13766730401529637,0.07933194154488518,0.5,0
willina01w,4,IND,0,4.0588235294117645,4.7134724857685,2,0.647887323943662,2.0588235294117645,2.3908918406072104,1.3529411764705883,1.5711574952561669,365,10.735294117647058,0.2062780269058296,0.14736842105263157,0.08518518518518518,0.3333333333333333,0
willina01w,5,IND,0,3.588235294117647,4.594142259414226,3,0.9393939393939394,1.911764705882353,2.447698744769874,1.8235294117647058,2.3347280334728033,360,10.588235294117647,0.190625,0.13347022587268995,0.11151079136690648,0.23076923076923078,0
willina01w,6,IND,0,3.088235294117647,4.701492537313433,3,0.543859649122807,1.6470588235294117,2.5074626865671643,0.9117647058823529,1.3880597014925373,264,7.764705882352941,0.15695067264573992,0.11715481171548117,0.06275303643724696,0.42857142857142855,0
williri01w,1,IND,0,2.15625,2.4497041420118344,1,1.4428571428571428,2.15625,2.4497041420118344,3.15625,3.585798816568047,275,8.59375,0.10730948678071539,0.1329479768786127,0.20119521912350596,0.1,0
williri01w,2,IND,0,2.21875,2.452975047984645,0,1.1287128712871286,3.125,3.45489443378119,3.5625,3.9385796545105567,301,9.40625,0.11813643926788686,0.2032520325203252,0.24836601307189543,0.0,0
williri01w,3,HOU,2,1.2222222222222223,4.658823529411765,0,0.6363636363636364,1.1111111111111112,4.235294117647059,0.7777777777777778,2.9647058823529413,24,2.6666666666666665,0.023504273504273504,0.021929824561403508,0.015521064301552107,0.0,0
williri01w,3,IND,1,1.7,2.5289256198347108,0,1.4333333333333333,1.45,2.15702479338843,2.15,3.1983471074380163,103,5.15,0.060714285714285714,0.06605922551252848,0.09598214285714286,0.0,0
williri01w,4,SEA,0,1.0625,3.2125984251968505,0,1.4642857142857142,0.84375,2.5511811023622046,1.28125,3.874015748031496,77,2.40625,0.05271317829457364,0.05793991416309013,0.07468123861566485,0.0,0
willish01w,4,LAS,0,1.0,3.9301310043668125,0,2.375,0.28,1.1004366812227073,0.76,2.986899563318777,57,2.28,0.036603221083455345,0.014861995753715499,0.03231292517006803,0.0,0
willita01w,1,POR,0,1.0,5.379310344827586,0,1.1818181818181819,0.38461538461538464,2.0689655172413794,0.5,2.689655172413793,40,1.5384615384615385,0.03412073490813648,0.016835016835016835,0.02702702702702703,0.0,0
willito01w,5,SAS,0,1.3846153846153846,3.1079136690647484,0,1.34375,1.1923076923076923,2.676258992805755,1.6538461538461537,3.712230215827338,122,4.6923076923076925,0.057233704292527825,0.06031128404669261,0.08704453441295547,0.0,0
williwe01w,2,LAS,0,0.0,0.0,0,1.0,0.15384615384615385,1.5319148936170213,0.23076923076923078,2.2978723404255317,9,0.6923076923076923,0.0,0.004555808656036446,0.005025125628140704,0.0,0
wilsoam01w,1,PHO,0,0.6666666666666666,8.0,0,1.0,0.0,0.0,0.3333333333333333,4.0,2,0.6666666666666666,0.003169572107765452,0.0,0.002145922746781116,0.0,0
wirthch01w,10,IND,0,0.5714285714285714,3.6,0,3.25,0.14285714285714285,0.9,0.6190476190476191,3.9000000000000004,32,1.5238095238095237,0.017316017316017316,0.005639097744360902,0.02462121212121212,0.0,0
wisdoli01w,10,LAS,0,0.41379310344827586,2.1928934010152283,0,0.5,0.5172413793103449,2.7411167512690358,0.27586206896551724,1.4619289340101522,60,2.0689655172413794,0.02054794520547945,0.026362038664323375,0.013605442176870748,0.0,0
witheso01w,1,POR,0,2.25,2.4429783223374173,1,0.7640449438202247,2.75,2.985862393967955,2.125,2.3072573044297835,219,6.84375,0.09448818897637795,0.14814814814814814,0.14137214137214138,0.08333333333333333,0
witheso01w,2,POR,0,1.903225806451613,2.4640371229698377,0,0.7397260273972602,2.3225806451612905,3.0069605568445477,1.7419354838709677,2.2552204176334105,166,5.354838709677419,0.09305993690851735,0.1437125748502994,0.11946902654867257,0.0,0
witheso01w,3,LAS,0,0.8709677419354839,2.7150837988826817,0,1.2608695652173914,0.7096774193548387,2.212290502793296,0.9354838709677419,2.916201117318436,73,2.3548387096774195,0.0406015037593985,0.04247104247104247,0.04965753424657534,0.0,0
witheso01w,4,LAS,0,0.7391304347826086,2.604255319148936,0,0.5,0.30434782608695654,1.0723404255319149,0.17391304347826086,0.6127659574468085,30,1.3043478260869565,0.024890190336749635,0.014861995753715499,0.006802721088435374,0.0,0
wolteka01w,1,IND,0,3.193548387096774,4.494325346784363,2,0.527027027027027,2.3548387096774195,3.3139974779319044,1.2580645161290323,1.7704918032786885,264,8.516129032258064,0.15396578538102643,0.14065510597302505,0.07768924302788845,0.2,0
wolteka01w,2,SAC,0,1.7741935483870968,5.238095238095238,0,0.5,1.064516129032258,3.142857142857143,0.5483870967741935,1.619047619047619,120,3.870967741935484,0.0933786078098472,0.06666666666666667,0.03041144901610018,0.0,0
wolteka01w,3,SAC,0,1.2857142857142858,8.307692307692308,0,0.42857142857142855,0.42857142857142855,2.769230769230769,0.21428571428571427,1.3846153846153846,29,2.0714285714285716,0.026627218934911243,0.01312910284463895,0.005988023952095809,0.0,0
wolvean01w,2,CLE,0,1.0,7.2,0,0.0,0.0,0.0,0.0,0.0,1,1.0,0.001876172607879925,0.0,0.0,0.0,0
wrighsh01w,5,PHO,0,0.7916666666666666,2.814814814814815,0,0.5,0.625,2.2222222222222223,0.3333333333333333,1.1851851851851853,39,1.625,0.025367156208277702,0.03225806451612903,0.01593625498007968,0.0,0
wrighsh01w,6,PHO,0,0.52,1.3526011560693643,0,0.7931034482758621,1.12,2.913294797687861,0.92,2.393063583815029,90,3.6,0.01862464183381089,0.05405405405405406,0.04181818181818182,0.0,0
wrighta01w,6,SEA,0,1.7647058823529411,4.090909090909091,1,1.2926829268292683,1.1764705882352942,2.7272727272727275,1.5588235294117647,3.6136363636363633,131,3.8529411764705883,0.0911854103343465,0.07736943907156674,0.1017274472168906,0.09090909090909091,0
wrighta01w,7,SEA,0,1.606060606060606,3.7559055118110236,0,0.7735849056603774,1.5757575757575757,3.6850393700787403,1.2424242424242424,2.9055118110236218,114,3.4545454545454546,0.07759882869692533,0.09106830122591944,0.07961165048543689,0.0,0
wrighta01w,8,SEA,0,1.6470588235294117,3.6855575868372945,0,1.2321428571428572,1.6176470588235294,3.619744058500914,2.0294117647058822,4.541133455210238,145,4.264705882352941,0.09017713365539452,0.10299625468164794,0.12921348314606743,0.0,0
wrighta01w,9,SEA,0,2.764705882352941,4.188118811881188,1,1.0632911392405062,2.2941176470588234,3.4752475247524752,2.4705882352941178,3.7425742574257423,239,7.029411764705882,0.13722627737226278,0.14800759013282733,0.15819209039548024,0.2,0
wrighta01w,10,SEA,0,3.606060606060606,3.996268656716418,5,1.5,2.5757575757575757,2.8544776119402986,3.909090909090909,4.332089552238806,306,9.272727272727273,0.16736990154711673,0.1528776978417266,0.24022346368715083,0.45454545454545453,0
wyckobr01w,2,ORL,0,2.84375,5.055555555555556,2,0.7254901960784313,1.5625,2.7777777777777777,1.15625,2.0555555555555554,200,6.25,0.14130434782608695,0.09380863039399624,0.08167770419426049,0.5,0
wyckobr01w,3,ORL,0,2.21875,4.972762645914397,1,1.032258064516129,0.9375,2.1011673151750974,1.0,2.2412451361867705,159,4.96875,0.10597014925373134,0.06564551422319474,0.07158836689038031,0.16666666666666666,0
wyckobr01w,4,CON,0,3.2058823529411766,5.1973509933774835,1,0.875,1.1470588235294117,1.8596026490066224,1.0294117647058822,1.6688741721854305,233,6.852941176470588,0.16415662650602408,0.0896551724137931,0.0671785028790787,0.16666666666666666,0
wyckobr01w,6,CON,0,2.411764705882353,4.953020134228188,0,1.206896551724138,0.8235294117647058,1.691275167785235,1.0294117647058822,2.1140939597315436,152,4.470588235294118,0.1312,0.06181015452538632,0.06097560975609756,0.0,0
wyckobr01w,7,CHI,0,2.6666666666666665,4.173913043478261,0,1.9411764705882353,1.0666666666666667,1.6695652173913045,2.2,3.4434782608695653,99,6.6,0.05925925925925926,0.030303030303030304,0.06470588235294118,0.0,0
wyckobr01w,8,CHI,0,2.3823529411764706,5.607692307692307,2,1.6785714285714286,0.7941176470588235,1.8692307692307693,1.3823529411764706,3.253846153846154,193,5.676470588235294,0.12755905511811025,0.05283757338551859,0.07859531772575251,0.3333333333333333,0
wyckobr01w,9,CHI,0,2.3529411764705883,4.848484848484849,0,1.3142857142857143,1.0,2.0606060606060606,1.3529411764705883,2.7878787878787876,159,4.676470588235294,0.125,0.06463878326996197,0.08378870673952642,0.0,0
wyckobr01w,10,CHI,0,2.259259259259259,4.135593220338984,0,1.2666666666666666,1.0740740740740742,1.9661016949152543,1.4074074074074074,2.5762711864406778,141,5.222222222222222,0.10066006600660066,0.054409005628517824,0.07129455909943715,0.0,0
wynneda01w,2,SAC,0,2.0,24.0,0,0.0,0.0,0.0,0.0,0.0,2,2.0,0.003395585738539898,0.0,0.0,0.0,0
yamasli01w,3,MIA,0,1.3333333333333333,4.8979591836734695,0,0.8181818181818182,0.6666666666666666,2.4489795918367347,0.6,2.204081632653061,29,1.9333333333333333,0.031055900621118012,0.022935779816513763,0.018867924528301886,0.0,0
yamasli01w,4,NYL,0,0.7916666666666666,4.621621621621621,1,1.5,0.20833333333333334,1.2162162162162162,0.375,2.1891891891891895,25,1.0416666666666667,0.03231292517006803,0.010615711252653927,0.017045454545454544,0.16666666666666666,0
yilmane01w,4,PHO,0,1.4,7.411764705882352,0,0.4,0.8,4.235294117647059,0.4,2.1176470588235294,5,1.0,0.010526315789473684,0.008333333333333333,0.004329004329004329,0.0,0
yilmane01w,5,SAS,0,2.142857142857143,7.012987012987013,0,0.4,0.5714285714285714,1.8701298701298703,0.2857142857142857,0.9350649350649352,16,2.2857142857142856,0.02384737678855326,0.007782101167315175,0.004048582995951417,0.0,0
youngca01w,2,POR,0,1.173913043478261,3.4838709677419355,0,0.5357142857142857,1.173913043478261,3.4838709677419355,0.6521739130434783,1.935483870967742,64,2.782608695652174,0.04258675078864353,0.05389221556886228,0.033185840707964605,0.0,0
youngca01w,3,POR,0,0.9473684210526315,3.4838709677419355,0,0.631578947368421,0.9473684210526315,3.4838709677419355,0.631578947368421,2.32258064516129,30,1.5789473684210527,0.028846153846153848,0.03643724696356275,0.02434077079107505,0.0,0
youngso01w,7,SAS,0,2.0588235294117645,2.384105960264901,0,1.0869565217391304,1.3235294117647058,1.532639545884579,1.4705882352941178,1.7029328287606433,377,11.088235294117647,0.11456628477905073,0.09202453987730061,0.09242144177449169,0.0,0
youngso01w,8,SAS,0,3.0303030303030303,3.2549728752260396,0,0.8225806451612904,1.8484848484848484,1.9855334538878842,1.5454545454545454,1.6600361663652803,305,9.242424242424242,0.1529051987767584,0.10912343470483005,0.0897887323943662,0.0,0
youngso01w,9,SAS,0,2.606060606060606,2.9373814041745727,1,1.293103448275862,1.7272727272727273,1.9468690702087286,2.272727272727273,2.5616698292220113,331,10.030303030303031,0.14262023217247097,0.10836501901140684,0.12458471760797342,0.25,0
youngso01w,10,SAS,0,2.0303030303030303,2.1671159029649596,1,0.8571428571428571,1.878787878787879,2.0053908355795147,1.6363636363636365,1.7466307277628033,329,9.969696969696969,0.11222780569514237,0.12156862745098039,0.09015025041736227,0.16666666666666666,0
youngta01w,9,ATL,0,2.9393939393939394,4.687248322147651,2,0.6833333333333333,1.7878787878787878,2.851006711409396,1.2424242424242424,1.9812080536912753,220,6.666666666666667,0.12170639899623588,0.09932659932659933,0.08316430020283976,0.25,0
youngta01w,10,ATL,1,0.8181818181818182,4.438356164383562,0,0.5,0.8181818181818182,4.438356164383562,0.45454545454545453,2.4657534246575343,26,2.3636363636363638,0.012129380053908356,0.015228426395939087,0.009124087591240875,0.0,0
youngta01w,10,CHI,2,1.8,5.023255813953488,0,0.5833333333333334,1.1,3.0697674418604652,0.7,1.9534883720930232,48,4.8,0.0297029702970297,0.020637898686679174,0.013133208255159476,0.0,0
zakalok01w,1,DET,0,1.9565217391304348,6.279069767441861,0,0.1,0.8260869565217391,2.6511627906976747,0.08695652173913043,0.27906976744186046,66,2.869565217391304,0.0641025641025641,0.035781544256120526,0.003968253968253968,0.0,0
zakalok01w,3,DET,1,1.0,10.799999999999999,0,0.0,0.0,0.0,0.0,0.0,1,0.3333333333333333,0.004918032786885246,0.0,0.0,0.0,0
zakalok01w,3,PHO,2,0.8,3.891891891891892,0,0.0,0.8,3.891891891891892,0.0,0.0,3,0.6,0.00641025641025641,0.00796812749003984,0.0,0.0,0
zarafr01w,6,SEA,0,0.8529411764705882,2.5278450363196123,0,1.2142857142857142,1.2058823529411764,3.5738498789346247,1.5,4.445520581113802,107,3.1470588235294117,0.044072948328267476,0.07930367504835589,0.09788867562380038,0.0,0
zellosh01w,10,DET,0,3.264705882352941,4.982543640897756,3,0.7948717948717948,2.264705882352941,3.456359102244389,1.8235294117647058,2.7830423940149625,212,6.235294117647059,0.14471968709256844,0.14076782449725778,0.1076388888888889,0.3,0
zirkozu01w,4,WAS,0,0.5,3.6,0,0.3333333333333333,0.3333333333333333,2.4,0.16666666666666666,1.2,3,0.5,0.004431314623338257,0.004319654427645789,0.0017574692442882249,0.0,0
zollsh01w,9,MIN,0,0.3333333333333333,2.4,0,0.75,0.5,3.6,0.5,3.6,7,1.1666666666666667,0.0026595744680851063,0.006342494714587738,0.005376344086021506,0.0,0
