playerID,year,tmID,stint,pos,won_mvp,GP,GS,minutes,points,rebounds,assists,steals,blocks,turnovers,PF,ppg,rpg,apg,spg,bpg,mpg,topg,fgMade,fgAttempted,fg_pct,ftMade,ftAttempted,ft_pct,threeMade,threeAttempted,three_pct,usage_rate,true_shooting,ast_to_ratio,per_approx,made_playoffs,PostGP,PostPoints,PostRebounds,PostAssists,playoff_ppg,playoff_rpg,playoff_apg,prev_ppg,prev_rpg,prev_apg,prev_per_approx,prev_fg_pct,prev_true_shooting,ppg_improvement,rpg_improvement,apg_improvement,per_approx_improvement,years_experience,won,lost,team_win_pct,playoff,rank,confID,o_pts,d_pts,team_point_diff,height,weight
abrossv01w,2,MIN,0,F,0,26,23,846,343,174,53,42,9,85,70,13.192307692307692,6.6923076923076925,2.0384615384615383,1.6153846153846154,0.34615384615384615,32.53846153846154,3.269230769230769,114,293,0.3890784982935154,96,132,0.7272727272727273,19,76,0.25,0.5154609929078015,0.4884926512475789,0.6235294117647059,12.346153846153847,0,0,0,0,0,0.0,0.0,0.0,,,,,,,,,,,0,12,20,0.375,N,6,WE,2077,2156,-79,74.0,169
abrossv01w,3,MIN,0,F,0,27,27,805,314,146,60,42,10,92,73,11.62962962962963,5.407407407407407,2.2222222222222223,1.5555555555555556,0.37037037037037035,29.814814814814813,3.4074074074074074,119,316,0.37658227848101267,56,116,0.4827586206896552,20,60,0.3333333333333333,0.5702360248447205,0.42774629468177855,0.6521739130434783,8.25925925925926,0,0,0,0,0,0.0,0.0,0.0,13.192307692307692,6.6923076923076925,2.0384615384615383,12.346153846153847,0.3890784982935154,0.4884926512475789,-1.5626780626780619,-1.284900284900285,0.183760683760684,-4.086894586894587,1,10,22,0.3125,N,8,WE,2003,2104,-101,74.0,169
abrossv01w,4,MIN,0,F,0,30,25,792,318,141,82,44,11,90,79,10.6,4.7,2.7333333333333334,1.4666666666666666,0.36666666666666664,26.4,3.0,112,285,0.3929824561403509,69,98,0.7040816326530612,25,82,0.3048780487804878,0.5279292929292929,0.4845788126295258,0.9111111111111111,10.133333333333333,1,3,23,5,4,7.666666666666667,1.6666666666666667,1.3333333333333333,11.62962962962963,5.407407407407407,2.2222222222222223,8.25925925925926,0.37658227848101267,0.42774629468177855,-1.0296296296296301,-0.7074074074074073,0.5111111111111111,1.8740740740740733,2,18,16,0.5294117647058824,Y,4,WE,2380,2370,10,74.0,169
abrossv01w,5,MIN,0,F,0,22,11,462,146,74,45,30,2,43,42,6.636363636363637,3.3636363636363638,2.0454545454545454,1.3636363636363635,0.09090909090909091,21.0,1.9545454545454546,49,139,0.35251798561151076,28,46,0.6086956521739131,20,53,0.37735849056603776,0.4377489177489178,0.458427530771163,1.0465116279069768,6.636363636363637,1,2,20,9,3,10.0,4.5,1.5,10.6,4.7,2.7333333333333334,10.133333333333333,0.3929824561403509,0.4845788126295258,-3.963636363636363,-1.3363636363636364,-0.687878787878788,-3.496969696969696,3,18,16,0.5294117647058824,Y,3,WE,2165,2190,-25,74.0,169
abrossv01w,6,MIN,0,F,0,31,31,777,304,107,60,48,6,80,86,9.806451612903226,3.4516129032258065,1.935483870967742,1.5483870967741935,0.1935483870967742,25.06451612903226,2.5806451612903225,109,276,0.39492753623188404,53,73,0.726027397260274,33,82,0.4024390243902439,0.4995109395109395,0.49331429313254577,0.75,8.32258064516129,0,0,0,0,0,0.0,0.0,0.0,6.636363636363637,3.3636363636363638,2.0454545454545454,6.636363636363637,0.35251798561151076,0.458427530771163,3.1700879765395893,0.08797653958944274,-0.10997067448680342,1.6862170087976533,4,14,20,0.4117647058823529,N,6,WE,2211,2288,-77,74.0,169
abrossv01w,7,MIN,0,F,0,34,2,724,263,106,54,34,1,61,66,7.735294117647059,3.1176470588235294,1.588235294117647,1.0,0.029411764705882353,21.294117647058822,1.7941176470588236,99,241,0.4107883817427386,41,62,0.6612903225806451,24,65,0.36923076923076925,0.45480662983425413,0.4901595348143731,0.8852459016393442,6.882352941176471,0,0,0,0,0,0.0,0.0,0.0,9.806451612903226,3.4516129032258065,1.935483870967742,8.32258064516129,0.39492753623188404,0.49331429313254577,-2.071157495256167,-0.33396584440227706,-0.347248576850095,-1.440227703984819,5,10,24,0.29411764705882354,N,7,WE,2523,2735,-212,74.0,169
abrossv01w,8,MIN,0,F,0,34,29,843,345,150,85,44,4,68,86,10.147058823529411,4.411764705882353,2.5,1.2941176470588236,0.11764705882352941,24.794117647058822,2.0,132,298,0.4429530201342282,36,43,0.8372093023255814,45,101,0.44554455445544555,0.4566073546856465,0.5443014009844755,1.25,11.382352941176471,0,0,0,0,0,0.0,0.0,0.0,7.735294117647059,3.1176470588235294,1.588235294117647,6.882352941176471,0.4107883817427386,0.4901595348143731,2.4117647058823524,1.2941176470588238,0.911764705882353,4.5,6,10,24,0.29411764705882354,N,6,WE,2636,2752,-116,74.0,169
abrossv01w,9,CON,0,F,0,6,0,107,34,20,12,8,0,11,13,5.666666666666667,3.3333333333333335,2.0,1.3333333333333333,0.0,17.833333333333332,1.8333333333333333,11,36,0.3055555555555556,10,12,0.8333333333333334,2,12,0.16666666666666666,0.4885981308411215,0.4118217054263566,1.0909090909090908,6.0,1,3,24,11,4,8.0,3.6666666666666665,1.3333333333333333,10.147058823529411,4.411764705882353,2.5,11.382352941176471,0.4429530201342282,0.5443014009844755,-4.480392156862744,-1.0784313725490198,-0.5,-5.382352941176471,7,21,13,0.6176470588235294,Y,2,EA,2690,2541,149,74.0,169
adamsjo01w,4,MIN,0,C,0,10,0,96,33,23,4,2,3,10,10,3.3,2.3,0.4,0.2,0.3,9.6,1.0,13,33,0.3939393939393939,2,2,1.0,5,12,0.4166666666666667,0.45708333333333334,0.48701298701298695,0.4,3.5,0,0,0,0,0,0.0,0.0,0.0,,,,,,,,,,,0,18,16,0.5294117647058824,Y,4,WE,2380,2370,10,75.0,180
aguilel01w,3,UTA,0,G,0,28,0,141,43,11,16,3,2,11,5,1.5357142857142858,0.39285714285714285,0.5714285714285714,0.10714285714285714,0.07142857142857142,5.035714285714286,0.39285714285714285,14,33,0.42424242424242425,4,7,0.5714285714285714,11,21,0.5238095238095238,0.33390070921985815,0.5958980044345898,1.4545454545454546,1.5,1,2,0,0,2,0.0,0.0,1.0,,,,,,,,,,,0,20,12,0.625,Y,3,WE,2418,2344,74,67.0,165
ajavoma01w,9,HOU,0,G,0,34,2,604,273,60,59,31,6,55,85,8.029411764705882,1.7647058823529411,1.7352941176470589,0.9117647058823529,0.17647058823529413,17.764705882352942,1.6176470588235294,94,284,0.33098591549295775,72,91,0.7912087912087912,13,68,0.19117647058823528,0.6275496688741722,0.4212442908282928,1.0727272727272728,4.852941176470588,0,0,0,0,0,0.0,0.0,0.0,,,,,,,,,,,0,17,17,0.5,N,5,WE,2561,2606,-45,68.0,160
ajavoma01w,10,WAS,0,G,0,34,4,587,272,64,37,37,4,50,84,8.0,1.8823529411764706,1.088235294117647,1.088235294117647,0.11764705882352941,17.264705882352942,1.4705882352941178,85,253,0.3359683794466403,74,110,0.6727272727272727,28,82,0.34146341463414637,0.5986371379897785,0.45122760451227606,0.74,4.705882352941177,1,2,19,5,3,9.5,2.5,1.5,8.029411764705882,1.7647058823529411,1.7352941176470589,4.852941176470588,0.33098591549295775,0.4212442908282928,-0.02941176470588225,0.11764705882352944,-0.6470588235294119,-0.14705882352941124,1,16,18,0.47058823529411764,Y,4,EA,2585,2622,-37,68.0,160
aldrima01w,1,WAS,0,G,0,29,0,272,63,24,28,9,4,27,30,2.1724137931034484,0.8275862068965517,0.9655172413793104,0.3103448275862069,0.13793103448275862,9.379310344827585,0.9310344827586207,25,54,0.46296296296296297,7,22,0.3181818181818182,6,12,0.5,0.3333823529411765,0.4946608040201005,1.037037037037037,1.9655172413793103,1,2,14,4,7,7.0,2.0,3.5,,,,,,,,,,,0,14,18,0.4375,Y,4,EA,2176,2221,-45,71.0,153
aldrima01w,2,WAS,0,G,0,5,0,35,7,2,2,0,0,4,5,1.4,0.4,0.4,0.0,0.0,7.0,0.8,3,9,0.3333333333333333,1,1,1.0,0,3,0.0,0.384,0.3707627118644068,0.5,0.2,0,0,0,0,0,0.0,0.0,0.0,2.1724137931034484,0.8275862068965517,0.9655172413793104,1.9655172413793103,0.46296296296296297,0.4946608040201005,-0.7724137931034485,-0.4275862068965517,-0.5655172413793104,-1.7655172413793103,1,10,22,0.3125,N,8,EA,1928,2075,-147,71.0,153
alhalta01w,2,ORL,0,F-G,0,26,1,252,49,38,14,11,0,28,20,1.8846153846153846,1.4615384615384615,0.5384615384615384,0.4230769230769231,0.0,9.692307692307692,1.0769230769230769,19,58,0.3275862068965517,7,14,0.5,4,11,0.36363636363636365,0.3657142857142857,0.38185785536159605,0.5,1.4615384615384615,0,0,0,0,0,0.0,0.0,0.0,,,,,,,,,,,0,13,19,0.40625,N,5,EA,2140,2205,-65,72.0,149
allench01w,9,SAC,0,G,0,6,0,49,16,6,3,1,0,6,5,2.6666666666666665,1.0,0.5,0.16666666666666666,0.0,8.166666666666666,1.0,7,16,0.4375,0,0,0.0,2,6,0.3333333333333333,0.4489795918367347,0.5,0.5,1.8333333333333333,1,2,0,0,0,0.0,0.0,0.0,,,,,,,,,,,0,18,16,0.5294117647058824,Y,4,WE,2545,2571,-26,71.0,135
amachma01w,2,NYL,0,F,0,2,0,3,1,1,0,0,1,1,2,0.5,0.5,0.0,0.0,0.5,1.5,0.5,0,0,0.0,1,2,0.5,0,0,0.0,0.6266666666666666,0.5681818181818182,0.0,0.5,0,0,0,0,0,0.0,0.0,0.0,,,,,,,,,,,0,21,11,0.65625,Y,2,EA,2162,2082,80,73.0,175
amachma01w,4,SEA,0,F,0,7,0,47,8,14,0,5,2,9,3,1.1428571428571428,2.0,0.0,0.7142857142857143,0.2857142857142857,6.714285714285714,1.2857142857142858,3,10,0.3,2,4,0.5,0,0,0.0,0.44170212765957445,0.3401360544217687,0.0,1.5714285714285714,0,0,0,0,0,0.0,0.0,0.0,0.5,0.5,0.0,0.5,0.0,0.5681818181818182,0.6428571428571428,1.5,0.0,1.0714285714285714,1,18,16,0.5294117647058824,N,5,WE,2388,2274,114,73.0,175
amachma01w,6,WAS,0,F,0,3,0,3,2,0,0,0,0,0,0,0.6666666666666666,0.0,0.0,0.0,0.0,1.0,0.0,0,1,0.0,2,2,1.0,0,0,0.0,0.6266666666666666,0.5319148936170213,0.0,0.3333333333333333,0,0,0,0,0,0.0,0.0,0.0,1.1428571428571428,2.0,0.0,1.5714285714285714,0.3,0.3401360544217687,-0.47619047619047616,-2.0,0.0,-1.2380952380952381,2,16,18,0.47058823529411764,N,5,EA,2263,2305,-42,73.0,175
ambermo01w,3,SAC,0,F,0,2,0,4,0,0,0,0,0,0,2,0.0,0.0,0.0,0.0,0.0,2.0,0.0,0,0,0.0,0,0,0.0,0,0,0.0,0.0,0.0,0.0,0.0,0,0,0,0,0,0.0,0.0,0.0,,,,,,,,,,,0,14,18,0.4375,N,6,WE,2166,2294,-128,76.0,169
anderam01w,7,CON,1,F,0,1,0,1,0,2,0,0,0,0,0,0.0,2.0,0.0,0.0,0.0,1.0,0.0,0,0,0.0,0,0,0.0,0,0,0.0,0.0,0.0,0.0,2.0,0,0,0,0,0,0.0,0.0,0.0,,,,,,,,,,,0,26,8,0.7647058823529411,Y,1,EA,2683,2417,266,72.0,167
anderam01w,7,NYL,2,F,0,3,0,9,0,2,0,1,0,1,0,0.0,0.6666666666666666,0.0,0.3333333333333333,0.0,3.0,0.3333333333333333,0,1,0.0,0,0,0.0,0,0,0.0,0.2222222222222222,0.0,0.0,0.3333333333333333,0,0,0,0,0,0.0,0.0,0.0,0.0,2.0,0.0,2.0,0.0,0.0,0.0,-1.3333333333333335,0.0,-1.6666666666666667,1,11,23,0.3235294117647059,N,5,EA,2372,2656,-284,72.0,167
anderch01w,4,SAC,0,C,0,26,0,171,42,24,5,5,5,17,33,1.6153846153846154,0.9230769230769231,0.19230769230769232,0.19230769230769232,0.19230769230769232,6.576923076923077,0.6538461538461539,19,44,0.4318181818181818,4,12,0.3333333333333333,0,0,0.0,0.38760233918128656,0.42613636363636365,0.29411764705882354,1.1923076923076923,1,5,7,3,0,1.4,0.6,0.0,,,,,,,,,,,0,19,15,0.5588235294117647,Y,3,WE,2299,2216,83,78.0,190
anderch01w,5,SAC,0,C,0,30,0,231,77,34,5,3,6,25,46,2.566666666666667,1.1333333333333333,0.16666666666666666,0.1,0.2,7.7,0.8333333333333334,25,64,0.390625,27,37,0.7297297297297297,0,0,0.0,0.45575757575757575,0.47957149975087193,0.2,1.7,1,2,2,2,1,1.0,1.0,0.5,1.6153846153846154,0.9230769230769231,0.19230769230769232,1.1923076923076923,0.4318181818181818,0.42613636363636365,0.9512820512820515,0.21025641025641018,-0.02564102564102566,0.5076923076923077,1,18,16,0.5294117647058824,Y,4,WE,2312,2241,71,78.0,190
anderch01w,6,SAS,0,C,0,34,19,669,203,90,11,8,15,55,106,5.970588235294118,2.6470588235294117,0.3235294117647059,0.23529411764705882,0.4411764705882353,19.676470588235293,1.6176470588235294,83,178,0.46629213483146065,37,46,0.8043478260869565,0,0,0.0,0.37853512705530645,0.512005649717514,0.2,4.9411764705882355,0,0,0,0,0,0.0,0.0,0.0,2.566666666666667,1.1333333333333333,0.16666666666666666,1.7,0.390625,0.47957149975087193,3.403921568627451,1.5137254901960784,0.15686274509803924,3.2411764705882353,2,7,27,0.20588235294117646,N,7,WE,2141,2401,-260,78.0,190
anderch01w,7,SAS,0,C,0,23,20,414,153,85,15,7,10,29,73,6.6521739130434785,3.6956521739130435,0.6521739130434783,0.30434782608695654,0.43478260869565216,18.0,1.2608695652173914,59,112,0.5267857142857143,35,45,0.7777777777777778,0,0,0.0,0.3884057971014493,0.5804248861911987,0.5172413793103449,7.739130434782608,0,0,0,0,0,0.0,0.0,0.0,5.970588235294118,2.6470588235294117,0.3235294117647059,4.9411764705882355,0.46629213483146065,0.512005649717514,0.6815856777493607,1.0485933503836318,0.32864450127877237,2.797953964194373,3,13,21,0.38235294117647056,N,6,WE,2523,2603,-80,78.0,190
anderch01w,8,SAS,0,C,0,11,1,86,28,20,3,1,5,5,11,2.5454545454545454,1.8181818181818181,0.2727272727272727,0.09090909090909091,0.45454545454545453,7.818181818181818,0.45454545454545453,10,20,0.5,8,12,0.6666666666666666,0,0,0.0,0.352093023255814,0.5537974683544303,0.6,3.4545454545454546,1,2,2,1,0,1.0,0.5,0.0,6.6521739130434785,3.6956521739130435,0.6521739130434783,7.739130434782608,0.5267857142857143,0.5804248861911987,-4.1067193675889335,-1.8774703557312253,-0.37944664031620556,-4.284584980237154,4,20,14,0.5882352941176471,Y,2,WE,2517,2484,33,78.0,190
anderjo01w,9,CON,0,G,0,24,7,367,97,58,26,7,1,16,17,4.041666666666667,2.4166666666666665,1.0833333333333333,0.2916666666666667,0.041666666666666664,15.291666666666666,0.6666666666666666,35,126,0.2777777777777778,11,15,0.7333333333333333,16,69,0.2318840579710145,0.40490463215258854,0.3657616892911011,1.625,3.25,0,0,0,0,0,0.0,0.0,0.0,,,,,,,,,,,0,21,13,0.6176470588235294,Y,2,EA,2690,2541,149,68.0,166
anderke01w,1,WAS,0,G,0,30,9,434,75,46,75,25,3,47,53,2.5,1.5333333333333334,2.5,0.8333333333333334,0.1,14.466666666666667,1.5666666666666667,29,68,0.4264705882352941,14,18,0.7777777777777778,3,8,0.375,0.2832258064516129,0.49394099051633295,1.5957446808510638,4.466666666666667,1,2,2,5,5,1.0,2.5,2.5,,,,,,,,,,,0,14,18,0.4375,Y,4,EA,2176,2221,-45,67.0,125
anderke01w,2,CHA,0,G,0,18,0,102,12,15,14,6,0,17,8,0.6666666666666666,0.8333333333333334,0.7777777777777778,0.3333333333333333,0.0,5.666666666666667,0.9444444444444444,2,16,0.125,8,10,0.8,0,2,0.0,0.36666666666666664,0.29411764705882354,0.8235294117647058,0.7777777777777778,1,2,0,0,1,0.0,0.0,0.5,2.5,1.5333333333333334,2.5,4.466666666666667,0.4264705882352941,0.49394099051633295,-1.8333333333333335,-0.7000000000000001,-1.7222222222222223,-3.688888888888889,1,18,14,0.5625,Y,4,EA,2055,2009,46,67.0,125
anderke01w,3,CHA,0,G,0,7,0,31,7,6,5,0,0,3,4,1.0,0.8571428571428571,0.7142857142857143,0.0,0.0,4.428571428571429,0.42857142857142855,3,12,0.25,0,0,0.0,1,4,0.25,0.4838709677419355,0.2916666666666667,1.6666666666666667,0.8571428571428571,0,0,0,0,0,0.0,0.0,0.0,0.6666666666666666,0.8333333333333334,0.7777777777777778,0.7777777777777778,0.125,0.29411764705882354,0.33333333333333337,0.023809523809523725,-0.06349206349206349,0.0793650793650793,2,18,14,0.5625,Y,2,EA,2241,2133,108,67.0,125
andrame01w,1,CLE,0,F,0,32,18,797,265,95,75,41,10,65,91,8.28125,2.96875,2.34375,1.28125,0.3125,24.90625,2.03125,89,195,0.4564102564102564,60,80,0.75,27,75,0.36,0.3703889585947302,0.5755864465682016,1.1538461538461537,9.21875,1,6,21,17,14,3.5,2.8333333333333335,2.3333333333333335,,,,,,,,,,,0,17,15,0.53125,Y,2,EA,2185,2122,63,71.0,165
andrame01w,2,CLE,0,F,0,32,32,893,152,87,100,51,10,61,77,4.75,2.71875,3.125,1.59375,0.3125,27.90625,1.90625,58,171,0.3391812865497076,30,45,0.6666666666666666,6,30,0.2,0.28197088465845466,0.3983228511530398,1.639344262295082,6.59375,1,3,13,9,1,4.333333333333333,3.0,0.3333333333333333,8.28125,2.96875,2.34375,9.21875,0.4564102564102564,0.5755864465682016,-3.53125,-0.25,0.78125,-2.625,1,22,10,0.6875,Y,1,EA,2004,1788,216,71.0,165
andrame01w,3,CLE,0,F,0,32,16,665,91,56,67,29,6,41,82,2.84375,1.75,2.09375,0.90625,0.1875,20.78125,1.28125,34,111,0.3063063063063063,18,23,0.782608695652174,5,26,0.19230769230769232,0.24378947368421053,0.3756605019815059,1.6341463414634145,3.9375,0,0,0,0,0,0.0,0.0,0.0,4.75,2.71875,3.125,6.59375,0.3391812865497076,0.3983228511530398,-1.90625,-0.96875,-1.03125,-2.65625,2,10,22,0.3125,N,7,EA,2071,2140,-69,71.0,165
andrame01w,5,CHA,0,F,0,12,0,65,9,4,7,0,1,3,12,0.75,0.3333333333333333,0.5833333333333334,0.0,0.08333333333333333,5.416666666666667,0.25,3,7,0.42857142857142855,3,3,1.0,0,1,0.0,0.17415384615384616,0.5408653846153846,2.3333333333333335,1.1666666666666667,0,0,0,0,0,0.0,0.0,0.0,2.84375,1.75,2.09375,3.9375,0.3063063063063063,0.3756605019815059,-2.09375,-1.4166666666666667,-1.5104166666666665,-2.770833333333333,3,16,18,0.47058823529411764,N,5,EA,2092,2168,-76,71.0,165
anosini01w,9,MIN,0,C,0,34,34,920,314,231,45,75,43,42,125,9.235294117647058,6.794117647058823,1.3235294117647058,2.2058823529411766,1.2647058823529411,27.058823529411764,1.2352941176470589,99,226,0.43805309734513276,116,166,0.6987951807228916,0,1,0.0,0.3706956521739131,0.5250133761369716,1.0714285714285714,14.382352941176471,0,0,0,0,0,0.0,0.0,0.0,,,,,,,,,,,0,16,18,0.47058823529411764,N,7,WE,2767,2721,46,75.0,211
anosini01w,10,MIN,0,C,0,30,29,896,396,222,81,81,28,61,88,13.2,7.4,2.7,2.7,0.9333333333333333,29.866666666666667,2.033333333333333,130,265,0.49056603773584906,135,194,0.6958762886597938,1,4,0.25,0.4591071428571429,0.565133006050919,1.3278688524590163,18.433333333333334,0,0,0,0,0,0.0,0.0,0.0,9.235294117647058,6.794117647058823,1.3235294117647058,14.382352941176471,0.43805309734513276,0.5250133761369716,3.9647058823529413,0.605882352941177,1.3764705882352943,4.050980392156863,1,14,20,0.4117647058823529,N,5,WE,2731,2827,-96,75.0,211
arcaija01w,1,HOU,0,G,0,32,32,977,268,119,60,42,3,53,66,8.375,3.71875,1.875,1.3125,0.09375,30.53125,1.65625,109,233,0.4678111587982833,41,49,0.8367346938775511,9,45,0.2,0.3148004094165814,0.5263984915147706,1.1320754716981132,9.59375,1,6,50,27,12,8.333333333333334,4.5,2.0,,,,,,,,,,,0,27,5,0.84375,Y,2,WE,2475,2066,409,71.0,147
arcaija01w,2,HOU,0,G,0,32,32,1154,591,136,94,60,3,83,82,18.46875,4.25,2.9375,1.875,0.09375,36.0625,2.59375,217,509,0.4263261296660118,135,150,0.9,22,66,0.3333333333333333,0.5701906412478336,0.5139130434782608,1.1325301204819278,15.4375,1,2,29,11,5,14.5,5.5,2.5,8.375,3.71875,1.875,9.59375,0.4678111587982833,0.5263984915147706,10.09375,0.53125,1.0625,5.84375,1,19,13,0.59375,Y,4,WE,2047,1994,53,71.0,147
arcaija01w,3,HOU,0,G,0,32,32,1116,364,126,86,51,6,71,49,11.375,3.9375,2.6875,1.59375,0.1875,34.875,2.21875,128,302,0.423841059602649,98,111,0.8828828828828829,10,37,0.2702702702702703,0.37799283154121865,0.518754988028731,1.2112676056338028,11.71875,1,3,39,11,4,13.0,3.6666666666666665,1.3333333333333333,18.46875,4.25,2.9375,15.4375,0.4263261296660118,0.5139130434782608,-7.09375,-0.3125,-0.25,-3.71875,2,24,8,0.75,Y,2,WE,2072,1892,180,71.0,147
arcaija01w,4,HOU,0,G,0,34,34,1136,390,136,67,41,1,50,64,11.470588235294118,4.0,1.9705882352941178,1.2058823529411764,0.029411764705882353,33.411764705882355,1.4705882352941178,151,324,0.4660493827160494,79,94,0.8404255319148937,9,37,0.24324324324324326,0.36563380281690144,0.5337201664112109,1.34,11.676470588235293,1,3,37,14,3,12.333333333333334,4.666666666666667,1.0,11.375,3.9375,2.6875,11.71875,0.423841059602649,0.518754988028731,0.09558823529411775,0.0625,-0.7169117647058822,-0.04227941176470651,3,20,14,0.5882352941176471,Y,2,WE,2244,2142,102,71.0,147
arcaija01w,6,HOU,0,G,0,34,34,1079,342,93,53,55,6,56,85,10.058823529411764,2.735294117647059,1.5588235294117647,1.6176470588235294,0.17647058823529413,31.735294117647058,1.6470588235294117,128,304,0.42105263157894735,83,94,0.8829787234042553,3,16,0.1875,0.3719740500463392,0.49513551077136897,0.9464285714285714,9.0,1,5,44,10,6,8.8,2.0,1.2,11.470588235294118,4.0,1.9705882352941178,11.676470588235293,0.4660493827160494,0.5337201664112109,-1.4117647058823533,-1.2647058823529411,-0.41176470588235303,-2.6764705882352935,4,19,15,0.5588235294117647,Y,3,WE,2309,2263,46,71.0,147
askamma01w,1,MIA,0,C,0,32,32,869,251,231,29,17,21,49,95,7.84375,7.21875,0.90625,0.53125,0.65625,27.15625,1.53125,85,209,0.40669856459330145,80,117,0.6837606837606838,1,2,0.5,0.35613348676639817,0.4818028255528255,0.5918367346938775,10.59375,0,0,0,0,0,0.0,0.0,0.0,,,,,,,,,,,0,13,19,0.40625,N,6,EA,1831,2001,-170,77.0,198
askamma01w,2,MIA,0,C,0,30,11,431,74,87,15,12,11,19,62,2.466666666666667,2.9,0.5,0.4,0.36666666666666664,14.366666666666667,0.6333333333333333,28,58,0.4827586206896552,18,32,0.5625,0,0,0.0,0.21132250580046402,0.5133185349611543,0.7894736842105263,4.533333333333333,0,0,0,0,0,0.0,0.0,0.0,7.84375,7.21875,0.90625,10.59375,0.40669856459330145,0.4818028255528255,-5.377083333333333,-4.31875,-0.40625,-6.060416666666667,1,20,12,0.625,Y,3,EA,1957,1898,59,77.0,198
askamma01w,3,LAS,2,C,0,20,4,215,61,49,4,11,4,11,25,3.05,2.45,0.2,0.55,0.2,10.75,0.55,26,55,0.4727272727272727,9,14,0.6428571428571429,0,1,0.0,0.33562790697674416,0.49869195552648793,0.36363636363636365,4.2,1,4,2,3,0,0.5,0.75,0.0,2.466666666666667,2.9,0.5,4.533333333333333,0.4827586206896552,0.5133185349611543,0.583333333333333,-0.44999999999999973,-0.3,-0.33333333333333304,2,25,7,0.78125,Y,1,WE,2452,2235,217,77.0,198
askamma01w,3,MIA,1,C,0,6,1,72,11,11,3,1,1,1,9,1.8333333333333333,1.8333333333333333,0.5,0.16666666666666666,0.16666666666666666,12.0,0.16666666666666666,4,10,0.4,3,11,0.2727272727272727,0,0,0.0,0.22,0.3706199460916442,3.0,2.0,0,0,0,0,0,0.0,0.0,0.0,3.05,2.45,0.2,4.2,0.4727272727272727,0.49869195552648793,-1.2166666666666666,-0.6166666666666669,0.3,-2.2,3,15,17,0.46875,N,6,EA,2046,2088,-42,77.0,198
atkinla01w,7,IND,0,G-F,0,33,1,417,99,76,22,18,5,34,31,3.0,2.303030303030303,0.6666666666666666,0.5454545454545454,0.15151515151515152,12.636363636363637,1.0303030303030303,38,87,0.4367816091954023,18,39,0.46153846153846156,5,17,0.29411764705882354,0.3313189448441247,0.4752304147465438,0.6470588235294118,3.515151515151515,1,2,6,17,3,3.0,8.5,1.5,,,,,,,,,,,0,21,13,0.6176470588235294,Y,3,EA,2435,2316,119,72.0,172
atkinla01w,8,SAC,0,G-F,0,28,0,226,58,44,15,10,5,33,15,2.0714285714285716,1.5714285714285714,0.5357142857142857,0.35714285714285715,0.17857142857142858,8.071428571428571,1.1785714285714286,22,47,0.46808510638297873,14,19,0.7368421052631579,0,2,0.0,0.3909734513274336,0.5238439306358381,0.45454545454545453,2.4642857142857144,1,2,0,0,0,0.0,0.0,0.0,3.0,2.303030303030303,0.6666666666666666,3.515151515151515,0.4367816091954023,0.4752304147465438,-0.9285714285714284,-0.7316017316017318,-0.13095238095238093,-1.0508658008658007,1,19,15,0.5588235294117647,Y,3,WE,2527,2480,47,72.0,172
atkinla01w,9,SAC,0,G-F,0,5,1,73,14,14,8,5,2,10,5,2.8,2.8,1.6,1.0,0.4,14.6,2.0,6,16,0.375,2,4,0.5,0,1,0.0,0.38027397260273976,0.3941441441441441,0.8,4.2,0,0,0,0,0,0.0,0.0,0.0,2.0714285714285716,1.5714285714285714,0.5357142857142857,2.4642857142857144,0.46808510638297873,0.5238439306358381,0.7285714285714282,1.2285714285714284,1.0642857142857145,1.7357142857142858,2,18,16,0.5294117647058824,Y,4,WE,2545,2571,-26,72.0,172
atkinla01w,10,SEA,0,G-F,0,2,1,46,5,18,5,10,1,4,5,2.5,9.0,2.5,5.0,0.5,23.0,2.0,2,8,0.25,1,2,0.5,0,1,0.0,0.28,0.2815315315315315,1.25,14.0,0,0,0,0,0,0.0,0.0,0.0,2.8,2.8,1.6,4.2,0.375,0.3941441441441441,-0.2999999999999998,6.2,0.8999999999999999,9.8,3,20,14,0.5882352941176471,Y,2,WE,2544,2476,68,72.0,172
atunrmo01w,9,SAS,0,G-F,0,33,0,348,71,48,23,16,13,26,21,2.1515151515151514,1.4545454545454546,0.696969696969697,0.48484848484848486,0.3939393939393939,10.545454545454545,0.7878787878787878,24,87,0.27586206896551724,11,16,0.6875,12,41,0.2926829268292683,0.3449425287356322,0.3774989366227137,0.8846153846153846,2.3333333333333335,1,8,10,7,4,1.25,0.875,0.5,,,,,,,,,,,0,24,10,0.7058823529411765,Y,1,WE,2546,2418,128,70.0,143
augusse01w,7,MIN,0,F,0,34,34,1124,744,128,50,21,18,71,58,21.88235294117647,3.764705882352941,1.4705882352941178,0.6176470588235294,0.5294117647058824,33.05882352941177,2.088235294117647,283,620,0.45645161290322583,148,165,0.896969696969697,30,85,0.35294117647058826,0.6793594306049823,0.5371065550101068,0.704225352112676,15.764705882352942,0,0,0,0,0,0.0,0.0,0.0,,,,,,,,,,,0,10,24,0.29411764705882354,N,7,WE,2523,2735,-212,72.0,179
augusse01w,8,MIN,0,F,0,34,34,1093,769,136,79,41,21,83,58,22.61764705882353,4.0,2.323529411764706,1.2058823529411764,0.6176470588235294,32.14705882352941,2.4411764705882355,296,583,0.5077186963979416,151,173,0.8728323699421965,26,62,0.41935483870967744,0.6789752973467521,0.5833535623255249,0.9518072289156626,19.235294117647058,0,0,0,0,0,0.0,0.0,0.0,21.88235294117647,3.764705882352941,1.4705882352941178,15.764705882352942,0.45645161290322583,0.5371065550101068,0.735294117647058,0.23529411764705888,0.8529411764705883,3.470588235294116,1,10,24,0.29411764705882354,N,6,WE,2636,2752,-116,72.0,179
augusse01w,9,MIN,0,F,0,31,31,1042,591,120,83,32,12,52,46,19.06451612903226,3.870967741935484,2.6774193548387095,1.032258064516129,0.3870967741935484,33.61290322580645,1.6774193548387097,233,496,0.46975806451612906,105,118,0.8898305084745762,20,63,0.31746031746031744,0.5757389635316699,0.5393123083661849,1.5961538461538463,16.451612903225808,0,0,0,0,0,0.0,0.0,0.0,22.61764705882353,4.0,2.323529411764706,19.235294117647058,0.5077186963979416,0.5833535623255249,-3.553130929791269,-0.12903225806451601,0.35388994307400345,-2.78368121442125,2,16,18,0.47058823529411764,N,7,WE,2767,2721,46,72.0,179
augusse01w,10,MIN,0,F,0,6,6,178,126,25,9,12,3,13,5,21.0,4.166666666666667,1.5,2.0,0.5,29.666666666666668,2.1666666666666665,49,86,0.5697674418604651,19,21,0.9047619047619048,9,14,0.6428571428571429,0.6080898876404494,0.6614867702645948,0.6923076923076923,20.5,0,0,0,0,0,0.0,0.0,0.0,19.06451612903226,3.870967741935484,2.6774193548387095,16.451612903225808,0.46975806451612906,0.5393123083661849,1.9354838709677402,0.295698924731183,-1.1774193548387095,4.048387096774192,3,14,20,0.4117647058823529,N,5,WE,2731,2827,-96,72.0,179
aycocan01w,1,MIN,2,G-F,0,3,0,6,0,3,4,0,0,0,1,0.0,1.0,1.3333333333333333,0.0,0.0,2.0,0.0,0,0,0.0,0,0,0.0,0,0,0.0,0.0,0.0,4.0,2.3333333333333335,0,0,0,0,0,0.0,0.0,0.0,,,,,,,,,,,0,15,17,0.46875,N,6,WE,2193,2188,5,74.0,172
aycocan01w,1,SEA,1,G-F,0,1,0,7,0,2,0,0,0,0,2,0.0,2.0,0.0,0.0,0.0,7.0,0.0,0,3,0.0,0,0,0.0,0,2,0.0,0.42857142857142855,0.0,0.0,-1.0,0,0,0,0,0,0.0,0.0,0.0,0.0,1.0,1.3333333333333333,2.3333333333333335,0.0,0.0,0.0,1.0,-1.3333333333333333,-3.3333333333333335,1,6,26,0.1875,N,8,WE,1822,2171,-349,74.0,172
azizle01w,4,IND,0,F,0,7,0,44,10,9,1,0,4,3,5,1.4285714285714286,1.2857142857142858,0.14285714285714285,0.0,0.5714285714285714,6.285714285714286,0.42857142857142855,4,14,0.2857142857142857,2,4,0.5,0,0,0.0,0.42636363636363633,0.31725888324873097,0.3333333333333333,1.2857142857142858,0,0,0,0,0,0.0,0.0,0.0,,,,,,,,,,,0,16,18,0.47058823529411764,N,5,EA,2337,2321,16,75.0,177
azzije01w,1,UTA,0,G,0,15,15,559,144,41,92,12,5,28,43,9.6,2.7333333333333334,6.133333333333334,0.8,0.3333333333333333,37.266666666666666,1.8666666666666667,47,104,0.4519230769230769,40,43,0.9302325581395349,10,24,0.4166666666666667,0.2699821109123435,0.585746827204686,3.2857142857142856,13.733333333333333,0,0,0,0,0,0.0,0.0,0.0,,,,,,,,,,,0,18,14,0.5625,N,5,WE,2413,2407,6,68.0,143
azzije01w,2,UTA,0,G,0,32,32,1205,276,98,171,22,10,69,89,8.625,3.0625,5.34375,0.6875,0.3125,37.65625,2.15625,75,184,0.4076086956521739,88,96,0.9166666666666666,38,74,0.5135135135135135,0.2450124481327801,0.6099717114568599,2.4782608695652173,12.21875,1,2,9,3,10,4.5,1.5,5.0,9.6,2.7333333333333334,6.133333333333334,13.733333333333333,0.4519230769230769,0.585746827204686,-0.9749999999999996,0.3291666666666666,-0.7895833333333337,-1.5145833333333325,1,19,13,0.59375,Y,3,WE,2207,2192,15,68.0,143
azzije01w,3,UTA,0,G,0,32,32,1151,306,69,158,27,14,67,102,9.5625,2.15625,4.9375,0.84375,0.4375,35.96875,2.09375,91,198,0.4595959595959596,83,104,0.7980769230769231,41,92,0.44565217391304346,0.2699913119026933,0.6276665572694454,2.3582089552238807,11.84375,1,5,40,13,34,8.0,2.6,6.8,8.625,3.0625,5.34375,12.21875,0.4076086956521739,0.6099717114568599,0.9375,-0.90625,-0.40625,-0.375,2,20,12,0.625,Y,3,WE,2418,2344,74,68.0,143
azzije01w,4,SAS,0,G,0,34,34,1136,260,91,111,27,9,61,98,7.647058823529412,2.676470588235294,3.264705882352941,0.7941176470588235,0.2647058823529412,33.411764705882355,1.7941176470588236,85,211,0.4028436018957346,51,65,0.7846153846153846,39,97,0.4020618556701031,0.26461267605633804,0.5425709515859767,1.819672131147541,8.735294117647058,0,0,0,0,0,0.0,0.0,0.0,9.5625,2.15625,4.9375,11.84375,0.4595959595959596,0.6276665572694454,-1.9154411764705879,0.5202205882352939,-1.6727941176470589,-3.108455882352942,3,12,22,0.35294117647058826,N,6,WE,2215,2427,-212,68.0,143
badertr01w,1,CLE,0,G,0,25,0,201,47,11,21,17,1,18,16,1.88,0.44,0.84,0.68,0.04,8.04,0.72,17,48,0.3541666666666667,5,6,0.8333333333333334,8,24,0.3333333333333333,0.3414925373134328,0.4640600315955766,1.1666666666666667,1.88,1,5,8,1,1,1.6,0.2,0.2,,,,,,,,,,,0,17,15,0.53125,Y,2,EA,2185,2122,63,64.0,125
badertr01w,2,CLE,0,G,0,19,0,114,21,12,11,5,0,8,7,1.105263157894737,0.631578947368421,0.5789473684210527,0.2631578947368421,0.0,6.0,0.42105263157894735,8,20,0.4,0,0,0.0,5,13,0.38461538461538464,0.24561403508771928,0.525,1.375,1.5263157894736843,1,1,0,1,0,0.0,1.0,0.0,1.88,0.44,0.84,1.88,0.3541666666666667,0.4640600315955766,-0.774736842105263,0.19157894736842102,-0.2610526315789473,-0.3536842105263156,1,22,10,0.6875,Y,1,EA,2004,1788,216,64.0,125
badertr01w,3,CLE,0,G,0,18,0,132,14,7,15,6,1,7,3,0.7777777777777778,0.3888888888888889,0.8333333333333334,0.3333333333333333,0.05555555555555555,7.333333333333333,0.3888888888888889,4,26,0.15384615384615385,5,6,0.8333333333333334,1,14,0.07142857142857142,0.27,0.24441340782122906,2.142857142857143,0.7222222222222222,0,0,0,0,0,0.0,0.0,0.0,1.105263157894737,0.631578947368421,0.5789473684210527,1.5263157894736843,0.4,0.525,-0.32748538011695916,-0.24269005847953212,0.2543859649122807,-0.8040935672514621,2,10,22,0.3125,N,7,EA,2071,2140,-69,64.0,125
bakersh01w,7,NYL,0,G,0,34,16,614,251,56,35,46,2,50,69,7.382352941176471,1.6470588235294117,1.0294117647058822,1.3529411764705883,0.058823529411764705,18.058823529411764,1.4705882352941178,97,251,0.38645418326693226,48,56,0.8571428571428571,9,33,0.2727272727272727,0.5303583061889251,0.4553040197358874,0.7,5.235294117647059,0,0,0,0,0,0.0,0.0,0.0,,,,,,,,,,,0,11,23,0.3235294117647059,N,5,EA,2372,2656,-284,68.0,125
bakersh01w,8,LAS,2,G,0,24,11,492,203,69,77,36,2,65,58,8.458333333333334,2.875,3.2083333333333335,1.5,0.08333333333333333,20.5,2.7083333333333335,63,192,0.328125,70,84,0.8333333333333334,7,33,0.21212121212121213,0.597479674796748,0.4433088749126485,1.1846153846153846,7.458333333333333,0,0,0,0,0,0.0,0.0,0.0,7.382352941176471,1.6470588235294117,1.0294117647058822,5.235294117647059,0.38645418326693226,0.4553040197358874,1.075980392156863,1.2279411764705883,2.1789215686274512,2.223039215686274,1,10,24,0.29411764705882354,N,7,WE,2533,2708,-175,68.0,125
bakersh01w,8,NYL,1,G,0,3,0,13,5,1,0,0,0,0,1,1.6666666666666667,0.3333333333333333,0.0,0.0,0.0,4.333333333333333,0.0,2,2,1.0,0,0,0.0,1,1,1.0,0.15384615384615385,1.25,0.0,2.0,0,0,0,0,0,0.0,0.0,0.0,8.458333333333334,2.875,3.2083333333333335,7.458333333333333,0.328125,0.4433088749126485,-6.791666666666667,-2.5416666666666665,-3.2083333333333335,-5.458333333333333,2,16,18,0.47058823529411764,Y,4,EA,2413,2501,-88,68.0,125
bakersh01w,9,IND,0,G,0,13,0,110,49,22,15,9,1,11,15,3.769230769230769,1.6923076923076923,1.1538461538461537,0.6923076923076923,0.07692307692307693,8.461538461538462,0.8461538461538461,12,37,0.32432432432432434,25,34,0.7352941176470589,0,1,0.0,0.5723636363636364,0.47151655119322555,1.3636363636363635,3.923076923076923,0,0,0,0,0,0.0,0.0,0.0,1.6666666666666667,0.3333333333333333,0.0,2.0,1.0,1.25,2.102564102564102,1.358974358974359,1.1538461538461537,1.923076923076923,3,17,17,0.5,Y,4,EA,2473,2457,16,68.0,125
bakersh01w,10,DET,0,G,0,1,0,11,7,1,1,1,0,1,1,7.0,1.0,1.0,1.0,0.0,11.0,1.0,2,3,0.6666666666666666,3,3,1.0,0,0,0.0,0.48363636363636364,0.8101851851851851,1.0,8.0,0,0,0,0,0,0.0,0.0,0.0,3.769230769230769,1.6923076923076923,1.1538461538461537,3.923076923076923,0.32432432432432434,0.47151655119322555,3.230769230769231,-0.6923076923076923,-0.15384615384615374,4.076923076923077,4,18,16,0.5294117647058824,Y,3,EA,2652,2644,8,68.0,125
balesal01w,8,IND,0,C,0,17,0,169,55,45,2,4,13,7,14,3.235294117647059,2.6470588235294117,0.11764705882352941,0.23529411764705882,0.7647058823529411,9.941176470588236,0.4117647058823529,24,42,0.5714285714285714,7,8,0.875,0,0,0.0,0.3107692307692308,0.6041300527240773,0.2857142857142857,5.470588235294118,1,4,0,2,1,0.0,0.5,0.25,,,,,,,,,,,0,21,13,0.6176470588235294,Y,2,EA,2480,2370,110,79.0,218
balesal01w,9,ATL,2,C,0,17,9,389,82,102,11,15,29,10,37,4.823529411764706,6.0,0.6470588235294118,0.8823529411764706,1.7058823529411764,22.88235294117647,0.5882352941176471,30,74,0.40540540540540543,21,31,0.6774193548387096,1,3,0.3333333333333333,0.2510025706940874,0.4678229119123688,1.1,10.294117647058824,0,0,0,0,0,0.0,0.0,0.0,3.235294117647059,2.6470588235294117,0.11764705882352941,5.470588235294118,0.5714285714285714,0.6041300527240773,1.5882352941176467,3.3529411764705883,0.5294117647058824,4.8235294117647065,1,4,30,0.11764705882352941,N,7,EA,2534,2879,-345,79.0,218
balesal01w,9,IND,1,C,0,14,0,126,37,22,2,5,14,3,18,2.642857142857143,1.5714285714285714,0.14285714285714285,0.35714285714285715,1.0,9.0,0.21428571428571427,14,36,0.3888888888888889,7,9,0.7777777777777778,2,5,0.4,0.34095238095238095,0.46296296296296297,0.6666666666666666,3.7857142857142856,0,0,0,0,0,0.0,0.0,0.0,4.823529411764706,6.0,0.6470588235294118,10.294117647058824,0.40540540540540543,0.4678229119123688,-2.180672268907563,-4.428571428571429,-0.5042016806722689,-6.508403361344539,2,17,17,0.5,Y,4,EA,2473,2457,16,79.0,218
banchrh01w,1,SAC,0,C,0,9,0,21,6,3,1,0,0,2,3,0.6666666666666666,0.3333333333333333,0.1111111111111111,0.0,0.0,2.3333333333333335,0.2222222222222222,2,7,0.2857142857142857,2,4,0.5,0,2,0.0,0.5123809523809524,0.3424657534246575,0.5,0.1111111111111111,0,0,0,0,0,0.0,0.0,0.0,,,,,,,,,,,0,21,11,0.65625,Y,3,WE,2343,2176,167,75.0,185
baranel01w,2,MIA,0,F,0,32,30,984,378,191,63,33,57,62,81,11.8125,5.96875,1.96875,1.03125,1.78125,30.75,1.9375,141,330,0.42727272727272725,66,71,0.9295774647887324,30,80,0.375,0.4301219512195122,0.5231978739895914,1.0161290322580645,14.5625,1,3,44,18,7,14.666666666666666,6.0,2.3333333333333335,,,,,,,,,,,0,20,12,0.625,Y,3,EA,1957,1898,59,77.0,182
baranel01w,4,NYL,0,F,0,33,7,850,278,181,64,36,43,62,69,8.424242424242424,5.484848484848484,1.9393939393939394,1.0909090909090908,1.303030303030303,25.757575757575758,1.878787878787879,107,257,0.4163424124513619,31,35,0.8857142857142857,33,91,0.3626373626373626,0.39341176470588235,0.5102790014684289,1.032258064516129,11.696969696969697,0,0,0,0,0,0.0,0.0,0.0,11.8125,5.96875,1.96875,14.5625,0.42727272727272725,0.5231978739895914,-3.388257575757576,-0.4839015151515156,-0.029356060606060552,-2.8655303030303028,1,16,18,0.47058823529411764,N,6,EA,2243,2256,-13,77.0,182
baranel01w,5,NYL,0,F,0,34,33,1048,394,246,67,37,58,80,88,11.588235294117647,7.235294117647059,1.9705882352941178,1.088235294117647,1.7058823529411764,30.823529411764707,2.3529411764705883,146,315,0.4634920634920635,49,53,0.9245283018867925,53,115,0.4608695652173913,0.39916030534351143,0.5822889572002837,0.8375,16.147058823529413,1,5,42,34,10,8.4,6.8,2.0,8.424242424242424,5.484848484848484,1.9393939393939394,11.696969696969697,0.4163424124513619,0.5102790014684289,3.163992869875223,1.7504456327985745,0.031194295900178304,4.450089126559716,2,18,16,0.5294117647058824,Y,2,EA,2252,2297,-45,77.0,182
baranel01w,6,NYL,0,F,0,33,33,953,288,227,59,25,46,59,79,8.727272727272727,6.878787878787879,1.7878787878787878,0.7575757575757576,1.393939393939394,28.87878787878788,1.7878787878787878,104,236,0.4406779661016949,47,55,0.8545454545454545,33,85,0.38823529411764707,0.33494228751311644,0.5534204458109147,1.0,13.515151515151516,1,2,9,8,2,4.5,4.0,1.0,11.588235294117647,7.235294117647059,1.9705882352941178,16.147058823529413,0.4634920634920635,0.5822889572002837,-2.86096256684492,-0.35650623885918,-0.1827094474153299,-2.6319073083778974,3,18,16,0.5294117647058824,Y,3,EA,2316,2285,31,77.0,182
barksla01w,2,POR,0,G,0,5,0,35,2,6,4,2,0,1,3,0.4,1.2,0.8,0.4,0.0,7.0,0.2,1,10,0.1,0,0,0.0,0,3,0.0,0.3142857142857143,0.1,4.0,0.8,0,0,0,0,0,0.0,0.0,0.0,,,,,,,,,,,0,11,21,0.34375,N,7,WE,2088,2202,-114,70.0,156
barksla01w,3,POR,0,G,0,17,3,285,100,40,12,8,7,23,31,5.882352941176471,2.3529411764705883,0.7058823529411765,0.47058823529411764,0.4117647058823529,16.764705882352942,1.3529411764705883,36,101,0.3564356435643564,23,26,0.8846153846153846,5,22,0.22727272727272727,0.4752280701754386,0.44468160796869444,0.5217391304347826,4.470588235294118,0,0,0,0,0,0.0,0.0,0.0,0.4,1.2,0.8,0.8,0.1,0.1,5.482352941176471,1.1529411764705884,-0.09411764705882353,3.670588235294118,1,16,16,0.5,N,5,WE,2195,2227,-32,70.0,156
barksla01w,4,SAS,0,G,0,26,0,168,59,33,5,1,3,10,21,2.269230769230769,1.2692307692307692,0.19230769230769232,0.038461538461538464,0.11538461538461539,6.461538461538462,0.38461538461538464,21,79,0.26582278481012656,2,2,1.0,15,52,0.28846153846153844,0.5349999999999999,0.36930395593390086,0.5,1.2692307692307692,0,0,0,0,0,0.0,0.0,0.0,5.882352941176471,2.3529411764705883,0.7058823529411765,4.470588235294118,0.3564356435643564,0.44468160796869444,-3.613122171945702,-1.0837104072398192,-0.5135746606334842,-3.2013574660633486,2,12,22,0.35294117647058826,N,6,WE,2215,2427,-212,70.0,156
barnead01w,1,CLE,0,F,0,5,0,18,8,2,4,0,0,2,2,1.6,0.4,0.8,0.0,0.0,3.6,0.4,3,5,0.6,2,4,0.5,0,1,0.0,0.48666666666666664,0.591715976331361,2.0,1.6,1,4,2,1,2,0.5,0.25,0.5,,,,,,,,,,,0,17,15,0.53125,Y,2,EA,2185,2122,63,71.0,165
barnead01w,2,CLE,0,F,0,3,0,3,2,1,0,0,0,0,0,0.6666666666666666,0.3333333333333333,0.0,0.0,0.0,1.0,0.0,1,1,1.0,0,0,0.0,0,0,0.0,0.3333333333333333,1.0,0.0,1.0,0,0,0,0,0,0.0,0.0,0.0,1.6,0.4,0.8,1.6,0.6,0.591715976331361,-0.9333333333333335,-0.06666666666666671,-0.8,-0.6000000000000001,1,22,10,0.6875,Y,1,EA,2004,1788,216,71.0,165
barnead01w,3,SEA,0,F,0,26,17,493,90,102,28,32,9,25,64,3.4615384615384617,3.923076923076923,1.0769230769230769,1.2307692307692308,0.34615384615384615,18.96153846153846,0.9615384615384616,37,111,0.3333333333333333,15,29,0.5172413793103449,1,4,0.25,0.3017444219066937,0.36360698125404006,1.12,5.6923076923076925,1,2,10,8,3,5.0,4.0,1.5,0.6666666666666666,0.3333333333333333,0.0,1.0,1.0,1.0,2.794871794871795,3.5897435897435894,1.0769230769230769,4.6923076923076925,2,17,15,0.53125,Y,4,WE,2188,2103,85,71.0,165
barnead01w,4,SEA,0,F,0,16,16,396,88,65,23,11,7,18,36,5.5,4.0625,1.4375,0.6875,0.4375,24.75,1.125,32,84,0.38095238095238093,12,21,0.5714285714285714,12,31,0.3870967741935484,0.2809090909090909,0.4719004719004719,1.2777777777777777,7.1875,0,0,0,0,0,0.0,0.0,0.0,3.4615384615384617,3.923076923076923,1.0769230769230769,5.6923076923076925,0.3333333333333333,0.36360698125404006,2.0384615384615383,0.1394230769230771,0.36057692307692313,1.4951923076923075,3,18,16,0.5294117647058824,N,5,WE,2388,2274,114,71.0,165
barnead01w,5,SEA,0,F,0,34,2,402,67,63,31,23,2,24,38,1.9705882352941178,1.8529411764705883,0.9117647058823529,0.6764705882352942,0.058823529411764705,11.823529411764707,0.7058823529411765,21,69,0.30434782608695654,22,31,0.7096774193548387,3,6,0.5,0.265273631840796,0.40537270087124877,1.2916666666666667,3.088235294117647,1,6,7,8,5,1.1666666666666667,1.3333333333333333,0.8333333333333334,5.5,4.0625,1.4375,7.1875,0.38095238095238093,0.4719004719004719,-3.5294117647058822,-2.2095588235294117,-0.5257352941176471,-4.099264705882353,4,20,14,0.5882352941176471,Y,2,WE,2437,2264,173,71.0,165
barnequ01w,1,SEA,0,C,0,31,23,705,209,84,33,19,33,62,103,6.741935483870968,2.7096774193548385,1.064516129032258,0.6129032258064516,1.064516129032258,22.741935483870968,2.0,89,213,0.41784037558685444,30,56,0.5357142857142857,1,9,0.1111111111111111,0.4250212765957447,0.4397407843797341,0.532258064516129,5.354838709677419,0,0,0,0,0,0.0,0.0,0.0,,,,,,,,,,,0,6,26,0.1875,N,8,WE,1822,2171,-349,77.0,185
barnequ01w,2,SEA,0,C,0,20,3,229,68,34,11,9,6,16,29,3.4,1.7,0.55,0.45,0.3,11.45,0.8,23,59,0.3898305084745763,21,27,0.7777777777777778,1,1,1.0,0.37938864628820956,0.4796839729119639,0.6875,3.5,0,0,0,0,0,0.0,0.0,0.0,6.741935483870968,2.7096774193548385,1.064516129032258,5.354838709677419,0.41784037558685444,0.4397407843797341,-3.341935483870968,-1.0096774193548386,-0.514516129032258,-1.854838709677419,1,10,22,0.3125,N,8,WE,1921,2048,-127,77.0,185
barnequ01w,3,PHO,0,C,0,2,0,13,3,1,0,1,2,0,1,1.5,0.5,0.0,0.5,1.0,6.5,0.0,0,7,0.0,3,4,0.75,0,0,0.0,0.6738461538461539,0.17123287671232876,0.0,-0.5,0,0,0,0,0,0.0,0.0,0.0,3.4,1.7,0.55,3.5,0.3898305084745763,0.4796839729119639,-1.9,-1.2,-0.55,-4.0,2,11,21,0.34375,N,7,WE,2091,2291,-200,77.0,185
batkosu01w,6,SEA,0,C,0,29,0,461,199,94,26,17,24,32,85,6.862068965517241,3.2413793103448274,0.896551724137931,0.5862068965517241,0.8275862068965517,15.89655172413793,1.103448275862069,76,174,0.4367816091954023,45,58,0.7758620689655172,2,7,0.2857142857142857,0.5022125813449024,0.49869687249398553,0.8125,7.482758620689655,1,3,14,10,0,4.666666666666667,3.3333333333333335,0.0,,,,,,,,,,,0,20,14,0.5882352941176471,Y,2,WE,2498,2407,91,76.0,203
batkosu01w,10,SEA,0,C,0,20,0,147,47,29,4,5,6,24,29,2.35,1.45,0.2,0.25,0.3,7.35,1.2,21,43,0.4883720930232558,2,8,0.25,3,11,0.2727272727272727,0.47972789115646264,0.5051590713671539,0.16666666666666666,1.95,1,3,38,10,0,12.666666666666666,3.3333333333333335,0.0,6.862068965517241,3.2413793103448274,0.896551724137931,7.482758620689655,0.4367816091954023,0.49869687249398553,-4.512068965517241,-1.7913793103448274,-0.6965517241379311,-5.532758620689655,1,20,14,0.5882352941176471,Y,2,WE,2544,2476,68,76.0,203
batteja01w,6,MIN,0,F,0,8,0,46,0,5,3,0,1,3,4,0.0,0.625,0.375,0.0,0.125,5.75,0.375,0,6,0.0,0,0,0.0,0,0,0.0,0.1956521739130435,0.0,1.0,0.0,0,0,0,0,0,0.0,0.0,0.0,,,,,,,,,,,0,14,20,0.4117647058823529,N,6,WE,2211,2288,-77,73.0,163
batteja01w,7,DET,0,F,0,26,1,178,36,25,7,2,3,4,21,1.3846153846153846,0.9615384615384616,0.2692307692307692,0.07692307692307693,0.11538461538461539,6.846153846153846,0.15384615384615385,15,54,0.2777777777777778,4,7,0.5714285714285714,2,14,0.14285714285714285,0.34314606741573034,0.31534688156972673,1.75,1.0384615384615385,1,4,0,0,1,0.0,0.0,0.25,0.0,0.625,0.375,0.0,0.0,0.0,1.3846153846153846,0.33653846153846156,-0.10576923076923078,1.0384615384615385,1,23,11,0.6764705882352942,Y,2,EA,2527,2384,143,73.0,163
battlas01w,6,SEA,0,F,0,2,0,8,2,2,0,0,0,1,1,1.0,1.0,0.0,0.0,0.0,4.0,0.5,1,2,0.5,0,0,0.0,0,0,0.0,0.375,0.5,0.0,1.0,0,0,0,0,0,0.0,0.0,0.0,,,,,,,,,,,0,20,14,0.5882352941176471,Y,2,WE,2498,2407,91,72.0,170
battlas01w,7,NYL,0,F,0,33,2,455,143,62,29,31,3,38,32,4.333333333333333,1.878787878787879,0.8787878787878788,0.9393939393939394,0.09090909090909091,13.787878787878787,1.1515151515151516,54,141,0.3829787234042553,20,25,0.8,15,46,0.32608695652173914,0.4175824175824176,0.47039473684210525,0.7631578947368421,4.181818181818182,0,0,0,0,0,0.0,0.0,0.0,1.0,1.0,0.0,1.0,0.5,0.5,3.333333333333333,0.8787878787878789,0.8787878787878788,3.1818181818181817,1,11,23,0.3235294117647059,N,5,EA,2372,2656,-284,72.0,170
battlas01w,8,NYL,0,F,0,34,5,757,252,126,56,35,2,48,50,7.411764705882353,3.7058823529411766,1.6470588235294117,1.0294117647058822,0.058823529411764705,22.264705882352942,1.411764705882353,89,244,0.36475409836065575,45,58,0.7758620689655172,29,93,0.3118279569892473,0.41944517833553496,0.4674977738201247,1.1666666666666667,7.5,1,3,11,7,4,3.6666666666666665,2.3333333333333335,1.3333333333333333,4.333333333333333,1.878787878787879,0.8787878787878788,4.181818181818182,0.3829787234042553,0.47039473684210525,3.07843137254902,1.8270944741532977,0.7682709447415329,3.3181818181818183,2,16,18,0.47058823529411764,Y,4,EA,2413,2501,-88,72.0,170
battlas01w,9,NYL,0,F,0,34,0,336,121,53,24,15,1,28,26,3.5588235294117645,1.5588235294117647,0.7058823529411765,0.4411764705882353,0.029411764705882353,9.882352941176471,0.8235294117647058,37,98,0.37755102040816324,36,50,0.72,11,30,0.36666666666666664,0.44047619047619047,0.5041666666666667,0.8571428571428571,3.264705882352941,1,6,19,13,9,3.1666666666666665,2.1666666666666665,1.5,7.411764705882353,3.7058823529411766,1.6470588235294117,7.5,0.36475409836065575,0.4674977738201247,-3.8529411764705888,-2.147058823529412,-0.9411764705882352,-4.235294117647059,3,19,15,0.5588235294117647,Y,3,EA,2573,2538,35,72.0,170
battlas01w,10,NYL,0,F,0,34,3,548,177,85,40,31,2,52,48,5.205882352941177,2.5,1.1764705882352942,0.9117647058823529,0.058823529411764705,16.11764705882353,1.5294117647058822,63,148,0.42567567567567566,32,46,0.6956521739130435,19,46,0.41304347826086957,0.40189781021897814,0.5260342368045648,0.7692307692307693,5.411764705882353,0,0,0,0,0,0.0,0.0,0.0,3.5588235294117645,1.5588235294117647,0.7058823529411765,3.264705882352941,0.37755102040816324,0.5041666666666667,1.6470588235294121,0.9411764705882353,0.47058823529411764,2.147058823529412,4,13,21,0.38235294117647056,N,7,EA,2512,2535,-23,72.0,170
bauerca01w,1,CHA,0,F-C,0,29,18,398,76,56,14,8,3,28,72,2.6206896551724137,1.9310344827586208,0.4827586206896552,0.27586206896551724,0.10344827586206896,13.724137931034482,0.9655172413793104,29,72,0.4027777777777778,18,21,0.8571428571428571,0,1,0.0,0.2744723618090452,0.46774987690792713,0.5,2.8620689655172415,0,0,0,0,0,0.0,0.0,0.0,,,,,,,,,,,0,8,24,0.25,N,8,EA,2186,2429,-243,76.0,180
bauerca01w,2,WAS,0,F-C,0,15,0,102,15,18,3,2,1,6,12,1.0,1.2,0.2,0.13333333333333333,0.06666666666666667,6.8,0.4,5,17,0.29411764705882354,5,10,0.5,0,1,0.0,0.26862745098039215,0.3504672897196262,0.5,1.0666666666666667,0,0,0,0,0,0.0,0.0,0.0,2.6206896551724137,1.9310344827586208,0.4827586206896552,2.8620689655172415,0.4027777777777778,0.46774987690792713,-1.6206896551724137,-0.7310344827586208,-0.2827586206896552,-1.795402298850575,1,10,22,0.3125,N,8,EA,1928,2075,-147,76.0,180
bauerca01w,3,SAC,0,F-C,0,25,2,233,43,41,1,2,5,25,34,1.72,1.64,0.04,0.08,0.2,9.32,1.0,17,57,0.2982456140350877,9,15,0.6,0,0,0.0,0.3802575107296137,0.3380503144654088,0.04,0.84,0,0,0,0,0,0.0,0.0,0.0,1.0,1.2,0.2,1.0666666666666667,0.29411764705882354,0.3504672897196262,0.72,0.43999999999999995,-0.16,-0.22666666666666668,2,14,18,0.4375,N,6,WE,2166,2294,-128,76.0,180
beardal01w,5,WAS,0,G-F,0,34,34,1025,446,143,91,69,34,80,98,13.117647058823529,4.205882352941177,2.676470588235294,2.0294117647058822,1.0,30.147058823529413,2.3529411764705883,159,380,0.41842105263157897,107,149,0.7181208053691275,21,56,0.375,0.5127414634146341,0.5004937606607416,1.1375,12.941176470588236,1,3,50,15,9,16.666666666666668,5.0,3.0,,,,,,,,,,,0,17,17,0.5,Y,4,EA,2325,2384,-59,71.0,160
beardal01w,6,WAS,0,G-F,0,30,30,1015,422,130,90,45,9,63,87,14.066666666666666,4.333333333333333,3.0,1.5,0.3,33.833333333333336,2.1,155,408,0.3799019607843137,80,105,0.7619047619047619,32,101,0.31683168316831684,0.5095566502463055,0.46455306032584764,1.4285714285714286,11.833333333333334,0,0,0,0,0,0.0,0.0,0.0,13.117647058823529,4.205882352941177,2.676470588235294,12.941176470588236,0.41842105263157897,0.5004937606607416,0.9490196078431374,0.1274509803921564,0.32352941176470607,-1.1078431372549016,1,16,18,0.47058823529411764,N,5,EA,2263,2305,-42,71.0,160
beardal01w,7,WAS,0,G-F,0,32,32,994,614,149,98,59,25,90,92,19.1875,4.65625,3.0625,1.84375,0.78125,31.0625,2.8125,232,469,0.4946695095948827,113,149,0.7583892617449665,37,102,0.3627450980392157,0.6283299798792756,0.5743041005686921,1.0888888888888888,18.1875,1,2,30,10,2,15.0,5.0,1.0,14.066666666666666,4.333333333333333,3.0,11.833333333333334,0.3799019607843137,0.46455306032584764,5.120833333333334,0.32291666666666696,0.0625,6.354166666666666,2,18,16,0.5294117647058824,Y,4,EA,2747,2657,90,71.0,160
beardal01w,8,WAS,0,G-F,0,33,33,1169,622,139,99,64,24,94,105,18.848484848484848,4.212121212121212,3.0,1.9393939393939394,0.7272727272727273,35.42424242424242,2.8484848484848486,224,539,0.4155844155844156,127,150,0.8466666666666667,47,146,0.3219178082191781,0.5979469632164243,0.5140495867768595,1.053191489361702,15.636363636363637,0,0,0,0,0,0.0,0.0,0.0,19.1875,4.65625,3.0625,18.1875,0.4946695095948827,0.5743041005686921,-0.33901515151515227,-0.44412878787878807,-0.0625,-2.5511363636363633,3,16,18,0.47058823529411764,N,5,EA,2585,2639,-54,71.0,160
beardal01w,9,WAS,0,G-F,0,33,33,1092,532,118,117,55,19,106,111,16.12121212121212,3.5757575757575757,3.5454545454545454,1.6666666666666667,0.5757575757575758,33.09090909090909,3.212121212121212,187,474,0.39451476793248946,107,146,0.7328767123287672,51,144,0.3541666666666667,0.58996336996337,0.49420332936979783,1.1037735849056605,12.393939393939394,0,0,0,0,0,0.0,0.0,0.0,18.848484848484848,4.212121212121212,3.0,15.636363636363637,0.4155844155844156,0.5140495867768595,-2.7272727272727266,-0.6363636363636362,0.5454545454545454,-3.242424242424242,4,10,24,0.29411764705882354,N,6,EA,2368,2601,-233,71.0,160
beardal01w,10,WAS,0,G-F,0,31,30,985,492,123,68,72,18,100,97,15.870967741935484,3.967741935483871,2.193548387096774,2.3225806451612905,0.5806451612903226,31.774193548387096,3.225806451612903,188,438,0.4292237442922374,84,114,0.7368421052631579,32,107,0.29906542056074764,0.5971167512690356,0.5039331366764995,0.68,12.67741935483871,1,2,19,4,5,9.5,2.0,2.5,16.12121212121212,3.5757575757575757,3.5454545454545454,12.393939393939394,0.39451476793248946,0.49420332936979783,-0.2502443792766371,0.3919843597262953,-1.3519061583577714,0.2834799608993155,5,16,18,0.47058823529411764,Y,4,EA,2585,2622,-37,71.0,160
beckki01w,9,SEA,0,G,0,17,0,93,17,12,6,4,2,4,7,1.0,0.7058823529411765,0.35294117647058826,0.23529411764705882,0.11764705882352941,5.470588235294118,0.23529411764705882,4,9,0.4444444444444444,5,6,0.8333333333333334,4,6,0.6666666666666666,0.1681720430107527,0.7302405498281787,1.5,1.8235294117647058,1,2,0,0,0,0.0,0.0,0.0,,,,,,,,,,,0,22,12,0.6470588235294118,Y,2,WE,2493,2406,87,68.0,125
bennije01w,6,IND,0,F,0,10,0,52,9,6,4,1,1,4,5,0.9,0.6,0.4,0.1,0.1,5.2,0.4,3,8,0.375,3,4,0.75,0,2,0.0,0.2646153846153846,0.4610655737704918,1.0,1.1,0,0,0,0,0,0.0,0.0,0.0,,,,,,,,,,,0,21,13,0.6176470588235294,Y,2,EA,2170,2133,37,75.0,185
berezva01w,9,SAS,0,C,0,2,0,6,0,0,0,0,0,0,2,0.0,0.0,0.0,0.0,0.0,3.0,0.0,0,2,0.0,0,0,0.0,0,1,0.0,0.3333333333333333,0.0,0.0,-1.0,0,0,0,0,0,0.0,0.0,0.0,,,,,,,,,,,0,24,10,0.7058823529411765,Y,1,WE,2546,2418,128,76.0,0
berthlu01w,3,CLE,0,F-C,0,5,0,16,8,4,0,0,0,0,5,1.6,0.8,0.0,0.0,0.0,3.2,0.0,3,7,0.42857142857142855,2,4,0.5,0,1,0.0,0.5475,0.4566210045662101,0.0,1.2,0,0,0,0,0,0.0,0.0,0.0,,,,,,,,,,,0,10,22,0.3125,N,7,EA,2071,2140,-69,74.0,188
berthlu01w,4,CLE,0,F-C,0,22,4,201,84,42,6,10,4,22,38,3.8181818181818183,1.9090909090909092,0.2727272727272727,0.45454545454545453,0.18181818181818182,9.136363636363637,1.0,27,52,0.5192307692307693,30,46,0.6521739130434783,0,1,0.0,0.4688557213930348,0.5813953488372093,0.2727272727272727,3.772727272727273,1,3,4,4,1,1.3333333333333333,1.3333333333333333,0.3333333333333333,1.6,0.8,0.0,1.2,0.42857142857142855,0.4566210045662101,2.2181818181818183,1.1090909090909091,0.2727272727272727,2.572727272727273,1,17,17,0.5,Y,4,EA,2229,2210,19,74.0,188
berthlu01w,5,HOU,0,F-C,0,16,0,134,37,27,4,6,2,9,28,2.3125,1.6875,0.25,0.375,0.125,8.375,0.5625,12,34,0.35294117647058826,13,18,0.7222222222222222,0,0,0.0,0.38,0.4413167938931298,0.4444444444444444,2.5,0,0,0,0,0,0.0,0.0,0.0,3.8181818181818183,1.9090909090909092,0.2727272727272727,3.772727272727273,0.5192307692307693,0.5813953488372093,-1.5056818181818183,-0.22159090909090917,-0.022727272727272707,-1.272727272727273,2,13,21,0.38235294117647056,N,6,WE,2177,2211,-34,74.0,188
beviltu01w,1,POR,0,G,0,32,32,796,153,95,89,41,6,66,93,4.78125,2.96875,2.78125,1.28125,0.1875,24.875,2.0625,40,112,0.35714285714285715,56,72,0.7777777777777778,17,60,0.2833333333333333,0.2634170854271357,0.5324331848552338,1.3484848484848484,7.1875,0,0,0,0,0,0.0,0.0,0.0,,,,,,,,,,,0,10,22,0.3125,N,7,WE,2155,2303,-148,67.0,145
beviltu01w,2,POR,0,G,0,31,31,788,153,88,103,59,6,52,102,4.935483870967742,2.838709677419355,3.3225806451612905,1.903225806451613,0.1935483870967742,25.419354838709676,1.6774193548387097,39,119,0.3277310924369748,52,71,0.7323943661971831,23,73,0.3150684931506849,0.25664974619289344,0.509185303514377,1.9807692307692308,8.32258064516129,0,0,0,0,0,0.0,0.0,0.0,4.78125,2.96875,2.78125,7.1875,0.35714285714285715,0.5324331848552338,0.154233870967742,-0.13004032258064502,0.5413306451612905,1.13508064516129,1,11,21,0.34375,N,7,WE,2088,2202,-114,67.0,145
beviltu01w,3,POR,0,G,0,27,19,421,84,33,44,22,3,27,49,3.111111111111111,1.2222222222222223,1.6296296296296295,0.8148148148148148,0.1111111111111111,15.592592592592593,1.0,25,61,0.4098360655737705,19,29,0.6551724137931034,15,36,0.4166666666666667,0.2393349168646081,0.56941431670282,1.6296296296296295,4.185185185185185,0,0,0,0,0,0.0,0.0,0.0,4.935483870967742,2.838709677419355,3.3225806451612905,8.32258064516129,0.3277310924369748,0.509185303514377,-1.8243727598566308,-1.6164874551971327,-1.692951015531661,-4.137395459976105,2,16,16,0.5,N,5,WE,2195,2227,-32,67.0,145
beviltu01w,4,SEA,0,G,0,31,0,252,58,26,32,14,1,20,30,1.8709677419354838,0.8387096774193549,1.032258064516129,0.45161290322580644,0.03225806451612903,8.129032258064516,0.6451612903225806,17,51,0.3333333333333333,16,21,0.7619047619047619,8,21,0.38095238095238093,0.3184126984126984,0.48140770252324033,1.6,2.3225806451612905,0,0,0,0,0,0.0,0.0,0.0,3.111111111111111,1.2222222222222223,1.6296296296296295,4.185185185185185,0.4098360655737705,0.56941431670282,-1.2401433691756274,-0.38351254480286745,-0.5973715651135005,-1.8626045400238946,3,18,16,0.5294117647058824,N,5,WE,2388,2274,114,67.0,145
beviltu01w,5,SEA,0,G,0,34,0,358,79,26,29,38,2,26,48,2.323529411764706,0.7647058823529411,0.8529411764705882,1.1176470588235294,0.058823529411764705,10.529411764705882,0.7647058823529411,24,60,0.4,20,29,0.6896551724137931,11,26,0.4230769230769231,0.2758659217877095,0.5428807036833424,1.1153846153846154,3.0294117647058822,1,8,22,16,11,2.75,2.0,1.375,1.8709677419354838,0.8387096774193549,1.032258064516129,2.3225806451612905,0.3333333333333333,0.48140770252324033,0.4525616698292223,-0.07400379506641375,-0.1793168880455408,0.7068311195445918,4,20,14,0.5882352941176471,Y,2,WE,2437,2264,173,67.0,145
beviltu01w,6,IND,0,G,0,31,31,873,194,63,80,60,0,51,69,6.258064516129032,2.032258064516129,2.5806451612903225,1.935483870967742,0.0,28.161290322580644,1.6451612903225807,63,162,0.3888888888888889,24,44,0.5454545454545454,44,116,0.3793103448275862,0.2661626575028637,0.5348478164975738,1.5686274509803921,7.32258064516129,1,4,27,9,11,6.75,2.25,2.75,2.323529411764706,0.7647058823529411,0.8529411764705882,3.0294117647058822,0.4,0.5428807036833424,3.934535104364326,1.2675521821631879,1.7277039848197342,4.293168880455408,5,21,13,0.6176470588235294,Y,2,EA,2170,2133,37,67.0,145
beviltu01w,7,IND,0,G,0,34,34,999,223,77,79,71,1,54,72,6.5588235294117645,2.264705882352941,2.323529411764706,2.088235294117647,0.029411764705882353,29.38235294117647,1.588235294117647,76,185,0.41081081081081083,38,53,0.7169811320754716,33,106,0.3113207547169811,0.2625825825825826,0.5352342549923196,1.462962962962963,8.029411764705882,1,2,9,6,2,4.5,3.0,1.0,6.258064516129032,2.032258064516129,2.5806451612903225,7.32258064516129,0.3888888888888889,0.5348478164975738,0.30075901328273247,0.23244781783681212,-0.25711574952561644,0.7068311195445922,6,21,13,0.6176470588235294,Y,3,EA,2435,2316,119,67.0,145
beviltu01w,8,IND,0,G,0,34,34,901,180,75,92,56,2,53,88,5.294117647058823,2.2058823529411766,2.7058823529411766,1.6470588235294117,0.058823529411764705,26.5,1.5588235294117647,66,150,0.44,15,22,0.6818181818181818,33,89,0.3707865168539326,0.2360488346281909,0.563627254509018,1.7358490566037736,7.676470588235294,1,6,44,16,19,7.333333333333333,2.6666666666666665,3.1666666666666665,6.5588235294117645,2.264705882352941,2.323529411764706,8.029411764705882,0.41081081081081083,0.5352342549923196,-1.2647058823529411,-0.0588235294117645,0.38235294117647056,-0.35294117647058787,7,21,13,0.6176470588235294,Y,2,EA,2480,2370,110,67.0,145
beviltu01w,9,IND,0,G,0,30,30,876,175,68,65,59,4,35,73,5.833333333333333,2.2666666666666666,2.1666666666666665,1.9666666666666666,0.13333333333333333,29.2,1.1666666666666667,64,158,0.4050632911392405,17,28,0.6071428571428571,30,89,0.33707865168539325,0.23438356164383561,0.5137388445279474,1.8571428571428572,7.7,1,3,20,7,7,6.666666666666667,2.3333333333333335,2.3333333333333335,5.294117647058823,2.2058823529411766,2.7058823529411766,7.676470588235294,0.44,0.563627254509018,0.5392156862745097,0.06078431372548998,-0.5392156862745101,0.0235294117647058,8,17,17,0.5,Y,4,EA,2473,2457,16,67.0,145
beviltu01w,10,IND,0,G,0,34,32,861,209,79,97,62,8,48,76,6.147058823529412,2.323529411764706,2.8529411764705883,1.8235294117647058,0.23529411764705882,25.323529411764707,1.411764705882353,68,181,0.3756906077348066,36,54,0.6666666666666666,37,107,0.34579439252336447,0.2935656213704994,0.5103535846845088,2.0208333333333335,8.117647058823529,1,10,53,23,20,5.3,2.3,2.0,5.833333333333333,2.2666666666666666,2.1666666666666665,7.7,0.4050632911392405,0.5137388445279474,0.3137254901960791,0.05686274509803946,0.6862745098039218,0.4176470588235288,9,22,12,0.6470588235294118,Y,1,EA,2606,2501,105,67.0,145
bibbyje01w,1,NYL,0,G,0,17,0,69,19,5,11,3,0,12,9,1.1176470588235294,0.29411764705882354,0.6470588235294118,0.17647058823529413,0.0,4.0588235294117645,0.7058823529411765,3,18,0.16666666666666666,11,13,0.8461538461538461,2,6,0.3333333333333333,0.5176811594202898,0.40050590219224286,0.9166666666666666,0.5294117647058824,1,3,4,0,2,1.3333333333333333,0.0,0.6666666666666666,,,,,,,,,,,0,20,12,0.625,Y,1,EA,2148,2035,113,67.0,139
bibrzag01w,5,SAS,0,G-F,0,24,9,465,159,28,40,21,7,32,38,6.625,1.1666666666666667,1.6666666666666667,0.875,0.2916666666666667,19.375,1.3333333333333333,55,151,0.36423841059602646,23,26,0.8846153846153846,26,84,0.30952380952380953,0.41815053763440857,0.4894114750061561,1.25,5.166666666666667,0,0,0,0,0,0.0,0.0,0.0,,,,,,,,,,,0,9,25,0.2647058823529412,N,7,WE,2191,2364,-173,74.0,168
bibrzag01w,7,SAS,0,G-F,0,32,22,751,361,66,48,26,12,47,49,11.28125,2.0625,1.5,0.8125,0.375,23.46875,1.46875,130,311,0.4180064308681672,46,53,0.8679245283018868,55,157,0.3503184713375796,0.5077496671105193,0.539901890404403,1.0212765957446808,8.6875,0,0,0,0,0,0.0,0.0,0.0,6.625,1.1666666666666667,1.6666666666666667,5.166666666666667,0.36423841059602646,0.4894114750061561,4.65625,0.8958333333333333,-0.16666666666666674,3.520833333333333,1,13,21,0.38235294117647056,N,6,WE,2523,2603,-80,74.0,168
birdsu01w,3,SEA,0,G,0,32,32,1121,461,83,191,55,3,109,48,14.40625,2.59375,5.96875,1.71875,0.09375,35.03125,3.40625,151,375,0.4026666666666667,102,112,0.9107142857142857,57,142,0.4014084507042254,0.47571810883140053,0.5432733100782502,1.7522935779816513,14.0625,1,2,28,0,12,14.0,0.0,6.0,,,,,,,,,,,0,17,15,0.53125,Y,4,WE,2188,2103,85,69.0,150
birdsu01w,4,SEA,0,G,0,34,34,1136,420,113,221,48,1,110,47,12.352941176470589,3.323529411764706,6.5,1.411764705882353,0.029411764705882353,33.411764705882355,3.235294117647059,155,368,0.421195652173913,61,69,0.8840579710144928,49,140,0.35,0.4475,0.5271613615824882,2.0090909090909093,13.882352941176471,0,0,0,0,0,0.0,0.0,0.0,14.40625,2.59375,5.96875,14.0625,0.4026666666666667,0.5432733100782502,-2.0533088235294112,0.7297794117647061,0.53125,-0.180147058823529,1,18,16,0.5294117647058824,N,5,WE,2388,2274,114,69.0,150
birdsu01w,5,SEA,0,G,0,34,34,1136,439,106,184,51,5,87,48,12.911764705882353,3.1176470588235294,5.411764705882353,1.5,0.14705882352941177,33.411764705882355,2.5588235294117645,151,326,0.46319018404907975,73,85,0.8588235294117647,64,146,0.4383561643835616,0.3964788732394366,0.6040176114474409,2.1149425287356323,15.029411764705882,1,8,68,26,42,8.5,3.25,5.25,12.352941176470589,3.323529411764706,6.5,13.882352941176471,0.421195652173913,0.5271613615824882,0.5588235294117645,-0.20588235294117663,-1.0882352941176467,1.1470588235294112,2,20,14,0.5882352941176471,Y,2,WE,2437,2264,173,69.0,150
birdsu01w,6,SEA,0,G,0,30,30,1020,364,72,176,29,6,87,46,12.133333333333333,2.4,5.866666666666666,0.9666666666666667,0.2,34.0,2.9,130,294,0.4421768707482993,59,69,0.855072463768116,45,103,0.4368932038834951,0.40329411764705886,0.5611049451227031,2.0229885057471266,12.866666666666667,1,3,27,5,13,9.0,1.6666666666666667,4.333333333333333,12.911764705882353,3.1176470588235294,5.411764705882353,15.029411764705882,0.46319018404907975,0.6040176114474409,-0.7784313725490204,-0.7176470588235295,0.454901960784313,-2.162745098039215,3,20,14,0.5882352941176471,Y,2,WE,2498,2407,91,69.0,150
birdsu01w,7,SEA,0,G,0,34,34,1065,389,102,162,61,5,88,60,11.441176470588236,3.0,4.764705882352941,1.7941176470588236,0.14705882352941177,31.323529411764707,2.588235294117647,137,333,0.4114114114114114,59,68,0.8676470588235294,56,153,0.3660130718954248,0.42339906103286384,0.5359307836437782,1.8409090909090908,12.529411764705882,1,3,38,8,10,12.666666666666666,2.6666666666666665,3.3333333333333335,12.133333333333333,2.4,5.866666666666666,12.866666666666667,0.4421768707482993,0.5611049451227031,-0.6921568627450974,0.6000000000000001,-1.1019607843137251,-0.3372549019607849,4,18,16,0.5294117647058824,Y,4,WE,2644,2575,69,69.0,150
birdsu01w,8,SEA,0,G,0,29,29,919,303,57,143,43,8,67,46,10.448275862068966,1.9655172413793103,4.931034482758621,1.4827586206896552,0.27586206896551724,31.689655172413794,2.310344827586207,118,276,0.427536231884058,22,26,0.8461538461538461,45,133,0.3383458646616541,0.38568008705114254,0.5270665182298915,2.1343283582089554,11.206896551724139,1,2,33,4,10,16.5,2.0,5.0,11.441176470588236,3.0,4.764705882352941,12.529411764705882,0.4114114114114114,0.5359307836437782,-0.9929006085192693,-1.0344827586206897,0.16632860040567987,-1.3225152129817435,5,17,17,0.5,Y,4,WE,2734,2647,87,69.0,150
birdsu01w,9,SEA,0,G,0,33,33,1111,465,84,169,39,3,88,61,14.090909090909092,2.5454545454545454,5.121212121212121,1.1818181818181819,0.09090909090909091,33.666666666666664,2.6666666666666665,172,390,0.441025641025641,74,85,0.8705882352941177,47,137,0.34306569343065696,0.46390639063906386,0.5439868975198877,1.9204545454545454,13.424242424242424,1,3,59,7,9,19.666666666666668,2.3333333333333335,3.0,10.448275862068966,1.9655172413793103,4.931034482758621,11.206896551724139,0.427536231884058,0.5270665182298915,3.6426332288401255,0.5799373040752351,0.1901776384535001,2.217345872518285,6,22,12,0.6470588235294118,Y,2,WE,2493,2406,87,69.0,150
birdsu01w,10,SEA,0,G,0,31,31,1101,397,78,179,47,3,81,50,12.806451612903226,2.5161290322580645,5.774193548387097,1.5161290322580645,0.0967741935483871,35.516129032258064,2.6129032258064515,154,377,0.40848806366047746,35,41,0.8536585365853658,54,150,0.36,0.43237057220708447,0.5024807614418793,2.2098765432098766,12.709677419354838,1,3,34,11,12,11.333333333333334,3.6666666666666665,4.0,14.090909090909092,2.5454545454545454,5.121212121212121,13.424242424242424,0.441025641025641,0.5439868975198877,-1.2844574780058657,-0.029325513196480912,0.6529814271749759,-0.7145650048875858,7,20,14,0.5882352941176471,Y,2,WE,2544,2476,68,69.0,150
bjorkte01w,5,CHA,0,C,0,4,0,13,2,0,0,0,0,1,1,0.5,0.0,0.0,0.0,0.0,3.25,0.25,1,3,0.3333333333333333,0,0,0.0,0,0,0.0,0.3076923076923077,0.3333333333333333,0.0,-0.25,0,0,0,0,0,0.0,0.0,0.0,,,,,,,,,,,0,16,18,0.47058823529411764,N,5,EA,2092,2168,-76,76.0,175
blackch01w,10,CON,0,C,0,33,8,428,97,107,6,13,27,25,54,2.9393939393939394,3.242424242424242,0.18181818181818182,0.3939393939393939,0.8181818181818182,12.969696969696969,0.7575757575757576,35,92,0.3804347826086957,27,43,0.627906976744186,0,1,0.0,0.31757009345794396,0.43725207356653445,0.24,4.606060606060606,0,0,0,0,0,0.0,0.0,0.0,,,,,,,,,,,0,16,18,0.47058823529411764,N,6,EA,2651,2654,-3,77.0,188
blackde01w,1,MIA,0,G,0,32,32,820,152,92,98,58,1,50,86,4.75,2.875,3.0625,1.8125,0.03125,25.625,1.5625,57,150,0.38,29,42,0.6904761904761905,9,42,0.21428571428571427,0.2664390243902439,0.45109211775878444,1.96,7.65625,0,0,0,0,0,0.0,0.0,0.0,,,,,,,,,,,0,13,19,0.40625,N,6,EA,1831,2001,-170,63.0,124
blackde01w,2,MIA,0,G,0,32,32,946,180,126,123,82,2,51,69,5.625,3.9375,3.84375,2.5625,0.0625,29.5625,1.59375,70,187,0.37433155080213903,37,48,0.7708333333333334,3,20,0.15,0.2739112050739958,0.43244282144916396,2.411764705882353,10.4375,1,3,14,16,11,4.666666666666667,5.333333333333333,3.6666666666666665,4.75,2.875,3.0625,7.65625,0.38,0.45109211775878444,0.875,1.0625,0.78125,2.78125,1,20,12,0.625,Y,3,EA,1957,1898,59,63.0,124
blackde01w,3,MIA,0,G,0,32,32,899,153,123,137,59,5,32,75,4.78125,3.84375,4.28125,1.84375,0.15625,28.09375,1.0,64,160,0.4,25,33,0.7575757575757576,0,3,0.0,0.22972191323692992,0.4383451753380701,4.28125,10.65625,0,0,0,0,0,0.0,0.0,0.0,5.625,3.9375,3.84375,10.4375,0.37433155080213903,0.43244282144916396,-0.84375,-0.09375,0.4375,0.21875,2,15,17,0.46875,N,6,EA,2046,2088,-42,63.0,124
blackde01w,4,CON,0,G,0,34,0,373,55,51,46,20,2,18,33,1.6176470588235294,1.5,1.3529411764705883,0.5882352941176471,0.058823529411764705,10.970588235294118,0.5294117647058824,24,68,0.35294117647058826,6,9,0.6666666666666666,1,3,0.3333333333333333,0.24117962466487933,0.3821567537520845,2.5555555555555554,3.2058823529411766,1,4,8,2,2,2.0,0.5,0.5,4.78125,3.84375,4.28125,10.65625,0.4,0.4383451753380701,-3.1636029411764706,-2.34375,-2.9283088235294117,-7.450367647058823,3,18,16,0.5294117647058824,Y,3,EA,2384,2409,-25,63.0,124
blackde01w,5,CON,0,G,0,31,4,347,55,36,47,19,0,15,35,1.7741935483870968,1.1612903225806452,1.5161290322580645,0.6129032258064516,0.0,11.193548387096774,0.4838709677419355,26,56,0.4642857142857143,3,4,0.75,0,1,0.0,0.2096829971181556,0.47610803324099726,3.1333333333333333,3.5806451612903225,1,8,9,11,7,1.125,1.375,0.875,1.6176470588235294,1.5,1.3529411764705883,3.2058823529411766,0.35294117647058826,0.3821567537520845,0.15654648956356731,-0.33870967741935476,0.1631878557874762,0.3747628083491459,4,18,16,0.5294117647058824,Y,1,EA,2335,2304,31,63.0,124
blodgci01w,1,SAC,0,G,0,20,0,133,52,9,3,8,1,13,9,2.6,0.45,0.15,0.4,0.05,6.65,0.65,20,50,0.4,4,6,0.6666666666666666,8,28,0.2857142857142857,0.49353383458646616,0.4939209726443769,0.23076923076923078,1.4,0,0,0,0,0,0.0,0.0,0.0,,,,,,,,,,,0,21,11,0.65625,Y,3,WE,2343,2176,167,69.0,130
blodgci01w,2,SAC,0,G,0,11,0,72,34,9,6,6,1,11,6,3.090909090909091,0.8181818181818182,0.5454545454545454,0.5454545454545454,0.09090909090909091,6.545454545454546,1.0,13,29,0.4482758620689655,0,0,0.0,8,15,0.5333333333333333,0.5555555555555556,0.5862068965517241,0.5454545454545454,2.6363636363636362,1,2,6,2,1,3.0,1.0,0.5,2.6,0.45,0.15,1.4,0.4,0.4939209726443769,0.49090909090909074,0.3681818181818182,0.3954545454545454,1.2363636363636363,1,20,12,0.625,Y,2,WE,2294,2139,155,69.0,130
blueni01w,7,WAS,0,G,0,24,0,181,54,20,36,18,0,18,36,2.25,0.8333333333333334,1.5,0.75,0.0,7.541666666666667,0.75,14,54,0.25925925925925924,25,31,0.8064516129032258,1,12,0.08333333333333333,0.47314917127071826,0.3991720875221762,2.0,2.6666666666666665,1,1,0,1,0,0.0,1.0,0.0,,,,,,,,,,,0,18,16,0.5294117647058824,Y,4,EA,2747,2657,90,68.0,163
blueni01w,8,WAS,0,G,0,30,1,420,107,63,48,22,5,37,55,3.566666666666667,2.1,1.6,0.7333333333333333,0.16666666666666666,14.0,1.2333333333333334,35,108,0.32407407407407407,31,37,0.8378378378378378,6,27,0.2222222222222222,0.384,0.43047956227872547,1.2972972972972974,4.3,0,0,0,0,0,0.0,0.0,0.0,2.25,0.8333333333333334,1.5,2.6666666666666665,0.25925925925925924,0.3991720875221762,1.3166666666666669,1.2666666666666666,0.10000000000000009,1.6333333333333333,1,16,18,0.47058823529411764,N,5,EA,2585,2639,-54,68.0,163
blueni01w,9,WAS,0,G,0,26,22,537,99,41,73,19,2,42,59,3.8076923076923075,1.5769230769230769,2.8076923076923075,0.7307692307692307,0.07692307692307693,20.653846153846153,1.6153846153846154,33,102,0.3235294117647059,19,25,0.76,14,32,0.4375,0.2886405959031657,0.43805309734513276,1.7380952380952381,4.5,0,0,0,0,0,0.0,0.0,0.0,3.566666666666667,2.1,1.6,4.3,0.32407407407407407,0.43047956227872547,0.2410256410256406,-0.5230769230769232,1.2076923076923074,0.20000000000000018,2,10,24,0.29411764705882354,N,6,EA,2368,2601,-233,68.0,163
blueni01w,10,WAS,0,G,0,16,0,91,24,10,12,7,0,13,12,1.5,0.625,0.75,0.4375,0.0,5.6875,0.8125,7,24,0.2916666666666667,7,10,0.7,3,9,0.3333333333333333,0.45494505494505494,0.4225352112676057,0.9230769230769231,1.25,0,0,0,0,0,0.0,0.0,0.0,3.8076923076923075,1.5769230769230769,2.8076923076923075,4.5,0.3235294117647059,0.43805309734513276,-2.3076923076923075,-0.9519230769230769,-2.0576923076923075,-3.25,3,16,18,0.47058823529411764,Y,4,EA,2585,2622,-37,68.0,163
blueoc01w,4,HOU,0,F,0,16,0,37,4,2,2,0,0,2,3,0.25,0.125,0.125,0.0,0.0,2.3125,0.125,1,4,0.25,2,4,0.5,0,0,0.0,0.20972972972972972,0.3472222222222222,1.0,0.0625,1,1,0,0,1,0.0,0.0,1.0,,,,,,,,,,,0,20,14,0.5882352941176471,Y,2,WE,2244,2142,102,73.0,163
blueoc01w,5,HOU,0,F,0,13,3,155,44,21,5,1,0,7,10,3.3846153846153846,1.6153846153846154,0.38461538461538464,0.07692307692307693,0.0,11.923076923076923,0.5384615384615384,16,42,0.38095238095238093,12,13,0.9230769230769231,0,4,0.0,0.3530322580645161,0.46102263202011734,0.7142857142857143,2.8461538461538463,0,0,0,0,0,0.0,0.0,0.0,0.25,0.125,0.125,0.0625,0.25,0.3472222222222222,3.1346153846153846,1.4903846153846154,0.25961538461538464,2.7836538461538463,1,13,21,0.38235294117647056,N,6,WE,2177,2211,-34,73.0,163
bobbish01w,9,LAS,0,G,0,26,17,552,106,64,90,25,1,63,40,4.076923076923077,2.4615384615384617,3.4615384615384617,0.9615384615384616,0.038461538461538464,21.23076923076923,2.423076923076923,35,127,0.2755905511811024,16,22,0.7272727272727273,20,71,0.28169014084507044,0.3617391304347826,0.3877670471173544,1.4285714285714286,4.8076923076923075,1,6,27,9,18,4.5,1.5,3.0,,,,,,,,,,,0,20,14,0.5882352941176471,Y,3,WE,2598,2523,75,62.0,130
bobbish01w,10,LAS,0,G,0,33,3,353,71,33,46,15,1,28,34,2.1515151515151514,1.0,1.393939393939394,0.45454545454545453,0.030303030303030304,10.696969696969697,0.8484848484848485,26,85,0.3058823529411765,11,13,0.8461538461538461,8,37,0.21621621621621623,0.33631728045325776,0.39131393298059963,1.6428571428571428,2.3333333333333335,1,3,0,1,0,0.0,0.3333333333333333,0.0,4.076923076923077,2.4615384615384617,3.4615384615384617,4.8076923076923075,0.2755905511811024,0.3877670471173544,-1.9254079254079253,-1.4615384615384617,-2.0675990675990676,-2.474358974358974,1,18,16,0.5294117647058824,Y,3,WE,2533,2498,35,62.0,130
boddiwh01w,10,SAC,0,G,0,4,0,9,2,0,0,1,0,1,1,0.5,0.0,0.0,0.25,0.0,2.25,0.25,1,1,1.0,0,0,0.0,0,0,0.0,0.2222222222222222,1.0,0.0,0.5,0,0,0,0,0,0.0,0.0,0.0,,,,,,,,,,,0,12,22,0.35294117647058826,N,6,WE,2610,2690,-80,69.0,149
boltoru01w,1,SAC,0,G,0,29,29,868,380,106,57,34,1,45,60,13.10344827586207,3.6551724137931036,1.9655172413793103,1.1724137931034482,0.034482758620689655,29.93103448275862,1.5517241379310345,133,368,0.36141304347826086,64,84,0.7619047619047619,50,160,0.3125,0.5183870967741935,0.4691821414460688,1.2666666666666666,9.586206896551724,1,2,39,9,7,19.5,4.5,3.5,,,,,,,,,,,0,21,11,0.65625,Y,3,WE,2343,2176,167,69.0,150
boltoru01w,2,SAC,0,G,0,31,0,582,222,93,55,28,1,39,55,7.161290322580645,3.0,1.7741935483870968,0.9032258064516129,0.03225806451612903,18.774193548387096,1.2580645161290323,73,216,0.33796296296296297,36,52,0.6923076923076923,40,110,0.36363636363636365,0.4774570446735395,0.4646684527796383,1.4102564102564104,6.483870967741935,1,5,55,22,9,11.0,4.4,1.8,13.10344827586207,3.6551724137931036,1.9655172413793103,9.586206896551724,0.36141304347826086,0.4691821414460688,-5.942157953281424,-0.6551724137931036,-0.19132369299221352,-3.102335928809789,1,20,12,0.625,Y,2,WE,2294,2139,155,69.0,150
boltoru01w,3,SAC,0,G,0,32,1,737,349,94,37,45,2,35,74,10.90625,2.9375,1.15625,1.40625,0.0625,23.03125,1.09375,125,316,0.39556962025316456,56,77,0.7272727272727273,43,132,0.32575757575757575,0.5222252374491181,0.4987424259746199,1.0571428571428572,8.75,0,0,0,0,0,0.0,0.0,0.0,7.161290322580645,3.0,1.7741935483870968,6.483870967741935,0.33796296296296297,0.4646684527796383,3.744959677419355,-0.0625,-0.6179435483870968,2.266129032258065,2,14,18,0.4375,N,6,WE,2166,2294,-128,69.0,150
boltoru01w,4,SAC,0,G,0,33,0,521,149,57,35,33,2,21,52,4.515151515151516,1.7272727272727273,1.0606060606060606,1.0,0.06060606060606061,15.787878787878787,0.6363636363636364,55,175,0.3142857142857143,20,26,0.7692307692307693,19,98,0.19387755102040816,0.3981573896353167,0.3995923621540442,1.6666666666666667,3.909090909090909,1,6,15,10,6,2.5,1.6666666666666667,1.0,10.90625,2.9375,1.15625,8.75,0.39556962025316456,0.4987424259746199,-6.391098484848484,-1.2102272727272727,-0.09564393939393945,-4.840909090909091,3,19,15,0.5588235294117647,Y,3,WE,2299,2216,83,69.0,150
boltoru01w,5,SAC,0,G,0,34,4,469,160,49,31,23,0,15,45,4.705882352941177,1.4411764705882353,0.9117647058823529,0.6764705882352942,0.0,13.794117647058824,0.4411764705882353,57,154,0.37012987012987014,14,19,0.7368421052631579,32,79,0.4050632911392405,0.3781663113006397,0.4927322000492732,2.066666666666667,4.294117647058823,1,6,9,4,3,1.5,0.6666666666666666,0.5,4.515151515151516,1.7272727272727273,1.0606060606060606,3.909090909090909,0.3142857142857143,0.3995923621540442,0.19073083778966105,-0.286096256684492,-0.14884135472370763,0.3850267379679142,4,18,16,0.5294117647058824,Y,4,WE,2312,2241,71,69.0,150
bondla01w,7,CHA,0,G,0,34,5,614,193,49,73,35,8,80,83,5.676470588235294,1.4411764705882353,2.1470588235294117,1.0294117647058822,0.23529411764705882,18.058823529411764,2.3529411764705883,63,158,0.3987341772151899,57,77,0.7402597402597403,10,46,0.21739130434782608,0.4428013029315961,0.5029184907233688,0.9125,4.794117647058823,0,0,0,0,0,0.0,0.0,0.0,,,,,,,,,,,0,11,23,0.3235294117647059,N,6,EA,2456,2571,-115,67.0,132
bondla01w,9,IND,0,G,0,32,1,325,74,31,27,15,4,33,56,2.3125,0.96875,0.84375,0.46875,0.125,10.15625,1.03125,26,90,0.28888888888888886,13,16,0.8125,9,42,0.21428571428571427,0.40012307692307697,0.38128606760098926,0.8181818181818182,1.59375,0,0,0,0,0,0.0,0.0,0.0,5.676470588235294,1.4411764705882353,2.1470588235294117,4.794117647058823,0.3987341772151899,0.5029184907233688,-3.3639705882352944,-0.4724264705882353,-1.3033088235294117,-3.2003676470588234,1,17,17,0.5,Y,4,EA,2473,2457,16,67.0,132
bonfisu01w,3,PHO,0,G,0,22,6,306,105,37,23,12,0,18,35,4.7727272727272725,1.6818181818181819,1.0454545454545454,0.5454545454545454,0.0,13.909090909090908,0.8181818181818182,43,89,0.48314606741573035,19,25,0.76,0,6,0.0,0.38562091503267976,0.525,1.2777777777777777,4.863636363636363,0,0,0,0,0,0.0,0.0,0.0,,,,,,,,,,,0,11,21,0.34375,N,7,WE,2091,2291,-200,68.0,145
bonnede01w,10,PHO,0,G,0,34,0,724,381,196,13,23,25,34,70,11.205882352941176,5.764705882352941,0.38235294117647056,0.6764705882352942,0.7352941176470589,21.294117647058822,1.0,127,278,0.4568345323741007,125,154,0.8116883116883117,2,13,0.15384615384615385,0.5245303867403315,0.5509602036094401,0.38235294117647056,12.470588235294118,1,11,97,47,3,8.818181818181818,4.2727272727272725,0.2727272727272727,,,,,,,,,,,0,23,11,0.6764705882352942,Y,1,WE,3156,3031,125,76.0,136
bowenli01w,8,NYL,0,G,0,6,1,37,9,2,1,0,0,4,0,1.5,0.3333333333333333,0.16666666666666666,0.0,0.0,6.166666666666667,0.6666666666666666,3,10,0.3,0,0,0.0,3,6,0.5,0.3783783783783784,0.45,0.25,0.16666666666666666,0,0,0,0,0,0.0,0.0,0.0,,,,,,,,,,,0,16,18,0.47058823529411764,Y,4,EA,2413,2501,-88,67.0,145
boydca01w,2,DET,0,F,0,21,0,230,75,26,14,11,2,16,32,3.5714285714285716,1.2380952380952381,0.6666666666666666,0.5238095238095238,0.09523809523809523,10.952380952380953,0.7619047619047619,23,67,0.34328358208955223,18,20,0.9,11,36,0.3055555555555556,0.3991304347826087,0.49472295514511877,0.875,3.142857142857143,0,0,0,0,0,0.0,0.0,0.0,,,,,,,,,,,0,10,22,0.3125,N,7,EA,2103,2269,-166,73.0,172
braxtka01w,6,DET,0,F-C,0,33,2,455,227,100,14,18,13,52,78,6.878787878787879,3.0303030303030303,0.42424242424242425,0.5454545454545454,0.3939393939393939,13.787878787878787,1.5757575757575757,97,210,0.46190476190476193,33,60,0.55,0,1,0.0,0.6338461538461538,0.48011844331641285,0.2692307692307692,5.454545454545454,1,2,15,7,2,7.5,3.5,1.0,,,,,,,,,,,0,16,18,0.47058823529411764,Y,4,EA,2247,2287,-40,78.0,210
braxtka01w,7,DET,0,F-C,0,34,1,359,146,117,26,11,11,53,83,4.294117647058823,3.4411764705882355,0.7647058823529411,0.3235294117647059,0.3235294117647059,10.558823529411764,1.5588235294117647,58,143,0.40559440559440557,30,48,0.625,0,2,0.0,0.6047910863509749,0.44479649037289787,0.49056603773584906,4.5588235294117645,1,10,50,28,6,5.0,2.8,0.6,6.878787878787879,3.0303030303030303,0.42424242424242425,5.454545454545454,0.46190476190476193,0.48011844331641285,-2.5846702317290555,0.4108734402852052,0.34046345811051687,-0.8957219251336896,1,23,11,0.6764705882352942,Y,2,EA,2527,2384,143,78.0,210
braxtka01w,8,DET,0,F-C,0,31,20,545,207,166,16,14,16,62,91,6.67741935483871,5.354838709677419,0.5161290322580645,0.45161290322580644,0.5161290322580645,17.580645161290324,2.0,84,188,0.44680851063829785,39,58,0.6724137931034483,0,0,0.0,0.5055412844036697,0.48473210940427125,0.25806451612903225,7.548387096774194,1,11,77,60,5,7.0,5.454545454545454,0.45454545454545453,4.294117647058823,3.4411764705882355,0.7647058823529411,4.5588235294117645,0.40559440559440557,0.44479649037289787,2.3833017077798866,1.9136622390891835,-0.24857685009487662,2.9895635673624295,2,24,10,0.7058823529411765,Y,1,EA,2697,2540,157,78.0,210
braxtka01w,9,DET,0,F-C,0,33,10,590,295,168,27,14,24,54,84,8.93939393939394,5.090909090909091,0.8181818181818182,0.42424242424242425,0.7272727272727273,17.87878787878788,1.6363636363636365,107,258,0.41472868217054265,81,109,0.7431192660550459,0,2,0.0,0.6101016949152542,0.48208916198195845,0.5,8.93939393939394,1,9,77,48,9,8.555555555555555,5.333333333333333,1.0,6.67741935483871,5.354838709677419,0.5161290322580645,7.548387096774194,0.44680851063829785,0.48473210940427125,2.2619745845552295,-0.2639296187683282,0.30205278592375373,1.3910068426197455,3,22,12,0.6470588235294118,Y,1,EA,2672,2522,150,78.0,210
braxtka01w,10,DET,0,F-C,0,28,2,504,252,167,41,19,18,51,79,9.0,5.964285714285714,1.4642857142857142,0.6785714285714286,0.6428571428571429,18.0,1.8214285714285714,106,201,0.527363184079602,40,62,0.6451612903225806,0,0,0.0,0.554126984126984,0.5519537410198002,0.803921568627451,11.75,1,5,48,34,7,9.6,6.8,1.4,8.93939393939394,5.090909090909091,0.8181818181818182,8.93939393939394,0.41472868217054265,0.48208916198195845,0.06060606060606055,0.8733766233766236,0.646103896103896,2.8106060606060606,4,18,16,0.5294117647058824,Y,3,EA,2652,2644,8,78.0,210
brazian01w,1,CHA,0,F,0,22,3,203,51,34,5,5,0,17,24,2.3181818181818183,1.5454545454545454,0.22727272727272727,0.22727272727272727,0.0,9.227272727272727,0.7727272727272727,19,49,0.3877551020408163,13,19,0.6842105263157895,0,0,0.0,0.3663054187192118,0.4445606694560669,0.29411764705882354,1.9090909090909092,0,0,0,0,0,0.0,0.0,0.0,,,,,,,,,,,0,8,24,0.25,N,8,EA,2186,2429,-243,74.0,169
brazian01w,2,IND,0,F,0,23,0,341,127,77,7,9,13,20,27,5.521739130434782,3.347826086956522,0.30434782608695654,0.391304347826087,0.5652173913043478,14.826086956521738,0.8695652173913043,50,115,0.43478260869565216,27,35,0.7714285714285715,0,1,0.0,0.44105571847507336,0.48696319018404904,0.35,6.086956521739131,0,0,0,0,0,0.0,0.0,0.0,2.3181818181818183,1.5454545454545454,0.22727272727272727,1.9090909090909092,0.3877551020408163,0.4445606694560669,3.203557312252964,1.8023715415019765,0.07707509881422928,4.177865612648222,1,10,22,0.3125,N,6,EA,2153,2249,-96,74.0,169
bristre01w,2,CHA,0,G,0,1,0,5,0,2,0,0,0,1,0,0.0,2.0,0.0,0.0,0.0,5.0,1.0,0,1,0.0,0,0,0.0,0,0,0.0,0.4,0.0,0.0,0.0,0,0,0,0,0,0.0,0.0,0.0,,,,,,,,,,,0,18,14,0.5625,Y,4,EA,2055,2009,46,70.0,139
brogami01w,1,PHO,0,F,0,28,23,725,211,111,49,30,6,36,88,7.535714285714286,3.9642857142857144,1.75,1.0714285714285714,0.21428571428571427,25.892857142857142,1.2857142857142858,70,137,0.5109489051094891,63,79,0.7974683544303798,8,25,0.32,0.2865655172413793,0.6142291569632045,1.3611111111111112,10.285714285714286,1,2,22,9,1,11.0,4.5,0.5,,,,,,,,,,,0,20,12,0.625,Y,4,WE,2243,2102,141,73.0,177
brondsa01w,2,MIA,0,G,0,29,29,850,367,50,63,28,4,36,61,12.655172413793103,1.7241379310344827,2.1724137931034484,0.9655172413793104,0.13793103448275862,29.310344827586206,1.2413793103448276,142,344,0.4127906976744186,57,70,0.8142857142857143,26,66,0.3939393939393939,0.4832941176470588,0.48959445037353255,1.75,9.0,1,3,34,10,7,11.333333333333334,3.3333333333333335,2.3333333333333335,,,,,,,,,,,0,20,12,0.625,Y,3,EA,1957,1898,59,67.0,136
brondsa01w,3,MIA,0,G,0,30,23,763,263,41,46,26,4,40,40,8.766666666666667,1.3666666666666667,1.5333333333333334,0.8666666666666667,0.13333333333333333,25.433333333333334,1.3333333333333333,97,266,0.36466165413533835,55,67,0.8208955223880597,14,44,0.3181818181818182,0.4396854521625164,0.44503858129145796,1.15,5.3,0,0,0,0,0,0.0,0.0,0.0,12.655172413793103,1.7241379310344827,2.1724137931034484,9.0,0.4127906976744186,0.48959445037353255,-3.8885057471264357,-0.35747126436781596,-0.639080459770115,-3.7,1,15,17,0.46875,N,6,EA,2046,2088,-42,67.0,136
brondsa01w,4,SEA,0,G,0,34,34,975,280,56,69,31,2,37,58,8.235294117647058,1.6470588235294117,2.0294117647058822,0.9117647058823529,0.058823529411764705,28.676470588235293,1.088235294117647,117,282,0.4148936170212766,25,31,0.8064516129032258,21,48,0.4375,0.3411692307692308,0.4735489108375051,1.864864864864865,6.764705882352941,0,0,0,0,0,0.0,0.0,0.0,8.766666666666667,1.3666666666666667,1.5333333333333334,5.3,0.36466165413533835,0.44503858129145796,-0.5313725490196095,0.280392156862745,0.4960784313725488,1.4647058823529413,2,18,16,0.5294117647058824,N,5,WE,2388,2274,114,67.0,136
brownco01w,4,IND,0,G,0,30,2,522,186,41,31,21,4,36,30,6.2,1.3666666666666667,1.0333333333333334,0.7,0.13333333333333333,17.4,1.2,61,164,0.3719512195121951,28,33,0.8484848484848485,36,100,0.36,0.4109578544061303,0.5209500336096795,0.8611111111111112,4.633333333333334,0,0,0,0,0,0.0,0.0,0.0,,,,,,,,,,,0,16,18,0.47058823529411764,N,5,EA,2337,2321,16,69.0,150
brownco01w,5,IND,0,G,0,26,0,398,104,34,41,7,1,31,31,4.0,1.3076923076923077,1.5769230769230769,0.2692307692307692,0.038461538461538464,15.307692307692308,1.1923076923076923,37,108,0.3425925925925926,10,16,0.625,20,56,0.35714285714285715,0.3669346733668342,0.4520166898470097,1.3225806451612903,3.0384615384615383,0,0,0,0,0,0.0,0.0,0.0,6.2,1.3666666666666667,1.0333333333333334,4.633333333333334,0.3719512195121951,0.5209500336096795,-2.2,-0.05897435897435899,0.5435897435897434,-1.5948717948717954,1,15,19,0.4411764705882353,N,6,EA,2198,2245,-47,69.0,150
brownco01w,6,IND,0,G,0,6,0,23,6,2,3,1,0,3,1,1.0,0.3333333333333333,0.5,0.16666666666666666,0.0,3.8333333333333335,0.5,2,5,0.4,0,0,0.0,2,5,0.4,0.34782608695652173,0.6,1.0,1.0,0,0,0,0,0,0.0,0.0,0.0,4.0,1.3076923076923077,1.5769230769230769,3.0384615384615383,0.3425925925925926,0.4520166898470097,-3.0,-0.9743589743589745,-1.0769230769230769,-2.0384615384615383,2,21,13,0.6176470588235294,Y,2,EA,2170,2133,37,69.0,150
brownco01w,7,CHI,0,G,0,15,2,252,48,22,26,10,0,18,12,3.2,1.4666666666666666,1.7333333333333334,0.6666666666666666,0.0,16.8,1.2,16,59,0.2711864406779661,4,8,0.5,12,44,0.2727272727272727,0.31952380952380954,0.3838771593090211,1.4444444444444444,2.7333333333333334,0,0,0,0,0,0.0,0.0,0.0,1.0,0.3333333333333333,0.5,1.0,0.4,0.6,2.2,1.1333333333333333,1.2333333333333334,1.7333333333333334,3,5,29,0.14705882352941177,N,7,EA,2322,2687,-365,69.0,150
browned01w,1,DET,0,G-F,0,32,7,619,188,88,72,24,5,68,77,5.875,2.75,2.25,0.75,0.15625,19.34375,2.125,60,168,0.35714285714285715,67,80,0.8375,1,4,0.25,0.4381260096930533,0.4625984251968504,1.0588235294117647,5.875,0,0,0,0,0,0.0,0.0,0.0,,,,,,,,,,,0,14,18,0.4375,N,5,EA,2331,2426,-95,69.0,163
browned01w,2,DET,0,G-F,0,32,14,800,237,101,87,33,7,68,83,7.40625,3.15625,2.71875,1.03125,0.21875,25.0,2.125,85,232,0.36637931034482757,47,60,0.7833333333333333,20,53,0.37735849056603776,0.408,0.45859133126934987,1.2794117647058822,7.40625,0,0,0,0,0,0.0,0.0,0.0,5.875,2.75,2.25,5.875,0.35714285714285715,0.4625984251968504,1.53125,0.40625,0.46875,1.53125,1,10,22,0.3125,N,7,EA,2103,2269,-166,69.0,163
browned01w,3,DET,0,G-F,0,28,7,549,115,82,58,25,7,60,73,4.107142857142857,2.9285714285714284,2.0714285714285716,0.8928571428571429,0.25,19.607142857142858,2.142857142857143,43,131,0.3282442748091603,23,32,0.71875,6,12,0.5,0.37355191256830605,0.39633305762338017,0.9666666666666667,4.642857142857143,0,0,0,0,0,0.0,0.0,0.0,7.40625,3.15625,2.71875,7.40625,0.36637931034482757,0.45859133126934987,-3.2991071428571432,-0.22767857142857162,-0.6473214285714284,-2.7633928571428568,2,9,23,0.28125,N,8,EA,2114,2266,-152,69.0,163
browned01w,4,PHO,0,G-F,0,34,6,524,118,71,62,30,7,47,44,3.4705882352941178,2.088235294117647,1.8235294117647058,0.8823529411764706,0.20588235294117646,15.411764705882353,1.3823529411764706,41,152,0.26973684210526316,36,44,0.8181818181818182,0,3,0.0,0.4167175572519084,0.3443043884220355,1.3191489361702127,3.588235294117647,0,0,0,0,0,0.0,0.0,0.0,4.107142857142857,2.9285714285714284,2.0714285714285716,4.642857142857143,0.3282442748091603,0.39633305762338017,-0.636554621848739,-0.8403361344537812,-0.24789915966386578,-1.054621848739496,3,8,26,0.23529411764705882,N,7,WE,2097,2270,-173,69.0,163
browned01w,7,HOU,0,G-F,0,4,0,28,4,4,1,1,0,2,2,1.0,1.0,0.25,0.25,0.0,7.0,0.5,1,5,0.2,2,2,1.0,0,0,0.0,0.2814285714285714,0.3401360544217687,0.5,1.0,0,0,0,0,0,0.0,0.0,0.0,3.4705882352941178,2.088235294117647,1.8235294117647058,3.588235294117647,0.26973684210526316,0.3443043884220355,-2.4705882352941178,-1.0882352941176472,-1.5735294117647058,-2.588235294117647,4,18,16,0.5294117647058824,Y,3,WE,2507,2449,58,69.0,163
brownki01w,3,WAS,0,G,0,18,0,108,28,12,6,5,0,5,10,1.5555555555555556,0.6666666666666666,0.3333333333333333,0.2777777777777778,0.0,6.0,0.2777777777777778,12,35,0.34285714285714286,3,3,1.0,1,11,0.09090909090909091,0.3825925925925926,0.3854625550660793,1.2,1.2777777777777777,1,2,6,1,1,3.0,0.5,0.5,,,,,,,,,,,0,17,15,0.53125,Y,3,EA,2135,2116,19,70.0,134
brownki01w,4,WAS,0,G,0,27,0,269,60,32,28,13,1,22,23,2.2222222222222223,1.1851851851851851,1.037037037037037,0.48148148148148145,0.037037037037037035,9.962962962962964,0.8148148148148148,24,72,0.3333333333333333,2,3,0.6666666666666666,10,33,0.30303030303030304,0.35434944237918214,0.4091653027823241,1.2727272727272727,2.3333333333333335,0,0,0,0,0,0.0,0.0,0.0,1.5555555555555556,0.6666666666666666,0.3333333333333333,1.2777777777777777,0.34285714285714286,0.3854625550660793,0.6666666666666667,0.5185185185185185,0.7037037037037037,1.0555555555555558,1,9,25,0.2647058823529412,N,7,EA,2330,2498,-168,70.0,134
brownki01w,5,WAS,0,G,0,26,0,371,104,50,42,13,2,33,21,4.0,1.9230769230769231,1.6153846153846154,0.5,0.07692307692307693,14.26923076923077,1.2692307692307692,35,88,0.3977272727272727,21,24,0.875,13,28,0.4642857142857143,0.3546091644204852,0.5275974025974026,1.2727272727272727,4.6923076923076925,1,2,3,0,0,1.5,0.0,0.0,2.2222222222222223,1.1851851851851851,1.037037037037037,2.3333333333333335,0.3333333333333333,0.4091653027823241,1.7777777777777777,0.737891737891738,0.5783475783475784,2.358974358974359,2,17,17,0.5,Y,4,EA,2325,2384,-59,70.0,134
brownki01w,6,HOU,2,G,0,4,0,18,0,1,2,1,0,2,1,0.0,0.25,0.5,0.25,0.0,4.5,0.5,0,0,0.0,0,0,0.0,0,0,0.0,0.1111111111111111,0.0,1.0,0.5,1,1,2,0,0,2.0,0.0,0.0,4.0,1.9230769230769231,1.6153846153846154,4.6923076923076925,0.3977272727272727,0.5275974025974026,-4.0,-1.6730769230769231,-1.1153846153846154,-4.1923076923076925,3,19,15,0.5588235294117647,Y,3,WE,2309,2263,46,70.0,134
brownki01w,6,WAS,1,G,0,2,0,14,2,0,0,2,0,2,0,1.0,0.0,0.0,1.0,0.0,7.0,1.0,1,2,0.5,0,0,0.0,0,1,0.0,0.2857142857142857,0.5,0.0,0.5,0,0,0,0,0,0.0,0.0,0.0,0.0,0.25,0.5,0.5,0.0,0.0,1.0,-0.25,-0.5,0.0,4,16,18,0.47058823529411764,N,5,EA,2263,2305,-42,70.0,134
brownki01w,7,NYL,0,G,0,16,0,58,20,8,9,2,0,3,7,1.25,0.5,0.5625,0.125,0.0,3.625,0.1875,6,20,0.3,7,8,0.875,1,4,0.25,0.4572413793103448,0.4251700680272109,3.0,1.3125,0,0,0,0,0,0.0,0.0,0.0,1.0,0.0,0.0,0.5,0.5,0.5,0.25,0.5,0.5625,0.8125,5,11,23,0.3235294117647059,N,5,EA,2372,2656,-284,70.0,134
brownki01w,8,LAS,2,G,0,27,0,327,131,39,48,12,3,25,21,4.851851851851852,1.4444444444444444,1.7777777777777777,0.4444444444444444,0.1111111111111111,12.11111111111111,0.9259259259259259,39,99,0.3939393939393939,35,40,0.875,18,40,0.45,0.4330275229357798,0.5617495711835335,1.92,5.296296296296297,0,0,0,0,0,0.0,0.0,0.0,1.25,0.5,0.5625,1.3125,0.3,0.4251700680272109,3.601851851851852,0.9444444444444444,1.2152777777777777,3.9837962962962967,6,10,24,0.29411764705882354,N,7,WE,2533,2708,-175,70.0,134
brownki01w,8,MIN,1,G,0,3,0,29,11,5,2,1,1,2,5,3.6666666666666665,1.6666666666666667,0.6666666666666666,0.3333333333333333,0.3333333333333333,9.666666666666666,0.6666666666666666,2,9,0.2222222222222222,6,8,0.75,1,3,0.3333333333333333,0.5006896551724138,0.43929712460063897,1.0,3.0,0,0,0,0,0,0.0,0.0,0.0,4.851851851851852,1.4444444444444444,1.7777777777777777,5.296296296296297,0.3939393939393939,0.5617495711835335,-1.1851851851851856,0.22222222222222232,-1.1111111111111112,-2.2962962962962967,7,10,24,0.29411764705882354,N,6,WE,2636,2752,-116,70.0,134
brownki01w,9,LAS,0,G,0,32,17,530,158,59,66,19,0,39,41,4.9375,1.84375,2.0625,0.59375,0.0,16.5625,1.21875,52,146,0.3561643835616438,31,34,0.9117647058823529,23,67,0.34328358208955223,0.37728301886792454,0.49080516898608345,1.6923076923076923,5.1875,1,4,14,1,2,3.5,0.25,0.5,3.6666666666666665,1.6666666666666667,0.6666666666666666,3.0,0.2222222222222222,0.43929712460063897,1.2708333333333335,0.17708333333333326,1.3958333333333335,2.1875,8,20,14,0.5882352941176471,Y,3,WE,2598,2523,75,70.0,134
brownki01w,10,CON,0,G,0,34,0,393,130,55,38,13,3,29,35,3.823529411764706,1.6176470588235294,1.1176470588235294,0.38235294117647056,0.08823529411764706,11.558823529411764,0.8529411764705882,47,123,0.3821138211382114,18,22,0.8181818181818182,18,54,0.3333333333333333,0.4113994910941476,0.4899005125113054,1.3103448275862069,3.823529411764706,0,0,0,0,0,0.0,0.0,0.0,4.9375,1.84375,2.0625,5.1875,0.3561643835616438,0.49080516898608345,-1.113970588235294,-0.22610294117647056,-0.9448529411764706,-1.363970588235294,9,16,18,0.47058823529411764,N,6,EA,2651,2654,-3,70.0,134
brownru01w,1,CLE,0,F,0,30,22,679,253,124,44,38,13,59,81,8.433333333333334,4.133333333333334,1.4666666666666666,1.2666666666666666,0.43333333333333335,22.633333333333333,1.9666666666666666,93,187,0.49732620320855614,66,78,0.8461538461538461,1,2,0.5,0.4128424153166421,0.5715705765407555,0.7457627118644068,10.233333333333333,1,6,63,34,10,10.5,5.666666666666667,1.6666666666666667,,,,,,,,,,,0,17,15,0.53125,Y,2,EA,2185,2122,63,74.0,175
brownru01w,2,CLE,0,F,0,30,24,760,249,132,37,44,10,37,73,8.3,4.4,1.2333333333333334,1.4666666666666666,0.3333333333333333,25.333333333333332,1.2333333333333334,101,195,0.517948717948718,46,63,0.7301587301587301,1,1,1.0,0.34173684210526317,0.5589978448275862,1.0,10.8,1,3,25,8,5,8.333333333333334,2.6666666666666665,1.6666666666666667,8.433333333333334,4.133333333333334,1.4666666666666666,10.233333333333333,0.49732620320855614,0.5715705765407555,-0.13333333333333286,0.2666666666666666,-0.23333333333333317,0.5666666666666682,1,22,10,0.6875,Y,1,EA,2004,1788,216,74.0,175
brownru01w,3,CLE,0,F,0,28,2,468,112,75,27,21,8,39,54,4.0,2.6785714285714284,0.9642857142857143,0.75,0.2857142857142857,16.714285714285715,1.3928571428571428,42,105,0.4,28,38,0.7368421052631579,0,1,0.0,0.34341880341880343,0.4600722970752547,0.6923076923076923,4.678571428571429,0,0,0,0,0,0.0,0.0,0.0,8.3,4.4,1.2333333333333334,10.8,0.517948717948718,0.5589978448275862,-4.300000000000001,-1.721428571428572,-0.2690476190476191,-6.121428571428572,2,10,22,0.3125,N,7,EA,2071,2140,-69,74.0,175
brownru01w,4,CHA,0,F,0,34,5,483,125,83,16,29,10,35,88,3.676470588235294,2.4411764705882355,0.47058823529411764,0.8529411764705882,0.29411764705882354,14.205882352941176,1.0294117647058822,53,116,0.45689655172413796,19,23,0.8260869565217391,0,2,0.0,0.3335817805383023,0.49555978433238185,0.45714285714285713,4.735294117647059,1,2,7,8,4,3.5,4.0,2.0,4.0,2.6785714285714284,0.9642857142857143,4.678571428571429,0.4,0.4600722970752547,-0.32352941176470607,-0.23739495798319288,-0.49369747899159666,0.05672268907563005,3,18,16,0.5294117647058824,Y,2,EA,2217,2195,22,74.0,175
brumfma01w,1,MIN,0,G,0,32,17,613,124,60,42,22,2,40,70,3.875,1.875,1.3125,0.6875,0.0625,19.15625,1.25,47,101,0.46534653465346537,29,42,0.6904761904761905,1,9,0.1111111111111111,0.260163132137031,0.5189152996317375,1.05,4.46875,0,0,0,0,0,0.0,0.0,0.0,,,,,,,,,,,0,15,17,0.46875,N,6,WE,2193,2188,5,68.0,133
brumfma01w,2,MIA,0,G,0,27,0,247,44,25,32,20,0,24,27,1.6296296296296295,0.9259259259259259,1.1851851851851851,0.7407407407407407,0.0,9.148148148148149,0.8888888888888888,17,60,0.2833333333333333,5,5,1.0,5,15,0.3333333333333333,0.34898785425101214,0.35369774919614144,1.3333333333333333,2.0,1,2,2,0,0,1.0,0.0,0.0,3.875,1.875,1.3125,4.46875,0.46534653465346537,0.5189152996317375,-2.2453703703703702,-0.9490740740740741,-0.12731481481481488,-2.46875,1,20,12,0.625,Y,3,EA,1957,1898,59,68.0,133
brumfma01w,4,CHA,0,G,0,25,0,123,18,10,14,1,1,6,13,0.72,0.4,0.56,0.04,0.04,4.92,0.24,6,16,0.375,6,6,1.0,0,3,0.0,0.2003252032520325,0.48283261802575106,2.3333333333333335,1.12,1,2,3,0,1,1.5,0.0,0.5,1.6296296296296295,0.9259259259259259,1.1851851851851851,2.0,0.2833333333333333,0.35369774919614144,-0.9096296296296296,-0.5259259259259259,-0.6251851851851851,-0.8799999999999999,2,18,16,0.5294117647058824,Y,2,EA,2217,2195,22,68.0,133
brungje01w,5,CON,0,F,0,33,0,314,50,37,27,4,4,12,21,1.5151515151515151,1.121212121212121,0.8181818181818182,0.12121212121212122,0.12121212121212122,9.515151515151516,0.36363636363636365,18,59,0.3050847457627119,4,5,0.8,10,38,0.2631578947368421,0.23312101910828026,0.4084967320261438,2.25,2.0606060606060606,1,8,8,13,5,1.0,1.625,0.625,,,,,,,,,,,0,18,16,0.5294117647058824,Y,1,EA,2335,2304,31,73.0,165
brungje01w,6,CON,0,F,0,12,0,47,2,6,2,0,0,2,4,0.16666666666666666,0.5,0.16666666666666666,0.0,0.0,3.9166666666666665,0.16666666666666666,1,9,0.1111111111111111,0,0,0.0,0,4,0.0,0.23404255319148937,0.1111111111111111,1.0,0.0,0,0,0,0,0,0.0,0.0,0.0,1.5151515151515151,1.121212121212121,0.8181818181818182,2.0606060606060606,0.3050847457627119,0.4084967320261438,-1.3484848484848484,-0.6212121212121211,-0.6515151515151516,-2.0606060606060606,1,26,8,0.7647058823529411,Y,1,EA,2474,2244,230,73.0,165
brungje01w,7,CON,0,F,0,4,0,7,0,0,0,0,0,1,0,0.0,0.0,0.0,0.0,0.0,1.75,0.25,0,0,0.0,0,0,0.0,0,0,0.0,0.14285714285714285,0.0,0.0,-0.25,0,0,0,0,0,0.0,0.0,0.0,0.16666666666666666,0.5,0.16666666666666666,0.0,0.1111111111111111,0.1111111111111111,-0.16666666666666666,-0.5,-0.16666666666666666,-0.25,2,26,8,0.7647058823529411,Y,1,EA,2683,2417,266,73.0,165
brunsre01w,5,SAC,0,F,0,34,1,494,151,122,19,23,13,29,48,4.4411764705882355,3.588235294117647,0.5588235294117647,0.6764705882352942,0.38235294117647056,14.529411764705882,0.8529411764705882,59,140,0.42142857142857143,33,46,0.717391304347826,0,0,0.0,0.3830769230769231,0.47116824762855714,0.6551724137931034,6.029411764705882,1,6,19,17,3,3.1666666666666665,2.8333333333333335,0.5,,,,,,,,,,,0,18,16,0.5294117647058824,Y,4,WE,2312,2241,71,75.0,175
brunsre01w,6,SAC,0,F,0,34,16,722,265,187,16,28,15,42,61,7.794117647058823,5.5,0.47058823529411764,0.8235294117647058,0.4411764705882353,21.235294117647058,1.2352941176470589,105,246,0.4268292682926829,55,92,0.5978260869565217,0,0,0.0,0.45495844875346264,0.4625104719352136,0.38095238095238093,8.558823529411764,1,8,55,44,10,6.875,5.5,1.25,4.4411764705882355,3.588235294117647,0.5588235294117647,6.029411764705882,0.42142857142857143,0.47116824762855714,3.352941176470588,1.9117647058823528,-0.08823529411764708,2.5294117647058822,1,25,9,0.7352941176470589,Y,1,WE,2329,2093,236,75.0,175
brunsre01w,7,SAC,0,F,0,34,14,597,232,191,17,21,15,40,65,6.823529411764706,5.617647058823529,0.5,0.6176470588235294,0.4411764705882353,17.558823529411764,1.1764705882352942,94,204,0.46078431372549017,44,75,0.5866666666666667,0,0,0.0,0.4639865996649916,0.48945147679324896,0.425,8.676470588235293,1,9,54,32,5,6.0,3.5555555555555554,0.5555555555555556,7.794117647058823,5.5,0.47058823529411764,8.558823529411764,0.4268292682926829,0.4625104719352136,-0.9705882352941178,0.117647058823529,0.02941176470588236,0.117647058823529,2,21,13,0.6176470588235294,Y,2,WE,2537,2404,133,75.0,175
brunsre01w,8,SAC,0,F,0,33,29,932,378,295,24,44,31,58,78,11.454545454545455,8.93939393939394,0.7272727272727273,1.3333333333333333,0.9393939393939394,28.242424242424242,1.7575757575757576,141,298,0.47315436241610737,96,140,0.6857142857142857,0,4,0.0,0.44806866952789703,0.5255839822024472,0.41379310344827586,15.545454545454545,1,3,45,19,1,15.0,6.333333333333333,0.3333333333333333,6.823529411764706,5.617647058823529,0.5,8.676470588235293,0.46078431372549017,0.48945147679324896,4.631016042780749,3.3217468805704105,0.2272727272727273,6.8689839572192515,3,19,15,0.5588235294117647,Y,3,WE,2527,2480,47,75.0,175
brunsre01w,9,SAC,0,F,0,30,30,779,327,213,13,36,20,51,82,10.9,7.1,0.43333333333333335,1.2,0.6666666666666666,25.966666666666665,1.7,135,270,0.5,57,85,0.6705882352941176,0,0,0.0,0.46007702182284976,0.5318802862719584,0.2549019607843137,13.166666666666666,0,0,0,0,0,0.0,0.0,0.0,11.454545454545455,8.93939393939394,0.7272727272727273,15.545454545454545,0.47315436241610737,0.5255839822024472,-0.5545454545454547,-1.8393939393939398,-0.29393939393939394,-2.378787878787879,4,18,16,0.5294117647058824,Y,4,WE,2545,2571,-26,75.0,175
brunsre01w,10,SAC,0,F,0,27,17,665,331,190,9,40,16,45,57,12.25925925925926,7.037037037037037,0.3333333333333333,1.4814814814814814,0.5925925925925926,24.62962962962963,1.6666666666666667,124,255,0.48627450980392156,83,106,0.7830188679245284,0,1,0.0,0.5212631578947369,0.548667285505901,0.2,14.333333333333334,0,0,0,0,0,0.0,0.0,0.0,10.9,7.1,0.43333333333333335,13.166666666666666,0.5,0.5318802862719584,1.3592592592592592,-0.06296296296296244,-0.10000000000000003,1.1666666666666679,5,12,22,0.35294117647058826,N,6,WE,2610,2690,-80,75.0,175
bullevi01w,1,WAS,0,F,0,32,32,1094,342,183,42,64,47,58,88,10.6875,5.71875,1.3125,2.0,1.46875,34.1875,1.8125,143,294,0.48639455782312924,45,63,0.7142857142857143,11,34,0.3235294117647059,0.3470932358318099,0.5315180902648265,0.7241379310344828,14.09375,1,2,30,9,3,15.0,4.5,1.5,,,,,,,,,,,0,14,18,0.4375,Y,4,EA,2176,2221,-45,75.0,185
bullevi01w,2,WAS,0,F,0,32,32,1073,278,231,41,53,58,53,86,8.6875,7.21875,1.28125,1.65625,1.8125,33.53125,1.65625,112,286,0.3916083916083916,35,48,0.7291666666666666,19,64,0.296875,0.3356197576887232,0.4525918207866632,0.7735849056603774,13.15625,0,0,0,0,0,0.0,0.0,0.0,10.6875,5.71875,1.3125,14.09375,0.48639455782312924,0.5315180902648265,-2.0,1.5,-0.03125,-0.9375,1,10,22,0.3125,N,8,EA,1928,2075,-147,75.0,185
bullevi01w,3,WAS,0,F,0,32,32,953,271,186,53,54,37,56,84,8.46875,5.8125,1.65625,1.6875,1.15625,29.78125,1.75,109,236,0.461864406779661,34,41,0.8292682926829268,19,48,0.3958333333333333,0.32533053515215105,0.5333805699889781,0.9464285714285714,12.84375,1,5,25,15,4,5.0,3.0,0.8,8.6875,7.21875,1.28125,13.15625,0.3916083916083916,0.4525918207866632,-0.21875,-1.40625,0.375,-0.3125,2,17,15,0.53125,Y,3,EA,2135,2116,19,75.0,185
burgean01w,2,WAS,0,G,0,31,27,731,124,76,88,26,2,60,45,4.0,2.4516129032258065,2.838709677419355,0.8387096774193549,0.06451612903225806,23.580645161290324,1.935483870967742,47,141,0.3333333333333333,16,27,0.5925925925925926,14,47,0.2978723404255319,0.29121751025991793,0.4055468341182627,1.4666666666666666,4.870967741935484,0,0,0,0,0,0.0,0.0,0.0,,,,,,,,,,,0,10,22,0.3125,N,8,EA,1928,2075,-147,67.0,141
burgean01w,3,WAS,0,G,0,26,26,632,125,62,93,34,4,41,39,4.8076923076923075,2.3846153846153846,3.576923076923077,1.3076923076923077,0.15384615384615385,24.307692307692307,1.5769230769230769,39,101,0.38613861386138615,35,45,0.7777777777777778,12,33,0.36363636363636365,0.25601265822784813,0.517384105960265,2.268292682926829,7.884615384615385,1,5,30,15,27,6.0,3.0,5.4,4.0,2.4516129032258065,2.838709677419355,4.870967741935484,0.3333333333333333,0.4055468341182627,0.8076923076923075,-0.06699751861042191,0.7382133995037221,3.013647642679901,1,17,15,0.53125,Y,3,EA,2135,2116,19,67.0,141
burgean01w,4,WAS,0,G,0,34,33,841,131,79,112,27,1,52,47,3.8529411764705883,2.323529411764706,3.2941176470588234,0.7941176470588235,0.029411764705882353,24.735294117647058,1.5294117647058822,50,134,0.373134328358209,15,25,0.6,16,58,0.27586206896551724,0.2342449464922711,0.4517241379310345,2.1538461538461537,6.0,0,0,0,0,0,0.0,0.0,0.0,4.8076923076923075,2.3846153846153846,3.576923076923077,7.884615384615385,0.38613861386138615,0.517384105960265,-0.9547511312217192,-0.061085972850678516,-0.2828054298642537,-1.884615384615385,2,9,25,0.2647058823529412,N,7,EA,2330,2498,-168,67.0,141
burgeli01w,1,SAC,0,F,0,5,0,41,12,17,2,1,0,4,8,2.4,3.4,0.4,0.2,0.0,8.2,0.8,3,15,0.2,6,9,0.6666666666666666,0,0,0.0,0.56,0.3164556962025316,0.5,2.6,1,1,4,2,0,4.0,2.0,0.0,,,,,,,,,,,0,21,11,0.65625,Y,3,WE,2343,2176,167,73.0,173
burraal01w,1,POR,0,C,0,21,4,314,159,74,6,3,7,36,36,7.571428571428571,3.5238095238095237,0.2857142857142857,0.14285714285714285,0.3333333333333333,14.952380952380953,1.7142857142857142,64,109,0.5871559633027523,31,41,0.7560975609756098,0,0,0.0,0.5192356687898089,0.625787153652393,0.16666666666666666,7.523809523809524,0,0,0,0,0,0.0,0.0,0.0,,,,,,,,,,,0,10,22,0.3125,N,7,WE,2155,2303,-148,75.0,218
burraal01w,2,POR,0,C,0,26,1,272,106,59,10,5,3,30,30,4.076923076923077,2.269230769230769,0.38461538461538464,0.19230769230769232,0.11538461538461539,10.461538461538462,1.1538461538461537,44,83,0.5301204819277109,18,31,0.5806451612903226,0,0,0.0,0.46558823529411764,0.5484271523178808,0.3333333333333333,3.8846153846153846,0,0,0,0,0,0.0,0.0,0.0,7.571428571428571,3.5238095238095237,0.2857142857142857,7.523809523809524,0.5871559633027523,0.625787153652393,-3.4945054945054945,-1.2545787545787546,0.09890109890109894,-3.639194139194139,1,11,21,0.34375,N,7,WE,2088,2202,-114,75.0,218
burraal01w,3,POR,0,C,0,32,24,633,278,147,7,10,7,49,58,8.6875,4.59375,0.21875,0.3125,0.21875,19.78125,1.53125,117,186,0.6290322580645161,44,52,0.8461538461538461,0,0,0.0,0.40739336492890993,0.6654538490999617,0.14285714285714285,10.09375,0,0,0,0,0,0.0,0.0,0.0,4.076923076923077,2.269230769230769,0.38461538461538464,3.8846153846153846,0.5301204819277109,0.5484271523178808,4.610576923076923,2.324519230769231,-0.16586538461538464,6.209134615384615,2,16,16,0.5,N,5,WE,2195,2227,-32,75.0,218
burraal01w,4,SEA,0,C,0,27,2,270,89,61,5,5,5,25,58,3.2962962962962963,2.259259259259259,0.18518518518518517,0.18518518518518517,0.18518518518518517,10.0,0.9259259259259259,35,75,0.4666666666666667,19,27,0.7037037037037037,0,0,0.0,0.41437037037037033,0.5122007366482505,0.2,3.4074074074074074,0,0,0,0,0,0.0,0.0,0.0,8.6875,4.59375,0.21875,10.09375,0.6290322580645161,0.6654538490999617,-5.391203703703704,-2.334490740740741,-0.033564814814814825,-6.686342592592593,3,18,16,0.5294117647058824,N,5,WE,2388,2274,114,75.0,218
burseja01w,2,MIN,0,C,0,20,0,169,47,42,5,2,15,20,20,2.35,2.1,0.25,0.1,0.75,8.45,1.0,16,48,0.3333333333333333,15,20,0.75,0,1,0.0,0.4544378698224852,0.4137323943661972,0.25,2.7,0,0,0,0,0,0.0,0.0,0.0,,,,,,,,,,,0,12,20,0.375,N,6,WE,2077,2156,-79,77.0,199
burseja01w,3,MIN,0,C,0,31,2,344,83,60,7,7,13,18,60,2.6774193548387095,1.935483870967742,0.22580645161290322,0.22580645161290322,0.41935483870967744,11.096774193548388,0.5806451612903226,31,83,0.37349397590361444,21,36,0.5833333333333334,0,1,0.0,0.3396511627906977,0.4198704977741805,0.3888888888888889,2.7419354838709675,0,0,0,0,0,0.0,0.0,0.0,2.35,2.1,0.25,2.7,0.3333333333333333,0.4137323943661972,0.32741935483870943,-0.1645161290322581,-0.02419354838709678,0.04193548387096735,1,10,22,0.3125,N,8,WE,2003,2104,-101,77.0,199
burseja01w,4,MIN,0,C,0,29,14,438,206,108,19,13,28,42,81,7.103448275862069,3.7241379310344827,0.6551724137931034,0.4482758620689655,0.9655172413793104,15.10344827586207,1.4482758620689655,76,155,0.49032258064516127,54,70,0.7714285714285715,0,2,0.0,0.5200913242009133,0.5543595263724435,0.4523809523809524,8.172413793103448,1,3,16,9,2,5.333333333333333,3.0,0.6666666666666666,2.6774193548387095,1.935483870967742,0.22580645161290322,2.7419354838709675,0.37349397590361444,0.4198704977741805,4.426028921023359,1.7886540600667407,0.4293659621802002,5.43047830923248,2,18,16,0.5294117647058824,Y,4,WE,2380,2370,10,77.0,199
burseja01w,5,SEA,0,C,0,29,0,514,141,96,19,23,36,41,84,4.862068965517241,3.310344827586207,0.6551724137931034,0.7931034482758621,1.2413793103448276,17.724137931034484,1.4137931034482758,51,119,0.42857142857142855,39,67,0.582089552238806,0,0,0.0,0.36863813229571984,0.47481142241379315,0.4634146341463415,6.137931034482759,1,8,27,18,1,3.375,2.25,0.125,7.103448275862069,3.7241379310344827,0.6551724137931034,8.172413793103448,0.49032258064516127,0.5543595263724435,-2.2413793103448283,-0.4137931034482758,0.0,-2.0344827586206895,3,20,14,0.5882352941176471,Y,2,WE,2437,2264,173,77.0,199
burseja01w,6,SEA,0,C,0,34,34,859,340,199,23,19,40,78,139,10.0,5.852941176470588,0.6764705882352942,0.5588235294117647,1.1764705882352942,25.264705882352942,2.2941176470588234,127,243,0.522633744855967,86,123,0.6991869918699187,0,0,0.0,0.43669383003492435,0.5721593968766828,0.2948717948717949,11.470588235294118,1,3,28,14,3,9.333333333333334,4.666666666666667,1.0,4.862068965517241,3.310344827586207,0.6551724137931034,6.137931034482759,0.42857142857142855,0.47481142241379315,5.137931034482759,2.542596348884381,0.02129817444219073,5.332657200811359,4,20,14,0.5882352941176471,Y,2,WE,2498,2407,91,77.0,199
burseja01w,7,SEA,0,C,0,27,27,737,300,178,22,17,25,55,91,11.11111111111111,6.592592592592593,0.8148148148148148,0.6296296296296297,0.9259259259259259,27.296296296296298,2.037037037037037,113,221,0.5113122171945701,73,109,0.6697247706422018,1,1,1.0,0.43956580732700135,0.5577037477691851,0.4,12.703703703703704,1,3,31,10,1,10.333333333333334,3.3333333333333335,0.3333333333333333,10.0,5.852941176470588,0.6764705882352942,11.470588235294118,0.522633744855967,0.5721593968766828,1.1111111111111107,0.7396514161220047,0.1383442265795206,1.2331154684095864,5,18,16,0.5294117647058824,Y,4,WE,2644,2575,69,77.0,199
burseja01w,8,SEA,0,C,0,29,29,709,256,154,22,13,28,58,86,8.827586206896552,5.310344827586207,0.7586206896551724,0.4482758620689655,0.9655172413793104,24.448275862068964,2.0,93,209,0.4449760765550239,70,101,0.693069306930693,0,1,0.0,0.4392665726375176,0.5050505050505051,0.3793103448275862,9.241379310344827,0,0,0,0,0,0.0,0.0,0.0,11.11111111111111,6.592592592592593,0.8148148148148148,12.703703703703704,0.5113122171945701,0.5577037477691851,-2.283524904214559,-1.2822477650063853,-0.056194125159642394,-3.4623243933588768,6,17,17,0.5,Y,4,WE,2734,2647,87,77.0,199
burseja01w,10,SEA,0,C,0,34,8,541,207,107,10,21,31,35,71,6.088235294117647,3.1470588235294117,0.29411764705882354,0.6176470588235294,0.9117647058823529,15.911764705882353,1.0294117647058822,74,145,0.5103448275862069,59,80,0.7375,0,0,0.0,0.39778188539741216,0.5743618201997781,0.2857142857142857,7.323529411764706,1,3,2,8,2,0.6666666666666666,2.6666666666666665,0.6666666666666666,8.827586206896552,5.310344827586207,0.7586206896551724,9.241379310344827,0.4449760765550239,0.5050505050505051,-2.739350912778905,-2.1632860040567956,-0.46450304259634884,-1.9178498985801218,7,20,14,0.5882352941176471,Y,2,WE,2544,2476,68,77.0,199
buttsta01w,5,MIN,0,G,0,30,0,423,76,62,25,13,7,23,37,2.533333333333333,2.066666666666667,0.8333333333333334,0.43333333333333335,0.23333333333333334,14.1,0.7666666666666667,24,80,0.3,18,25,0.72,10,37,0.2702702702702703,0.2695035460992908,0.4175824175824176,1.0869565217391304,3.2333333333333334,1,1,0,0,0,0.0,0.0,0.0,,,,,,,,,,,0,18,16,0.5294117647058824,Y,3,WE,2165,2190,-25,71.0,160
byearla01w,1,SAC,0,G-F,0,32,0,521,181,122,21,30,5,35,72,5.65625,3.8125,0.65625,0.9375,0.15625,16.28125,1.09375,75,143,0.5244755244755245,30,49,0.6122448979591837,1,2,0.5,0.3830326295585413,0.5499513855128828,0.6,7.40625,1,2,0,2,0,0.0,1.0,0.0,,,,,,,,,,,0,21,11,0.65625,Y,3,WE,2343,2176,167,71.0,206
byearla01w,2,LAS,0,G-F,0,32,13,739,297,183,29,42,13,38,112,9.28125,5.71875,0.90625,1.3125,0.40625,23.09375,1.1875,133,221,0.6018099547511312,30,52,0.5769230769230769,1,3,0.3333333333333333,0.3814343707713126,0.6089060193537805,0.7631578947368421,13.0,1,7,45,28,2,6.428571428571429,4.0,0.2857142857142857,5.65625,3.8125,0.65625,7.40625,0.5244755244755245,0.5499513855128828,3.625,1.90625,0.25,5.59375,1,28,4,0.875,Y,1,WE,2441,2166,275,71.0,206
byearla01w,3,LAS,0,G-F,0,26,5,486,182,141,13,19,4,20,89,7.0,5.423076923076923,0.5,0.7307692307692307,0.15384615384615385,18.692307692307693,0.7692307692307693,76,123,0.6178861788617886,30,53,0.5660377358490566,0,0,0.0,0.3422222222222222,0.6219245489338436,0.65,10.346153846153847,1,6,42,29,5,7.0,4.833333333333333,0.8333333333333334,9.28125,5.71875,0.90625,13.0,0.6018099547511312,0.6089060193537805,-2.28125,-0.29567307692307665,-0.40625,-2.6538461538461533,2,25,7,0.78125,Y,1,WE,2452,2235,217,71.0,206
byearla01w,4,LAS,0,G-F,0,5,0,72,28,21,2,0,2,2,12,5.6,4.2,0.4,0.0,0.4,14.4,0.4,10,25,0.4,8,11,0.7272727272727273,0,1,0.0,0.44222222222222224,0.4691689008042895,1.0,6.6,0,0,0,0,0,0.0,0.0,0.0,7.0,5.423076923076923,0.5,10.346153846153847,0.6178861788617886,0.6219245489338436,-1.4000000000000004,-1.2230769230769232,-0.09999999999999998,-3.746153846153847,3,24,10,0.7058823529411765,Y,1,WE,2499,2432,67,71.0,206
byearla01w,7,WAS,0,G-F,0,26,0,330,112,87,10,12,2,35,58,4.3076923076923075,3.3461538461538463,0.38461538461538464,0.46153846153846156,0.07692307692307693,12.692307692307692,1.3461538461538463,48,107,0.4485981308411215,16,20,0.8,0,0,0.0,0.456969696969697,0.4835924006908463,0.2857142857142857,4.8076923076923075,0,0,0,0,0,0.0,0.0,0.0,5.6,4.2,0.4,6.6,0.4,0.4691689008042895,-1.2923076923076922,-0.8538461538461539,-0.015384615384615385,-1.7923076923076922,4,18,16,0.5294117647058824,Y,4,EA,2747,2657,90,71.0,206
byearla01w,8,HOU,0,G-F,0,30,0,327,151,75,16,23,5,37,60,5.033333333333333,2.5,0.5333333333333333,0.7666666666666667,0.16666666666666666,10.9,1.2333333333333334,65,110,0.5909090909090909,21,36,0.5833333333333334,0,0,0.0,0.4979816513761468,0.5999682136045772,0.43243243243243246,5.766666666666667,0,0,0,0,0,0.0,0.0,0.0,4.3076923076923075,3.3461538461538463,0.38461538461538464,4.8076923076923075,0.4485981308411215,0.4835924006908463,0.7256410256410257,-0.8461538461538463,0.1487179487179487,0.9589743589743591,5,13,21,0.38235294117647056,N,5,WE,2510,2628,-118,71.0,206
byearla01w,9,HOU,0,G-F,0,11,0,46,18,12,1,3,0,1,16,1.6363636363636365,1.0909090909090908,0.09090909090909091,0.2727272727272727,0.0,4.181818181818182,0.09090909090909091,8,17,0.47058823529411764,2,3,0.6666666666666666,0,0,0.0,0.42,0.4912663755458515,1.0,2.090909090909091,0,0,0,0,0,0.0,0.0,0.0,5.033333333333333,2.5,0.5333333333333333,5.766666666666667,0.5909090909090909,0.5999682136045772,-3.3969696969696965,-1.4090909090909092,-0.4424242424242424,-3.675757575757576,6,17,17,0.5,N,5,WE,2561,2606,-45,71.0,206
campbed01w,1,SEA,0,G,0,16,16,510,222,34,37,19,4,40,35,13.875,2.125,2.3125,1.1875,0.25,31.875,2.5,84,215,0.39069767441860465,41,58,0.7068965517241379,13,49,0.2653061224489796,0.5500392156862745,0.4615000831531681,0.925,8.0,0,0,0,0,0,0.0,0.0,0.0,,,,,,,,,,,0,6,26,0.1875,N,8,WE,1822,2171,-349,68.0,152
campbed01w,2,SAC,0,G,0,32,32,854,260,85,74,19,9,64,45,8.125,2.65625,2.3125,0.59375,0.28125,26.6875,2.0,92,244,0.3770491803278688,33,43,0.7674418604651163,43,94,0.4574468085106383,0.38281030444964875,0.4944469800699832,1.15625,6.90625,1,5,28,11,11,5.6,2.2,2.2,13.875,2.125,2.3125,8.0,0.39069767441860465,0.4615000831531681,-5.75,0.53125,0.0,-1.09375,1,20,12,0.625,Y,2,WE,2294,2139,155,68.0,152
campbed01w,3,SAC,0,G,0,1,0,12,4,1,0,1,0,0,0,4.0,1.0,0.0,1.0,0.0,12.0,0.0,2,5,0.4,0,0,0.0,0,2,0.0,0.4166666666666667,0.4,0.0,3.0,0,0,0,0,0,0.0,0.0,0.0,8.125,2.65625,2.3125,6.90625,0.3770491803278688,0.4944469800699832,-4.125,-1.65625,-2.3125,-3.90625,2,14,18,0.4375,N,6,WE,2166,2294,-128,68.0,152
campbed01w,4,SAC,0,G,0,34,34,724,267,70,43,21,5,43,42,7.852941176470588,2.0588235294117645,1.2647058823529411,0.6176470588235294,0.14705882352941177,21.294117647058822,1.2647058823529411,98,244,0.4016393442622951,25,33,0.7575757575757576,46,111,0.4144144144144144,0.41646408839779003,0.5164010521429677,1.0,6.147058823529412,1,6,40,4,11,6.666666666666667,0.6666666666666666,1.8333333333333333,4.0,1.0,0.0,3.0,0.4,0.4,3.852941176470588,1.0588235294117645,1.2647058823529411,3.147058823529412,3,19,15,0.5588235294117647,Y,3,WE,2299,2216,83,68.0,152
campbed01w,5,SAC,0,G,0,22,22,332,74,19,16,5,2,15,24,3.3636363636363638,0.8636363636363636,0.7272727272727273,0.22727272727272727,0.09090909090909091,15.090909090909092,0.6818181818181818,29,76,0.3815789473684211,0,2,0.0,16,39,0.41025641025641024,0.2767469879518072,0.48126951092611864,1.0666666666666667,2.3636363636363638,1,6,26,11,5,4.333333333333333,1.8333333333333333,0.8333333333333334,7.852941176470588,2.0588235294117645,1.2647058823529411,6.147058823529412,0.4016393442622951,0.5164010521429677,-4.489304812834224,-1.1951871657754007,-0.5374331550802138,-3.7834224598930484,4,18,16,0.5294117647058824,Y,4,WE,2312,2241,71,68.0,152
campbed01w,6,SAS,0,G,0,28,2,248,48,14,14,7,0,15,20,1.7142857142857142,0.5,0.5,0.25,0.0,8.857142857142858,0.5357142857142857,21,67,0.31343283582089554,1,1,1.0,5,19,0.2631578947368421,0.33241935483870966,0.35587188612099646,0.9333333333333333,0.7857142857142857,0,0,0,0,0,0.0,0.0,0.0,3.3636363636363638,0.8636363636363636,0.7272727272727273,2.3636363636363638,0.3815789473684211,0.48126951092611864,-1.6493506493506496,-0.36363636363636365,-0.2272727272727273,-1.5779220779220782,5,7,27,0.20588235294117646,N,7,WE,2141,2401,-260,68.0,152
campbmi01w,1,WAS,0,F-C,0,5,0,22,6,2,1,0,1,3,2,1.2,0.4,0.2,0.0,0.2,4.4,0.6,2,5,0.4,2,2,1.0,0,0,0.0,0.40363636363636357,0.5102040816326531,0.3333333333333333,0.8,0,0,0,0,0,0.0,0.0,0.0,,,,,,,,,,,0,14,18,0.4375,Y,4,EA,2176,2221,-45,77.0,170
cantydo01w,1,DET,0,G-F,0,28,27,784,257,70,82,49,5,51,64,9.178571428571429,2.5,2.9285714285714284,1.75,0.17857142857142858,28.0,1.8214285714285714,83,203,0.4088669950738916,91,131,0.6946564885496184,0,5,0.0,0.39749999999999996,0.4930171884591774,1.607843137254902,9.0,0,0,0,0,0,0.0,0.0,0.0,,,,,,,,,,,0,14,18,0.4375,N,5,EA,2331,2426,-95,69.0,162
cantydo01w,2,DET,0,G-F,0,32,18,625,197,83,70,31,1,55,69,6.15625,2.59375,2.1875,0.96875,0.03125,19.53125,1.71875,70,193,0.3626943005181347,56,74,0.7567567567567568,1,5,0.2,0.448896,0.4366909026423125,1.2727272727272727,5.8125,0,0,0,0,0,0.0,0.0,0.0,9.178571428571429,2.5,2.9285714285714284,9.0,0.4088669950738916,0.4930171884591774,-3.022321428571429,0.09375,-0.7410714285714284,-3.1875,1,10,22,0.3125,N,7,EA,2103,2269,-166,69.0,162
cantydo01w,3,DET,0,G-F,0,28,12,625,160,69,83,21,4,56,59,5.714285714285714,2.4642857142857144,2.9642857142857144,0.75,0.14285714285714285,22.321428571428573,2.0,52,154,0.33766233766233766,55,76,0.7236842105263158,1,5,0.2,0.389504,0.42680324370465217,1.4821428571428572,5.642857142857143,0,0,0,0,0,0.0,0.0,0.0,6.15625,2.59375,2.1875,5.8125,0.3626943005181347,0.4366909026423125,-0.4419642857142856,-0.1294642857142856,0.7767857142857144,-0.16964285714285676,2,9,23,0.28125,N,8,EA,2114,2266,-152,69.0,162
cantydo01w,4,HOU,0,G-F,0,32,4,648,172,100,56,22,1,49,62,5.375,3.125,1.75,0.6875,0.03125,20.25,1.53125,55,145,0.3793103448275862,62,93,0.6666666666666666,0,1,0.0,0.3625308641975309,0.4625645438898451,1.1428571428571428,5.65625,1,3,11,11,5,3.6666666666666665,3.6666666666666665,1.6666666666666667,5.714285714285714,2.4642857142857144,2.9642857142857144,5.642857142857143,0.33766233766233766,0.42680324370465217,-0.3392857142857144,0.6607142857142856,-1.2142857142857144,0.013392857142856762,3,20,14,0.5882352941176471,Y,2,WE,2244,2142,102,69.0,162
cantydo01w,5,HOU,0,G-F,0,32,12,770,177,84,64,32,1,45,61,5.53125,2.625,2.0,1.0,0.03125,24.0625,1.40625,63,150,0.42,51,72,0.7083333333333334,0,2,0.0,0.2943896103896104,0.48712021136063405,1.4222222222222223,6.40625,0,0,0,0,0,0.0,0.0,0.0,5.375,3.125,1.75,5.65625,0.3793103448275862,0.4625645438898451,0.15625,-0.5,0.25,0.75,4,13,21,0.38235294117647056,N,6,WE,2177,2211,-34,69.0,162
cantydo01w,6,HOU,0,G-F,0,33,32,997,270,108,101,29,2,67,75,8.181818181818182,3.272727272727273,3.0606060606060606,0.8787878787878788,0.06060606060606061,30.21212121212121,2.0303030303030303,95,238,0.39915966386554624,80,110,0.7272727272727273,0,4,0.0,0.35446339017051154,0.4713687150837989,1.507462686567164,8.181818181818182,1,5,40,22,17,8.0,4.4,3.4,5.53125,2.625,2.0,6.40625,0.42,0.48712021136063405,2.6505681818181817,0.6477272727272729,1.0606060606060606,1.7755681818181817,5,19,15,0.5588235294117647,Y,3,WE,2309,2263,46,69.0,162
cantydo01w,7,HOU,0,G-F,0,15,15,431,164,52,44,17,0,35,36,10.933333333333334,3.466666666666667,2.933333333333333,1.1333333333333333,0.0,28.733333333333334,2.3333333333333335,54,105,0.5142857142857142,56,77,0.7272727272727273,0,3,0.0,0.40343387470997677,0.5904377880184332,1.2571428571428571,11.333333333333334,1,2,16,4,6,8.0,2.0,3.0,8.181818181818182,3.272727272727273,3.0606060606060606,8.181818181818182,0.39915966386554624,0.4713687150837989,2.751515151515152,0.19393939393939386,-0.12727272727272743,3.1515151515151523,6,18,16,0.5294117647058824,Y,3,WE,2507,2449,58,69.0,162
cantydo01w,8,CHI,0,G-F,0,30,27,776,259,64,123,30,4,57,42,8.633333333333333,2.1333333333333333,4.1,1.0,0.13333333333333333,25.866666666666667,1.9,87,241,0.36099585062240663,81,115,0.7043478260869566,4,16,0.25,0.44922680412371135,0.4441015089163237,2.1578947368421053,7.833333333333333,0,0,0,0,0,0.0,0.0,0.0,10.933333333333334,3.466666666666667,2.933333333333333,11.333333333333334,0.5142857142857142,0.5904377880184332,-2.3000000000000007,-1.3333333333333335,1.1666666666666665,-3.500000000000001,7,14,20,0.4117647058823529,N,6,EA,2525,2611,-86,69.0,162
cantydo01w,9,CHI,0,G-F,0,28,28,737,226,71,115,28,3,54,74,8.071428571428571,2.5357142857142856,4.107142857142857,1.0,0.10714285714285714,26.321428571428573,1.9285714285714286,71,180,0.39444444444444443,83,124,0.6693548387096774,1,6,0.16666666666666666,0.39153324287652647,0.4817530695770805,2.1296296296296298,8.535714285714286,0,0,0,0,0,0.0,0.0,0.0,8.633333333333333,2.1333333333333333,4.1,7.833333333333333,0.36099585062240663,0.4441015089163237,-0.5619047619047617,0.4023809523809523,0.0071428571428571175,0.7023809523809534,8,12,22,0.35294117647058826,N,5,EA,2472,2510,-38,69.0,162
cantydo01w,10,CHI,0,G-F,0,34,34,776,234,63,109,28,5,57,96,6.882352941176471,1.8529411764705883,3.2058823529411766,0.8235294117647058,0.14705882352941177,22.823529411764707,1.6764705882352942,74,194,0.38144329896907214,82,119,0.6890756302521008,4,11,0.36363636363636365,0.39092783505154644,0.4749147588894301,1.912280701754386,6.617647058823529,0,0,0,0,0,0.0,0.0,0.0,8.071428571428571,2.5357142857142856,4.107142857142857,8.535714285714286,0.39444444444444443,0.4817530695770805,-1.1890756302521002,-0.6827731092436973,-0.9012605042016801,-1.9180672268907575,9,16,18,0.47058823529411764,N,5,EA,2573,2693,-120,69.0,162
careyja01w,6,CON,0,G,0,15,0,86,18,6,7,2,0,4,9,1.2,0.4,0.4666666666666667,0.13333333333333333,0.0,5.733333333333333,0.26666666666666666,7,19,0.3684210526315789,0,0,0.0,4,13,0.3076923076923077,0.26744186046511625,0.47368421052631576,1.75,1.1333333333333333,1,6,5,2,7,0.8333333333333334,0.3333333333333333,1.1666666666666667,,,,,,,,,,,0,26,8,0.7647058823529411,Y,1,EA,2474,2244,230,66.0,135
careyja01w,7,CON,0,G,0,24,0,286,63,16,32,7,0,17,24,2.625,0.6666666666666666,1.3333333333333333,0.2916666666666667,0.0,11.916666666666666,0.7083333333333334,22,58,0.3793103448275862,5,5,1.0,14,40,0.35,0.26993006993006996,0.5232558139534883,1.8823529411764706,2.7083333333333335,1,5,5,1,2,1.0,0.2,0.4,1.2,0.4,0.4666666666666667,1.1333333333333333,0.3684210526315789,0.47368421052631576,1.425,0.2666666666666666,0.8666666666666666,1.5750000000000002,1,26,8,0.7647058823529411,Y,1,EA,2683,2417,266,66.0,135
careyja01w,8,CON,0,G,0,33,0,419,112,30,30,4,0,16,30,3.393939393939394,0.9090909090909091,0.9090909090909091,0.12121212121212122,0.0,12.696969696969697,0.48484848484848486,37,101,0.36633663366336633,6,8,0.75,32,71,0.4507042253521127,0.28763723150357995,0.5357826253348642,1.875,2.8484848484848486,1,3,8,2,9,2.6666666666666665,0.6666666666666666,3.0,2.625,0.6666666666666666,1.3333333333333333,2.7083333333333335,0.3793103448275862,0.5232558139534883,0.768939393939394,0.24242424242424243,-0.4242424242424242,0.14015151515151514,2,18,16,0.5294117647058824,Y,3,EA,2675,2593,82,66.0,135
careyja01w,9,CON,0,G,0,33,3,499,137,40,47,8,1,22,24,4.151515151515151,1.2121212121212122,1.4242424242424243,0.24242424242424243,0.030303030303030304,15.121212121212121,0.6666666666666666,47,111,0.42342342342342343,9,10,0.9,34,83,0.40963855421686746,0.2753507014028056,0.5935875216637782,2.1363636363636362,4.424242424242424,1,1,0,0,0,0.0,0.0,0.0,3.393939393939394,0.9090909090909091,0.9090909090909091,2.8484848484848486,0.36633663366336633,0.5357826253348642,0.7575757575757573,0.3030303030303031,0.5151515151515152,1.5757575757575752,3,21,13,0.6176470588235294,Y,2,EA,2690,2541,149,66.0,135
carsoes01w,9,NYL,0,G-F,0,34,30,646,223,76,31,32,8,35,49,6.5588235294117645,2.235294117647059,0.9117647058823529,0.9411764705882353,0.23529411764705882,19.0,1.0294117647058822,92,245,0.37551020408163266,31,46,0.6739130434782609,8,29,0.27586206896551724,0.46476780185758515,0.4203740009048409,0.8857142857142857,4.911764705882353,1,6,34,9,5,5.666666666666667,1.5,0.8333333333333334,,,,,,,,,,,0,19,15,0.5588235294117647,Y,3,EA,2573,2538,35,72.0,165
carsoes01w,10,NYL,0,G-F,0,34,34,859,340,72,46,37,10,54,76,10.0,2.1176470588235294,1.3529411764705883,1.088235294117647,0.29411764705882354,25.264705882352942,1.588235294117647,131,321,0.40809968847352024,44,48,0.9166666666666666,34,102,0.3333333333333333,0.46114086146682187,0.49690167192797846,0.8518518518518519,7.5588235294117645,0,0,0,0,0,0.0,0.0,0.0,6.5588235294117645,2.235294117647059,0.9117647058823529,4.911764705882353,0.37551020408163266,0.4203740009048409,3.4411764705882355,-0.11764705882352944,0.4411764705882354,2.6470588235294112,1,13,21,0.38235294117647056,N,7,EA,2512,2535,-23,72.0,165
carteam01w,5,DET,0,F,0,2,0,13,1,4,0,2,0,3,5,0.5,2.0,0.0,1.0,0.0,6.5,1.5,0,0,0.0,1,2,0.5,0,0,0.0,0.29846153846153844,0.5681818181818182,0.0,1.5,0,0,0,0,0,0.0,0.0,0.0,,,,,,,,,,,0,17,17,0.5,Y,3,EA,2366,2381,-15,74.0,185
carteam01w,6,NYL,0,F,0,3,0,13,0,2,0,0,0,1,4,0.0,0.6666666666666666,0.0,0.0,0.0,4.333333333333333,0.3333333333333333,0,1,0.0,0,0,0.0,0,0,0.0,0.15384615384615385,0.0,0.0,0.0,0,0,0,0,0,0.0,0.0,0.0,0.5,2.0,0.0,1.5,0.0,0.5681818181818182,-0.5,-1.3333333333333335,0.0,-1.5,1,18,16,0.5294117647058824,Y,3,EA,2316,2285,31,74.0,185
cashsw01w,3,DET,0,F,0,32,32,1079,474,222,86,37,31,100,85,14.8125,6.9375,2.6875,1.15625,0.96875,33.71875,3.125,144,353,0.40793201133144474,173,227,0.762114537444934,13,63,0.20634920634920634,0.5124003707136238,0.523317435082141,0.86,15.21875,0,0,0,0,0,0.0,0.0,0.0,,,,,,,,,,,0,9,23,0.28125,N,8,EA,2114,2266,-152,73.0,162
cashsw01w,4,DET,0,F,0,33,33,1097,548,193,119,43,23,108,76,16.606060606060606,5.848484848484849,3.606060606060606,1.303030303030303,0.696969696969697,33.24242424242424,3.272727272727273,195,430,0.45348837209302323,146,214,0.6822429906542056,12,40,0.3,0.5762625341841385,0.5227411477411478,1.1018518518518519,15.606060606060606,1,8,130,51,35,16.25,6.375,4.375,14.8125,6.9375,2.6875,15.21875,0.40793201133144474,0.523317435082141,1.7935606060606055,-1.0890151515151514,0.918560606060606,0.3873106060606055,1,25,9,0.7352941176470589,Y,1,EA,2553,2395,158,73.0,162
cashsw01w,5,DET,0,F,0,32,32,1105,526,208,135,44,29,81,84,16.4375,6.5,4.21875,1.375,0.90625,34.53125,2.53125,180,384,0.46875,158,219,0.7214611872146118,8,23,0.34782608695652173,0.5080180995475113,0.5475060371388125,1.6666666666666667,18.625,0,0,0,0,0,0.0,0.0,0.0,16.606060606060606,5.848484848484849,3.606060606060606,15.606060606060606,0.45348837209302323,0.5227411477411478,-0.16856060606060552,0.6515151515151514,0.612689393939394,3.0189393939393945,2,17,17,0.5,Y,3,EA,2366,2381,-15,73.0,162
cashsw01w,6,DET,0,F,0,21,21,458,119,88,43,12,6,47,44,5.666666666666667,4.190476190476191,2.0476190476190474,0.5714285714285714,0.2857142857142857,21.80952380952381,2.238095238095238,48,126,0.38095238095238093,21,32,0.65625,2,10,0.2,0.40847161572052404,0.42475728155339804,0.9148936170212766,6.285714285714286,1,2,16,9,7,8.0,4.5,3.5,16.4375,6.5,4.21875,18.625,0.46875,0.5475060371388125,-10.770833333333332,-2.3095238095238093,-2.1711309523809526,-12.339285714285715,3,16,18,0.47058823529411764,Y,4,EA,2247,2287,-40,73.0,162
cashsw01w,7,DET,0,F,0,34,34,990,358,168,106,20,11,88,85,10.529411764705882,4.9411764705882355,3.1176470588235294,0.5882352941176471,0.3235294117647059,29.11764705882353,2.588235294117647,124,323,0.38390092879256965,109,143,0.7622377622377622,1,13,0.07692307692307693,0.47870707070707075,0.4638266998341625,1.2045454545454546,10.058823529411764,1,10,76,61,32,7.6,6.1,3.2,5.666666666666667,4.190476190476191,2.0476190476190474,6.285714285714286,0.38095238095238093,0.42475728155339804,4.862745098039215,0.7507002801120448,1.070028011204482,3.773109243697479,4,23,11,0.6764705882352942,Y,2,EA,2527,2384,143,73.0,162
cashsw01w,8,DET,0,F,0,31,31,959,344,189,79,19,13,81,70,11.096774193548388,6.096774193548387,2.5483870967741935,0.6129032258064516,0.41935483870967744,30.93548387096774,2.6129032258064515,126,307,0.41042345276872966,92,121,0.7603305785123967,0,3,0.0,0.46010427528675707,0.4774594714634688,0.9753086419753086,11.387096774193548,1,11,95,42,18,8.636363636363637,3.8181818181818183,1.6363636363636365,10.529411764705882,4.9411764705882355,3.1176470588235294,10.058823529411764,0.38390092879256965,0.4638266998341625,0.5673624288425057,1.1555977229601515,-0.5692599620493359,1.3282732447817835,5,24,10,0.7058823529411765,Y,1,EA,2697,2540,157,73.0,162
cashsw01w,9,SEA,0,F,0,31,28,927,351,167,58,21,32,69,72,11.32258064516129,5.387096774193548,1.8709677419354838,0.6774193548387096,1.032258064516129,29.903225806451612,2.225806451612903,114,293,0.3890784982935154,122,158,0.7721518987341772,1,8,0.125,0.4655016181229773,0.4841112214498511,0.8405797101449275,11.129032258064516,1,3,8,11,2,2.6666666666666665,3.6666666666666665,0.6666666666666666,11.096774193548388,6.096774193548387,2.5483870967741935,11.387096774193548,0.41042345276872966,0.4774594714634688,0.22580645161290214,-0.709677419354839,-0.6774193548387097,-0.25806451612903203,6,22,12,0.6470588235294118,Y,2,WE,2493,2406,87,73.0,162
cashsw01w,10,SEA,0,F,0,32,29,1094,390,214,82,28,16,91,98,12.1875,6.6875,2.5625,0.875,0.5,34.1875,2.84375,139,355,0.39154929577464787,102,128,0.796875,10,31,0.3225806451612903,0.45915904936014623,0.4740834386852086,0.9010989010989011,12.40625,1,3,63,16,5,21.0,5.333333333333333,1.6666666666666667,11.32258064516129,5.387096774193548,1.8709677419354838,11.129032258064516,0.3890784982935154,0.4841112214498511,0.86491935483871,1.300403225806452,0.6915322580645162,1.277217741935484,7,20,14,0.5882352941176471,Y,2,WE,2544,2476,68,73.0,162
cassija01w,1,MIA,0,C,0,22,0,175,74,23,9,5,2,13,17,3.3636363636363638,1.0454545454545454,0.4090909090909091,0.22727272727272727,0.09090909090909091,7.954545454545454,0.5909090909090909,20,55,0.36363636363636365,30,43,0.6976744186046512,4,8,0.5,0.4966857142857143,0.5005411255411255,0.6923076923076923,2.3636363636363638,0,0,0,0,0,0.0,0.0,0.0,,,,,,,,,,,0,13,19,0.40625,N,6,EA,1831,2001,-170,75.0,187
castriz01w,3,MIA,0,F-G,0,19,1,182,66,17,7,7,0,18,22,3.473684210526316,0.8947368421052632,0.3684210526315789,0.3684210526315789,0.0,9.578947368421053,0.9473684210526315,24,72,0.3333333333333333,17,25,0.68,1,17,0.058823529411764705,0.554945054945055,0.39759036144578314,0.3888888888888889,1.2105263157894737,0,0,0,0,0,0.0,0.0,0.0,,,,,,,,,,,0,15,17,0.46875,N,6,EA,2046,2088,-42,72.0,140
castriz01w,4,PHO,0,F-G,0,16,0,178,69,12,9,6,1,10,11,4.3125,0.75,0.5625,0.375,0.0625,11.125,0.625,25,71,0.352112676056338,11,18,0.6111111111111112,8,27,0.2962962962962963,0.4995505617977528,0.43715154586923466,0.9,2.125,0,0,0,0,0,0.0,0.0,0.0,3.473684210526316,0.8947368421052632,0.3684210526315789,1.2105263157894737,0.3333333333333333,0.39759036144578314,0.8388157894736841,-0.14473684210526316,0.19407894736842107,0.9144736842105263,1,8,26,0.23529411764705882,N,7,WE,2097,2270,-173,72.0,140
castriz01w,6,SEA,0,F-G,0,33,32,879,269,97,49,18,4,59,73,8.151515151515152,2.9393939393939394,1.4848484848484849,0.5454545454545454,0.12121212121212122,26.636363636363637,1.7878787878787878,93,242,0.384297520661157,59,73,0.8082191780821918,24,72,0.3333333333333333,0.37897610921501707,0.49066102436888953,0.8305084745762712,6.515151515151516,1,3,17,3,4,5.666666666666667,1.0,1.3333333333333333,4.3125,0.75,0.5625,2.125,0.352112676056338,0.43715154586923466,3.8390151515151523,2.1893939393939394,0.9223484848484849,4.390151515151516,2,20,14,0.5882352941176471,Y,2,WE,2498,2407,91,72.0,140
castriz01w,7,SEA,0,F-G,0,34,26,655,246,72,47,23,2,49,58,7.235294117647059,2.1176470588235294,1.3823529411764706,0.6764705882352942,0.058823529411764705,19.264705882352942,1.4411764705882353,91,194,0.4690721649484536,39,59,0.6610169491525424,25,65,0.38461538461538464,0.41062595419847336,0.5591925804691762,0.9591836734693877,6.411764705882353,1,3,29,8,8,9.666666666666666,2.6666666666666665,2.6666666666666665,8.151515151515152,2.9393939393939394,1.4848484848484849,6.515151515151516,0.384297520661157,0.49066102436888953,-0.9162210338680934,-0.82174688057041,-0.1024955436720143,-0.10338680926916233,3,18,16,0.5294117647058824,Y,4,WE,2644,2575,69,72.0,140
castriz01w,8,SEA,0,F-G,0,34,34,963,419,96,95,35,4,64,70,12.323529411764707,2.823529411764706,2.7941176470588234,1.0294117647058822,0.11764705882352941,28.323529411764707,1.8823529411764706,139,331,0.4199395770392749,81,101,0.801980198019802,60,156,0.38461538461538464,0.4563239875389408,0.5580119326656723,1.484375,10.970588235294118,1,2,20,4,4,10.0,2.0,2.0,7.235294117647059,2.1176470588235294,1.3823529411764706,6.411764705882353,0.4690721649484536,0.5591925804691762,5.088235294117648,0.7058823529411766,1.4117647058823528,4.5588235294117645,4,17,17,0.5,Y,4,WE,2734,2647,87,72.0,140
castriz01w,9,ATL,0,F-G,0,29,20,671,269,65,52,27,6,57,39,9.275862068965518,2.2413793103448274,1.793103448275862,0.9310344827586207,0.20689655172413793,23.137931034482758,1.9655172413793103,96,272,0.35294117647058826,48,59,0.8135593220338984,29,94,0.30851063829787234,0.5290014903129657,0.4514028728688415,0.9122807017543859,6.0344827586206895,0,0,0,0,0,0.0,0.0,0.0,12.323529411764707,2.823529411764706,2.7941176470588234,10.970588235294118,0.4199395770392749,0.5580119326656723,-3.0476673427991887,-0.5821501014198787,-1.0010141987829613,-4.936105476673428,5,4,30,0.11764705882352941,N,7,EA,2534,2879,-345,72.0,140
castriz01w,10,ATL,0,F-G,0,34,33,915,488,75,67,36,2,83,75,14.352941176470589,2.2058823529411766,1.9705882352941178,1.0588235294117647,0.058823529411764705,26.91176470588235,2.4411764705882355,184,445,0.4134831460674157,71,91,0.7802197802197802,49,142,0.34507042253521125,0.6208087431693988,0.5030512947385782,0.8072289156626506,8.941176470588236,1,2,32,3,9,16.0,1.5,4.5,9.275862068965518,2.2413793103448274,1.793103448275862,6.0344827586206895,0.35294117647058826,0.4514028728688415,5.077079107505071,-0.035496957403650775,0.17748478701825565,2.906693711967546,6,18,16,0.5294117647058824,Y,2,EA,2861,2797,64,72.0,140
catchta01w,3,IND,0,F,0,32,32,1167,594,276,118,94,43,82,105,18.5625,8.625,3.6875,2.9375,1.34375,36.46875,2.5625,184,439,0.4191343963553531,150,184,0.8152173913043478,76,193,0.39378238341968913,0.5158183376178235,0.5711977844449573,1.4390243902439024,23.5625,1,3,61,32,7,20.333333333333332,10.666666666666666,2.3333333333333335,,,,,,,,,,,0,16,16,0.5,Y,4,EA,2097,2129,-32,73.0,167
catchta01w,4,IND,0,F,0,34,34,1210,671,272,114,72,35,102,122,19.735294117647058,8.0,3.3529411764705883,2.1176470588235294,1.0294117647058822,35.588235294117645,3.0,221,512,0.431640625,155,183,0.8469945355191257,74,191,0.387434554973822,0.5739834710743802,0.5662256126375481,1.1176470588235294,21.852941176470587,0,0,0,0,0,0.0,0.0,0.0,18.5625,8.625,3.6875,23.5625,0.4191343963553531,0.5711977844449573,1.172794117647058,-0.625,-0.3345588235294117,-1.709558823529413,1,16,18,0.47058823529411764,N,5,EA,2337,2321,16,73.0,167
catchta01w,5,IND,0,F,0,34,33,1149,568,249,115,67,38,77,90,16.705882352941178,7.323529411764706,3.3823529411764706,1.9705882352941178,1.1176470588235294,33.794117647058826,2.264705882352941,180,468,0.38461538461538464,152,178,0.8539325842696629,56,167,0.33532934131736525,0.5424891209747607,0.5198418509298579,1.4935064935064934,19.0,0,0,0,0,0,0.0,0.0,0.0,19.735294117647058,8.0,3.3529411764705883,21.852941176470587,0.431640625,0.5662256126375481,-3.0294117647058805,-0.6764705882352944,0.02941176470588225,-2.852941176470587,2,15,19,0.4411764705882353,N,6,EA,2198,2245,-47,73.0,167
catchta01w,6,IND,0,F,0,34,34,1174,501,264,143,90,16,91,96,14.735294117647058,7.764705882352941,4.205882352941177,2.6470588235294117,0.47058823529411764,34.529411764705884,2.676470588235294,157,410,0.3829268292682927,152,193,0.7875647668393783,35,123,0.2845528455284553,0.4990800681431006,0.5061424068536329,1.5714285714285714,18.5,1,4,69,37,9,17.25,9.25,2.25,16.705882352941178,7.323529411764706,3.3823529411764706,19.0,0.38461538461538464,0.5198418509298579,-1.9705882352941195,0.4411764705882355,0.8235294117647061,-0.5,3,21,13,0.6176470588235294,Y,2,EA,2170,2133,37,73.0,167
catchta01w,7,IND,0,F,0,32,32,1071,521,240,119,94,35,79,90,16.28125,7.5,3.71875,2.9375,1.09375,33.46875,2.46875,162,398,0.40703517587939697,165,204,0.8088235294117647,32,107,0.29906542056074764,0.529187675070028,0.5340741348204034,1.5063291139240507,20.46875,1,2,28,12,7,14.0,6.0,3.5,14.735294117647058,7.764705882352941,4.205882352941177,18.5,0.3829268292682927,0.5061424068536329,1.545955882352942,-0.2647058823529411,-0.4871323529411766,1.96875,4,21,13,0.6176470588235294,Y,3,EA,2435,2316,119,73.0,167
catchta01w,8,IND,0,F,0,21,21,678,348,189,98,66,22,62,64,16.571428571428573,9.0,4.666666666666667,3.142857142857143,1.0476190476190477,32.285714285714285,2.9523809523809526,108,259,0.416988416988417,109,133,0.8195488721804511,23,74,0.3108108108108108,0.55976401179941,0.5479969765684052,1.5806451612903225,23.142857142857142,1,6,95,66,19,15.833333333333334,11.0,3.1666666666666665,16.28125,7.5,3.71875,20.46875,0.40703517587939697,0.5340741348204034,0.29017857142857295,1.5,0.947916666666667,2.6741071428571423,5,21,13,0.6176470588235294,Y,2,EA,2480,2370,110,73.0,167
catchta01w,9,IND,0,F,0,25,17,694,332,157,83,49,11,61,74,13.28,6.28,3.32,1.96,0.44,27.76,2.44,101,258,0.39147286821705424,92,115,0.8,38,88,0.4318181818181818,0.5325648414985591,0.5379131561892417,1.360655737704918,15.64,1,3,61,23,18,20.333333333333332,7.666666666666667,6.0,16.571428571428573,9.0,4.666666666666667,23.142857142857142,0.416988416988417,0.5479969765684052,-3.2914285714285736,-2.7199999999999998,-1.3466666666666671,-7.502857142857142,6,17,17,0.5,Y,4,EA,2473,2457,16,73.0,167
catchta01w,10,IND,0,F,0,34,34,1084,512,245,107,99,18,88,92,15.058823529411764,7.205882352941177,3.1470588235294117,2.911764705882353,0.5294117647058824,31.88235294117647,2.588235294117647,157,407,0.3857493857493858,158,181,0.8729281767955801,40,122,0.32786885245901637,0.5301107011070111,0.5260562222587539,1.2159090909090908,18.235294117647058,1,10,172,104,54,17.2,10.4,5.4,13.28,6.28,3.32,15.64,0.39147286821705424,0.5379131561892417,1.7788235294117651,0.9258823529411764,-0.17294117647058815,2.5952941176470574,7,22,12,0.6470588235294118,Y,1,EA,2606,2501,105,73.0,167
caufila01w,3,UTA,0,G,0,8,0,65,19,5,1,7,0,8,13,2.375,0.625,0.125,0.875,0.0,8.125,1.0,6,15,0.4,2,2,1.0,5,9,0.5555555555555556,0.3673846153846154,0.5982367758186398,0.125,1.875,0,0,0,0,0,0.0,0.0,0.0,,,,,,,,,,,0,20,12,0.625,Y,3,WE,2418,2344,74,69.0,159
chambco01w,8,CON,0,G,0,1,0,1,0,0,0,0,0,2,0,0.0,0.0,0.0,0.0,0.0,1.0,2.0,0,0,0.0,0,0,0.0,0,0,0.0,2.0,0.0,0.0,-2.0,0,0,0,0,0,0.0,0.0,0.0,,,,,,,,,,,0,18,16,0.5294117647058824,Y,3,EA,2675,2593,82,69.0,160
chanequ01w,9,CHI,0,G,0,28,0,241,68,28,24,16,3,23,19,2.4285714285714284,1.0,0.8571428571428571,0.5714285714285714,0.10714285714285714,8.607142857142858,0.8214285714285714,23,83,0.27710843373493976,10,12,0.8333333333333334,12,50,0.24,0.4617427385892116,0.38513819664703214,1.0434782608695652,1.9285714285714286,0,0,0,0,0,0.0,0.0,0.0,,,,,,,,,,,0,12,22,0.35294117647058826,N,5,EA,2472,2510,-38,71.0,160
chapmji01w,3,DET,0,C,0,19,0,119,22,26,0,3,2,8,20,1.1578947368421053,1.368421052631579,0.0,0.15789473684210525,0.10526315789473684,6.2631578947368425,0.42105263157894735,10,27,0.37037037037037035,2,3,0.6666666666666666,0,1,0.0,0.30521008403361344,0.3884180790960452,0.0,1.4210526315789473,0,0,0,0,0,0.0,0.0,0.0,,,,,,,,,,,0,9,23,0.28125,N,8,EA,2114,2266,-152,75.0,206
choneka01w,5,WAS,0,C,0,13,1,115,28,17,4,1,4,11,13,2.1538461538461537,1.3076923076923077,0.3076923076923077,0.07692307692307693,0.3076923076923077,8.846153846153847,0.8461538461538461,11,27,0.4074074074074074,6,11,0.5454545454545454,0,0,0.0,0.3725217391304348,0.4396984924623116,0.36363636363636365,1.6923076923076923,1,2,0,0,0,0.0,0.0,0.0,,,,,,,,,,,0,17,17,0.5,Y,4,EA,2325,2384,-59,75.0,180
choneka01w,6,WAS,0,C,0,12,0,61,14,6,1,1,0,4,9,1.1666666666666667,0.5,0.08333333333333333,0.08333333333333333,0.0,5.083333333333333,0.3333333333333333,6,14,0.42857142857142855,2,3,0.6666666666666666,0,0,0.0,0.31672131147540983,0.45691906005221933,0.25,0.75,0,0,0,0,0,0.0,0.0,0.0,2.1538461538461537,1.3076923076923077,0.3076923076923077,1.6923076923076923,0.4074074074074074,0.4396984924623116,-0.987179487179487,-0.8076923076923077,-0.2243589743589744,-0.9423076923076923,1,16,18,0.47058823529411764,N,5,EA,2263,2305,-42,75.0,180
choneka01w,7,SEA,0,C,0,3,0,16,0,0,0,0,0,1,4,0.0,0.0,0.0,0.0,0.0,5.333333333333333,0.3333333333333333,0,2,0.0,0,0,0.0,0,0,0.0,0.1875,0.0,0.0,-1.0,0,0,0,0,0,0.0,0.0,0.0,1.1666666666666667,0.5,0.08333333333333333,0.75,0.42857142857142855,0.45691906005221933,-1.1666666666666667,-0.5,-0.08333333333333333,-1.75,2,18,16,0.5294117647058824,Y,4,WE,2644,2575,69,75.0,180
chriska01w,3,PHO,0,F,0,30,2,413,120,80,15,24,13,32,73,4.0,2.6666666666666665,0.5,0.8,0.43333333333333335,13.766666666666667,1.0666666666666667,48,95,0.5052631578947369,24,35,0.6857142857142857,0,1,0.0,0.3447941888619855,0.5434782608695652,0.46875,5.4,0,0,0,0,0,0.0,0.0,0.0,,,,,,,,,,,0,11,21,0.34375,N,7,WE,2091,2291,-200,74.0,171
chriska01w,4,PHO,0,F,0,30,16,659,206,126,16,25,16,39,104,6.866666666666666,4.2,0.5333333333333333,0.8333333333333334,0.5333333333333333,21.966666666666665,1.3,78,161,0.484472049689441,50,83,0.6024096385542169,0,0,0.0,0.358907435508346,0.5214661806399352,0.41025641025641024,7.8,0,0,0,0,0,0.0,0.0,0.0,4.0,2.6666666666666665,0.5,5.4,0.5052631578947369,0.5434782608695652,2.8666666666666663,1.5333333333333337,0.033333333333333326,2.3999999999999995,1,8,26,0.23529411764705882,N,7,WE,2097,2270,-173,74.0,171
chriska01w,5,PHO,0,F,0,32,1,407,50,69,23,21,7,26,89,1.5625,2.15625,0.71875,0.65625,0.21875,12.71875,0.8125,19,49,0.3877551020408163,12,19,0.631578947368421,0,0,0.0,0.20481572481572483,0.43584379358437936,0.8846153846153846,3.34375,0,0,0,0,0,0.0,0.0,0.0,6.866666666666666,4.2,0.5333333333333333,7.8,0.484472049689441,0.5214661806399352,-5.304166666666666,-2.04375,0.18541666666666667,-4.45625,2,17,17,0.5,N,5,WE,2300,2235,65,74.0,171
chriska01w,6,PHO,0,F,0,11,1,108,18,22,7,7,5,10,25,1.6363636363636365,2.0,0.6363636363636364,0.6363636363636364,0.45454545454545453,9.818181818181818,0.9090909090909091,7,15,0.4666666666666667,4,7,0.5714285714285714,0,0,0.0,0.26,0.4977876106194691,0.7,3.4545454545454546,0,0,0,0,0,0.0,0.0,0.0,1.5625,2.15625,0.71875,3.34375,0.3877551020408163,0.43584379358437936,0.07386363636363646,-0.15625,-0.08238636363636365,0.11079545454545459,3,16,18,0.47058823529411764,N,5,WE,2361,2354,7,74.0,171
chriska01w,7,HOU,1,F,0,6,0,88,18,19,4,0,0,11,21,3.0,3.1666666666666665,0.6666666666666666,0.0,0.0,14.666666666666666,1.8333333333333333,8,16,0.5,2,2,1.0,0,0,0.0,0.31681818181818183,0.533175355450237,0.36363636363636365,3.6666666666666665,0,0,0,0,0,0.0,0.0,0.0,1.6363636363636365,2.0,0.6363636363636364,3.4545454545454546,0.4666666666666667,0.4977876106194691,1.3636363636363635,1.1666666666666665,0.030303030303030276,0.21212121212121193,4,18,16,0.5294117647058824,Y,3,WE,2507,2449,58,74.0,171
chriska01w,7,PHO,2,F,0,11,0,53,3,14,2,3,1,5,14,0.2727272727272727,1.2727272727272727,0.18181818181818182,0.2727272727272727,0.09090909090909091,4.818181818181818,0.45454545454545453,1,6,0.16666666666666666,1,2,0.5,0,0,0.0,0.2241509433962264,0.2180232558139535,0.4,1.0909090909090908,0,0,0,0,0,0.0,0.0,0.0,3.0,3.1666666666666665,0.6666666666666666,3.6666666666666665,0.5,0.533175355450237,-2.7272727272727275,-1.8939393939393938,-0.4848484848484848,-2.5757575757575757,5,18,16,0.5294117647058824,N,5,WE,2960,2879,81,74.0,171
chriska01w,8,CHI,0,F,0,23,7,212,48,43,7,10,5,21,59,2.0869565217391304,1.8695652173913044,0.30434782608695654,0.43478260869565216,0.21739130434782608,9.217391304347826,0.9130434782608695,20,48,0.4166666666666667,8,18,0.4444444444444444,0,0,0.0,0.36283018867924527,0.4291845493562232,0.3333333333333333,2.347826086956522,0,0,0,0,0,0.0,0.0,0.0,0.2727272727272727,1.2727272727272727,0.18181818181818182,1.0909090909090908,0.16666666666666666,0.2180232558139535,1.8142292490118577,0.5968379446640317,0.12252964426877472,1.2569169960474311,6,14,20,0.4117647058823529,N,6,EA,2525,2611,-86,74.0,171
chrissh01w,5,NYL,0,F,0,33,4,560,191,68,23,9,9,32,71,5.787878787878788,2.0606060606060606,0.696969696969697,0.2727272727272727,0.2727272727272727,16.96969696969697,0.9696969696969697,67,189,0.3544973544973545,33,51,0.6470588235294118,24,82,0.2926829268292683,0.4347142857142857,0.45166477487703366,0.71875,3.878787878787879,1,5,28,9,4,5.6,1.8,0.8,,,,,,,,,,,0,18,16,0.5294117647058824,Y,2,EA,2252,2297,-45,73.0,170
chrissh01w,6,NYL,0,F,0,34,9,809,311,92,41,33,19,50,100,9.147058823529411,2.7058823529411766,1.2058823529411764,0.9705882352941176,0.5588235294117647,23.794117647058822,1.4705882352941178,111,270,0.4111111111111111,65,76,0.8552631578947368,24,89,0.2696629213483146,0.43688504326328803,0.5124571579224888,0.82,8.117647058823529,1,2,11,5,1,5.5,2.5,0.5,5.787878787878788,2.0606060606060606,0.696969696969697,3.878787878787879,0.3544973544973545,0.45166477487703366,3.359180035650623,0.6452762923351161,0.5089126559714794,4.23885918003565,1,18,16,0.5294117647058824,Y,3,EA,2316,2285,31,73.0,170
chrissh01w,7,NYL,0,F,0,34,34,987,423,120,44,20,42,82,105,12.441176470588236,3.5294117647058822,1.2941176470588236,0.5882352941176471,1.2352941176470589,29.029411764705884,2.411764705882353,136,348,0.39080459770114945,99,120,0.825,52,156,0.3333333333333333,0.48915906788247215,0.5276946107784432,0.5365853658536586,9.823529411764707,0,0,0,0,0,0.0,0.0,0.0,9.147058823529411,2.7058823529411766,1.2058823529411764,8.117647058823529,0.4111111111111111,0.5124571579224888,3.2941176470588243,0.8235294117647056,0.08823529411764719,1.7058823529411775,2,11,23,0.3235294117647059,N,5,EA,2372,2656,-284,73.0,170
chrissh01w,8,NYL,0,F,0,33,32,1065,368,149,70,34,19,82,99,11.151515151515152,4.515151515151516,2.121212121212121,1.0303030303030303,0.5757575757575758,32.27272727272727,2.484848484848485,118,328,0.3597560975609756,93,117,0.7948717948717948,39,119,0.3277310924369748,0.43331455399061036,0.48487403815747865,0.8536585365853658,9.818181818181818,1,3,44,22,6,14.666666666666666,7.333333333333333,2.0,12.441176470588236,3.5294117647058822,1.2941176470588236,9.823529411764707,0.39080459770114945,0.5276946107784432,-1.2896613190730832,0.9857397504456333,0.8270944741532975,-0.005347593582888166,3,16,18,0.47058823529411764,Y,4,EA,2413,2501,-88,73.0,170
chrissh01w,9,NYL,0,F,0,31,31,947,488,94,51,35,17,61,93,15.741935483870968,3.032258064516129,1.6451612903225807,1.1290322580645162,0.5483870967741935,30.548387096774192,1.967741935483871,153,385,0.3974025974025974,111,134,0.8283582089552238,71,175,0.4057142857142857,0.533220696937698,0.5495990629786468,0.8360655737704918,11.903225806451612,1,6,82,26,3,13.666666666666666,4.333333333333333,0.5,11.151515151515152,4.515151515151516,2.121212121212121,9.818181818181818,0.3597560975609756,0.48487403815747865,4.590420332355816,-1.4828934506353866,-0.47605083088954037,2.0850439882697938,4,19,15,0.5588235294117647,Y,3,EA,2573,2538,35,73.0,170
chrissh01w,10,NYL,0,F,0,32,31,1014,514,156,56,28,27,56,102,16.0625,4.875,1.75,0.875,0.84375,31.6875,1.75,154,383,0.402088772845953,128,148,0.8648648648648649,78,204,0.38235294117647056,0.49715976331360945,0.5735070963134875,1.0,14.875,0,0,0,0,0,0.0,0.0,0.0,15.741935483870968,3.032258064516129,1.6451612903225807,11.903225806451612,0.3974025974025974,0.5495990629786468,0.32056451612903203,1.842741935483871,0.10483870967741926,2.971774193548388,5,13,21,0.38235294117647056,N,7,EA,2512,2535,-23,73.0,170
cironkr01w,10,CON,0,G,0,4,0,23,7,5,4,2,0,0,3,1.75,1.25,1.0,0.5,0.0,5.75,0.0,2,5,0.4,2,3,0.6666666666666666,1,3,0.3333333333333333,0.2747826086956522,0.5537974683544303,4.0,3.5,0,0,0,0,0,0.0,0.0,0.0,,,,,,,,,,,0,16,18,0.47058823529411764,N,6,EA,2651,2654,-3,68.0,150
clearmi01w,1,PHO,0,G,0,24,7,509,57,37,77,34,2,14,36,2.375,1.5416666666666667,3.2083333333333335,1.4166666666666667,0.08333333333333333,21.208333333333332,0.5833333333333334,14,45,0.3111111111111111,19,27,0.7037037037037037,10,30,0.3333333333333333,0.1392534381139489,0.501054852320675,5.5,6.416666666666667,0,0,0,0,0,0.0,0.0,0.0,,,,,,,,,,,0,20,12,0.625,Y,4,WE,2243,2102,141,66.0,126
clearmi01w,2,PHO,0,G,0,4,0,49,2,3,9,2,0,3,2,0.5,0.75,2.25,0.5,0.0,12.25,0.75,0,3,0.0,2,2,1.0,0,2,0.0,0.1404081632653061,0.2577319587628866,3.0,2.5,0,0,0,0,0,0.0,0.0,0.0,2.375,1.5416666666666667,3.2083333333333335,6.416666666666667,0.3111111111111111,0.501054852320675,-1.875,-0.7916666666666667,-0.9583333333333335,-3.916666666666667,1,13,19,0.40625,N,5,WE,2064,2169,-105,66.0,126
clinest01w,1,SAC,0,G,0,26,2,285,66,30,49,12,1,25,19,2.5384615384615383,1.1538461538461537,1.8846153846153846,0.46153846153846156,0.038461538461538464,10.961538461538462,0.9615384615384616,20,57,0.3508771929824561,14,17,0.8235294117647058,12,41,0.2926829268292683,0.3139649122807018,0.5117866004962779,1.96,3.576923076923077,1,2,3,0,0,1.5,0.0,0.0,,,,,,,,,,,0,21,11,0.65625,Y,3,WE,2343,2176,167,65.0,148
clinest01w,2,SAC,0,G,0,16,0,75,10,3,14,1,0,6,10,0.625,0.1875,0.875,0.0625,0.0,4.6875,0.375,4,14,0.2857142857142857,0,0,0.0,2,10,0.2,0.26666666666666666,0.35714285714285715,2.3333333333333335,0.75,0,0,0,0,0,0.0,0.0,0.0,2.5384615384615383,1.1538461538461537,1.8846153846153846,3.576923076923077,0.3508771929824561,0.5117866004962779,-1.9134615384615383,-0.9663461538461537,-1.0096153846153846,-2.826923076923077,1,20,12,0.625,Y,2,WE,2294,2139,155,65.0,148
clinest01w,3,DET,0,G,0,12,0,105,27,5,17,1,1,6,6,2.25,0.4166666666666667,1.4166666666666667,0.08333333333333333,0.08333333333333333,8.75,0.5,8,21,0.38095238095238093,5,6,0.8333333333333334,6,15,0.4,0.2822857142857143,0.5710659898477157,2.8333333333333335,2.5833333333333335,0,0,0,0,0,0.0,0.0,0.0,0.625,0.1875,0.875,0.75,0.2857142857142857,0.35714285714285715,1.625,0.22916666666666669,0.5416666666666667,1.8333333333333335,2,9,23,0.28125,N,8,EA,2114,2266,-152,65.0,148
coggicl01w,8,CHI,0,G,0,20,0,196,49,16,8,5,1,19,28,2.45,0.8,0.4,0.25,0.05,9.8,0.95,19,77,0.24675324675324675,1,4,0.25,10,50,0.2,0.4987755102040817,0.3110716099542915,0.42105263157894735,-0.05,0,0,0,0,0,0.0,0.0,0.0,,,,,,,,,,,0,14,20,0.4117647058823529,N,6,EA,2525,2611,-86,71.0,170
cokermo01w,5,LAS,0,F,0,3,0,14,3,1,3,0,1,3,2,1.0,0.3333333333333333,1.0,0.0,0.3333333333333333,4.666666666666667,1.0,1,1,1.0,0,0,0.0,1,1,1.0,0.2857142857142857,1.5,1.0,1.6666666666666667,0,0,0,0,0,0.0,0.0,0.0,,,,,,,,,,,0,25,9,0.7352941176470589,Y,1,WE,2495,2361,134,73.0,180
colemco01w,4,CON,0,F,0,20,0,141,36,22,1,8,2,13,18,1.8,1.1,0.05,0.4,0.1,7.05,0.65,11,20,0.55,14,30,0.4666666666666667,0,0,0.0,0.32765957446808514,0.5421686746987951,0.07692307692307693,1.55,0,0,0,0,0,0.0,0.0,0.0,,,,,,,,,,,0,18,16,0.5294117647058824,Y,3,EA,2384,2409,-25,72.0,170
colemma01w,10,WAS,0,G-F,0,28,0,525,171,76,22,20,9,34,44,6.107142857142857,2.7142857142857144,0.7857142857142857,0.7142857142857143,0.32142857142857145,18.75,1.2142857142857142,54,159,0.33962264150943394,34,45,0.7555555555555555,29,80,0.3625,0.4053333333333334,0.4781879194630872,0.6470588235294118,5.285714285714286,1,2,21,10,3,10.5,5.0,1.5,,,,,,,,,,,0,16,18,0.47058823529411764,Y,4,EA,2585,2622,-37,73.0,160
colleka01w,1,MIA,0,G-F,0,32,32,873,264,63,50,27,7,65,65,8.25,1.96875,1.5625,0.84375,0.21875,27.28125,2.03125,103,293,0.3515358361774744,53,70,0.7571428571428571,5,21,0.23809523809523808,0.44536082474226807,0.4076590487955528,0.7692307692307693,4.34375,0,0,0,0,0,0.0,0.0,0.0,,,,,,,,,,,0,13,19,0.40625,N,6,EA,1831,2001,-170,70.0,145
colleka01w,2,MIA,0,G-F,0,14,0,121,26,7,7,2,1,7,9,1.8571428571428572,0.5,0.5,0.14285714285714285,0.07142857142857142,8.642857142857142,0.5,10,39,0.2564102564102564,6,10,0.6,0,1,0.0,0.4165289256198347,0.2995391705069125,1.0,0.21428571428571427,1,2,2,1,0,1.0,0.5,0.0,8.25,1.96875,1.5625,4.34375,0.3515358361774744,0.4076590487955528,-6.392857142857142,-1.46875,-1.0625,-4.129464285714286,1,20,12,0.625,Y,3,EA,1957,1898,59,70.0,145
consuca01w,2,UTA,0,G,0,15,0,50,2,6,10,4,0,11,4,0.13333333333333333,0.4,0.6666666666666666,0.26666666666666666,0.0,3.3333333333333335,0.7333333333333333,0,5,0.0,2,4,0.5,0,2,0.0,0.35519999999999996,0.14792899408284024,0.9090909090909091,0.26666666666666666,1,1,3,1,0,3.0,1.0,0.0,,,,,,,,,,,0,19,13,0.59375,Y,3,WE,2207,2192,15,68.0,144
coopeca01w,2,NYL,0,C,0,4,0,51,26,11,1,0,2,3,6,6.5,2.75,0.25,0.0,0.5,12.75,0.75,8,12,0.6666666666666666,10,13,0.7692307692307693,0,0,0.0,0.40627450980392155,0.7336343115124154,0.3333333333333333,7.5,1,3,0,1,0,0.0,0.3333333333333333,0.0,,,,,,,,,,,0,21,11,0.65625,Y,2,EA,2162,2082,80,76.0,176
coopeca01w,3,NYL,0,C,0,23,1,119,27,16,3,4,5,10,28,1.173913043478261,0.6956521739130435,0.13043478260869565,0.17391304347826086,0.21739130434782608,5.173913043478261,0.43478260869565216,11,28,0.39285714285714285,5,8,0.625,0,0,0.0,0.34890756302521003,0.4282994923857868,0.3,1.0869565217391304,1,3,3,2,0,1.0,0.6666666666666666,0.0,6.5,2.75,0.25,7.5,0.6666666666666666,0.7336343115124154,-5.326086956521739,-2.0543478260869565,-0.11956521739130435,-6.413043478260869,1,18,14,0.5625,Y,1,EA,2089,2015,74,76.0,176
coopecy01w,1,HOU,0,G,0,31,31,1085,550,85,156,39,6,99,61,17.741935483870968,2.7419354838709675,5.032258064516129,1.2580645161290323,0.1935483870967742,35.0,3.193548387096774,180,392,0.45918367346938777,147,168,0.875,43,121,0.35537190082644626,0.5206635944700462,0.5902300824175823,1.5757575757575757,16.258064516129032,1,6,136,15,22,22.666666666666668,2.5,3.6666666666666665,,,,,,,,,,,0,27,5,0.84375,Y,2,WE,2475,2066,409,70.0,150
coopecy01w,4,HOU,0,G,0,4,4,144,64,10,22,4,1,14,9,16.0,2.5,5.5,1.0,0.25,36.0,3.5,16,38,0.42105263157894735,25,28,0.8928571428571429,7,18,0.3888888888888889,0.4466666666666666,0.6359300476947536,1.5714285714285714,15.5,0,0,0,0,0,0.0,0.0,0.0,17.741935483870968,2.7419354838709675,5.032258064516129,16.258064516129032,0.45918367346938777,0.5902300824175823,-1.741935483870968,-0.24193548387096753,0.467741935483871,-0.758064516129032,1,20,14,0.5882352941176471,Y,2,WE,2244,2142,102,70.0,150
crawlsy01w,1,POR,0,F-C,0,31,30,930,357,185,34,29,24,88,96,11.516129032258064,5.967741935483871,1.096774193548387,0.9354838709677419,0.7741935483870968,30.0,2.838709677419355,143,298,0.4798657718120805,71,102,0.696078431372549,0,2,0.0,0.4633118279569892,0.5205902939804014,0.38636363636363635,11.451612903225806,0,0,0,0,0,0.0,0.0,0.0,,,,,,,,,,,0,10,22,0.3125,N,7,WE,2155,2303,-148,77.0,187
crawlsy01w,2,POR,0,F-C,0,32,32,921,299,203,54,19,26,61,85,9.34375,6.34375,1.6875,0.59375,0.8125,28.78125,1.90625,120,267,0.449438202247191,59,77,0.7662337662337663,0,1,0.0,0.3929207383279045,0.4968758308960383,0.8852459016393442,11.71875,0,0,0,0,0,0.0,0.0,0.0,11.516129032258064,5.967741935483871,1.096774193548387,11.451612903225806,0.4798657718120805,0.5205902939804014,-2.172379032258064,0.376008064516129,0.590725806451613,0.26713709677419395,1,11,21,0.34375,N,7,WE,2088,2202,-114,77.0,187
crawlsy01w,3,POR,0,F-C,0,32,31,819,279,134,47,18,37,62,90,8.71875,4.1875,1.46875,0.5625,1.15625,25.59375,1.9375,114,284,0.4014084507042254,44,63,0.6984126984126984,7,17,0.4117647058823529,0.4563125763125763,0.4475170024380854,0.7580645161290323,8.25,0,0,0,0,0,0.0,0.0,0.0,9.34375,6.34375,1.6875,11.71875,0.449438202247191,0.4968758308960383,-0.625,-2.15625,-0.21875,-3.46875,2,16,16,0.5,N,5,WE,2195,2227,-32,77.0,187
crawlsy01w,4,SAS,0,F-C,0,33,8,564,115,105,19,18,19,40,76,3.484848484848485,3.1818181818181817,0.5757575757575758,0.5454545454545454,0.5757575757575758,17.09090909090909,1.2121212121212122,50,130,0.38461538461538464,15,22,0.6818181818181818,0,0,0.0,0.31858156028368795,0.41165521191294385,0.475,4.515151515151516,0,0,0,0,0,0.0,0.0,0.0,8.71875,4.1875,1.46875,8.25,0.4014084507042254,0.4475170024380854,-5.233901515151516,-1.0056818181818183,-0.8929924242424242,-3.7348484848484844,3,12,22,0.35294117647058826,N,6,WE,2215,2427,-212,77.0,187
crockda01w,3,UTA,0,F,0,18,0,84,29,13,2,0,2,3,8,1.6111111111111112,0.7222222222222222,0.1111111111111111,0.0,0.1111111111111111,4.666666666666667,0.16666666666666666,10,28,0.35714285714285715,9,12,0.75,0,1,0.0,0.4319047619047619,0.43569711538461536,0.6666666666666666,1.2222222222222223,1,1,2,0,0,2.0,0.0,0.0,,,,,,,,,,,0,20,12,0.625,Y,3,WE,2418,2344,74,73.0,158
crockwi01w,9,PHO,0,F,0,5,1,41,9,11,0,4,1,1,14,1.8,2.2,0.0,0.8,0.2,8.2,0.2,3,8,0.375,3,5,0.6,0,0,0.0,0.27317073170731704,0.44117647058823534,0.0,3.4,0,0,0,0,0,0.0,0.0,0.0,,,,,,,,,,,0,16,18,0.47058823529411764,N,6,WE,3010,3009,1,74.0,215
cronika01w,7,CHI,0,G,0,11,0,134,24,12,2,6,2,11,18,2.1818181818181817,1.0909090909090908,0.18181818181818182,0.5454545454545454,0.18181818181818182,12.181818181818182,1.0,9,30,0.3,2,7,0.2857142857142857,4,13,0.3076923076923077,0.328955223880597,0.36275695284159615,0.18181818181818182,0.8181818181818182,0,0,0,0,0,0.0,0.0,0.0,,,,,,,,,,,0,5,29,0.14705882352941177,N,7,EA,2322,2687,-365,72.0,155
cunnibe01w,1,WAS,0,G,0,21,0,198,59,21,12,2,0,12,23,2.8095238095238093,1.0,0.5714285714285714,0.09523809523809523,0.0,9.428571428571429,0.5714285714285714,17,68,0.25,16,19,0.8421052631578947,9,37,0.24324324324324326,0.44626262626262625,0.3863279203771608,1.0,1.3333333333333333,1,2,7,0,0,3.5,0.0,0.0,,,,,,,,,,,0,14,18,0.4375,Y,4,EA,2176,2221,-45,72.0,163
cunnida01w,3,ORL,0,F,0,6,0,21,0,2,0,2,0,1,5,0.0,0.3333333333333333,0.0,0.3333333333333333,0.0,3.5,0.16666666666666666,0,5,0.0,0,0,0.0,0,0,0.0,0.2857142857142857,0.0,0.0,-0.3333333333333333,0,0,0,0,0,0.0,0.0,0.0,,,,,,,,,,,0,16,16,0.5,N,5,EA,2254,2255,-1,72.0,187
currimo01w,7,CHA,0,F,0,34,33,844,339,132,87,34,4,62,100,9.970588235294118,3.8823529411764706,2.5588235294117645,1.0,0.11764705882352941,24.823529411764707,1.8235294117647058,87,262,0.3320610687022901,149,184,0.8097826086956522,16,55,0.2909090909090909,0.47981042654028433,0.4942267319804059,1.403225806451613,9.529411764705882,0,0,0,0,0,0.0,0.0,0.0,,,,,,,,,,,0,11,23,0.3235294117647059,N,6,EA,2456,2571,-115,72.0,177
currimo01w,8,CHI,1,F,0,2,2,61,29,12,4,1,0,4,3,14.5,6.0,2.0,0.5,0.0,30.5,2.0,8,27,0.2962962962962963,11,15,0.7333333333333333,2,11,0.18181818181818182,0.6163934426229508,0.431547619047619,1.0,9.5,0,0,0,0,0,0.0,0.0,0.0,9.970588235294118,3.8823529411764706,2.5588235294117645,9.529411764705882,0.3320610687022901,0.4942267319804059,4.529411764705882,2.1176470588235294,-0.5588235294117645,-0.02941176470588225,1,14,20,0.4117647058823529,N,6,EA,2525,2611,-86,72.0,177
currimo01w,8,WAS,2,F,0,31,22,771,325,121,54,23,7,47,92,10.483870967741936,3.903225806451613,1.7419354838709677,0.7419354838709677,0.22580645161290322,24.870967741935484,1.5161290322580645,98,214,0.45794392523364486,117,148,0.7905405405405406,12,30,0.4,0.4229831387808042,0.5821868730295213,1.148936170212766,10.838709677419354,0,0,0,0,0,0.0,0.0,0.0,14.5,6.0,2.0,9.5,0.2962962962962963,0.431547619047619,-4.016129032258064,-2.096774193548387,-0.25806451612903225,1.338709677419354,2,16,18,0.47058823529411764,N,5,EA,2585,2639,-54,72.0,177
currimo01w,9,WAS,0,F,0,34,34,972,403,141,86,30,12,87,121,11.852941176470589,4.147058823529412,2.5294117647058822,0.8823529411764706,0.35294117647058826,28.58823529411765,2.5588235294117645,135,337,0.40059347181008903,109,132,0.8257575757575758,24,64,0.375,0.4959670781893004,0.510023286423003,0.9885057471264368,10.588235294117647,0,0,0,0,0,0.0,0.0,0.0,10.483870967741936,3.903225806451613,1.7419354838709677,10.838709677419354,0.45794392523364486,0.5821868730295213,1.3690702087286528,0.24383301707779914,0.7874762808349145,-0.25047438330170735,3,10,24,0.29411764705882354,N,6,EA,2368,2601,-233,72.0,177
currimo01w,10,WAS,0,F,0,34,34,728,278,146,61,29,14,57,83,8.176470588235293,4.294117647058823,1.7941176470588236,0.8529411764705882,0.4117647058823529,21.41176470588235,1.6764705882352942,78,217,0.35944700460829493,102,127,0.8031496062992126,20,52,0.38461538461538464,0.4531318681318681,0.5093814130753445,1.0701754385964912,9.029411764705882,1,2,10,15,1,5.0,7.5,0.5,11.852941176470589,4.147058823529412,2.5294117647058822,10.588235294117647,0.40059347181008903,0.510023286423003,-3.6764705882352953,0.14705882352941124,-0.7352941176470587,-1.5588235294117645,4,16,18,0.47058823529411764,Y,4,EA,2585,2622,-37,72.0,177
curryed01w,4,PHO,0,G,0,20,0,205,33,11,24,9,0,15,25,1.65,0.55,1.2,0.45,0.0,10.25,0.75,13,35,0.37142857142857144,2,3,0.6666666666666666,5,22,0.22727272727272727,0.25034146341463415,0.45429515418502203,1.6,1.95,0,0,0,0,0,0.0,0.0,0.0,,,,,,,,,,,0,8,26,0.23529411764705882,N,7,WE,2097,2270,-173,64.0,138
curryed01w,6,LAS,0,G,0,13,0,113,23,11,12,7,1,10,16,1.7692307692307692,0.8461538461538461,0.9230769230769231,0.5384615384615384,0.07692307692307693,8.692307692307692,0.7692307692307693,7,23,0.30434782608695654,3,6,0.5,6,16,0.375,0.3153982300884956,0.4485179407176287,1.2,1.9230769230769231,1,2,0,1,1,0.0,0.5,0.5,1.65,0.55,1.2,1.95,0.37142857142857144,0.45429515418502203,0.11923076923076925,0.2961538461538461,-0.2769230769230768,-0.026923076923076827,1,17,17,0.5,Y,4,WE,2326,2345,-19,64.0,138
dalesst01w,3,WAS,0,G-F,0,31,28,805,303,81,84,16,4,68,79,9.774193548387096,2.6129032258064515,2.7096774193548385,0.5161290322580645,0.12903225806451613,25.967741935483872,2.193548387096774,93,230,0.4043478260869565,74,100,0.74,43,109,0.3944954128440367,0.4248447204968944,0.5529197080291971,1.2352941176470589,8.290322580645162,1,5,38,8,16,7.6,1.6,3.2,,,,,,,,,,,0,17,15,0.53125,Y,3,EA,2135,2116,19,72.0,155
dalesst01w,4,WAS,0,G-F,0,34,31,998,340,101,114,29,12,72,97,10.0,2.9705882352941178,3.3529411764705883,0.8529411764705882,0.35294117647058826,29.352941176470587,2.1176470588235294,122,298,0.40939597315436244,39,55,0.7090909090909091,57,160,0.35625,0.3949899799599198,0.5276225946617008,1.5833333333333333,9.764705882352942,0,0,0,0,0,0.0,0.0,0.0,9.774193548387096,2.6129032258064515,2.7096774193548385,8.290322580645162,0.4043478260869565,0.5529197080291971,0.2258064516129039,0.35768500948766624,0.6432637571157498,1.47438330170778,1,9,25,0.2647058823529412,N,7,EA,2330,2498,-168,72.0,155
dalesst01w,5,WAS,0,G-F,0,31,26,782,254,64,78,20,3,37,61,8.193548387096774,2.064516129032258,2.5161290322580645,0.6451612903225806,0.0967741935483871,25.225806451612904,1.1935483870967742,87,228,0.3815789473684211,40,55,0.7272727272727273,40,119,0.33613445378151263,0.36982097186700763,0.5035685963521015,2.108108108108108,7.290322580645161,1,3,27,15,5,9.0,5.0,1.6666666666666667,10.0,2.9705882352941178,3.3529411764705883,9.764705882352942,0.40939597315436244,0.5276225946617008,-1.806451612903226,-0.9060721062618597,-0.8368121442125238,-2.474383301707781,2,17,17,0.5,Y,4,EA,2325,2384,-59,72.0,155
dalesst01w,7,CHI,0,G-F,0,23,16,454,161,27,40,9,1,32,39,7.0,1.173913043478261,1.7391304347826086,0.391304347826087,0.043478260869565216,19.73913043478261,1.391304347826087,52,147,0.35374149659863946,32,46,0.6956521739130435,25,81,0.30864197530864196,0.4388546255506608,0.4813441760344415,1.25,4.217391304347826,0,0,0,0,0,0.0,0.0,0.0,8.193548387096774,2.064516129032258,2.5161290322580645,7.290322580645161,0.3815789473684211,0.5035685963521015,-1.193548387096774,-0.890603085553997,-0.7769985974754559,-3.072931276297335,3,5,29,0.14705882352941177,N,7,EA,2322,2687,-365,72.0,155
dalesst01w,8,CHI,0,G-F,0,31,30,845,319,55,83,20,0,57,53,10.290322580645162,1.7741935483870968,2.6774193548387095,0.6451612903225806,0.0,27.258064516129032,1.8387096774193548,109,314,0.3471337579617834,33,39,0.8461538461538461,68,201,0.3383084577114428,0.45936094674556216,0.4816402947215847,1.456140350877193,6.741935483870968,0,0,0,0,0,0.0,0.0,0.0,7.0,1.173913043478261,1.7391304347826086,4.217391304347826,0.35374149659863946,0.4813441760344415,3.290322580645162,0.6002805049088358,0.9382889200561009,2.524544179523142,4,14,20,0.4117647058823529,N,6,EA,2525,2611,-86,72.0,155
daleygr01w,1,MIN,0,G,0,30,4,577,173,72,57,12,0,50,49,5.766666666666667,2.4,1.9,0.4,0.0,19.233333333333334,1.6666666666666667,57,147,0.3877551020408163,42,65,0.6461538461538462,17,56,0.30357142857142855,0.39098786828422877,0.4925968109339408,1.14,5.033333333333333,0,0,0,0,0,0.0,0.0,0.0,,,,,,,,,,,0,15,17,0.46875,N,6,WE,2193,2188,5,66.0,147
daleygr01w,2,NYL,0,G,0,15,0,66,25,8,10,8,1,7,12,1.6666666666666667,0.5333333333333333,0.6666666666666666,0.5333333333333333,0.06666666666666667,4.4,0.4666666666666667,10,21,0.47619047619047616,5,9,0.5555555555555556,0,5,0.0,0.48424242424242425,0.500801282051282,1.4285714285714286,2.0,1,1,0,0,0,0.0,0.0,0.0,5.766666666666667,2.4,1.9,5.033333333333333,0.3877551020408163,0.4925968109339408,-4.1,-1.8666666666666667,-1.2333333333333334,-3.033333333333333,1,21,11,0.65625,Y,2,EA,2162,2082,80,66.0,147
daleygr01w,3,HOU,0,G,0,23,4,185,63,23,16,3,1,17,15,2.739130434782609,1.0,0.6956521739130435,0.13043478260869565,0.043478260869565216,8.043478260869565,0.7391304347826086,16,37,0.43243243243243246,29,47,0.6170212765957447,2,8,0.25,0.4036756756756757,0.5461165048543689,0.9411764705882353,2.1739130434782608,1,1,2,2,0,2.0,2.0,0.0,1.6666666666666667,0.5333333333333333,0.6666666666666666,2.0,0.47619047619047616,0.500801282051282,1.0724637681159421,0.4666666666666667,0.02898550724637683,0.17391304347826075,2,24,8,0.75,Y,2,WE,2072,1892,180,66.0,147
daleygr01w,4,PHO,0,G,0,3,0,28,2,2,3,0,1,3,2,0.6666666666666666,0.6666666666666666,1.0,0.0,0.3333333333333333,9.333333333333334,1.0,1,5,0.2,0,0,0.0,0,2,0.0,0.2857142857142857,0.2,1.0,0.3333333333333333,0,0,0,0,0,0.0,0.0,0.0,2.739130434782609,1.0,0.6956521739130435,2.1739130434782608,0.43243243243243246,0.5461165048543689,-2.0724637681159424,-0.33333333333333337,0.30434782608695654,-1.8405797101449275,3,8,26,0.23529411764705882,N,7,WE,2097,2270,-173,66.0,147
darlihe01w,1,CLE,0,G,0,32,0,556,155,63,65,37,5,67,52,4.84375,1.96875,2.03125,1.15625,0.15625,17.375,2.09375,47,150,0.31333333333333335,48,65,0.7384615384615385,13,38,0.34210526315789475,0.44172661870503593,0.43393057110862265,0.9701492537313433,4.3125,1,6,33,20,13,5.5,3.3333333333333335,2.1666666666666665,,,,,,,,,,,0,17,15,0.53125,Y,2,EA,2185,2122,63,66.0,164
darlihe01w,2,CLE,0,G,0,32,32,778,196,76,109,34,4,70,59,6.125,2.375,3.40625,1.0625,0.125,24.3125,2.1875,59,166,0.35542168674698793,55,72,0.7638888888888888,23,70,0.32857142857142857,0.3440616966580977,0.49575070821529743,1.5571428571428572,7.03125,1,3,18,11,19,6.0,3.6666666666666665,6.333333333333333,4.84375,1.96875,2.03125,4.3125,0.31333333333333335,0.43393057110862265,1.28125,0.40625,1.375,2.71875,1,22,10,0.6875,Y,1,EA,2004,1788,216,66.0,164
darlihe01w,4,CLE,0,G,0,34,34,832,141,87,128,39,6,74,87,4.147058823529412,2.5588235294117645,3.764705882352941,1.1470588235294117,0.17647058823529413,24.470588235294116,2.176470588235294,44,143,0.3076923076923077,30,41,0.7317073170731707,23,71,0.323943661971831,0.2825,0.437779433681073,1.7297297297297298,6.382352941176471,1,3,9,12,13,3.0,4.0,4.333333333333333,6.125,2.375,3.40625,7.03125,0.35542168674698793,0.49575070821529743,-1.9779411764705879,0.1838235294117645,0.3584558823529411,-0.648897058823529,2,17,17,0.5,Y,4,EA,2229,2210,19,66.0,164
darlihe01w,5,MIN,0,G,0,33,22,707,140,67,115,30,4,74,83,4.242424242424242,2.0303030303030303,3.484848484848485,0.9090909090909091,0.12121212121212122,21.424242424242426,2.242424242424242,43,130,0.33076923076923076,42,63,0.6666666666666666,12,55,0.21818181818181817,0.32775106082036776,0.443824499112351,1.554054054054054,5.2727272727272725,1,2,7,3,3,3.5,1.5,1.5,4.147058823529412,2.5588235294117645,3.764705882352941,6.382352941176471,0.3076923076923077,0.437779433681073,0.09536541889483008,-0.5285204991087342,-0.27985739750445626,-1.1096256684491985,3,18,16,0.5294117647058824,Y,3,WE,2165,2190,-25,66.0,164
darlihe01w,6,CHA,0,G,0,31,11,600,107,47,83,41,0,51,73,3.4516129032258065,1.5161290322580645,2.6774193548387095,1.3225806451612903,0.0,19.35483870967742,1.6451612903225807,27,88,0.3068181818181818,43,58,0.7413793103448276,10,32,0.3125,0.27419999999999994,0.4712825933756166,1.6274509803921569,4.870967741935484,0,0,0,0,0,0.0,0.0,0.0,4.242424242424242,2.0303030303030303,3.484848484848485,5.2727272727272725,0.33076923076923076,0.443824499112351,-0.7908113391984357,-0.5141739980449658,-0.8074291300097753,-0.4017595307917885,4,6,28,0.17647058823529413,N,6,EA,2095,2335,-240,66.0,164
darlihe01w,7,CHA,0,G,0,29,29,607,158,59,82,35,3,73,76,5.448275862068965,2.0344827586206895,2.8275862068965516,1.206896551724138,0.10344827586206896,20.93103448275862,2.5172413793103448,51,138,0.3695652173913043,38,55,0.6909090909090909,18,47,0.3829787234042553,0.3874794069192751,0.4870530209617756,1.1232876712328768,5.517241379310345,0,0,0,0,0,0.0,0.0,0.0,3.4516129032258065,1.5161290322580645,2.6774193548387095,4.870967741935484,0.3068181818181818,0.4712825933756166,1.9966629588431588,0.518353726362625,0.15016685205784208,0.6462736373748612,5,11,23,0.3235294117647059,N,6,EA,2456,2571,-115,66.0,164
darlihe01w,8,SAS,0,G,0,33,19,684,134,69,103,45,1,53,84,4.0606060606060606,2.090909090909091,3.121212121212121,1.3636363636363635,0.030303030303030304,20.727272727272727,1.606060606060606,46,120,0.38333333333333336,27,35,0.7714285714285715,15,41,0.36585365853658536,0.2754385964912281,0.49483013293943867,1.9433962264150944,6.575757575757576,1,5,42,17,19,8.4,3.4,3.8,5.448275862068965,2.0344827586206895,2.8275862068965516,5.517241379310345,0.3695652173913043,0.4870530209617756,-1.3876698014629048,0.056426332288401326,0.2936259143155695,1.058516196447231,6,20,14,0.5882352941176471,Y,2,WE,2517,2484,33,66.0,164
darlihe01w,9,SAS,0,G,0,31,14,580,108,73,54,33,3,45,67,3.4838709677419355,2.3548387096774195,1.7419354838709677,1.064516129032258,0.0967741935483871,18.70967741935484,1.4516129032258065,33,123,0.2682926829268293,30,38,0.7894736842105263,12,60,0.2,0.31848275862068964,0.3864872602347552,1.2,4.129032258064516,1,6,12,7,5,2.0,1.1666666666666667,0.8333333333333334,4.0606060606060606,2.090909090909091,3.121212121212121,6.575757575757576,0.38333333333333336,0.49483013293943867,-0.576735092864125,0.26392961876832866,-1.3792766373411534,-2.44672531769306,7,24,10,0.7058823529411765,Y,1,WE,2546,2418,128,66.0,164
darlihe01w,10,SAS,0,G,0,34,13,642,104,61,100,30,5,40,79,3.0588235294117645,1.7941176470588236,2.9411764705882355,0.8823529411764706,0.14705882352941177,18.88235294117647,1.1764705882352942,27,109,0.24770642201834864,37,55,0.6727272727272727,13,44,0.29545454545454547,0.26978193146417445,0.3903903903903904,2.5,4.705882352941177,1,3,4,4,3,1.3333333333333333,1.3333333333333333,1.0,3.4838709677419355,2.3548387096774195,1.7419354838709677,4.129032258064516,0.2682926829268293,0.3864872602347552,-0.425047438330171,-0.5607210626185959,1.1992409867172678,0.5768500948766606,8,15,19,0.4411764705882353,Y,4,WE,2615,2661,-46,66.0,164
davenje01w,8,NYL,0,C,0,33,13,382,176,88,9,7,29,44,65,5.333333333333333,2.6666666666666665,0.2727272727272727,0.21212121212121213,0.8787878787878788,11.575757575757576,1.3333333333333333,61,137,0.44525547445255476,54,66,0.8181818181818182,0,1,0.0,0.5498429319371727,0.5299927728258251,0.20454545454545456,5.363636363636363,1,2,3,3,0,1.5,1.5,0.0,,,,,,,,,,,0,16,18,0.47058823529411764,Y,4,EA,2413,2501,-88,77.0,215
davenje01w,9,NYL,0,C,0,14,3,154,65,40,4,4,10,18,27,4.642857142857143,2.857142857142857,0.2857142857142857,0.2857142857142857,0.7142857142857143,11.0,1.2857142857142858,28,59,0.4745762711864407,9,15,0.6,0,0,0.0,0.5428571428571428,0.49542682926829273,0.2222222222222222,4.857142857142857,1,4,10,5,0,2.5,1.25,0.0,5.333333333333333,2.6666666666666665,0.2727272727272727,5.363636363636363,0.44525547445255476,0.5299927728258251,-0.6904761904761898,0.1904761904761907,0.012987012987012991,-0.5064935064935066,1,19,15,0.5588235294117647,Y,3,EA,2573,2538,35,77.0,215
davenje01w,10,IND,0,C,0,27,0,181,72,40,6,7,14,21,38,2.6666666666666665,1.4814814814814814,0.2222222222222222,0.25925925925925924,0.5185185185185185,6.703703703703703,0.7777777777777778,29,55,0.5272727272727272,14,20,0.7,0,0,0.0,0.4685082872928177,0.5642633228840126,0.2857142857142857,3.185185185185185,1,9,37,11,3,4.111111111111111,1.2222222222222223,0.3333333333333333,4.642857142857143,2.857142857142857,0.2857142857142857,4.857142857142857,0.4745762711864407,0.49542682926829273,-1.9761904761904767,-1.3756613756613758,-0.06349206349206349,-1.6719576719576716,2,22,12,0.6470588235294118,Y,1,EA,2606,2501,105,77.0,215
davisbr01w,7,LAS,0,G,0,14,0,118,41,13,8,5,1,5,11,2.9285714285714284,0.9285714285714286,0.5714285714285714,0.35714285714285715,0.07142857142857142,8.428571428571429,0.35714285714285715,14,53,0.2641509433962264,6,10,0.6,7,33,0.21212121212121213,0.5288135593220339,0.35714285714285715,1.6,1.4285714285714286,0,0,0,0,0,0.0,0.0,0.0,,,,,,,,,,,0,25,9,0.7352941176470589,Y,1,WE,2575,2476,99,72.0,172
davisde01w,8,HOU,0,G,0,3,0,19,6,0,0,0,0,5,2,2.0,0.0,0.0,0.0,0.0,6.333333333333333,1.6666666666666667,2,6,0.3333333333333333,0,0,0.0,2,3,0.6666666666666666,0.5789473684210527,0.5,0.0,-1.0,0,0,0,0,0,0.0,0.0,0.0,,,,,,,,,,,0,13,21,0.38235294117647056,N,5,WE,2510,2628,-118,67.0,138
davista02w,10,DET,0,G,0,1,0,4,2,2,0,0,0,0,0,2.0,2.0,0.0,0.0,0.0,4.0,0.0,1,5,0.2,0,1,0.0,0,3,0.0,1.36,0.1838235294117647,0.0,-1.0,0,0,0,0,0,0.0,0.0,0.0,,,,,,,,,,,0,18,16,0.5294117647058824,Y,3,EA,2652,2644,8,71.0,0
deforan01w,1,DET,0,G,0,27,10,433,145,47,47,27,4,33,34,5.37037037037037,1.7407407407407407,1.7407407407407407,1.0,0.14814814814814814,16.037037037037038,1.2222222222222223,51,126,0.40476190476190477,25,32,0.78125,18,56,0.32142857142857145,0.39972286374133953,0.5175613934894345,1.4242424242424243,5.7407407407407405,0,0,0,0,0,0.0,0.0,0.0,,,,,,,,,,,0,14,18,0.4375,N,5,EA,2331,2426,-95,70.0,160
deforan01w,4,PHO,0,G,0,34,27,1065,405,105,72,51,12,53,61,11.911764705882353,3.088235294117647,2.1176470588235294,1.5,0.35294117647058826,31.323529411764707,1.5588235294117647,147,357,0.4117647058823529,50,69,0.7246376811594203,61,148,0.41216216216216217,0.4134835680751174,0.5227695167286245,1.3584905660377358,10.676470588235293,0,0,0,0,0,0.0,0.0,0.0,5.37037037037037,1.7407407407407407,1.7407407407407407,5.7407407407407405,0.40476190476190477,0.5175613934894345,6.541394335511983,1.3474945533769065,0.37690631808278874,4.935729847494553,1,8,26,0.23529411764705882,N,7,WE,2097,2270,-173,70.0,160
deforan01w,5,PHO,0,G,0,34,34,1152,488,123,107,51,8,68,51,14.352941176470589,3.6176470588235294,3.1470588235294117,1.5,0.23529411764705882,33.88235294117647,2.0,165,396,0.4166666666666667,88,102,0.8627450980392157,70,181,0.3867403314917127,0.4417361111111111,0.5534385773906733,1.5735294117647058,13.647058823529411,0,0,0,0,0,0.0,0.0,0.0,11.911764705882353,3.088235294117647,2.1176470588235294,10.676470588235293,0.4117647058823529,0.5227695167286245,2.4411764705882355,0.5294117647058822,1.0294117647058822,2.9705882352941178,2,17,17,0.5,N,5,WE,2300,2235,65,70.0,160
deforan01w,6,PHO,0,G,0,33,33,1131,433,114,80,41,7,81,66,13.121212121212121,3.4545454545454546,2.4242424242424243,1.2424242424242424,0.21212121212121213,34.27272727272727,2.4545454545454546,142,364,0.3901098901098901,102,120,0.85,47,144,0.3263888888888889,0.44014146772767465,0.5194337811900192,0.9876543209876543,10.727272727272727,0,0,0,0,0,0.0,0.0,0.0,14.352941176470589,3.6176470588235294,3.1470588235294117,13.647058823529411,0.4166666666666667,0.5534385773906733,-1.2317290552584677,-0.16310160427807485,-0.7228163992869874,-2.9197860962566846,3,16,18,0.47058823529411764,N,5,WE,2361,2354,7,70.0,160
deforan01w,7,IND,0,G,0,34,34,1001,348,146,76,39,9,55,58,10.235294117647058,4.294117647058823,2.235294117647059,1.1470588235294117,0.2647058823529412,29.441176470588236,1.6176470588235294,123,313,0.3929712460063898,54,66,0.8181818181818182,48,127,0.3779527559055118,0.39664335664335665,0.5087124312945854,1.3818181818181818,10.617647058823529,1,2,12,7,3,6.0,3.5,1.5,13.121212121212121,3.4545454545454546,2.4242424242424243,10.727272727272727,0.3901098901098901,0.5194337811900192,-2.885918003565063,0.8395721925133688,-0.18894830659536543,-0.10962566844919763,4,21,13,0.6176470588235294,Y,3,EA,2435,2316,119,70.0,160
deforan01w,8,IND,0,G,0,34,34,795,296,111,52,26,4,46,36,8.705882352941176,3.264705882352941,1.5294117647058822,0.7647058823529411,0.11764705882352941,23.38235294117647,1.3529411764705883,112,268,0.417910447761194,29,32,0.90625,43,105,0.4095238095238095,0.41267924528301886,0.5246738513896767,1.1304347826086956,8.352941176470589,1,6,101,22,6,16.833333333333332,3.6666666666666665,1.0,10.235294117647058,4.294117647058823,2.235294117647059,10.617647058823529,0.3929712460063898,0.5087124312945854,-1.5294117647058822,-1.0294117647058822,-0.7058823529411766,-2.2647058823529402,5,21,13,0.6176470588235294,Y,2,EA,2480,2370,110,70.0,160
deforan01w,9,MIN,0,G,0,34,34,847,288,103,59,27,5,31,52,8.470588235294118,3.0294117647058822,1.7352941176470589,0.7941176470588235,0.14705882352941177,24.91176470588235,0.9117647058823529,106,271,0.39114391143911437,29,38,0.7631578947368421,47,129,0.3643410852713178,0.37629279811098,0.5004865841790629,1.903225806451613,8.147058823529411,0,0,0,0,0,0.0,0.0,0.0,8.705882352941176,3.264705882352941,1.5294117647058822,8.352941176470589,0.417910447761194,0.5246738513896767,-0.235294117647058,-0.23529411764705888,0.20588235294117663,-0.20588235294117752,6,16,18,0.47058823529411764,N,7,WE,2767,2721,46,70.0,160
deforan01w,10,DET,0,G,0,7,7,113,10,20,10,4,0,7,7,1.4285714285714286,2.857142857142857,1.4285714285714286,0.5714285714285714,0.0,16.142857142857142,1.0,5,18,0.2777777777777778,0,0,0.0,0,4,0.0,0.22123893805309736,0.2777777777777778,1.4285714285714286,3.4285714285714284,0,0,0,0,0,0.0,0.0,0.0,8.470588235294118,3.0294117647058822,1.7352941176470589,8.147058823529411,0.39114391143911437,0.5004865841790629,-7.042016806722689,-0.17226890756302504,-0.3067226890756303,-4.718487394957982,7,18,16,0.5294117647058824,Y,3,EA,2652,2644,8,70.0,160
derevje01w,5,CON,0,G,0,23,0,140,19,9,14,8,0,10,20,0.8260869565217391,0.391304347826087,0.6086956521739131,0.34782608695652173,0.0,6.086956521739131,0.43478260869565216,7,26,0.2692307692307692,2,2,1.0,3,12,0.25,0.2634285714285714,0.35342261904761907,1.4,0.9130434782608695,1,1,0,0,0,0.0,0.0,0.0,,,,,,,,,,,0,18,16,0.5294117647058824,Y,1,EA,2335,2304,31,70.0,140
derevje01w,6,CON,0,G,0,34,1,359,24,30,40,11,2,26,47,0.7058823529411765,0.8823529411764706,1.1764705882352942,0.3235294117647059,0.058823529411764705,10.558823529411764,0.7647058823529411,8,22,0.36363636363636365,7,16,0.4375,1,7,0.14285714285714285,0.15331476323119778,0.4132231404958678,1.5384615384615385,1.7058823529411764,1,8,6,4,14,0.75,0.5,1.75,0.8260869565217391,0.391304347826087,0.6086956521739131,0.9130434782608695,0.2692307692307692,0.35342261904761907,-0.12020460358056262,0.4910485933503836,0.5677749360613811,0.7928388746803069,1,26,8,0.7647058823529411,Y,1,EA,2474,2244,230,70.0,140
derevje01w,7,PHO,0,G,0,31,8,467,96,57,68,23,7,25,42,3.096774193548387,1.8387096774193548,2.193548387096774,0.7419354838709677,0.22580645161290322,15.064516129032258,0.8064516129032258,38,75,0.5066666666666667,16,26,0.6153846153846154,4,15,0.26666666666666666,0.23862955032119915,0.5552984729291994,2.72,5.774193548387097,0,0,0,0,0,0.0,0.0,0.0,0.7058823529411765,0.8823529411764706,1.1764705882352942,1.7058823529411764,0.36363636363636365,0.4132231404958678,2.3908918406072104,0.9563567362428842,1.0170777988614799,4.06831119544592,2,18,16,0.5294117647058824,N,5,WE,2960,2879,81,70.0,140
derevje01w,8,PHO,0,G,0,23,0,200,36,23,24,6,1,16,18,1.565217391304348,1.0,1.0434782608695652,0.2608695652173913,0.043478260869565216,8.695652173913043,0.6956521739130435,13,30,0.43333333333333335,9,11,0.8181818181818182,1,10,0.1,0.25420000000000004,0.5166475315729047,1.5,2.391304347826087,1,1,0,0,0,0.0,0.0,0.0,3.096774193548387,1.8387096774193548,2.193548387096774,5.774193548387097,0.5066666666666667,0.5552984729291994,-1.5315568022440391,-0.8387096774193548,-1.1500701262272088,-3.38288920056101,3,23,11,0.6764705882352942,Y,1,WE,3025,2904,121,70.0,140
derevje01w,9,PHO,0,G,0,17,0,145,14,17,27,2,4,10,17,0.8235294117647058,1.0,1.588235294117647,0.11764705882352941,0.23529411764705882,8.529411764705882,0.5882352941176471,5,19,0.2631578947368421,3,4,0.75,1,8,0.125,0.21213793103448278,0.33718689788053946,2.7,2.2941176470588234,0,0,0,0,0,0.0,0.0,0.0,1.565217391304348,1.0,1.0434782608695652,2.391304347826087,0.43333333333333335,0.5166475315729047,-0.741687979539642,0.0,0.5447570332480818,-0.09718670076726355,4,16,18,0.47058823529411764,N,6,WE,3010,3009,1,70.0,140
desouer01w,3,LAS,0,F-C,0,11,0,41,12,14,2,3,0,6,14,1.0909090909090908,1.2727272727272727,0.18181818181818182,0.2727272727272727,0.0,3.727272727272727,0.5454545454545454,5,14,0.35714285714285715,2,10,0.2,0,0,0.0,0.5951219512195122,0.32608695652173914,0.3333333333333333,0.7272727272727273,1,1,3,1,0,3.0,1.0,0.0,,,,,,,,,,,0,25,7,0.78125,Y,1,WE,2452,2235,217,77.0,190
desouer01w,8,CON,0,F-C,0,32,2,391,136,97,14,7,29,35,55,4.25,3.03125,0.4375,0.21875,0.90625,12.21875,1.09375,63,118,0.5338983050847458,10,21,0.47619047619047616,0,0,0.0,0.4149360613810742,0.534423137378183,0.4,5.6875,1,1,0,0,1,0.0,0.0,1.0,1.0909090909090908,1.2727272727272727,0.18181818181818182,0.7272727272727273,0.35714285714285715,0.32608695652173914,3.159090909090909,1.7585227272727273,0.2556818181818182,4.9602272727272725,1,18,16,0.5294117647058824,Y,3,EA,2675,2593,82,77.0,190
desouer01w,9,ATL,0,F-C,0,12,8,277,112,79,8,17,21,20,48,9.333333333333334,6.583333333333333,0.6666666666666666,1.4166666666666667,1.75,23.083333333333332,1.6666666666666667,48,82,0.5853658536585366,16,26,0.6153846153846154,0,0,0.0,0.4095306859205776,0.5993150684931507,0.4,14.416666666666666,0,0,0,0,0,0.0,0.0,0.0,4.25,3.03125,0.4375,5.6875,0.5338983050847458,0.534423137378183,5.083333333333334,3.552083333333333,0.22916666666666663,8.729166666666666,2,4,30,0.11764705882352941,N,7,EA,2534,2879,-345,77.0,190
desouer01w,10,ATL,0,F-C,0,34,34,928,402,309,38,32,44,70,117,11.823529411764707,9.088235294117647,1.1176470588235294,0.9411764705882353,1.2941176470588236,27.294117647058822,2.0588235294117645,170,322,0.5279503105590062,62,95,0.6526315789473685,0,0,0.0,0.4674568965517242,0.5525013743815282,0.5428571428571428,16.764705882352942,1,2,23,14,2,11.5,7.0,1.0,9.333333333333334,6.583333333333333,0.6666666666666666,14.416666666666666,0.5853658536585366,0.5993150684931507,2.4901960784313726,2.5049019607843137,0.4509803921568628,2.348039215686276,3,18,16,0.5294117647058824,Y,2,EA,2861,2797,64,77.0,190
dickeke01w,1,MIN,0,F,0,32,29,791,142,141,59,37,2,70,107,4.4375,4.40625,1.84375,1.15625,0.0625,24.71875,2.1875,54,142,0.38028169014084506,34,45,0.7555555555555555,0,2,0.0,0.29304677623261693,0.43881334981458586,0.8428571428571429,6.625,0,0,0,0,0,0.0,0.0,0.0,,,,,,,,,,,0,15,17,0.46875,N,6,WE,2193,2188,5,71.0,165
dickeke01w,2,UTA,0,F,0,4,0,6,0,1,1,0,0,0,0,0.0,0.25,0.25,0.0,0.0,1.5,0.0,0,0,0.0,0,4,0.0,0,0,0.0,0.29333333333333333,0.0,1.0,-0.5,0,0,0,0,0,0.0,0.0,0.0,4.4375,4.40625,1.84375,6.625,0.38028169014084506,0.43881334981458586,-4.4375,-4.15625,-1.59375,-7.125,1,19,13,0.59375,Y,3,WE,2207,2192,15,71.0,165
dillata01w,4,SAS,0,G,0,24,0,168,41,15,15,7,4,14,22,1.7083333333333333,0.625,0.625,0.2916666666666667,0.16666666666666666,7.0,0.5833333333333334,16,65,0.24615384615384617,5,6,0.8333333333333334,4,23,0.17391304347826086,0.48595238095238097,0.30307510348905975,1.0714285714285714,0.75,0,0,0,0,0,0.0,0.0,0.0,,,,,,,,,,,0,12,22,0.35294117647058826,N,6,WE,2215,2427,-212,69.0,154
dillata01w,5,SAS,0,G,0,23,0,205,37,14,19,4,1,14,18,1.608695652173913,0.6086956521739131,0.8260869565217391,0.17391304347826086,0.043478260869565216,8.91304347826087,0.6086956521739131,16,54,0.2962962962962963,0,1,0.0,5,18,0.2777777777777778,0.33385365853658533,0.33982365907421014,1.3571428571428572,0.9565217391304348,0,0,0,0,0,0.0,0.0,0.0,1.7083333333333333,0.625,0.625,0.75,0.24615384615384617,0.30307510348905975,-0.09963768115942018,-0.016304347826086918,0.20108695652173914,0.2065217391304348,1,9,25,0.2647058823529412,N,7,WE,2191,2364,-173,69.0,154
dillata01w,6,SAS,0,G,0,10,0,51,9,6,3,2,0,3,5,0.9,0.6,0.3,0.2,0.0,5.1,0.3,4,16,0.25,1,4,0.25,0,3,0.0,0.4070588235294118,0.25337837837837834,1.0,0.2,0,0,0,0,0,0.0,0.0,0.0,1.608695652173913,0.6086956521739131,0.8260869565217391,0.9565217391304348,0.2962962962962963,0.33982365907421014,-0.7086956521739131,-0.008695652173913104,-0.5260869565217392,-0.7565217391304349,2,7,27,0.20588235294117646,N,7,WE,2141,2401,-260,69.0,154
dixonta01w,1,LAS,0,G,0,31,31,882,338,105,96,40,10,60,86,10.903225806451612,3.3870967741935485,3.096774193548387,1.2903225806451613,0.3225806451612903,28.451612903225808,1.935483870967742,132,291,0.4536082474226804,62,77,0.8051948051948052,12,34,0.35294117647058826,0.4363718820861678,0.520192070918493,1.6,11.451612903225806,1,4,47,11,16,11.75,2.75,4.0,,,,,,,,,,,0,28,4,0.875,Y,1,WE,2417,2169,248,69.0,148
dixonta01w,2,LAS,0,G,0,29,29,925,340,85,114,27,2,71,52,11.724137931034482,2.9310344827586206,3.9310344827586206,0.9310344827586207,0.06896551724137931,31.896551724137932,2.4482758620689653,133,319,0.4169278996865204,68,86,0.7906976744186046,6,34,0.17647058823529413,0.4625297297297298,0.4764039905840152,1.6056338028169015,10.10344827586207,1,7,95,17,29,13.571428571428571,2.4285714285714284,4.142857142857143,10.903225806451612,3.3870967741935485,3.096774193548387,11.451612903225806,0.4536082474226804,0.520192070918493,0.8209121245828701,-0.45606229143492794,0.8342602892102335,-1.3481646273637367,1,28,4,0.875,Y,1,WE,2441,2166,275,69.0,148
dixonta01w,3,LAS,0,G,0,30,30,958,319,92,119,28,5,82,74,10.633333333333333,3.066666666666667,3.966666666666667,0.9333333333333333,0.16666666666666666,31.933333333333334,2.7333333333333334,125,320,0.390625,49,59,0.8305084745762712,20,57,0.3508771929824561,0.4467223382045929,0.46103595791420976,1.451219512195122,9.2,1,5,61,20,17,12.2,4.0,3.4,11.724137931034482,2.9310344827586206,3.9310344827586206,10.10344827586207,0.4169278996865204,0.4764039905840152,-1.0908045977011493,0.13563218390804632,0.03563218390804623,-0.9034482758620701,2,25,7,0.78125,Y,1,WE,2452,2235,217,69.0,148
dixonta01w,4,LAS,0,G,0,30,30,1042,412,126,89,35,10,69,83,13.733333333333333,4.2,2.966666666666667,1.1666666666666667,0.3333333333333333,34.733333333333334,2.3,159,364,0.4368131868131868,83,94,0.8829787234042553,11,52,0.21153846153846154,0.45523992322456813,0.5081902506414051,1.289855072463768,12.9,1,9,110,29,29,12.222222222222221,3.2222222222222223,3.2222222222222223,10.633333333333333,3.066666666666667,3.966666666666667,9.2,0.390625,0.46103595791420976,3.0999999999999996,1.1333333333333333,-1.0,3.700000000000001,3,24,10,0.7058823529411765,Y,1,WE,2499,2432,67,69.0,148
dixonta01w,5,LAS,0,G,0,32,21,913,311,110,112,36,1,71,86,9.71875,3.4375,3.5,1.125,0.03125,28.53125,2.21875,119,269,0.4423791821561338,68,87,0.7816091954022989,5,11,0.45454545454545453,0.41432639649507114,0.5060531111689665,1.5774647887323943,10.3125,1,3,31,17,9,10.333333333333334,5.666666666666667,3.0,13.733333333333333,4.2,2.966666666666667,12.9,0.4368131868131868,0.5081902506414051,-4.0145833333333325,-0.7625000000000002,0.5333333333333332,-2.5875000000000004,4,25,9,0.7352941176470589,Y,1,WE,2495,2361,134,69.0,148
dixonta01w,6,LAS,0,G,0,30,23,607,160,67,77,24,2,40,73,5.333333333333333,2.2333333333333334,2.566666666666667,0.8,0.06666666666666667,20.233333333333334,1.3333333333333333,63,154,0.4090909090909091,34,40,0.85,0,5,0.0,0.3485996705107084,0.46620046620046623,1.925,6.433333333333334,1,2,2,1,2,1.0,0.5,1.0,9.71875,3.4375,3.5,10.3125,0.4423791821561338,0.5060531111689665,-4.385416666666667,-1.2041666666666666,-0.9333333333333331,-3.8791666666666664,5,17,17,0.5,Y,4,WE,2326,2345,-19,69.0,148
dixonta01w,7,HOU,0,G,0,23,14,591,162,60,54,13,2,58,63,7.043478260869565,2.608695652173913,2.347826086956522,0.5652173913043478,0.08695652173913043,25.695652173913043,2.5217391304347827,69,171,0.40350877192982454,23,28,0.8214285714285714,1,9,0.1111111111111111,0.4083248730964467,0.4418503163866463,0.9310344827586207,5.478260869565218,1,2,11,8,5,5.5,4.0,2.5,5.333333333333333,2.2333333333333334,2.566666666666667,6.433333333333334,0.4090909090909091,0.46620046620046623,1.7101449275362324,0.3753623188405797,-0.21884057971014492,-0.9550724637681158,6,18,16,0.5294117647058824,Y,3,WE,2507,2449,58,69.0,148
dixonta01w,8,HOU,0,G,0,18,0,490,216,57,57,24,6,38,42,12.0,3.1666666666666665,3.1666666666666665,1.3333333333333333,0.3333333333333333,27.22222222222222,2.111111111111111,90,205,0.43902439024390244,31,36,0.8611111111111112,5,17,0.29411764705882354,0.5282448979591837,0.4890418402463322,1.5,11.222222222222221,0,0,0,0,0,0.0,0.0,0.0,7.043478260869565,2.608695652173913,2.347826086956522,5.478260869565218,0.40350877192982454,0.4418503163866463,4.956521739130435,0.5579710144927534,0.8188405797101446,5.743961352657004,7,13,21,0.38235294117647056,N,5,WE,2510,2628,-118,69.0,148
dixonta01w,9,HOU,0,G,0,24,20,634,216,76,44,25,3,48,63,9.0,3.1666666666666665,1.8333333333333333,1.0416666666666667,0.125,26.416666666666668,2.0,89,221,0.40271493212669685,36,42,0.8571428571428571,2,13,0.15384615384615385,0.4534384858044164,0.4509771170870219,0.9166666666666666,7.416666666666667,0,0,0,0,0,0.0,0.0,0.0,12.0,3.1666666666666665,3.1666666666666665,11.222222222222221,0.43902439024390244,0.4890418402463322,-3.0,0.0,-1.3333333333333333,-3.8055555555555545,8,17,17,0.5,N,5,WE,2561,2606,-45,69.0,148
dixonta01w,10,IND,0,G,0,32,1,424,132,51,37,12,3,27,45,4.125,1.59375,1.15625,0.375,0.09375,13.25,0.84375,55,134,0.41044776119402987,18,21,0.8571428571428571,4,10,0.4,0.4015094339622642,0.460765149399609,1.3703703703703705,3.9375,1,10,21,7,2,2.1,0.7,0.2,9.0,3.1666666666666665,1.8333333333333333,7.416666666666667,0.40271493212669685,0.4509771170870219,-4.875,-1.5729166666666665,-0.6770833333333333,-3.479166666666667,9,22,12,0.6470588235294118,Y,1,EA,2606,2501,105,69.0,148
donapbe01w,4,NYL,0,F-C,0,1,0,2,0,0,0,0,0,0,0,0.0,0.0,0.0,0.0,0.0,2.0,0.0,0,0,0.0,0,0,0.0,0,0,0.0,0.0,0.0,0.0,0.0,0,0,0,0,0,0.0,0.0,0.0,,,,,,,,,,,0,16,18,0.47058823529411764,N,6,EA,2243,2256,-13,74.0,195
donapbe01w,5,NYL,0,F-C,0,26,16,479,131,71,16,11,8,21,60,5.038461538461538,2.730769230769231,0.6153846153846154,0.4230769230769231,0.3076923076923077,18.423076923076923,0.8076923076923077,49,106,0.46226415094339623,33,61,0.5409836065573771,0,0,0.0,0.32116910229645096,0.4930743751881963,0.7619047619047619,5.038461538461538,1,5,22,11,2,4.4,2.2,0.4,0.0,0.0,0.0,0.0,0.0,0.0,5.038461538461538,2.730769230769231,0.6153846153846154,5.038461538461538,1,18,16,0.5294117647058824,Y,2,EA,2252,2297,-45,74.0,195
doronsh01w,8,NYL,0,G,0,7,2,35,10,3,0,3,0,1,2,1.4285714285714286,0.42857142857142855,0.0,0.42857142857142855,0.0,5.0,0.14285714285714285,4,11,0.36363636363636365,1,2,0.5,1,1,1.0,0.36800000000000005,0.42087542087542085,0.0,1.0,1,1,0,0,0,0.0,0.0,0.0,,,,,,,,,,,0,16,18,0.47058823529411764,Y,4,EA,2413,2501,-88,69.0,145
dossaci01w,1,ORL,0,C,0,32,31,820,228,124,38,16,63,54,111,7.125,3.875,1.1875,0.5,1.96875,25.625,1.6875,94,222,0.42342342342342343,40,57,0.7017543859649122,0,1,0.0,0.3671707317073171,0.46138902379796015,0.7037037037037037,8.4375,1,3,18,8,3,6.0,2.6666666666666665,1.0,,,,,,,,,,,0,16,16,0.5,Y,3,EA,2208,2233,-25,77.0,187
dossaci01w,2,ORL,0,C,0,10,0,65,19,6,2,3,5,7,18,1.9,0.6,0.2,0.3,0.5,6.5,0.7,7,19,0.3684210526315789,5,6,0.8333333333333334,0,0,0.0,0.44061538461538463,0.4390018484288355,0.2857142857142857,1.5,0,0,0,0,0,0.0,0.0,0.0,7.125,3.875,1.1875,8.4375,0.42342342342342343,0.46138902379796015,-5.225,-3.275,-0.9875,-6.9375,1,13,19,0.40625,N,5,EA,2140,2205,-65,77.0,187
dossaci01w,3,ORL,0,C,0,26,0,260,88,35,10,4,13,20,48,3.3846153846153846,1.3461538461538463,0.38461538461538464,0.15384615384615385,0.5,10.0,0.7692307692307693,26,53,0.49056603773584906,36,46,0.782608695652174,0,1,0.0,0.3586153846153846,0.6007646095030038,0.5,3.576923076923077,0,0,0,0,0,0.0,0.0,0.0,1.9,0.6,0.2,1.5,0.3684210526315789,0.4390018484288355,1.4846153846153847,0.7461538461538463,0.18461538461538463,2.076923076923077,2,16,16,0.5,N,5,EA,2254,2255,-1,77.0,187
douglka01w,2,ORL,0,G-F,0,22,0,439,154,51,39,37,7,44,34,7.0,2.3181818181818183,1.7727272727272727,1.6818181818181819,0.3181818181818182,19.954545454545453,2.0,51,141,0.3617021276595745,34,47,0.723404255319149,18,57,0.3157894736842105,0.4685193621867882,0.47624938149430973,0.8863636363636364,6.409090909090909,0,0,0,0,0,0.0,0.0,0.0,,,,,,,,,,,0,13,19,0.40625,N,5,EA,2140,2205,-65,72.0,167
douglka01w,3,ORL,0,G-F,0,32,30,830,271,135,53,49,13,42,66,8.46875,4.21875,1.65625,1.53125,0.40625,25.9375,1.3125,92,205,0.44878048780487806,58,67,0.8656716417910447,29,79,0.3670886075949367,0.33310843373493976,0.5778744455817127,1.2619047619047619,11.15625,0,0,0,0,0,0.0,0.0,0.0,7.0,2.3181818181818183,1.7727272727272727,6.409090909090909,0.3617021276595745,0.47624938149430973,1.46875,1.9005681818181817,-0.11647727272727271,4.747159090909091,1,16,16,0.5,N,5,EA,2254,2255,-1,72.0,167
douglka01w,4,CON,0,G-F,0,28,27,843,336,106,56,31,11,28,38,12.0,3.7857142857142856,2.0,1.1071428571428572,0.39285714285714285,30.107142857142858,1.0,120,274,0.43795620437956206,49,68,0.7205882352941176,47,123,0.3821138211382114,0.3937366548042705,0.5527770465912082,2.0,12.107142857142858,1,4,29,10,12,7.25,2.5,3.0,8.46875,4.21875,1.65625,11.15625,0.44878048780487806,0.5778744455817127,3.53125,-0.4330357142857144,0.34375,0.9508928571428577,2,18,16,0.5294117647058824,Y,3,EA,2384,2409,-25,72.0,167
douglka01w,5,CON,0,G-F,0,34,34,1120,364,132,90,50,13,52,73,10.705882352941176,3.8823529411764706,2.6470588235294117,1.4705882352941178,0.38235294117647056,32.94117647058823,1.5294117647058822,125,321,0.3894080996884735,61,77,0.7922077922077922,53,153,0.3464052287581699,0.36328571428571427,0.5128494138863842,1.7307692307692308,11.323529411764707,1,8,82,32,22,10.25,4.0,2.75,12.0,3.7857142857142856,2.0,12.107142857142858,0.43795620437956206,0.5527770465912082,-1.2941176470588243,0.09663865546218497,0.6470588235294117,-0.7836134453781511,3,18,16,0.5294117647058824,Y,1,EA,2335,2304,31,72.0,167
douglka01w,6,CON,0,G-F,0,32,32,998,351,130,94,48,4,54,57,10.96875,4.0625,2.9375,1.5,0.125,31.1875,1.6875,119,288,0.4131944444444444,82,106,0.7735849056603774,31,110,0.2818181818181818,0.3894188376753507,0.5244441788190294,1.7407407407407407,11.875,1,8,96,37,18,12.0,4.625,2.25,10.705882352941176,3.8823529411764706,2.6470588235294117,11.323529411764707,0.3894080996884735,0.5128494138863842,0.26286764705882426,0.18014705882352944,0.2904411764705883,0.5514705882352935,4,26,8,0.7647058823529411,Y,1,EA,2474,2244,230,72.0,167
douglka01w,7,CON,0,G-F,0,32,32,1003,525,121,79,62,4,73,48,16.40625,3.78125,2.46875,1.9375,0.125,31.34375,2.28125,179,404,0.4430693069306931,94,112,0.8392857142857143,73,173,0.42196531791907516,0.5247058823529411,0.5791122484998236,1.082191780821918,14.84375,1,4,48,15,10,12.0,3.75,2.5,10.96875,4.0625,2.9375,11.875,0.4131944444444444,0.5244441788190294,5.4375,-0.28125,-0.46875,2.96875,5,26,8,0.7647058823529411,Y,1,EA,2683,2417,266,72.0,167
douglka01w,8,CON,0,G-F,0,34,34,1133,577,158,125,65,10,95,67,16.970588235294116,4.647058823529412,3.676470588235294,1.911764705882353,0.29411764705882354,33.3235294117647,2.7941176470588234,207,484,0.42768595041322316,95,122,0.7786885245901639,68,201,0.3383084577114428,0.5584112974404236,0.5365644993304568,1.3157894736842106,15.764705882352942,1,3,52,16,10,17.333333333333332,5.333333333333333,3.3333333333333335,16.40625,3.78125,2.46875,14.84375,0.4430693069306931,0.5791122484998236,0.564338235294116,0.8658088235294121,1.207720588235294,0.920955882352942,6,18,16,0.5294117647058824,Y,3,EA,2675,2593,82,72.0,167
douglka01w,9,IND,0,G-F,0,33,33,1134,516,135,106,53,11,100,54,15.636363636363637,4.090909090909091,3.212121212121212,1.606060606060606,0.3333333333333333,34.36363636363637,3.0303030303030303,170,458,0.37117903930131,119,149,0.7986577181208053,57,176,0.32386363636363635,0.5498765432098764,0.4927801971120789,1.06,12.212121212121213,1,3,22,7,7,7.333333333333333,2.3333333333333335,2.3333333333333335,16.970588235294116,4.647058823529412,3.676470588235294,15.764705882352942,0.42768595041322316,0.5365644993304568,-1.3342245989304793,-0.5561497326203213,-0.464349376114082,-3.552584670231729,7,17,17,0.5,Y,4,EA,2473,2457,16,72.0,167
douglka01w,10,IND,0,G-F,0,31,31,1003,547,120,85,56,7,75,45,17.64516129032258,3.870967741935484,2.7419354838709675,1.8064516129032258,0.22580645161290322,32.354838709677416,2.4193548387096775,188,459,0.4095860566448802,105,122,0.860655737704918,66,189,0.3492063492063492,0.5859222333000996,0.5334711711008817,1.1333333333333333,14.580645161290322,1,10,155,35,40,15.5,3.5,4.0,15.636363636363637,4.090909090909091,3.212121212121212,12.212121212121213,0.37117903930131,0.4927801971120789,2.0087976539589434,-0.21994134897360684,-0.4701857282502444,2.3685239491691092,8,22,12,0.6470588235294118,Y,1,EA,2606,2501,105,72.0,167
duffyme01w,7,MIN,0,G,0,31,0,387,105,29,36,9,0,24,37,3.3870967741935485,0.9354838709677419,1.1612903225806452,0.2903225806451613,0.0,12.483870967741936,0.7741935483870968,33,92,0.358695652173913,27,39,0.6923076923076923,12,37,0.32432432432432434,0.3440826873385013,0.48094540124587765,1.5,2.7096774193548385,0,0,0,0,0,0.0,0.0,0.0,,,,,,,,,,,0,10,24,0.29411764705882354,N,7,WE,2523,2735,-212,67.0,135
duffyme01w,8,MIN,0,G,0,5,0,48,7,5,7,1,0,4,7,1.4,1.0,1.4,0.2,0.0,9.6,0.8,1,9,0.1111111111111111,4,4,1.0,1,8,0.125,0.3075,0.3252788104089219,1.75,1.6,0,0,0,0,0,0.0,0.0,0.0,3.3870967741935485,0.9354838709677419,1.1612903225806452,2.7096774193548385,0.358695652173913,0.48094540124587765,-1.9870967741935486,0.06451612903225812,0.23870967741935467,-1.1096774193548384,1,10,24,0.29411764705882354,N,6,WE,2636,2752,-116,67.0,135
duffyme01w,9,NYL,0,G,0,6,0,45,11,2,3,0,0,5,6,1.8333333333333333,0.3333333333333333,0.5,0.0,0.0,7.5,0.8333333333333334,2,6,0.3333333333333333,6,6,1.0,1,4,0.25,0.3031111111111111,0.6365740740740741,0.6,1.1666666666666667,0,0,0,0,0,0.0,0.0,0.0,1.4,1.0,1.4,1.6,0.1111111111111111,0.3252788104089219,0.43333333333333335,-0.6666666666666667,-0.8999999999999999,-0.43333333333333335,2,19,15,0.5588235294117647,Y,3,EA,2573,2538,35,67.0,135
dupreca01w,7,CHI,0,F,0,34,31,1032,467,188,60,43,25,60,72,13.735294117647058,5.529411764705882,1.7647058823529411,1.2647058823529411,0.7352941176470589,30.352941176470587,1.7647058823529411,186,407,0.457002457002457,95,122,0.7786885245901639,0,5,0.0,0.5045348837209302,0.506859425197534,1.0,13.970588235294118,0,0,0,0,0,0.0,0.0,0.0,,,,,,,,,,,0,5,29,0.14705882352941177,N,7,EA,2322,2687,-365,74.0,162
dupreca01w,8,CHI,0,F,0,33,33,1078,544,254,46,29,41,81,82,16.484848484848484,7.696969696969697,1.393939393939394,0.8787878787878788,1.2424242424242424,32.666666666666664,2.4545454545454546,210,471,0.445859872611465,124,160,0.775,0,5,0.0,0.5773654916512059,0.5024011821204285,0.5679012345679012,16.242424242424242,0,0,0,0,0,0.0,0.0,0.0,13.735294117647058,5.529411764705882,1.7647058823529411,13.970588235294118,0.457002457002457,0.506859425197534,2.7495543672014264,2.167557932263815,-0.3707664884135471,2.2718360071301245,1,14,20,0.4117647058823529,N,6,EA,2525,2611,-86,74.0,162
dupreca01w,9,CHI,0,F,0,34,34,1119,555,270,78,36,45,98,78,16.323529411764707,7.9411764705882355,2.2941176470588234,1.0588235294117647,1.3235294117647058,32.911764705882355,2.8823529411764706,208,455,0.45714285714285713,138,177,0.7796610169491526,1,7,0.14285714285714285,0.5637890974084003,0.52075514187059,0.7959183673469388,17.647058823529413,0,0,0,0,0,0.0,0.0,0.0,16.484848484848484,7.696969696969697,1.393939393939394,16.242424242424242,0.445859872611465,0.5024011821204285,-0.1613190730837779,0.24420677361853826,0.9001782531194293,1.4046345811051708,2,12,22,0.35294117647058826,N,5,EA,2472,2510,-38,74.0,162
dupreca01w,10,CHI,0,F,0,34,34,1186,534,268,75,35,41,81,54,15.705882352941176,7.882352941176471,2.2058823529411766,1.0294117647058822,1.2058823529411764,34.88235294117647,2.3823529411764706,204,476,0.42857142857142855,102,130,0.7846153846153846,24,62,0.3870967741935484,0.5178752107925801,0.5007501875468867,0.9259259259259259,16.823529411764707,0,0,0,0,0,0.0,0.0,0.0,16.323529411764707,7.9411764705882355,2.2941176470588234,17.647058823529413,0.45714285714285713,0.52075514187059,-0.6176470588235308,-0.0588235294117645,-0.08823529411764675,-0.8235294117647065,3,16,18,0.47058823529411764,N,5,EA,2573,2693,-120,74.0,162
dydekma01w,1,UTA,0,C,0,32,32,775,294,175,51,18,96,82,114,9.1875,5.46875,1.59375,0.5625,3.0,24.21875,2.5625,105,236,0.4449152542372881,82,103,0.7961165048543689,2,14,0.14285714285714285,0.4688,0.5225366131096261,0.6219512195121951,12.5,0,0,0,0,0,0.0,0.0,0.0,,,,,,,,,,,0,18,14,0.5625,N,5,WE,2413,2407,6,9.0,223
dydekma01w,2,UTA,0,C,0,32,32,970,349,243,64,25,113,90,108,10.90625,7.59375,2.0,0.78125,3.53125,30.3125,2.8125,128,291,0.43986254295532645,87,109,0.7981651376146789,6,15,0.4,0.4422268041237113,0.5148100070804815,0.7111111111111111,16.21875,1,2,28,14,3,14.0,7.0,1.5,9.1875,5.46875,1.59375,12.5,0.4449152542372881,0.5225366131096261,1.71875,2.125,0.40625,3.71875,1,19,13,0.59375,Y,3,WE,2207,2192,15,9.0,223
dydekma01w,3,UTA,0,C,0,30,27,876,394,262,71,25,107,96,99,13.133333333333333,8.733333333333333,2.3666666666666667,0.8333333333333334,3.566666666666667,29.2,3.2,139,319,0.43573667711598746,114,135,0.8444444444444444,2,8,0.25,0.5415525114155251,0.5206131078224102,0.7395833333333334,18.733333333333334,1,5,60,44,12,12.0,8.8,2.4,10.90625,7.59375,2.0,16.21875,0.43986254295532645,0.5148100070804815,2.227083333333333,1.1395833333333325,0.3666666666666667,2.5145833333333343,2,20,12,0.625,Y,3,WE,2418,2344,74,9.0,223
dydekma01w,4,SAS,0,C,0,34,34,926,406,251,58,19,100,80,113,11.941176470588236,7.382352941176471,1.7058823529411764,0.5588235294117647,2.9411764705882355,27.235294117647058,2.3529411764705883,156,346,0.4508670520231214,94,130,0.7230769230769231,0,1,0.0,0.5218142548596112,0.5034722222222222,0.725,15.529411764705882,0,0,0,0,0,0.0,0.0,0.0,13.133333333333333,8.733333333333333,2.3666666666666667,18.733333333333334,0.43573667711598746,0.5206131078224102,-1.1921568627450974,-1.3509803921568615,-0.6607843137254903,-3.203921568627452,3,12,22,0.35294117647058826,N,6,WE,2215,2427,-212,9.0,223
dydekma01w,5,SAS,0,C,0,34,24,682,225,168,60,20,48,64,70,6.617647058823529,4.9411764705882355,1.7647058823529411,0.5882352941176471,1.411764705882353,20.058823529411764,1.8823529411764706,90,208,0.4326923076923077,44,58,0.7586206896551724,1,2,0.5,0.4362463343108504,0.4817574511819116,0.9375,9.558823529411764,0,0,0,0,0,0.0,0.0,0.0,11.941176470588236,7.382352941176471,1.7058823529411764,15.529411764705882,0.4508670520231214,0.5034722222222222,-5.3235294117647065,-2.4411764705882355,0.05882352941176472,-5.970588235294118,4,9,25,0.2647058823529412,N,7,WE,2191,2364,-173,9.0,223
dydekma01w,6,CON,0,C,0,31,30,671,225,195,38,8,71,47,62,7.258064516129032,6.290322580645161,1.2258064516129032,0.25806451612903225,2.2903225806451615,21.64516129032258,1.5161290322580645,87,162,0.5370370370370371,50,65,0.7692307692307693,1,2,0.5,0.3540983606557377,0.5902413431269675,0.8085106382978723,12.903225806451612,1,8,36,42,4,4.5,5.25,0.5,6.617647058823529,4.9411764705882355,1.7647058823529411,9.558823529411764,0.4326923076923077,0.4817574511819116,0.640417457305503,1.3491461100569255,-0.5388994307400379,3.3444022770398476,5,26,8,0.7647058823529411,Y,1,EA,2474,2244,230,9.0,223
dydekma01w,7,CON,0,C,0,34,34,743,320,206,40,21,85,50,73,9.411764705882353,6.0588235294117645,1.1764705882352942,0.6176470588235294,2.5,21.852941176470587,1.4705882352941178,125,253,0.49407114624505927,69,84,0.8214285714285714,1,4,0.25,0.457550471063257,0.5518002483101118,0.8,14.088235294117647,1,5,55,36,4,11.0,7.2,0.8,7.258064516129032,6.290322580645161,1.2258064516129032,12.903225806451612,0.5370370370370371,0.5902413431269675,2.1537001897533212,-0.23149905123339654,-0.04933586337760909,1.1850094876660346,6,26,8,0.7647058823529411,Y,1,EA,2683,2417,266,9.0,223
dydekma01w,8,CON,0,C,0,32,30,643,214,209,31,12,66,51,75,6.6875,6.53125,0.96875,0.375,2.0625,20.09375,1.59375,91,187,0.48663101604278075,30,38,0.7894736842105263,2,5,0.4,0.39614307931570764,0.525230708816022,0.6078431372549019,11.78125,1,3,21,19,2,7.0,6.333333333333333,0.6666666666666666,9.411764705882353,6.0588235294117645,1.1764705882352942,14.088235294117647,0.49407114624505927,0.5518002483101118,-2.7242647058823533,0.4724264705882355,-0.20772058823529416,-2.3069852941176467,7,18,16,0.5294117647058824,Y,3,EA,2675,2593,82,9.0,223
dydekma01w,9,LAS,0,C,0,2,0,14,4,3,0,0,0,0,0,2.0,1.5,0.0,0.0,0.0,7.0,0.0,2,5,0.4,0,0,0.0,0,0,0.0,0.35714285714285715,0.4,0.0,2.0,1,1,0,1,0,0.0,1.0,0.0,6.6875,6.53125,0.96875,11.78125,0.48663101604278075,0.525230708816022,-4.6875,-5.03125,-0.96875,-9.78125,8,20,14,0.5882352941176471,Y,3,WE,2598,2523,75,9.0,223
edwarmi01w,1,CLE,1,G,0,3,0,17,8,2,1,0,0,4,3,2.6666666666666665,0.6666666666666666,0.3333333333333333,0.0,0.0,5.666666666666667,1.3333333333333333,4,10,0.4,0,0,0.0,0,3,0.0,0.8235294117647058,0.4,0.25,0.3333333333333333,0,0,0,0,0,0.0,0.0,0.0,,,,,,,,,,,0,17,15,0.53125,Y,2,EA,2185,2122,63,69.0,150
edwarmi01w,1,SEA,2,G,0,20,13,455,131,34,40,14,5,38,29,6.55,1.7,2.0,0.7,0.25,22.75,1.9,51,143,0.35664335664335667,23,35,0.6571428571428571,6,32,0.1875,0.43164835164835164,0.413510101010101,1.0526315789473684,4.1,0,0,0,0,0,0.0,0.0,0.0,2.6666666666666665,0.6666666666666666,0.3333333333333333,0.3333333333333333,0.4,0.4,3.8833333333333333,1.0333333333333332,1.6666666666666667,3.766666666666666,1,6,26,0.1875,N,8,WE,1822,2171,-349,69.0,150
edwarmi01w,2,SEA,0,G,0,3,0,13,4,2,4,1,0,3,2,1.3333333333333333,0.6666666666666666,1.3333333333333333,0.3333333333333333,0.0,4.333333333333333,1.0,1,3,0.3333333333333333,2,2,1.0,0,0,0.0,0.5292307692307692,0.5154639175257733,1.3333333333333333,2.0,0,0,0,0,0,0.0,0.0,0.0,6.55,1.7,2.0,4.1,0.35664335664335667,0.413510101010101,-5.216666666666667,-1.0333333333333332,-0.6666666666666667,-2.0999999999999996,2,10,22,0.3125,N,8,WE,1921,2048,-127,69.0,150
edwarsi01w,1,SEA,0,C,0,29,7,645,216,107,22,16,10,45,57,7.448275862068965,3.689655172413793,0.7586206896551724,0.5517241379310345,0.3448275862068966,22.24137931034483,1.5517241379310345,83,182,0.45604395604395603,50,80,0.625,0,0,0.0,0.4065116279069767,0.4972375690607735,0.4888888888888889,6.793103448275862,0,0,0,0,0,0.0,0.0,0.0,,,,,,,,,,,0,6,26,0.1875,N,8,WE,1822,2171,-349,76.0,164
edwarsi01w,2,SEA,0,C,0,32,27,810,237,157,26,24,20,37,54,7.40625,4.90625,0.8125,0.75,0.625,25.3125,1.15625,91,190,0.4789473684210526,55,83,0.6626506024096386,0,0,0.0,0.3253333333333333,0.5231326152216139,0.7027027027027027,9.375,0,0,0,0,0,0.0,0.0,0.0,7.448275862068965,3.689655172413793,0.7586206896551724,6.793103448275862,0.45604395604395603,0.4972375690607735,-0.0420258620689653,1.2165948275862069,0.053879310344827624,2.581896551724138,1,10,22,0.3125,N,8,WE,1921,2048,-127,76.0,164
edwarsi01w,3,SEA,0,C,0,32,5,694,223,141,19,21,12,44,66,6.96875,4.40625,0.59375,0.65625,0.375,21.6875,1.375,84,158,0.5316455696202531,54,73,0.7397260273972602,1,1,1.0,0.33734870317002885,0.586471702082895,0.4318181818181818,8.71875,1,2,4,3,0,2.0,1.5,0.0,7.40625,4.90625,0.8125,9.375,0.4789473684210526,0.5231326152216139,-0.4375,-0.5,-0.21875,-0.65625,2,17,15,0.53125,Y,4,WE,2188,2103,85,76.0,164
edwarsi01w,4,SEA,0,C,0,34,6,577,157,133,16,10,9,31,55,4.617647058823529,3.911764705882353,0.47058823529411764,0.29411764705882354,0.2647058823529412,16.970588235294116,0.9117647058823529,61,134,0.4552238805970149,35,56,0.625,0,0,0.0,0.32866551126516463,0.49483106404437727,0.5161290322580645,5.882352941176471,0,0,0,0,0,0.0,0.0,0.0,6.96875,4.40625,0.59375,8.71875,0.5316455696202531,0.586471702082895,-2.351102941176471,-0.4944852941176472,-0.12316176470588236,-2.836397058823529,3,18,16,0.5294117647058824,N,5,WE,2388,2274,114,76.0,164
edwarsi01w,5,SEA,0,C,0,23,3,257,48,56,5,8,3,13,25,2.0869565217391304,2.4347826086956523,0.21739130434782608,0.34782608695652173,0.13043478260869565,11.173913043478262,0.5652173913043478,20,55,0.36363636363636365,8,19,0.42105263157894735,0,0,0.0,0.2971206225680934,0.3787878787878788,0.38461538461538464,2.652173913043478,1,7,12,14,1,1.7142857142857142,2.0,0.14285714285714285,4.617647058823529,3.911764705882353,0.47058823529411764,5.882352941176471,0.4552238805970149,0.49483106404437727,-2.5306905370843986,-1.4769820971867005,-0.2531969309462916,-3.230179028132993,4,20,14,0.5882352941176471,Y,2,WE,2437,2264,173,76.0,164
edwarsi01w,6,SEA,0,C,0,28,0,201,55,31,3,4,2,4,13,1.9642857142857142,1.1071428571428572,0.10714285714285714,0.14285714285714285,0.07142857142857142,7.178571428571429,0.14285714285714285,24,41,0.5853658536585366,7,12,0.5833333333333334,0,0,0.0,0.2501492537313433,0.5942091616248919,0.75,2.4642857142857144,1,2,0,1,1,0.0,0.5,0.5,2.0869565217391304,2.4347826086956523,0.21739130434782608,2.652173913043478,0.36363636363636365,0.3787878787878788,-0.12267080745341619,-1.3276397515527951,-0.11024844720496894,-0.18788819875776364,5,20,14,0.5882352941176471,Y,2,WE,2498,2407,91,76.0,164
edwarte01w,4,MIN,0,G-F,0,34,34,854,181,105,148,41,11,92,60,5.323529411764706,3.088235294117647,4.352941176470588,1.2058823529411764,0.3235294117647059,25.11764705882353,2.7058823529411766,63,168,0.375,31,40,0.775,24,80,0.3,0.32505854800936773,0.48760775862068967,1.608695652173913,8.235294117647058,1,3,20,10,19,6.666666666666667,3.3333333333333335,6.333333333333333,,,,,,,,,,,0,18,16,0.5294117647058824,Y,4,WE,2380,2370,10,71.0,155
edwarte01w,5,MIN,0,G-F,0,34,34,697,194,90,79,47,8,93,37,5.705882352941177,2.6470588235294117,2.323529411764706,1.3823529411764706,0.23529411764705882,20.5,2.735294117647059,74,200,0.37,21,30,0.7,25,85,0.29411764705882354,0.43931133428981345,0.4549718574108818,0.8494623655913979,5.588235294117647,1,2,6,5,2,3.0,2.5,1.0,5.323529411764706,3.088235294117647,4.352941176470588,8.235294117647058,0.375,0.48760775862068967,0.382352941176471,-0.4411764705882355,-2.029411764705882,-2.6470588235294112,1,18,16,0.5294117647058824,Y,3,WE,2165,2190,-25,71.0,155
edwarto01w,1,PHO,0,G,0,32,32,926,338,76,58,36,9,63,80,10.5625,2.375,1.8125,1.125,0.28125,28.9375,1.96875,112,298,0.37583892617449666,79,101,0.7821782178217822,35,114,0.30701754385964913,0.4378401727861771,0.49351711248685903,0.9206349206349206,7.6875,1,2,17,6,5,8.5,3.0,2.5,,,,,,,,,,,0,20,12,0.625,Y,4,WE,2243,2102,141,70.0,160
edwarto01w,2,CHA,2,G,0,22,0,372,100,43,30,14,6,40,49,4.545454545454546,1.9545454545454546,1.3636363636363635,0.6363636363636364,0.2727272727272727,16.90909090909091,1.8181818181818181,34,100,0.34,27,37,0.7297297297297297,5,22,0.22727272727272727,0.42010752688172043,0.4299965600275198,0.75,3.5,1,8,22,16,12,2.75,2.0,1.5,10.5625,2.375,1.8125,7.6875,0.37583892617449666,0.49351711248685903,-6.017045454545454,-0.4204545454545454,-0.44886363636363646,-4.1875,1,18,14,0.5625,Y,4,EA,2055,2009,46,70.0,160
edwarto01w,2,PHO,1,G,0,10,9,208,94,19,18,5,1,22,30,9.4,1.9,1.8,0.5,0.1,20.8,2.2,26,71,0.36619718309859156,37,47,0.7872340425531915,5,14,0.35714285714285715,0.5465384615384615,0.512652705061082,0.8181818181818182,6.0,0,0,0,0,0,0.0,0.0,0.0,4.545454545454546,1.9545454545454546,1.3636363636363635,3.5,0.34,0.4299965600275198,4.8545454545454545,-0.054545454545454675,0.4363636363636365,2.5,2,13,19,0.40625,N,5,WE,2064,2169,-105,70.0,160
edwarto01w,3,CHA,0,G,0,29,0,303,112,41,24,16,2,17,28,3.8620689655172415,1.4137931034482758,0.8275862068965517,0.5517241379310345,0.06896551724137931,10.448275862068966,0.5862068965517241,36,99,0.36363636363636365,33,46,0.717391304347826,7,25,0.28,0.4496369636963697,0.46964106004696415,1.411764705882353,3.5172413793103448,1,2,3,1,1,1.5,0.5,0.5,9.4,1.9,1.8,6.0,0.36619718309859156,0.512652705061082,-5.537931034482758,-0.4862068965517241,-0.9724137931034483,-2.4827586206896552,3,18,14,0.5625,Y,2,EA,2241,2133,108,70.0,160
elysh01w,6,SAS,0,F,0,31,11,528,139,62,27,7,4,33,42,4.483870967741935,2.0,0.8709677419354839,0.22580645161290322,0.12903225806451613,17.032258064516128,1.064516129032258,50,132,0.3787878787878788,30,39,0.7692307692307693,9,31,0.2903225806451613,0.345,0.46594261196031106,0.8181818181818182,3.7096774193548385,0,0,0,0,0,0.0,0.0,0.0,,,,,,,,,,,0,7,27,0.20588235294117646,N,7,WE,2141,2401,-260,74.0,182
elysh01w,7,SAS,0,F,0,12,1,136,41,31,10,2,0,13,17,3.4166666666666665,2.5833333333333335,0.8333333333333334,0.16666666666666666,0.0,11.333333333333334,1.0833333333333333,12,44,0.2727272727272727,15,26,0.5769230769230769,2,9,0.2222222222222222,0.503235294117647,0.3697691197691198,0.7692307692307693,2.3333333333333335,0,0,0,0,0,0.0,0.0,0.0,4.483870967741935,2.0,0.8709677419354839,3.7096774193548385,0.3787878787878788,0.46594261196031106,-1.0672043010752685,0.5833333333333335,-0.037634408602150504,-1.376344086021505,1,13,21,0.38235294117647056,N,6,WE,2523,2603,-80,74.0,182
elysh01w,8,SEA,0,F,0,29,0,282,65,39,11,8,1,19,28,2.2413793103448274,1.3448275862068966,0.3793103448275862,0.27586206896551724,0.034482758620689655,9.724137931034482,0.6551724137931034,20,62,0.3225806451612903,20,31,0.6451612903225806,5,15,0.3333333333333333,0.33560283687943265,0.42966684294024327,0.5789473684210527,1.793103448275862,0,0,0,0,0,0.0,0.0,0.0,3.4166666666666665,2.5833333333333335,0.8333333333333334,2.3333333333333335,0.2727272727272727,0.3697691197691198,-1.1752873563218391,-1.238505747126437,-0.4540229885057472,-0.5402298850574714,2,17,17,0.5,Y,4,WE,2734,2647,87,74.0,182
elysh01w,9,SEA,0,F,0,34,1,389,113,90,16,12,5,29,56,3.323529411764706,2.6470588235294117,0.47058823529411764,0.35294117647058826,0.14705882352941177,11.441176470588236,0.8529411764705882,47,115,0.40869565217391307,15,24,0.625,4,11,0.36363636363636365,0.39732647814910027,0.4499840713603058,0.5517241379310345,3.823529411764706,1,2,0,0,0,0.0,0.0,0.0,2.2413793103448274,1.3448275862068966,0.3793103448275862,1.793103448275862,0.3225806451612903,0.42966684294024327,1.0821501014198787,1.3022312373225151,0.09127789046653145,2.030425963488844,3,22,12,0.6470588235294118,Y,2,WE,2493,2406,87,74.0,182
elysh01w,10,CHI,0,F,0,34,9,497,232,88,20,12,8,36,55,6.823529411764706,2.588235294117647,0.5882352941176471,0.35294117647058826,0.23529411764705882,14.617647058823529,1.0588235294117647,84,201,0.417910447761194,41,51,0.803921568627451,23,60,0.38333333333333336,0.5220120724346077,0.519155030433226,0.5555555555555556,5.794117647058823,0,0,0,0,0,0.0,0.0,0.0,3.323529411764706,2.6470588235294117,0.47058823529411764,3.823529411764706,0.40869565217391307,0.4499840713603058,3.4999999999999996,-0.0588235294117645,0.11764705882352944,1.9705882352941173,4,16,18,0.47058823529411764,N,5,EA,2573,2693,-120,74.0,182
enissh01w,1,CHA,0,F-C,0,12,9,323,139,45,10,10,1,16,30,11.583333333333334,3.75,0.8333333333333334,0.8333333333333334,0.08333333333333333,26.916666666666668,1.3333333333333333,41,104,0.3942307692307692,46,60,0.7666666666666667,11,32,0.34375,0.4532507739938081,0.5329754601226994,0.625,9.333333333333334,0,0,0,0,0,0.0,0.0,0.0,,,,,,,,,,,0,8,24,0.25,N,8,EA,2186,2429,-243,73.0,185
enissh01w,2,CHA,0,F-C,0,32,11,623,191,113,14,10,5,36,60,5.96875,3.53125,0.4375,0.3125,0.15625,19.46875,1.125,66,158,0.4177215189873418,45,63,0.7142857142857143,14,31,0.45161290322580644,0.3558908507223114,0.5142149472323928,0.3888888888888889,5.84375,1,8,34,15,4,4.25,1.875,0.5,11.583333333333334,3.75,0.8333333333333334,9.333333333333334,0.3942307692307692,0.5329754601226994,-5.614583333333334,-0.21875,-0.39583333333333337,-3.489583333333334,1,18,14,0.5625,Y,4,EA,2055,2009,46,73.0,185
enissh01w,3,CHA,0,F-C,0,4,0,59,19,9,3,1,2,1,4,4.75,2.25,0.75,0.25,0.5,14.75,0.25,5,18,0.2777777777777778,9,9,1.0,0,3,0.0,0.3891525423728814,0.4326047358834244,3.0,5.0,1,1,0,2,0,0.0,2.0,0.0,5.96875,3.53125,0.4375,5.84375,0.4177215189873418,0.5142149472323928,-1.21875,-1.28125,0.3125,-0.84375,2,18,14,0.5625,Y,2,EA,2241,2133,108,73.0,185
enissh01w,4,CHA,0,F-C,0,29,20,613,252,125,16,29,2,41,63,8.689655172413794,4.310344827586207,0.5517241379310345,1.0,0.06896551724137931,21.137931034482758,1.4137931034482758,82,188,0.43617021276595747,62,77,0.8051948051948052,26,62,0.41935483870967744,0.42884176182707995,0.5678745267712277,0.3902439024390244,9.03448275862069,1,2,15,12,1,7.5,6.0,0.5,4.75,2.25,0.75,5.0,0.2777777777777778,0.4326047358834244,3.9396551724137936,2.0603448275862073,-0.19827586206896552,4.03448275862069,3,18,16,0.5294117647058824,Y,2,EA,2217,2195,22,73.0,185
erbsu01w,1,CHA,0,C,0,29,0,275,92,63,10,8,6,17,68,3.1724137931034484,2.1724137931034484,0.3448275862068966,0.27586206896551724,0.20689655172413793,9.482758620689655,0.5862068965517241,32,73,0.4383561643835616,28,43,0.6511627906976745,0,1,0.0,0.3960727272727273,0.5004351610095735,0.5882352941176471,3.6551724137931036,0,0,0,0,0,0.0,0.0,0.0,,,,,,,,,,,0,8,24,0.25,N,8,EA,2186,2429,-243,78.0,240
erbsu01w,2,CHA,0,C,0,18,0,148,54,35,4,1,5,10,23,3.0,1.9444444444444444,0.2222222222222222,0.05555555555555555,0.2777777777777778,8.222222222222221,0.5555555555555556,18,42,0.42857142857142855,18,21,0.8571428571428571,0,0,0.0,0.4137837837837838,0.5269320843091335,0.4,3.4444444444444446,1,4,8,4,0,2.0,1.0,0.0,3.1724137931034484,2.1724137931034484,0.3448275862068966,3.6551724137931036,0.4383561643835616,0.5004351610095735,-0.1724137931034484,-0.22796934865900398,-0.12260536398467436,-0.210727969348659,1,18,14,0.5625,Y,4,EA,2055,2009,46,78.0,240
erbsu01w,3,CHA,0,C,0,31,3,342,88,71,10,13,11,35,70,2.838709677419355,2.2903225806451615,0.3225806451612903,0.41935483870967744,0.3548387096774194,11.03225806451613,1.1290322580645162,35,62,0.5645161290322581,18,25,0.72,0,0,0.0,0.3157894736842105,0.6027397260273972,0.2857142857142857,4.0,1,2,7,1,0,3.5,0.5,0.0,3.0,1.9444444444444444,0.2222222222222222,3.4444444444444446,0.42857142857142855,0.5269320843091335,-0.16129032258064502,0.34587813620071706,0.1003584229390681,0.5555555555555554,2,18,14,0.5625,Y,2,EA,2241,2133,108,78.0,240
ervinla01w,10,CON,0,F,0,8,0,56,16,13,0,1,0,2,5,2.0,1.625,0.0,0.125,0.0,7.0,0.25,8,17,0.47058823529411764,0,2,0.0,0,0,0.0,0.355,0.447427293064877,0.0,2.125,0,0,0,0,0,0.0,0.0,0.0,,,,,,,,,,,0,16,18,0.47058823529411764,N,6,EA,2651,2654,-3,76.0,171
fallotr01w,2,PHO,0,G-F,0,31,16,841,322,77,33,35,12,47,43,10.387096774193548,2.4838709677419355,1.064516129032258,1.1290322580645162,0.3870967741935484,27.129032258064516,1.5161290322580645,127,259,0.49034749034749037,53,65,0.8153846153846154,15,37,0.40540540540540543,0.39785969084423306,0.5598052851182197,0.7021276595744681,9.290322580645162,0,0,0,0,0,0.0,0.0,0.0,,,,,,,,,,,0,13,19,0.40625,N,5,WE,2064,2169,-105,75.0,165
farriba01w,1,DET,0,C-F,0,14,2,130,45,32,2,6,1,14,30,3.2142857142857144,2.2857142857142856,0.14285714285714285,0.42857142857142855,0.07142857142857142,9.285714285714286,1.0,15,30,0.5,15,27,0.5555555555555556,0,1,0.0,0.4298461538461539,0.5372492836676217,0.14285714285714285,3.2142857142857144,0,0,0,0,0,0.0,0.0,0.0,,,,,,,,,,,0,14,18,0.4375,N,5,EA,2331,2426,-95,75.0,200
farriba01w,2,DET,0,C-F,0,31,10,559,129,109,16,7,5,30,68,4.161290322580645,3.5161290322580645,0.5161290322580645,0.22580645161290322,0.16129032258064516,18.032258064516128,0.967741935483871,46,98,0.46938775510204084,37,58,0.6379310344827587,0,0,0.0,0.27463327370304114,0.5221826424870466,0.5333333333333333,5.258064516129032,0,0,0,0,0,0.0,0.0,0.0,3.2142857142857144,2.2857142857142856,0.14285714285714285,3.2142857142857144,0.5,0.5372492836676217,0.9470046082949306,1.230414746543779,0.37327188940092165,2.0437788018433176,1,10,22,0.3125,N,7,EA,2103,2269,-166,75.0,200
farriba01w,3,DET,0,C-F,0,32,16,564,143,94,16,12,9,38,62,4.46875,2.9375,0.5,0.375,0.28125,17.625,1.1875,49,117,0.4188034188034188,45,61,0.7377049180327869,0,1,0.0,0.3224113475177305,0.4970800889877642,0.42105263157894735,4.75,0,0,0,0,0,0.0,0.0,0.0,4.161290322580645,3.5161290322580645,0.5161290322580645,5.258064516129032,0.46938775510204084,0.5221826424870466,0.307459677419355,-0.5786290322580645,-0.016129032258064502,-0.508064516129032,2,9,23,0.28125,N,8,EA,2114,2266,-152,75.0,200
farriba01w,4,DET,0,C-F,0,34,0,522,127,82,23,10,4,41,62,3.735294117647059,2.411764705882353,0.6764705882352942,0.29411764705882354,0.11764705882352941,15.352941176470589,1.2058823529411764,43,99,0.43434343434343436,41,63,0.6507936507936508,0,0,0.0,0.32130268199233714,0.501104797979798,0.5609756097560976,3.735294117647059,1,8,31,20,4,3.875,2.5,0.5,4.46875,2.9375,0.5,4.75,0.4188034188034188,0.4970800889877642,-0.7334558823529411,-0.5257352941176472,0.17647058823529416,-1.0147058823529411,3,25,9,0.7352941176470589,Y,1,EA,2553,2395,158,75.0,200
farriba01w,5,DET,0,C-F,0,26,0,422,118,61,7,8,2,26,46,4.538461538461538,2.3461538461538463,0.2692307692307692,0.3076923076923077,0.07692307692307693,16.23076923076923,1.0,41,80,0.5125,36,54,0.6666666666666666,0,0,0.0,0.30748815165876775,0.5686198920585968,0.2692307692307692,4.346153846153846,1,3,18,15,2,6.0,5.0,0.6666666666666666,3.735294117647059,2.411764705882353,0.6764705882352942,3.735294117647059,0.43434343434343436,0.501104797979798,0.8031674208144794,-0.06561085972850655,-0.40723981900452494,0.6108597285067869,4,17,17,0.5,Y,3,EA,2366,2381,-15,75.0,200
farriba01w,6,DET,0,C-F,0,34,1,444,83,84,19,8,1,43,55,2.4411764705882355,2.4705882352941178,0.5588235294117647,0.23529411764705882,0.029411764705882353,13.058823529411764,1.2647058823529411,25,73,0.3424657534246575,33,54,0.6111111111111112,0,0,0.0,0.3147747747747748,0.4288962381149235,0.4418604651162791,2.4411764705882355,1,2,0,1,0,0.0,0.5,0.0,4.538461538461538,2.3461538461538463,0.2692307692307692,4.346153846153846,0.5125,0.5686198920585968,-2.097285067873303,0.1244343891402715,0.2895927601809955,-1.9049773755656103,5,16,18,0.47058823529411764,Y,4,EA,2247,2287,-40,75.0,200
farriba01w,7,NYL,0,C-F,0,34,34,944,261,178,51,21,5,65,105,7.676470588235294,5.235294117647059,1.5,0.6176470588235294,0.14705882352941177,27.764705882352942,1.911764705882353,95,221,0.4298642533936652,71,98,0.7244897959183674,0,3,0.0,0.34864406779661017,0.49409359382099044,0.7846153846153846,8.764705882352942,0,0,0,0,0,0.0,0.0,0.0,2.4411764705882355,2.4705882352941178,0.5588235294117647,2.4411764705882355,0.3424657534246575,0.4288962381149235,5.235294117647059,2.764705882352941,0.9411764705882353,6.3235294117647065,6,11,23,0.3235294117647059,N,5,EA,2372,2656,-284,75.0,200
farriba01w,8,NYL,0,C-F,0,28,0,237,53,43,13,6,1,19,32,1.8928571428571428,1.5357142857142858,0.4642857142857143,0.21428571428571427,0.03571428571428571,8.464285714285714,0.6785714285714286,20,58,0.3448275862068966,13,16,0.8125,0,0,0.0,0.35459915611814347,0.40744157441574413,0.6842105263157895,2.0,1,3,6,0,0,2.0,0.0,0.0,7.676470588235294,5.235294117647059,1.5,8.764705882352942,0.4298642533936652,0.49409359382099044,-5.783613445378151,-3.6995798319327733,-1.0357142857142856,-6.764705882352942,7,16,18,0.47058823529411764,Y,4,EA,2413,2501,-88,75.0,200
farriba01w,9,PHO,0,C-F,0,34,8,553,118,130,8,20,4,35,87,3.4705882352941178,3.823529411764706,0.23529411764705882,0.5882352941176471,0.11764705882352941,16.264705882352942,1.0294117647058822,44,93,0.4731182795698925,30,43,0.6976744186046512,0,0,0.0,0.2656781193490054,0.5271622587562544,0.22857142857142856,5.382352941176471,0,0,0,0,0,0.0,0.0,0.0,1.8928571428571428,1.5357142857142858,0.4642857142857143,2.0,0.3448275862068966,0.40744157441574413,1.577731092436975,2.28781512605042,-0.22899159663865548,3.382352941176471,8,16,18,0.47058823529411764,N,6,WE,3010,3009,1,75.0,200
farriba01w,10,DET,0,C-F,0,13,3,110,17,18,5,5,0,9,17,1.3076923076923077,1.3846153846153846,0.38461538461538464,0.38461538461538464,0.0,8.461538461538462,0.6923076923076923,2,9,0.2222222222222222,13,16,0.8125,0,0,0.0,0.22763636363636364,0.529925187032419,0.5555555555555556,2.0,0,0,0,0,0,0.0,0.0,0.0,3.4705882352941178,3.823529411764706,0.23529411764705882,5.382352941176471,0.4731182795698925,0.5271622587562544,-2.1628959276018103,-2.4389140271493215,0.14932126696832582,-3.382352941176471,9,18,16,0.5294117647058824,Y,3,EA,2652,2644,8,75.0,200
feastal01w,1,LAS,0,F,0,32,0,469,202,85,33,23,2,35,47,6.3125,2.65625,1.03125,0.71875,0.0625,14.65625,1.09375,60,167,0.3592814371257485,60,72,0.8333333333333334,22,85,0.25882352941176473,0.4982515991471215,0.5083551439500704,0.9428571428571428,5.96875,1,4,15,9,3,3.75,2.25,0.75,,,,,,,,,,,0,28,4,0.875,Y,1,WE,2417,2169,248,71.0,168
feastal01w,2,CHA,0,F,0,32,32,1007,365,153,46,29,10,59,86,11.40625,4.78125,1.4375,0.90625,0.3125,31.46875,1.84375,126,336,0.375,58,63,0.9206349206349206,55,168,0.3273809523809524,0.41978152929493545,0.5017595952930826,0.7796610169491526,10.28125,1,8,64,34,14,8.0,4.25,1.75,6.3125,2.65625,1.03125,5.96875,0.3592814371257485,0.5083551439500704,5.09375,2.125,0.40625,4.3125,1,18,14,0.5625,Y,4,EA,2055,2009,46,71.0,168
feastal01w,3,CHA,0,F,0,32,32,956,379,118,61,39,12,40,79,11.84375,3.6875,1.90625,1.21875,0.375,29.875,1.25,115,292,0.3938356164383562,70,85,0.8235294117647058,79,189,0.41798941798941797,0.38640167364016736,0.5752884031572556,1.525,11.78125,1,2,15,15,7,7.5,7.5,3.5,11.40625,4.78125,1.4375,10.28125,0.375,0.5017595952930826,0.4375,-1.09375,0.46875,1.5,2,18,14,0.5625,Y,2,EA,2241,2133,108,71.0,168
feastal01w,4,CHA,0,F,0,34,34,1096,422,113,73,52,9,72,75,12.411764705882353,3.323529411764706,2.1470588235294117,1.5294117647058822,0.2647058823529412,32.23529411764706,2.1176470588235294,142,378,0.37566137566137564,66,78,0.8461538461538461,72,205,0.35121951219512193,0.4418978102189781,0.5117384555684905,1.0138888888888888,10.264705882352942,1,2,21,5,1,10.5,2.5,0.5,11.84375,3.6875,1.90625,11.78125,0.3938356164383562,0.5752884031572556,0.5680147058823533,-0.36397058823529393,0.2408088235294117,-1.516544117647058,3,18,16,0.5294117647058824,Y,2,EA,2217,2195,22,71.0,168
feastal01w,5,CHA,0,F,0,33,32,1052,388,84,60,27,6,68,61,11.757575757575758,2.5454545454545454,1.8181818181818181,0.8181818181818182,0.18181818181818182,31.87878787878788,2.0606060606060606,132,332,0.39759036144578314,79,91,0.8681318681318682,45,143,0.3146853146853147,0.4182889733840304,0.5214493065261799,0.8823529411764706,8.636363636363637,0,0,0,0,0,0.0,0.0,0.0,12.411764705882353,3.323529411764706,2.1470588235294117,10.264705882352942,0.37566137566137564,0.5117384555684905,-0.6541889483065955,-0.7780748663101607,-0.32887700534759357,-1.6283422459893053,4,16,18,0.47058823529411764,N,5,EA,2092,2168,-76,71.0,168
feastal01w,6,CHA,0,F,0,21,21,666,192,37,51,14,2,38,52,9.142857142857142,1.7619047619047619,2.4285714285714284,0.6666666666666666,0.09523809523809523,31.714285714285715,1.8095238095238095,61,162,0.3765432098765432,33,39,0.8461538461538461,37,86,0.43023255813953487,0.3260660660660661,0.535833891493637,1.3421052631578947,7.190476190476191,0,0,0,0,0,0.0,0.0,0.0,11.757575757575758,2.5454545454545454,1.8181818181818181,8.636363636363637,0.39759036144578314,0.5214493065261799,-2.6147186147186154,-0.7835497835497836,0.6103896103896103,-1.445887445887446,5,6,28,0.17647058823529413,N,6,EA,2095,2335,-240,71.0,168
feastal01w,7,CHA,0,F,0,32,1,309,55,20,21,13,2,14,20,1.71875,0.625,0.65625,0.40625,0.0625,9.65625,0.4375,19,81,0.2345679012345679,1,2,0.5,16,64,0.25,0.31029126213592234,0.335857352222765,1.5,1.0625,0,0,0,0,0,0.0,0.0,0.0,9.142857142857142,1.7619047619047619,2.4285714285714284,7.190476190476191,0.3765432098765432,0.535833891493637,-7.424107142857142,-1.1369047619047619,-1.7723214285714284,-6.127976190476191,6,11,23,0.3235294117647059,N,6,EA,2456,2571,-115,71.0,168
feastal01w,9,IND,0,F,0,33,0,301,85,23,26,5,3,14,23,2.5757575757575757,0.696969696969697,0.7878787878787878,0.15151515151515152,0.09090909090909091,9.121212121212121,0.42424242424242425,30,89,0.33707865168539325,2,2,1.0,23,75,0.30666666666666664,0.34511627906976744,0.47285269247886075,1.8571428571428572,2.090909090909091,1,2,3,0,0,1.5,0.0,0.0,1.71875,0.625,0.65625,1.0625,0.2345679012345679,0.335857352222765,0.8570075757575757,0.07196969696969702,0.13162878787878785,1.0284090909090908,7,17,17,0.5,Y,4,EA,2473,2457,16,71.0,168
feifesu01w,6,SAC,0,G,0,5,0,24,7,1,3,0,0,2,3,1.4,0.2,0.6,0.0,0.0,4.8,0.4,1,6,0.16666666666666666,4,4,1.0,1,1,1.0,0.4066666666666667,0.45103092783505155,1.5,0.8,0,0,0,0,0,0.0,0.0,0.0,,,,,,,,,,,0,25,9,0.7352941176470589,Y,1,WE,2329,2093,236,73.0,162
ferdima01w,2,UTA,0,G,0,32,22,864,366,86,79,40,4,63,70,11.4375,2.6875,2.46875,1.25,0.125,27.0,1.96875,143,290,0.49310344827586206,69,113,0.6106194690265486,11,42,0.2619047619047619,0.46611111111111114,0.5386789120452137,1.253968253968254,10.03125,1,2,29,8,7,14.5,4.0,3.5,,,,,,,,,,,0,19,13,0.59375,Y,3,WE,2207,2192,15,69.0,153
ferdima01w,3,UTA,0,G,0,32,32,1065,489,107,91,51,7,89,86,15.28125,3.34375,2.84375,1.59375,0.21875,33.28125,2.78125,176,371,0.4743935309973046,132,171,0.7719298245614035,5,34,0.14705882352941177,0.5025727699530517,0.547911437791323,1.0224719101123596,13.1875,1,5,74,22,13,14.8,4.4,2.6,11.4375,2.6875,2.46875,10.03125,0.49310344827586206,0.5386789120452137,3.84375,0.65625,0.375,3.15625,1,20,12,0.625,Y,3,WE,2418,2344,74,69.0,153
ferdima01w,4,SAS,0,G,0,34,34,1116,470,127,90,58,6,85,87,13.823529411764707,3.735294117647059,2.6470588235294117,1.7058823529411764,0.17647058823529413,32.8235294117647,2.5,139,384,0.3619791666666667,176,223,0.7892376681614349,16,52,0.3076923076923077,0.5081720430107527,0.48743051522442543,1.0588235294117647,11.0,0,0,0,0,0,0.0,0.0,0.0,15.28125,3.34375,2.84375,13.1875,0.4743935309973046,0.547911437791323,-1.4577205882352935,0.3915441176470589,-0.1966911764705883,-2.1875,2,12,22,0.35294117647058826,N,6,WE,2215,2427,-212,69.0,153
ferdima01w,5,SAS,0,G,0,17,17,509,199,54,29,32,2,35,34,11.705882352941176,3.176470588235294,1.7058823529411764,1.8823529411764706,0.11764705882352941,29.941176470588236,2.0588235294117645,67,162,0.41358024691358025,55,64,0.859375,10,27,0.37037037037037035,0.44235756385068764,0.523243584350021,0.8285714285714286,10.411764705882353,0,0,0,0,0,0.0,0.0,0.0,13.823529411764707,3.735294117647059,2.6470588235294117,11.0,0.3619791666666667,0.48743051522442543,-2.1176470588235308,-0.5588235294117649,-0.9411764705882353,-0.5882352941176467,3,9,25,0.2647058823529412,N,7,WE,2191,2364,-173,69.0,153
ferdima01w,6,SAS,0,G,0,31,31,999,388,116,68,46,5,70,74,12.516129032258064,3.7419354838709675,2.193548387096774,1.4838709677419355,0.16129032258064516,32.225806451612904,2.2580645161290325,132,358,0.3687150837988827,104,134,0.7761194029850746,20,65,0.3076923076923077,0.48744744744744745,0.46527244819646973,0.9714285714285714,9.580645161290322,0,0,0,0,0,0.0,0.0,0.0,11.705882352941176,3.176470588235294,1.7058823529411764,10.411764705882353,0.41358024691358025,0.523243584350021,0.8102466793168883,0.5654648956356736,0.4876660341555976,-0.8311195445920312,4,7,27,0.20588235294117646,N,7,WE,2141,2401,-260,69.0,153
ferdima01w,8,SAS,0,G,0,34,12,481,164,81,28,19,3,37,55,4.823529411764706,2.3823529411764706,0.8235294117647058,0.5588235294117647,0.08823529411764706,14.147058823529411,1.088235294117647,61,170,0.3588235294117647,36,40,0.9,6,27,0.2222222222222222,0.4669438669438669,0.43710021321961623,0.7567567567567568,4.264705882352941,1,5,33,19,6,6.6,3.8,1.2,12.516129032258064,3.7419354838709675,2.193548387096774,9.580645161290322,0.3687150837988827,0.46527244819646973,-7.692599620493358,-1.359582542694497,-1.3700189753320682,-5.315939278937381,5,20,14,0.5882352941176471,Y,2,WE,2517,2484,33,69.0,153
ferdima01w,9,LAS,0,G,0,33,25,680,276,85,43,25,4,41,71,8.363636363636363,2.5757575757575757,1.303030303030303,0.7575757575757576,0.12121212121212122,20.606060606060606,1.2424242424242424,91,246,0.3699186991869919,82,92,0.8913043478260869,12,44,0.2727272727272727,0.48158823529411765,0.481709019826864,1.048780487804878,6.878787878787879,1,6,45,15,11,7.5,2.5,1.8333333333333333,4.823529411764706,2.3823529411764706,0.8235294117647058,4.264705882352941,0.3588235294117647,0.43710021321961623,3.5401069518716577,0.19340463458110513,0.47950089126559714,2.6140819964349378,6,20,14,0.5882352941176471,Y,3,WE,2598,2523,75,69.0,153
ferdima01w,10,LAS,0,G,0,28,6,339,151,41,24,15,2,22,44,5.392857142857143,1.4642857142857142,0.8571428571428571,0.5357142857142857,0.07142857142857142,12.107142857142858,0.7857142857142857,58,135,0.42962962962962964,31,37,0.8378378378378378,4,22,0.18181818181818182,0.5111504424778761,0.49907456372289793,1.0909090909090908,4.571428571428571,1,2,5,2,0,2.5,1.0,0.0,8.363636363636363,2.5757575757575757,1.303030303030303,6.878787878787879,0.3699186991869919,0.481709019826864,-2.97077922077922,-1.1114718614718615,-0.4458874458874459,-2.3073593073593077,7,18,16,0.5294117647058824,Y,3,WE,2533,2498,35,69.0,153
fernama01w,8,LAS,0,G,0,34,20,891,297,72,101,36,14,90,31,8.735294117647058,2.1176470588235294,2.9705882352941178,1.0588235294117647,0.4117647058823529,26.205882352941178,2.6470588235294117,107,282,0.37943262411347517,71,89,0.797752808988764,12,49,0.24489795918367346,0.46145903479236816,0.4623863494831236,1.1222222222222222,6.970588235294118,0,0,0,0,0,0.0,0.0,0.0,,,,,,,,,,,0,10,24,0.29411764705882354,N,7,WE,2533,2708,-175,71.0,138
ferrama01w,1,NYL,0,F,0,23,4,154,50,17,4,0,2,11,34,2.1739130434782608,0.7391304347826086,0.17391304347826086,0.0,0.08695652173913043,6.695652173913044,0.4782608695652174,23,53,0.4339622641509434,1,2,0.5,3,10,0.3,0.4212987012987013,0.46399406087602074,0.36363636363636365,1.3478260869565217,1,3,6,3,1,2.0,1.0,0.3333333333333333,,,,,,,,,,,0,20,12,0.625,Y,1,EA,2148,2035,113,75.0,190
figgsuk01w,1,LAS,0,G,0,32,32,803,215,55,127,21,3,43,53,6.71875,1.71875,3.96875,0.65625,0.09375,25.09375,1.34375,66,153,0.43137254901960786,54,65,0.8307692307692308,29,82,0.35365853658536583,0.2797011207970112,0.5919603524229075,2.953488372093023,8.75,1,4,24,16,19,6.0,4.0,4.75,,,,,,,,,,,0,28,4,0.875,Y,1,WE,2417,2169,248,69.0,142
figgsuk01w,2,LAS,0,G,0,32,29,930,257,100,126,43,4,55,42,8.03125,3.125,3.9375,1.34375,0.125,29.0625,1.71875,76,179,0.4245810055865922,51,63,0.8095238095238095,54,117,0.46153846153846156,0.2814193548387097,0.6216137770897833,2.290909090909091,11.25,1,7,58,15,41,8.285714285714286,2.142857142857143,5.857142857142857,6.71875,1.71875,3.96875,8.75,0.43137254901960786,0.5919603524229075,1.3125,1.40625,-0.03125,2.5,1,28,4,0.875,Y,1,WE,2441,2166,275,69.0,142
figgsuk01w,3,POR,0,G,0,31,31,866,264,80,104,25,2,44,50,8.516129032258064,2.5806451612903225,3.3548387096774195,0.8064516129032258,0.06451612903225806,27.93548387096774,1.4193548387096775,83,233,0.3562231759656652,59,65,0.9076923076923077,39,120,0.325,0.35288683602771365,0.5045871559633027,2.3636363636363638,8.870967741935484,0,0,0,0,0,0.0,0.0,0.0,8.03125,3.125,3.9375,11.25,0.4245810055865922,0.6216137770897833,0.48487903225806406,-0.5443548387096775,-0.5826612903225805,-2.379032258064516,2,16,16,0.5,N,5,WE,2195,2227,-32,69.0,142
figgsuk01w,4,HOU,0,G,0,34,30,952,149,81,82,26,1,59,33,4.382352941176471,2.3823529411764706,2.411764705882353,0.7647058823529411,0.029411764705882353,28.0,1.7352941176470589,52,124,0.41935483870967744,19,22,0.8636363636363636,26,69,0.37681159420289856,0.2023949579831933,0.5573010173548772,1.3898305084745763,6.029411764705882,1,3,17,6,7,5.666666666666667,2.0,2.3333333333333335,8.516129032258064,2.5806451612903225,3.3548387096774195,8.870967741935484,0.3562231759656652,0.5045871559633027,-4.133776091081593,-0.19829222011385195,-0.9430740037950667,-2.8415559772296017,3,20,14,0.5882352941176471,Y,2,WE,2244,2142,102,69.0,142
firsool01w,1,NYL,0,C,0,9,0,19,12,4,1,0,1,2,8,1.3333333333333333,0.4444444444444444,0.1111111111111111,0.0,0.1111111111111111,2.111111111111111,0.2222222222222222,4,10,0.4,4,5,0.8,0,1,0.0,0.7473684210526316,0.49180327868852464,0.5,1.0,1,3,6,1,0,2.0,0.3333333333333333,0.0,,,,,,,,,,,0,20,12,0.625,Y,1,EA,2148,2035,113,78.0,215
floremi01w,1,MIA,0,G,0,32,0,474,112,23,49,23,3,48,36,3.5,0.71875,1.53125,0.71875,0.09375,14.8125,1.5,34,112,0.30357142857142855,26,42,0.6190476190476191,18,61,0.29508196721311475,0.37654008438818565,0.4291845493562232,1.0208333333333333,2.125,0,0,0,0,0,0.0,0.0,0.0,,,,,,,,,,,0,13,19,0.40625,N,6,EA,1831,2001,-170,66.0,125
flukety01w,7,CHA,0,C,0,31,1,324,76,66,9,2,14,21,48,2.4516129032258065,2.129032258064516,0.2903225806451613,0.06451612903225806,0.45161290322580644,10.451612903225806,0.6774193548387096,30,89,0.33707865168539325,16,22,0.7272727272727273,0,2,0.0,0.3693827160493827,0.38508309687880016,0.42857142857142855,2.6129032258064515,0,0,0,0,0,0.0,0.0,0.0,,,,,,,,,,,0,11,23,0.3235294117647059,N,6,EA,2456,2571,-115,77.0,209
flukety01w,8,LAS,2,C,0,12,0,114,39,19,3,3,7,9,13,3.25,1.5833333333333333,0.25,0.25,0.5833333333333334,9.5,0.75,17,44,0.38636363636363635,4,7,0.5714285714285714,1,2,0.5,0.4919298245614035,0.4141886151231946,0.3333333333333333,2.6666666666666665,0,0,0,0,0,0.0,0.0,0.0,2.4516129032258065,2.129032258064516,0.2903225806451613,2.6129032258064515,0.33707865168539325,0.38508309687880016,0.7983870967741935,-0.5456989247311828,-0.04032258064516131,0.053763440860215006,1,10,24,0.29411764705882354,N,7,WE,2533,2708,-175,77.0,209
flukety01w,8,SEA,1,C,0,9,0,31,1,7,0,0,1,3,4,0.1111111111111111,0.7777777777777778,0.0,0.0,0.1111111111111111,3.4444444444444446,0.3333333333333333,0,10,0.0,1,2,0.5,0,1,0.0,0.447741935483871,0.04595588235294117,0.0,-0.5555555555555556,0,0,0,0,0,0.0,0.0,0.0,3.25,1.5833333333333333,0.25,2.6666666666666665,0.38636363636363635,0.4141886151231946,-3.138888888888889,-0.8055555555555555,-0.25,-3.2222222222222223,2,17,17,0.5,Y,4,WE,2734,2647,87,77.0,209
flukety01w,9,CHI,0,C,0,26,2,231,70,34,10,6,8,18,40,2.6923076923076925,1.3076923076923077,0.38461538461538464,0.23076923076923078,0.3076923076923077,8.884615384615385,0.6923076923076923,25,65,0.38461538461538464,19,25,0.76,1,3,0.3333333333333333,0.4069264069264069,0.4605263157894737,0.5555555555555556,2.4615384615384617,0,0,0,0,0,0.0,0.0,0.0,0.1111111111111111,0.7777777777777778,0.0,-0.5555555555555556,0.0,0.04595588235294117,2.5811965811965814,0.5299145299145299,0.38461538461538464,3.017094017094017,3,12,22,0.35294117647058826,N,5,EA,2472,2510,-38,77.0,209
folklkr01w,1,MIN,0,F,0,32,20,845,242,154,67,23,22,50,80,7.5625,4.8125,2.09375,0.71875,0.6875,26.40625,1.5625,86,191,0.450261780104712,66,94,0.7021276595744681,4,19,0.21052631578947367,0.3341538461538462,0.5207436736099156,1.34,10.15625,0,0,0,0,0,0.0,0.0,0.0,,,,,,,,,,,0,15,17,0.46875,N,6,WE,2193,2188,5,74.0,190
folklkr01w,2,POR,0,F,0,32,31,862,180,245,45,20,34,39,56,5.625,7.65625,1.40625,0.625,1.0625,26.9375,1.21875,71,166,0.42771084337349397,33,40,0.825,5,12,0.4166666666666667,0.25823665893271464,0.4901960784313726,1.1538461538461537,11.96875,0,0,0,0,0,0.0,0.0,0.0,7.5625,4.8125,2.09375,10.15625,0.450261780104712,0.5207436736099156,-1.9375,2.84375,-0.6875,1.8125,1,11,21,0.34375,N,7,WE,2088,2202,-114,74.0,190
folklkr01w,3,POR,0,F,0,32,4,602,155,148,32,18,17,32,56,4.84375,4.625,1.0,0.5625,0.53125,18.8125,1.0,62,126,0.49206349206349204,31,35,0.8857142857142857,0,3,0.0,0.2880398671096346,0.5480905233380481,1.0,8.4375,0,0,0,0,0,0.0,0.0,0.0,5.625,7.65625,1.40625,11.96875,0.42771084337349397,0.4901960784313726,-0.78125,-3.03125,-0.40625,-3.53125,2,16,16,0.5,N,5,WE,2195,2227,-32,74.0,190
fordch01w,4,DET,0,F,0,32,32,956,344,334,27,32,31,79,109,10.75,10.4375,0.84375,1.0,0.96875,29.875,2.46875,128,270,0.4740740740740741,88,129,0.6821705426356589,0,0,0.0,0.42443514644351465,0.5263802178969275,0.34177215189873417,15.8125,1,8,67,80,4,8.375,10.0,0.5,,,,,,,,,,,0,25,9,0.7352941176470589,Y,1,EA,2553,2395,158,75.0,198
fordch01w,5,DET,0,F,0,31,31,912,329,297,34,41,25,54,118,10.612903225806452,9.580645161290322,1.096774193548387,1.3225806451612903,0.8064516129032258,29.419354838709676,1.7419354838709677,118,287,0.41114982578397213,93,158,0.5886075949367089,0,0,0.0,0.4501315789473684,0.46140468977897453,0.6296296296296297,14.129032258064516,1,3,48,32,1,16.0,10.666666666666666,0.3333333333333333,10.75,10.4375,0.84375,15.8125,0.4740740740740741,0.5263802178969275,-0.13709677419354804,-0.8568548387096779,0.253024193548387,-1.683467741935484,1,17,17,0.5,Y,3,EA,2366,2381,-15,75.0,198
fordch01w,6,DET,0,F,0,33,33,932,313,322,26,33,46,69,143,9.484848484848484,9.757575757575758,0.7878787878787878,1.0,1.393939393939394,28.242424242424242,2.090909090909091,120,279,0.43010752688172044,73,150,0.4866666666666667,0,0,0.0,0.44420600858369097,0.45362318840579713,0.37681159420289856,13.181818181818182,1,2,19,14,2,9.5,7.0,1.0,10.612903225806452,9.580645161290322,1.096774193548387,14.129032258064516,0.41114982578397213,0.46140468977897453,-1.1280547409579675,0.17693059628543573,-0.30889540566959917,-0.9472140762463344,2,16,18,0.47058823529411764,Y,4,EA,2247,2287,-40,75.0,198
fordch01w,7,DET,0,F,0,32,32,920,443,363,45,38,25,58,114,13.84375,11.34375,1.40625,1.1875,0.78125,28.75,1.8125,157,315,0.4984126984126984,129,199,0.6482412060301508,0,0,0.0,0.5006086956521739,0.5502285373608903,0.7758620689655172,19.625,1,10,134,103,12,13.4,10.3,1.2,9.484848484848484,9.757575757575758,0.7878787878787878,13.181818181818182,0.43010752688172044,0.45362318840579713,4.358901515151516,1.5861742424242422,0.6183712121212122,6.443181818181818,3,23,11,0.6764705882352942,Y,2,EA,2527,2384,143,75.0,198
fordch01w,8,DET,0,F,0,15,15,460,195,168,22,28,11,42,54,13.0,11.2,1.4666666666666666,1.8666666666666667,0.7333333333333333,30.666666666666668,2.8,71,143,0.4965034965034965,53,83,0.6385542168674698,0,0,0.0,0.48156521739130437,0.5431149732620321,0.5238095238095238,18.666666666666668,1,10,69,92,4,6.9,9.2,0.4,13.84375,11.34375,1.40625,19.625,0.4984126984126984,0.5502285373608903,-0.84375,-0.1437500000000007,0.06041666666666656,-0.9583333333333321,4,24,10,0.7058823529411765,Y,1,EA,2697,2540,157,75.0,198
fordch01w,9,DET,0,F,0,24,24,637,243,208,22,24,9,23,70,10.125,8.666666666666666,0.9166666666666666,1.0,0.375,26.541666666666668,0.9583333333333334,89,185,0.4810810810810811,65,116,0.5603448275862069,0,0,0.0,0.4066562009419152,0.5147432638535842,0.9565217391304348,14.0,0,0,0,0,0,0.0,0.0,0.0,13.0,11.2,1.4666666666666666,18.666666666666668,0.4965034965034965,0.5431149732620321,-2.875,-2.533333333333333,-0.5499999999999999,-4.666666666666668,5,22,12,0.6470588235294118,Y,1,EA,2672,2522,150,75.0,198
fordch01w,10,DET,0,F,0,29,29,755,249,215,25,28,13,49,105,8.586206896551724,7.413793103448276,0.8620689655172413,0.9655172413793104,0.4482758620689655,26.03448275862069,1.6896551724137931,97,227,0.42731277533039647,55,100,0.55,0,3,0.0,0.423841059602649,0.45940959409594095,0.5102040816326531,10.551724137931034,1,5,39,50,6,7.8,10.0,1.2,10.125,8.666666666666666,0.9166666666666666,14.0,0.4810810810810811,0.5147432638535842,-1.5387931034482758,-1.2528735632183903,-0.054597701149425304,-3.448275862068966,6,18,16,0.5294117647058824,Y,3,EA,2652,2644,8,75.0,198
fordki01w,1,MIA,0,G-F,0,28,0,424,104,62,21,32,1,27,65,3.7142857142857144,2.2142857142857144,0.75,1.1428571428571428,0.03571428571428571,15.142857142857142,0.9642857142857143,33,108,0.3055555555555556,37,63,0.5873015873015873,1,4,0.25,0.3837735849056604,0.3831417624521073,0.7777777777777778,3.2857142857142856,0,0,0,0,0,0.0,0.0,0.0,,,,,,,,,,,0,13,19,0.40625,N,6,EA,1831,2001,-170,70.0,153
fordki01w,2,MIA,0,G-F,0,30,1,395,71,65,21,17,5,18,43,2.3666666666666667,2.1666666666666665,0.7,0.5666666666666667,0.16666666666666666,13.166666666666666,0.6,26,80,0.325,18,32,0.5625,1,11,0.09090909090909091,0.28374683544303797,0.3773384353741497,1.1666666666666667,3.1,1,3,2,1,2,0.6666666666666666,0.3333333333333333,0.6666666666666666,3.7142857142857144,2.2142857142857144,0.75,3.2857142857142856,0.3055555555555556,0.3831417624521073,-1.3476190476190477,-0.047619047619047894,-0.050000000000000044,-0.1857142857142855,1,20,12,0.625,Y,3,EA,1957,1898,59,70.0,153
fordst01w,2,NYL,0,F,0,1,0,3,2,1,0,0,0,0,0,2.0,1.0,0.0,0.0,0.0,3.0,0.0,1,1,1.0,0,0,0.0,0,0,0.0,0.3333333333333333,1.0,0.0,3.0,0,0,0,0,0,0.0,0.0,0.0,,,,,,,,,,,0,21,11,0.65625,Y,2,EA,2162,2082,80,74.0,185
fordst01w,3,SAC,0,F,0,5,0,12,2,2,1,0,0,1,1,0.4,0.4,0.2,0.0,0.0,2.4,0.2,1,2,0.5,0,2,0.0,0,0,0.0,0.3233333333333333,0.3472222222222222,1.0,0.2,0,0,0,0,0,0.0,0.0,0.0,2.0,1.0,0.0,3.0,1.0,1.0,-1.6,-0.6,0.2,-2.8,1,14,18,0.4375,N,6,WE,2166,2294,-128,74.0,185
fowlesy01w,9,CHI,0,C,0,17,14,430,178,127,5,19,36,37,32,10.470588235294118,7.470588235294118,0.29411764705882354,1.1176470588235294,2.1176470588235294,25.294117647058822,2.176470588235294,77,150,0.5133333333333333,24,41,0.5853658536585366,0,0,0.0,0.47683720930232554,0.529635800999762,0.13513513513513514,14.0,0,0,0,0,0,0.0,0.0,0.0,,,,,,,,,,,0,12,22,0.35294117647058826,N,5,EA,2472,2510,-38,78.0,200
fowlesy01w,10,CHI,0,C,0,24,20,692,270,188,19,21,35,76,72,11.25,7.833333333333333,0.7916666666666666,0.875,1.4583333333333333,28.833333333333332,3.1666666666666665,103,172,0.5988372093023255,64,99,0.6464646464646465,0,0,0.0,0.42132947976878615,0.6262757468918166,0.25,14.708333333333334,0,0,0,0,0,0.0,0.0,0.0,10.470588235294118,7.470588235294118,0.29411764705882354,14.0,0.5133333333333333,0.529635800999762,0.7794117647058822,0.3627450980392153,0.4975490196078431,0.7083333333333339,1,16,18,0.47058823529411764,N,5,EA,2573,2693,-120,78.0,200
francde01w,1,NYL,0,F,0,1,0,2,0,0,0,0,0,0,0,0.0,0.0,0.0,0.0,0.0,2.0,0.0,0,1,0.0,0,0,0.0,0,0,0.0,0.5,0.0,0.0,-1.0,1,2,0,1,0,0.0,0.5,0.0,,,,,,,,,,,0,20,12,0.625,Y,1,EA,2148,2035,113,70.0,193
frankaq01w,9,SAC,0,G,0,34,0,351,53,45,59,16,1,26,44,1.5588235294117647,1.3235294117647058,1.7352941176470589,0.47058823529411764,0.029411764705882353,10.323529411764707,0.7647058823529411,19,70,0.2714285714285714,9,14,0.6428571428571429,6,24,0.25,0.291054131054131,0.34795168067226895,2.269230769230769,2.7058823529411766,1,3,2,1,1,0.6666666666666666,0.3333333333333333,0.3333333333333333,,,,,,,,,,,0,18,16,0.5294117647058824,Y,4,WE,2545,2571,-26,64.0,154
frankaq01w,10,SEA,0,G,0,2,0,20,0,2,1,1,0,1,2,0.0,1.0,0.5,0.5,0.0,10.0,0.5,0,4,0.0,0,0,0.0,0,2,0.0,0.25,0.0,1.0,-0.5,0,0,0,0,0,0.0,0.0,0.0,1.5588235294117647,1.3235294117647058,1.7352941176470589,2.7058823529411766,0.2714285714285714,0.34795168067226895,-1.5588235294117647,-0.32352941176470584,-1.2352941176470589,-3.2058823529411766,1,20,14,0.5882352941176471,Y,2,WE,2544,2476,68,64.0,154
frazeme01w,10,SAS,0,F,0,29,0,326,145,84,15,8,5,21,43,5.0,2.896551724137931,0.5172413793103449,0.27586206896551724,0.1724137931034483,11.241379310344827,0.7241379310344828,52,126,0.4126984126984127,27,39,0.6923076923076923,14,37,0.3783783783783784,0.5035582822085889,0.5064263760827047,0.7142857142857143,5.172413793103448,1,1,2,0,0,2.0,0.0,0.0,,,,,,,,,,,0,15,19,0.4411764705882353,Y,4,WE,2615,2661,-46,75.0,191
fresest01w,1,UTA,0,G,0,21,0,222,62,18,17,4,0,14,14,2.9523809523809526,0.8571428571428571,0.8095238095238095,0.19047619047619047,0.0,10.571428571428571,0.6666666666666666,10,30,0.3333333333333333,33,36,0.9166666666666666,9,26,0.34615384615384615,0.26954954954954957,0.6762652705061082,1.2142857142857142,3.0476190476190474,0,0,0,0,0,0.0,0.0,0.0,,,,,,,,,,,0,18,14,0.5625,N,5,WE,2413,2407,6,68.0,126
frettla01w,1,LAS,0,F,0,25,0,187,40,24,6,7,6,13,10,1.6,0.96,0.24,0.28,0.24,7.48,0.52,14,51,0.27450980392156865,12,16,0.75,0,1,0.0,0.3798930481283422,0.34458993797381116,0.46153846153846156,1.16,1,3,7,0,0,2.3333333333333335,0.0,0.0,,,,,,,,,,,0,28,4,0.875,Y,1,WE,2417,2169,248,75.0,170
frettla01w,2,SAC,0,F,0,30,10,403,128,55,18,10,6,32,30,4.266666666666667,1.8333333333333333,0.6,0.3333333333333333,0.2,13.433333333333334,1.0666666666666667,49,126,0.3888888888888889,30,35,0.8571428571428571,0,0,0.0,0.430272952853598,0.4526166902404526,0.5625,3.433333333333333,1,5,4,2,1,0.8,0.4,0.2,1.6,0.96,0.24,1.16,0.27450980392156865,0.34458993797381116,2.6666666666666665,0.8733333333333333,0.36,2.2733333333333334,1,20,12,0.625,Y,2,WE,2294,2139,155,75.0,170
frettla01w,3,SAC,0,F,0,32,15,648,187,95,23,5,19,27,70,5.84375,2.96875,0.71875,0.15625,0.59375,20.25,0.84375,84,187,0.44919786096256686,14,17,0.8235294117647058,5,15,0.3333333333333333,0.3417901234567901,0.4807692307692308,0.8518518518518519,6.125,0,0,0,0,0,0.0,0.0,0.0,4.266666666666667,1.8333333333333333,0.6,3.433333333333333,0.3888888888888889,0.4526166902404526,1.5770833333333334,1.1354166666666667,0.11875000000000002,2.691666666666667,2,14,18,0.4375,N,6,WE,2166,2294,-128,75.0,170
frettla01w,4,SAC,0,F,0,24,4,150,36,23,12,2,3,10,16,1.5,0.9583333333333334,0.5,0.08333333333333333,0.125,6.25,0.4166666666666667,17,47,0.3617021276595745,1,2,0.5,1,2,0.5,0.3858666666666667,0.37593984962406013,1.2,1.4583333333333333,1,1,2,0,0,2.0,0.0,0.0,5.84375,2.96875,0.71875,6.125,0.44919786096256686,0.4807692307692308,-4.34375,-2.0104166666666665,-0.21875,-4.666666666666667,3,19,15,0.5588235294117647,Y,3,WE,2299,2216,83,75.0,170
frettla01w,5,CHA,1,F,0,10,0,71,15,10,4,1,2,10,4,1.5,1.0,0.4,0.1,0.2,7.1,1.0,6,13,0.46153846153846156,3,6,0.5,0,0,0.0,0.3611267605633803,0.479539641943734,0.4,1.2,0,0,0,0,0,0.0,0.0,0.0,1.5,0.9583333333333334,0.5,1.4583333333333333,0.3617021276595745,0.37593984962406013,0.0,0.04166666666666663,-0.09999999999999998,-0.2583333333333333,4,16,18,0.47058823529411764,N,5,EA,2092,2168,-76,75.0,170
frettla01w,5,NYL,2,F,0,16,2,276,102,40,14,9,5,14,25,6.375,2.5,0.875,0.5625,0.3125,17.25,0.875,41,85,0.4823529411764706,20,31,0.6451612903225806,0,0,0.0,0.4081159420289855,0.5170316301703163,1.0,6.3125,1,5,44,17,6,8.8,3.4,1.2,1.5,1.0,0.4,1.2,0.46153846153846156,0.479539641943734,4.875,1.5,0.475,5.1125,5,18,16,0.5294117647058824,Y,2,EA,2252,2297,-45,75.0,170
frettla01w,6,NYL,0,F,0,33,1,361,98,38,18,12,4,18,52,2.9696969696969697,1.1515151515151516,0.5454545454545454,0.36363636363636365,0.12121212121212122,10.93939393939394,0.5454545454545454,42,88,0.4772727272727273,14,19,0.7368421052631579,0,0,0.0,0.31678670360110806,0.5085097550850975,1.0,3.0606060606060606,1,2,15,4,1,7.5,2.0,0.5,6.375,2.5,0.875,6.3125,0.4823529411764706,0.5170316301703163,-3.4053030303030303,-1.3484848484848484,-0.3295454545454546,-3.2518939393939394,6,18,16,0.5294117647058824,Y,3,EA,2316,2285,31,75.0,170
friertr01w,5,SEA,0,F,0,5,0,22,7,5,0,0,0,1,7,1.4,1.0,0.0,0.0,0.0,4.4,0.2,2,9,0.2222222222222222,3,3,1.0,0,1,0.0,0.5145454545454545,0.3391472868217054,0.0,0.8,0,0,0,0,0,0.0,0.0,0.0,,,,,,,,,,,0,20,14,0.5882352941176471,Y,2,WE,2437,2264,173,74.0,186
frohlli01w,3,NYL,0,F-C,0,16,0,67,6,13,1,2,0,4,11,0.375,0.8125,0.0625,0.125,0.0,4.1875,0.25,1,10,0.1,4,4,1.0,0,4,0.0,0.23522388059701493,0.25510204081632654,0.25,0.5625,1,3,1,5,2,0.3333333333333333,1.6666666666666667,0.6666666666666666,,,,,,,,,,,0,18,14,0.5625,Y,1,EA,2089,2015,74,75.0,185
frohlli01w,4,NYL,0,F-C,0,26,0,214,83,36,15,6,8,14,26,3.1923076923076925,1.3846153846153846,0.5769230769230769,0.23076923076923078,0.3076923076923077,8.23076923076923,0.5384615384615384,31,72,0.4305555555555556,14,22,0.6363636363636364,7,13,0.5384615384615384,0.4471028037383178,0.5080803134182174,1.0714285714285714,3.269230769230769,0,0,0,0,0,0.0,0.0,0.0,0.375,0.8125,0.0625,0.5625,0.1,0.25510204081632654,2.8173076923076925,0.5721153846153846,0.5144230769230769,2.706730769230769,1,16,18,0.47058823529411764,N,6,EA,2243,2256,-13,75.0,185
frohlli01w,7,IND,0,F-C,0,20,0,169,66,35,9,5,0,13,27,3.3,1.75,0.45,0.25,0.0,8.45,0.65,26,68,0.38235294117647056,6,8,0.75,8,22,0.36363636363636365,0.5001183431952663,0.4614093959731544,0.6923076923076923,2.9,0,0,0,0,0,0.0,0.0,0.0,3.1923076923076925,1.3846153846153846,0.5769230769230769,3.269230769230769,0.4305555555555556,0.5080803134182174,0.10769230769230731,0.3653846153846154,-0.12692307692307686,-0.36923076923076925,2,21,13,0.6176470588235294,Y,3,EA,2435,2316,119,75.0,185
frohlli01w,8,SAC,0,F-C,0,10,0,51,14,9,2,1,1,12,10,1.4,0.9,0.2,0.1,0.1,5.1,1.2,4,13,0.3076923076923077,4,4,1.0,2,3,0.6666666666666666,0.5247058823529411,0.4742547425474255,0.16666666666666666,0.6,1,1,3,1,0,3.0,1.0,0.0,3.3,1.75,0.45,2.9,0.38235294117647056,0.4614093959731544,-1.9,-0.85,-0.25,-2.3,3,19,15,0.5588235294117647,Y,3,WE,2527,2480,47,75.0,185
futreca01w,5,CON,0,G,0,20,0,144,42,19,10,5,1,7,20,2.1,0.95,0.5,0.25,0.05,7.2,0.35,11,38,0.2894736842105263,13,16,0.8125,7,17,0.4117647058823529,0.36138888888888887,0.46625222024866786,1.4285714285714286,2.0,1,2,2,0,0,1.0,0.0,0.0,,,,,,,,,,,0,18,16,0.5294117647058824,Y,1,EA,2335,2304,31,70.0,154
gaithka01w,1,IND,2,C,0,6,0,24,6,3,1,0,1,1,2,1.0,0.5,0.16666666666666666,0.0,0.16666666666666666,4.0,0.16666666666666666,3,8,0.375,0,0,0.0,0,0,0.0,0.375,0.375,1.0,0.8333333333333334,0,0,0,0,0,0.0,0.0,0.0,,,,,,,,,,,0,9,23,0.28125,N,7,EA,2213,2290,-77,75.0,170
gaithka01w,1,UTA,1,C,0,9,0,54,14,17,4,4,0,4,8,1.5555555555555556,1.8888888888888888,0.4444444444444444,0.4444444444444444,0.0,6.0,0.4444444444444444,2,7,0.2857142857142857,10,10,1.0,0,0,0.0,0.2851851851851852,0.6140350877192983,1.0,3.3333333333333335,0,0,0,0,0,0.0,0.0,0.0,1.0,0.5,0.16666666666666666,0.8333333333333334,0.375,0.375,0.5555555555555556,1.3888888888888888,0.2777777777777778,2.5,1,18,14,0.5625,N,5,WE,2413,2407,6,75.0,170
gaithka01w,3,LAS,1,C,0,1,0,5,0,1,1,0,0,1,2,0.0,1.0,1.0,0.0,0.0,5.0,1.0,0,1,0.0,0,0,0.0,0,0,0.0,0.4,0.0,1.0,0.0,0,0,0,0,0,0.0,0.0,0.0,1.5555555555555556,1.8888888888888888,0.4444444444444444,3.3333333333333335,0.2857142857142857,0.6140350877192983,-1.5555555555555556,-0.8888888888888888,0.5555555555555556,-3.3333333333333335,2,25,7,0.78125,Y,1,WE,2452,2235,217,75.0,170
gaithka01w,3,WAS,2,C,0,1,0,1,0,0,0,0,0,0,1,0.0,0.0,0.0,0.0,0.0,1.0,0.0,0,0,0.0,0,0,0.0,0,0,0.0,0.0,0.0,0.0,0.0,0,0,0,0,0,0.0,0.0,0.0,0.0,1.0,1.0,0.0,0.0,0.0,0.0,-1.0,-1.0,0.0,3,17,15,0.53125,Y,3,EA,2135,2116,19,75.0,170
garcibe01w,3,DET,0,G,0,8,0,64,8,4,9,3,0,11,8,1.0,0.5,1.125,0.375,0.0,8.0,1.375,2,11,0.18181818181818182,2,4,0.5,2,6,0.3333333333333333,0.37124999999999997,0.31347962382445144,0.8181818181818182,0.25,0,0,0,0,0,0.0,0.0,0.0,,,,,,,,,,,0,9,23,0.28125,N,8,EA,2114,2266,-152,65.0,135
gardike01w,9,CON,0,F,0,34,15,540,137,111,41,29,7,45,56,4.029411764705882,3.264705882352941,1.2058823529411764,0.8529411764705882,0.20588235294117646,15.882352941176471,1.3235294117647058,47,133,0.3533834586466165,22,41,0.5365853658536586,21,56,0.375,0.36303703703703705,0.4535222457627119,0.9111111111111111,5.147058823529412,1,3,11,7,3,3.6666666666666665,2.3333333333333335,1.0,,,,,,,,,,,0,21,13,0.6176470588235294,Y,2,EA,2690,2541,149,73.0,168
gardike01w,10,CON,0,F,0,33,23,596,180,143,39,25,24,38,57,5.454545454545454,4.333333333333333,1.1818181818181819,0.7575757575757576,0.7272727272727273,18.060606060606062,1.1515151515151516,58,159,0.36477987421383645,54,89,0.6067415730337079,10,39,0.2564102564102564,0.39624161073825503,0.4541784416633024,1.0263157894736843,7.181818181818182,0,0,0,0,0,0.0,0.0,0.0,4.029411764705882,3.264705882352941,1.2058823529411764,5.147058823529412,0.3533834586466165,0.4535222457627119,1.425133689839572,1.068627450980392,-0.024064171122994527,2.0347593582887695,1,16,18,0.47058823529411764,N,6,EA,2651,2654,-3,73.0,168
gardnan01w,3,UTA,0,F-C,0,30,2,198,57,61,5,3,3,13,35,1.9,2.033333333333333,0.16666666666666666,0.1,0.1,6.6,0.43333333333333335,18,49,0.3673469387755102,21,38,0.5526315789473685,0,0,0.0,0.3975757575757576,0.4336579427875837,0.38461538461538464,2.2666666666666666,1,3,5,4,0,1.6666666666666667,1.3333333333333333,0.0,,,,,,,,,,,0,20,12,0.625,Y,3,WE,2418,2344,74,75.0,190
gardnan01w,9,WAS,0,F-C,0,22,0,178,57,50,6,3,0,11,26,2.590909090909091,2.272727272727273,0.2727272727272727,0.13636363636363635,0.0,8.090909090909092,0.5,22,58,0.3793103448275862,13,24,0.5416666666666666,0,0,0.0,0.44696629213483147,0.41569428238039674,0.5454545454545454,2.6363636363636362,0,0,0,0,0,0.0,0.0,0.0,1.9,2.033333333333333,0.16666666666666666,2.2666666666666666,0.3673469387755102,0.4336579427875837,0.6909090909090909,0.23939393939393971,0.10606060606060605,0.36969696969696964,1,10,24,0.29411764705882354,N,6,EA,2368,2601,-233,75.0,190
garnean01w,1,SEA,0,F-C,0,32,19,560,101,98,25,27,10,43,44,3.15625,3.0625,0.78125,0.84375,0.3125,17.5,1.34375,38,116,0.3275862068965517,24,38,0.631578947368421,1,2,0.5,0.3137857142857143,0.38050030138637736,0.5813953488372093,3.9375,0,0,0,0,0,0.0,0.0,0.0,,,,,,,,,,,0,6,26,0.1875,N,8,WE,1822,2171,-349,75.0,160
gaydeco01w,1,ORL,0,G,0,3,0,7,2,0,1,0,0,0,0,0.6666666666666666,0.0,0.3333333333333333,0.0,0.0,2.3333333333333335,0.0,1,2,0.5,0,0,0.0,0,1,0.0,0.2857142857142857,0.5,1.0,0.6666666666666666,0,0,0,0,0,0.0,0.0,0.0,,,,,,,,,,,0,16,16,0.5,Y,3,EA,2208,2233,-25,69.0,150
gearlka01w,8,SEA,0,G-F,0,33,0,437,132,53,24,12,6,20,22,4.0,1.606060606060606,0.7272727272727273,0.36363636363636365,0.18181818181818182,13.242424242424242,0.6060606060606061,44,114,0.38596491228070173,22,25,0.88,22,64,0.34375,0.3318077803203661,0.528,1.2,4.0606060606060606,1,2,3,3,3,1.5,1.5,1.5,,,,,,,,,,,0,17,17,0.5,Y,4,WE,2734,2647,87,73.0,184
gearlka01w,9,SEA,0,G-F,0,34,3,468,171,44,21,11,3,15,28,5.029411764705882,1.2941176470588236,0.6176470588235294,0.3235294117647059,0.08823529411764706,13.764705882352942,0.4411764705882353,59,158,0.37341772151898733,17,23,0.7391304347826086,36,92,0.391304347826087,0.3912820512820513,0.5085653104925053,1.4,3.823529411764706,1,3,6,1,2,2.0,0.3333333333333333,0.6666666666666666,4.0,1.606060606060606,0.7272727272727273,4.0606060606060606,0.38596491228070173,0.528,1.0294117647058822,-0.31194295900178237,-0.10962566844919786,-0.2370766488413545,1,22,12,0.6470588235294118,Y,2,WE,2493,2406,87,73.0,184
gearlka01w,10,SEA,0,G-F,0,20,0,243,82,26,11,6,3,12,14,4.1,1.3,0.55,0.3,0.15,12.15,0.6,29,74,0.3918918918918919,3,4,0.75,21,52,0.40384615384615385,0.36115226337448564,0.541182682154171,0.9166666666666666,3.5,0,0,0,0,0,0.0,0.0,0.0,5.029411764705882,1.2941176470588236,0.6176470588235294,3.823529411764706,0.37341772151898733,0.5085653104925053,-0.9294117647058826,0.00588235294117645,-0.0676470588235294,-0.32352941176470607,2,20,14,0.5882352941176471,Y,2,WE,2544,2476,68,73.0,184
gibsoke01w,1,HOU,0,F-G,0,17,0,76,24,12,2,1,0,4,11,1.411764705882353,0.7058823529411765,0.11764705882352941,0.058823529411764705,0.0,4.470588235294118,0.23529411764705882,7,19,0.3684210526315789,7,8,0.875,3,7,0.42857142857142855,0.3489473684210526,0.5328596802841918,0.5,1.2941176470588236,1,1,0,0,0,0.0,0.0,0.0,,,,,,,,,,,0,27,5,0.84375,Y,2,WE,2475,2066,409,70.0,136
gibsoke01w,2,HOU,0,F-G,0,28,6,288,44,29,13,8,6,15,20,1.5714285714285714,1.0357142857142858,0.4642857142857143,0.2857142857142857,0.21428571428571427,10.285714285714286,0.5357142857142857,13,57,0.22807017543859648,15,22,0.6818181818181818,3,21,0.14285714285714285,0.28361111111111115,0.3299340131973605,0.8666666666666667,1.2142857142857142,1,2,7,3,0,3.5,1.5,0.0,1.411764705882353,0.7058823529411765,0.11764705882352941,1.2941176470588236,0.3684210526315789,0.5328596802841918,0.15966386554621836,0.3298319327731093,0.34663865546218486,-0.0798319327731094,1,19,13,0.59375,Y,4,WE,2047,1994,53,70.0,136
gibsoke01w,3,HOU,0,F-G,0,29,2,276,60,20,14,8,7,21,21,2.0689655172413794,0.6896551724137931,0.4827586206896552,0.27586206896551724,0.2413793103448276,9.517241379310345,0.7241379310344828,21,55,0.38181818181818183,4,6,0.6666666666666666,14,36,0.3888888888888889,0.28492753623188405,0.520471894517696,0.6666666666666666,1.793103448275862,1,2,10,4,0,5.0,2.0,0.0,1.5714285714285714,1.0357142857142858,0.4642857142857143,1.2142857142857142,0.22807017543859648,0.3299340131973605,0.49753694581280805,-0.34605911330049266,0.018472906403940892,0.5788177339901479,2,24,8,0.75,Y,2,WE,2072,1892,180,70.0,136
gibsoke01w,4,HOU,0,F-G,0,26,0,209,38,16,8,1,5,9,14,1.4615384615384615,0.6153846153846154,0.3076923076923077,0.038461538461538464,0.19230769230769232,8.038461538461538,0.34615384615384615,14,42,0.3333333333333333,0,0,0.0,10,24,0.4166666666666667,0.24401913875598086,0.4523809523809524,0.8888888888888888,1.1923076923076923,1,2,4,1,0,2.0,0.5,0.0,2.0689655172413794,0.6896551724137931,0.4827586206896552,1.793103448275862,0.38181818181818183,0.520471894517696,-0.607427055702918,-0.07427055702917773,-0.17506631299734748,-0.6007957559681698,3,20,14,0.5882352941176471,Y,2,WE,2244,2142,102,70.0,136
gilloje01w,1,PHO,0,F-C,0,30,30,826,376,116,45,21,29,59,91,12.533333333333333,3.8666666666666667,1.5,0.7,0.9666666666666667,27.533333333333335,1.9666666666666666,139,316,0.439873417721519,79,106,0.7452830188679245,19,69,0.2753623188405797,0.5104600484261501,0.5184204720935363,0.7627118644067796,10.8,1,2,26,4,2,13.0,2.0,1.0,,,,,,,,,,,0,20,12,0.625,Y,4,WE,2243,2102,141,75.0,180
gilloje01w,2,PHO,0,F-C,0,32,32,858,395,127,35,31,19,71,91,12.34375,3.96875,1.09375,0.96875,0.59375,26.8125,2.21875,150,355,0.4225352112676056,71,96,0.7395833333333334,24,70,0.34285714285714286,0.5457342657342658,0.4971805457657839,0.49295774647887325,9.5625,0,0,0,0,0,0.0,0.0,0.0,12.533333333333333,3.8666666666666667,1.5,10.8,0.439873417721519,0.5184204720935363,-0.18958333333333321,0.1020833333333333,-0.40625,-1.2375000000000007,1,13,19,0.40625,N,5,WE,2064,2169,-105,75.0,180
gilloje01w,3,PHO,0,F-C,0,31,31,874,473,116,37,29,21,61,90,15.258064516129032,3.7419354838709675,1.1935483870967742,0.9354838709677419,0.6774193548387096,28.193548387096776,1.967741935483871,166,400,0.415,105,131,0.8015267175572519,36,93,0.3870967741935484,0.5934096109839817,0.5167817498470414,0.6065573770491803,11.451612903225806,0,0,0,0,0,0.0,0.0,0.0,12.34375,3.96875,1.09375,9.5625,0.4225352112676056,0.4971805457657839,2.914314516129032,-0.22681451612903247,0.09979838709677424,1.889112903225806,2,11,21,0.34375,N,7,WE,2091,2291,-200,75.0,180
gilloje01w,4,LAS,0,F-C,0,33,10,397,103,55,21,16,3,9,65,3.121212121212121,1.6666666666666667,0.6363636363636364,0.48484848484848486,0.09090909090909091,12.030303030303031,0.2727272727272727,40,97,0.41237113402061853,16,21,0.7619047619047619,7,26,0.2692307692307692,0.2902770780856423,0.4847515060240964,2.3333333333333335,3.8484848484848486,1,6,0,1,0,0.0,0.16666666666666666,0.0,15.258064516129032,3.7419354838709675,1.1935483870967742,11.451612903225806,0.415,0.5167817498470414,-12.136852394916911,-2.075268817204301,-0.5571847507331379,-7.603128054740957,3,24,10,0.7058823529411765,Y,1,WE,2499,2432,67,75.0,180
gilmous01w,1,IND,0,G,0,4,0,21,2,5,2,0,0,4,6,0.5,1.25,0.5,0.0,0.0,5.25,1.0,1,5,0.2,0,0,0.0,0,1,0.0,0.42857142857142855,0.2,0.5,0.25,0,0,0,0,0,0.0,0.0,0.0,,,,,,,,,,,0,9,23,0.28125,N,7,EA,2213,2290,-77,71.0,158
gisseka01w,9,LAS,0,F,0,2,0,14,0,2,0,0,0,1,2,0.0,1.0,0.0,0.0,0.0,7.0,0.5,0,4,0.0,0,0,0.0,0,1,0.0,0.35714285714285715,0.0,0.0,-1.5,0,0,0,0,0,0.0,0.0,0.0,,,,,,,,,,,0,20,14,0.5882352941176471,Y,3,WE,2598,2523,75,73.0,178
givench01w,9,DET,0,G,0,3,0,10,2,0,2,0,0,2,2,0.6666666666666666,0.0,0.6666666666666666,0.0,0.0,3.3333333333333335,0.6666666666666666,0,2,0.0,2,2,1.0,0,0,0.0,0.488,0.3472222222222222,1.0,0.0,0,0,0,0,0,0.0,0.0,0.0,,,,,,,,,,,0,22,12,0.6470588235294118,Y,1,EA,2672,2522,150,70.0,0
gomisem01w,7,NYL,0,G,0,2,0,15,3,0,0,1,0,1,3,1.5,0.0,0.0,0.5,0.0,7.5,0.5,0,4,0.0,3,4,0.75,0,2,0.0,0.45066666666666666,0.2604166666666667,0.0,-1.0,0,0,0,0,0,0.0,0.0,0.0,,,,,,,,,,,0,11,23,0.3235294117647059,N,5,EA,2372,2656,-284,71.0,134
goodsad01w,1,UTA,0,F,0,29,28,929,498,164,69,41,7,81,67,17.17241379310345,5.655172413793103,2.3793103448275863,1.4137931034482758,0.2413793103448276,32.03448275862069,2.793103448275862,199,415,0.4795180722891566,92,134,0.6865671641791045,8,29,0.27586206896551724,0.597373519913886,0.5253607899400794,0.8518518518518519,15.172413793103448,0,0,0,0,0,0.0,0.0,0.0,,,,,,,,,,,0,18,14,0.5625,N,5,WE,2413,2407,6,72.0,165
goodsad01w,2,UTA,0,F,0,28,25,854,343,152,58,27,0,75,64,12.25,5.428571428571429,2.0714285714285716,0.9642857142857143,0.0,30.5,2.6785714285714284,138,319,0.43260188087774293,62,89,0.6966292134831461,5,31,0.16129032258064516,0.5072131147540984,0.4788362742908197,0.7733333333333333,10.607142857142858,1,2,31,16,3,15.5,8.0,1.5,17.17241379310345,5.655172413793103,2.3793103448275863,15.172413793103448,0.4795180722891566,0.5253607899400794,-4.922413793103448,-0.22660098522167438,-0.3078817733990147,-4.565270935960591,1,19,13,0.59375,Y,3,WE,2207,2192,15,72.0,165
goodsad01w,3,UTA,0,F,0,32,32,1101,503,181,67,45,6,102,92,15.71875,5.65625,2.09375,1.40625,0.1875,34.40625,3.1875,189,419,0.4510739856801909,117,157,0.7452229299363057,8,28,0.2857142857142857,0.5359491371480471,0.5152843796099,0.6568627450980392,13.4375,1,5,72,27,8,14.4,5.4,1.6,12.25,5.428571428571429,2.0714285714285716,10.607142857142858,0.43260188087774293,0.4788362742908197,3.46875,0.22767857142857117,0.02232142857142838,2.8303571428571423,2,20,12,0.625,Y,3,WE,2418,2344,74,72.0,165
goodsad01w,4,SAS,0,F,0,33,32,969,371,185,71,24,6,85,96,11.242424242424242,5.606060606060606,2.1515151515151514,0.7272727272727273,0.18181818181818182,29.363636363636363,2.5757575757575757,141,357,0.3949579831932773,81,102,0.7941176470588235,8,36,0.2222222222222222,0.5024561403508772,0.46158057131482033,0.8352941176470589,10.151515151515152,0,0,0,0,0,0.0,0.0,0.0,15.71875,5.65625,2.09375,13.4375,0.4510739856801909,0.5152843796099,-4.476325757575758,-0.05018939393939359,0.05776515151515138,-3.2859848484848477,3,12,22,0.35294117647058826,N,6,WE,2215,2427,-212,72.0,165
goodsad01w,5,SAS,0,F,0,34,34,1068,372,235,60,28,2,67,77,10.941176470588236,6.911764705882353,1.7647058823529411,0.8235294117647058,0.058823529411764705,31.41176470588235,1.9705882352941178,142,317,0.4479495268138801,84,102,0.8235294117647058,4,16,0.25,0.4015730337078652,0.5139825356471759,0.8955223880597015,12.852941176470589,0,0,0,0,0,0.0,0.0,0.0,11.242424242424242,5.606060606060606,2.1515151515151514,10.151515151515152,0.3949579831932773,0.46158057131482033,-0.3012477718360067,1.3057040998217468,-0.38680926916221026,2.7014260249554365,4,9,25,0.2647058823529412,N,7,WE,2191,2364,-173,72.0,165
goodsad01w,6,CHA,2,F,0,10,0,215,70,35,6,3,1,18,22,7.0,3.5,0.6,0.3,0.1,21.5,1.8,30,71,0.4225352112676056,9,15,0.6,1,1,1.0,0.44465116279069766,0.45103092783505155,0.3333333333333333,5.0,0,0,0,0,0,0.0,0.0,0.0,10.941176470588236,6.911764705882353,1.7647058823529411,12.852941176470589,0.4479495268138801,0.5139825356471759,-3.9411764705882355,-3.4117647058823533,-1.164705882352941,-7.852941176470589,5,6,28,0.17647058823529413,N,6,EA,2095,2335,-240,72.0,165
goodsad01w,6,HOU,1,F,0,23,0,271,72,36,15,8,0,16,18,3.130434782608696,1.565217391304348,0.6521739130434783,0.34782608695652173,0.0,11.782608695652174,0.6956521739130435,29,73,0.3972602739726027,13,21,0.6190476190476191,1,2,0.5,0.3625092250922509,0.43774319066147865,0.9375,2.739130434782609,0,0,0,0,0,0.0,0.0,0.0,7.0,3.5,0.6,5.0,0.4225352112676056,0.45103092783505155,-3.869565217391304,-1.934782608695652,0.05217391304347829,-2.260869565217391,6,19,15,0.5588235294117647,Y,3,WE,2309,2263,46,72.0,165
goringi01w,8,WAS,0,C,0,21,0,156,54,41,3,5,12,4,28,2.5714285714285716,1.9523809523809523,0.14285714285714285,0.23809523809523808,0.5714285714285714,7.428571428571429,0.19047619047619047,19,45,0.4222222222222222,16,21,0.7619047619047619,0,1,0.0,0.37333333333333335,0.497787610619469,0.75,3.8095238095238093,0,0,0,0,0,0.0,0.0,0.0,,,,,,,,,,,0,16,18,0.47058823529411764,N,5,EA,2585,2639,-54,79.0,225
gortmsh01w,3,MIN,0,G,0,29,2,369,91,61,21,13,6,25,42,3.1379310344827585,2.103448275862069,0.7241379310344828,0.4482758620689655,0.20689655172413793,12.724137931034482,0.8620689655172413,35,97,0.36082474226804123,7,9,0.7777777777777778,14,43,0.32558139534883723,0.3413550135501355,0.4506735340729002,0.84,3.5517241379310347,0,0,0,0,0,0.0,0.0,0.0,,,,,,,,,,,0,10,22,0.3125,N,8,WE,2003,2104,-101,70.0,158
gortmsh01w,4,MIN,0,G,0,25,0,200,50,32,14,11,1,20,25,2.0,1.28,0.56,0.44,0.04,8.0,0.8,21,49,0.42857142857142855,3,4,0.75,5,20,0.25,0.35379999999999995,0.49251379038613086,0.7,2.36,0,0,0,0,0,0.0,0.0,0.0,3.1379310344827585,2.103448275862069,0.7241379310344828,3.5517241379310347,0.36082474226804123,0.4506735340729002,-1.1379310344827585,-0.8234482758620689,-0.1641379310344827,-1.1917241379310348,1,18,16,0.5294117647058824,Y,4,WE,2380,2370,10,70.0,158
gortmsh01w,5,WAS,0,G,0,4,0,24,0,4,2,0,1,2,0,0.0,1.0,0.5,0.0,0.25,6.0,0.5,0,0,0.0,0,0,0.0,0,0,0.0,0.08333333333333333,0.0,1.0,1.25,1,1,0,0,0,0.0,0.0,0.0,2.0,1.28,0.56,2.36,0.42857142857142855,0.49251379038613086,-2.0,-0.28,-0.06000000000000005,-1.1099999999999999,2,17,17,0.5,Y,4,EA,2325,2384,-59,70.0,158
gortmsh01w,7,SEA,0,G,0,20,0,265,56,48,17,11,2,25,32,2.8,2.4,0.85,0.55,0.1,13.25,1.25,20,55,0.36363636363636365,14,18,0.7777777777777778,2,12,0.16666666666666666,0.3317735849056604,0.4450095359186268,0.68,3.5,0,0,0,0,0,0.0,0.0,0.0,0.0,1.0,0.5,1.25,0.0,0.0,2.8,1.4,0.35,2.25,3,18,16,0.5294117647058824,Y,4,WE,2644,2575,69,70.0,158
granter01w,8,HOU,0,G,0,17,2,211,25,19,37,7,0,11,20,1.4705882352941178,1.1176470588235294,2.176470588235294,0.4117647058823529,0.0,12.411764705882353,0.6470588235294118,9,23,0.391304347826087,7,10,0.7,0,2,0.0,0.1819905213270142,0.4562043795620438,3.3636363636363638,3.5294117647058822,0,0,0,0,0,0.0,0.0,0.0,,,,,,,,,,,0,13,21,0.38235294117647056,N,5,WE,2510,2628,-118,68.0,125
grecomi01w,5,SEA,0,G,0,13,0,73,29,10,8,3,0,8,6,2.230769230769231,0.7692307692307693,0.6153846153846154,0.23076923076923078,0.0,5.615384615384615,0.6153846153846154,10,18,0.5555555555555556,9,13,0.6923076923076923,0,2,0.0,0.43452054794520545,0.6112984822934233,1.0,2.3076923076923075,1,4,2,0,1,0.5,0.0,0.25,,,,,,,,,,,0,20,14,0.5882352941176471,Y,2,WE,2437,2264,173,69.0,145
greenci01w,7,SEA,0,C,0,5,0,24,2,8,0,0,0,0,9,0.4,1.6,0.0,0.0,0.0,4.8,0.0,0,7,0.0,2,4,0.5,0,0,0.0,0.365,0.11415525114155252,0.0,0.2,0,0,0,0,0,0.0,0.0,0.0,,,,,,,,,,,0,18,16,0.5294117647058824,Y,4,WE,2644,2575,69,77.0,183
grginve01w,1,LAS,0,F,0,18,0,183,49,23,12,3,1,14,17,2.7222222222222223,1.2777777777777777,0.6666666666666666,0.16666666666666666,0.05555555555555555,10.166666666666666,0.7777777777777778,17,62,0.27419354838709675,14,23,0.6086956521739131,1,17,0.058823529411764705,0.4706010928961749,0.33971159179145866,0.8571428571428571,1.1111111111111112,1,3,2,3,1,0.6666666666666666,1.0,0.3333333333333333,,,,,,,,,,,0,28,4,0.875,Y,1,WE,2417,2169,248,73.0,160
grginve01w,2,LAS,0,F,0,24,7,223,71,35,12,4,1,15,21,2.9583333333333335,1.4583333333333333,0.5,0.16666666666666666,0.041666666666666664,9.291666666666666,0.625,28,65,0.4307692307692308,9,14,0.6428571428571429,6,19,0.3157894736842105,0.3863677130044843,0.49887577290612706,0.8,2.75,1,4,4,1,0,1.0,0.25,0.0,2.7222222222222223,1.2777777777777777,0.6666666666666666,1.1111111111111112,0.27419354838709675,0.33971159179145866,0.23611111111111116,0.18055555555555558,-0.16666666666666663,1.6388888888888888,1,28,4,0.875,Y,1,WE,2441,2166,275,73.0,160
grginve01w,3,LAS,0,F,0,12,0,79,31,8,1,1,0,8,11,2.5833333333333335,0.6666666666666666,0.08333333333333333,0.08333333333333333,0.0,6.583333333333333,0.6666666666666666,12,31,0.3870967741935484,2,3,0.6666666666666666,5,12,0.4166666666666667,0.5103797468354431,0.47957920792079206,0.125,1.0833333333333333,1,1,0,0,2,0.0,0.0,2.0,2.9583333333333335,1.4583333333333333,0.5,2.75,0.4307692307692308,0.49887577290612706,-0.375,-0.7916666666666666,-0.4166666666666667,-1.6666666666666667,2,25,7,0.78125,Y,1,WE,2452,2235,217,73.0,160
griffyo01w,1,SAC,0,C-F,0,32,32,1026,523,331,47,83,61,82,110,16.34375,10.34375,1.46875,2.59375,1.90625,32.0625,2.5625,193,361,0.5346260387811634,137,194,0.7061855670103093,0,0,0.0,0.5149707602339182,0.5858499865579353,0.573170731707317,23.0625,1,2,29,24,2,14.5,12.0,1.0,,,,,,,,,,,0,21,11,0.65625,Y,3,WE,2343,2176,167,75.0,188
griffyo01w,2,SAC,0,C-F,0,32,31,1077,518,357,54,63,37,75,114,16.1875,11.15625,1.6875,1.96875,1.15625,33.65625,2.34375,192,368,0.5217391304347826,134,186,0.7204301075268817,0,0,0.0,0.48731662024141137,0.5757602703183353,0.72,22.6875,1,5,106,44,7,21.2,8.8,1.4,16.34375,10.34375,1.46875,23.0625,0.5346260387811634,0.5858499865579353,-0.15625,0.8125,0.21875,-0.375,1,20,12,0.625,Y,2,WE,2294,2139,155,75.0,188
griffyo01w,3,SAC,0,C-F,0,17,17,577,288,148,19,16,13,45,70,16.941176470588236,8.705882352941176,1.1176470588235294,0.9411764705882353,0.7647058823529411,33.94117647058823,2.6470588235294117,93,179,0.5195530726256983,102,127,0.8031496062992126,0,0,0.0,0.48506065857885616,0.6130790190735695,0.4222222222222222,19.294117647058822,0,0,0,0,0,0.0,0.0,0.0,16.1875,11.15625,1.6875,22.6875,0.5217391304347826,0.5757602703183353,0.7536764705882355,-2.4503676470588243,-0.5698529411764706,-3.3933823529411775,2,14,18,0.4375,N,6,WE,2166,2294,-128,75.0,188
griffyo01w,4,SAC,0,C-F,0,34,34,1015,469,248,46,57,39,75,125,13.794117647058824,7.294117647058823,1.3529411764705883,1.6764705882352942,1.1470588235294117,29.852941176470587,2.2058823529411766,161,332,0.48493975903614456,147,190,0.7736842105263158,0,2,0.0,0.48334975369458133,0.5642444658325313,0.6133333333333333,16.764705882352942,1,6,103,53,7,17.166666666666668,8.833333333333334,1.1666666666666667,16.941176470588236,8.705882352941176,1.1176470588235294,19.294117647058822,0.5195530726256983,0.6130790190735695,-3.1470588235294112,-1.4117647058823524,0.23529411764705888,-2.5294117647058805,3,19,15,0.5588235294117647,Y,3,WE,2299,2216,83,75.0,188
griffyo01w,5,SAC,0,C-F,0,34,34,1031,494,246,42,75,41,59,99,14.529411764705882,7.235294117647059,1.2352941176470589,2.2058823529411766,1.2058823529411764,30.323529411764707,1.7352941176470589,177,341,0.5190615835777126,140,186,0.7526881720430108,0,1,0.0,0.4673520853540252,0.5841453031879671,0.711864406779661,18.5,1,6,82,49,8,13.666666666666666,8.166666666666666,1.3333333333333333,13.794117647058824,7.294117647058823,1.3529411764705883,16.764705882352942,0.48493975903614456,0.5642444658325313,0.735294117647058,-0.0588235294117645,-0.11764705882352944,1.735294117647058,4,18,16,0.5294117647058824,Y,4,WE,2312,2241,71,75.0,188
griffyo01w,6,SAC,0,C-F,0,34,33,962,469,223,52,42,31,68,98,13.794117647058824,6.5588235294117645,1.5294117647058822,1.2352941176470589,0.9117647058823529,28.294117647058822,2.0,173,357,0.484593837535014,123,174,0.7068965517241379,0,0,0.0,0.5213721413721414,0.5408709290524956,0.7647058823529411,15.117647058823529,1,8,138,66,11,17.25,8.25,1.375,14.529411764705882,7.235294117647059,1.2352941176470589,18.5,0.5190615835777126,0.5841453031879671,-0.735294117647058,-0.6764705882352944,0.2941176470588234,-3.382352941176471,5,25,9,0.7352941176470589,Y,1,WE,2329,2093,236,75.0,188
griffyo01w,7,SAC,0,C-F,0,34,34,854,407,219,56,44,16,66,74,11.970588235294118,6.4411764705882355,1.6470588235294117,1.2941176470588236,0.47058823529411764,25.11764705882353,1.9411764705882353,134,293,0.45733788395904434,139,185,0.7513513513513513,0,1,0.0,0.5156908665105386,0.5435363247863249,0.8484848484848485,13.852941176470589,1,9,133,64,16,14.777777777777779,7.111111111111111,1.7777777777777777,13.794117647058824,6.5588235294117645,1.5294117647058822,15.117647058823529,0.484593837535014,0.5408709290524956,-1.8235294117647065,-0.117647058823529,0.11764705882352944,-1.2647058823529402,6,21,13,0.6176470588235294,Y,2,WE,2537,2404,133,75.0,188
griffyo01w,8,SAC,0,C-F,0,32,32,738,289,147,47,33,12,65,97,9.03125,4.59375,1.46875,1.03125,0.375,23.0625,2.03125,107,213,0.5023474178403756,75,114,0.6578947368421053,0,0,0.0,0.44466124661246614,0.5490956072351421,0.7230769230769231,9.9375,1,3,26,18,1,8.666666666666666,6.0,0.3333333333333333,11.970588235294118,6.4411764705882355,1.6470588235294117,13.852941176470589,0.45733788395904434,0.5435363247863249,-2.9393382352941178,-1.8474264705882355,-0.1783088235294117,-3.9154411764705888,7,19,15,0.5588235294117647,Y,3,WE,2527,2480,47,75.0,188
griffyo01w,9,SEA,0,C-F,0,30,30,658,217,189,45,43,17,51,110,7.233333333333333,6.3,1.5,1.4333333333333333,0.5666666666666667,21.933333333333334,1.7,67,145,0.46206896551724136,83,128,0.6484375,0,0,0.0,0.38346504559270517,0.53894297635605,0.8823529411764706,11.233333333333333,1,3,13,19,5,4.333333333333333,6.333333333333333,1.6666666666666667,9.03125,4.59375,1.46875,9.9375,0.5023474178403756,0.5490956072351421,-1.7979166666666666,1.7062499999999998,0.03125,1.2958333333333325,8,22,12,0.6470588235294118,Y,2,WE,2493,2406,87,75.0,188
griffyo01w,10,IND,0,C-F,0,3,0,41,19,7,0,0,2,3,6,6.333333333333333,2.3333333333333335,0.0,0.0,0.6666666666666666,13.666666666666666,1.0,6,12,0.5,7,9,0.7777777777777778,0,0,0.0,0.4624390243902439,0.5952380952380952,0.0,5.666666666666667,0,0,0,0,0,0.0,0.0,0.0,7.233333333333333,6.3,1.5,11.233333333333333,0.46206896551724136,0.53894297635605,-0.9000000000000004,-3.9666666666666663,-1.5,-5.5666666666666655,9,22,12,0.6470588235294118,Y,1,EA,2606,2501,105,75.0,188
groomla01w,1,SAC,0,G-F,0,30,3,401,124,44,13,10,3,21,27,4.133333333333334,1.4666666666666666,0.43333333333333335,0.3333333333333333,0.1,13.366666666666667,0.7,39,88,0.4431818181818182,46,61,0.7540983606557377,0,1,0.0,0.33875311720698253,0.5398815743643329,0.6190476190476191,3.6333333333333333,1,2,3,2,0,1.5,1.0,0.0,,,,,,,,,,,0,21,11,0.65625,Y,3,WE,2343,2176,167,70.0,160
groomla01w,2,SAC,0,G-F,0,31,0,543,141,78,38,15,10,25,43,4.548387096774194,2.5161290322580645,1.2258064516129032,0.4838709677419355,0.3225806451612903,17.516129032258064,0.8064516129032258,49,114,0.4298245614035088,43,58,0.7413793103448276,0,0,0.0,0.3029834254143647,0.5053038990825688,1.52,5.709677419354839,1,5,9,4,1,1.8,0.8,0.2,4.133333333333334,1.4666666666666666,0.43333333333333335,3.6333333333333333,0.4431818181818182,0.5398815743643329,0.4150537634408602,1.049462365591398,0.7924731182795699,2.0763440860215057,1,20,12,0.625,Y,2,WE,2294,2139,155,70.0,160
groomla01w,3,SAC,0,G-F,0,32,26,850,227,99,39,21,8,46,69,7.09375,3.09375,1.21875,0.65625,0.25,26.5625,1.4375,78,181,0.430939226519337,71,83,0.8554216867469879,0,1,0.0,0.3100235294117647,0.521791099668996,0.8478260869565217,7.28125,0,0,0,0,0,0.0,0.0,0.0,4.548387096774194,2.5161290322580645,1.2258064516129032,5.709677419354839,0.4298245614035088,0.5053038990825688,2.545362903225806,0.5776209677419355,-0.007056451612903247,1.571572580645161,2,14,18,0.4375,N,6,WE,2166,2294,-128,70.0,160
groomla01w,4,SAC,0,G-F,0,34,9,470,111,46,29,17,5,21,27,3.264705882352941,1.3529411764705883,0.8529411764705882,0.5,0.14705882352941177,13.823529411764707,0.6176470588235294,45,112,0.4017857142857143,21,26,0.8076923076923077,0,1,0.0,0.3073191489361702,0.4496111471160078,1.380952380952381,3.3823529411764706,1,6,15,5,3,2.5,0.8333333333333334,0.5,7.09375,3.09375,1.21875,7.28125,0.430939226519337,0.521791099668996,-3.829044117647059,-1.7408088235294117,-0.3658088235294118,-3.8988970588235294,3,19,15,0.5588235294117647,Y,3,WE,2299,2216,83,70.0,160
groomla01w,5,SAC,0,G-F,0,28,0,235,49,18,11,7,2,2,14,1.75,0.6428571428571429,0.39285714285714285,0.25,0.07142857142857142,8.392857142857142,0.07142857142857142,19,66,0.2878787878787879,11,12,0.9166666666666666,0,0,0.0,0.31182978723404253,0.3437149270482604,5.5,1.3214285714285714,1,1,0,0,0,0.0,0.0,0.0,3.264705882352941,1.3529411764705883,0.8529411764705882,3.3823529411764706,0.4017857142857143,0.4496111471160078,-1.5147058823529411,-0.7100840336134454,-0.46008403361344535,-2.060924369747899,4,18,16,0.5294117647058824,Y,4,WE,2312,2241,71,70.0,160
grubigo01w,1,IND,0,G,0,29,20,720,239,76,63,31,0,60,47,8.241379310344827,2.6206896551724137,2.1724137931034484,1.0689655172413792,0.0,24.82758620689655,2.0689655172413794,90,239,0.37656903765690375,31,40,0.775,28,91,0.3076923076923077,0.43972222222222224,0.46570537802026496,1.05,6.586206896551724,0,0,0,0,0,0.0,0.0,0.0,,,,,,,,,,,0,9,23,0.28125,N,7,EA,2213,2290,-77,71.0,165
grubigo01w,2,IND,0,G,0,27,9,481,170,49,33,7,0,34,30,6.296296296296297,1.8148148148148149,1.2222222222222223,0.25925925925925924,0.0,17.814814814814813,1.2592592592592593,62,167,0.3712574850299401,29,39,0.7435897435897436,17,58,0.29310344827586204,0.45355509355509355,0.4615551694178975,0.9705882352941176,4.074074074074074,0,0,0,0,0,0.0,0.0,0.0,8.241379310344827,2.6206896551724137,2.1724137931034484,6.586206896551724,0.37656903765690375,0.46570537802026496,-1.9450830140485307,-0.8058748403575988,-0.9501915708812261,-2.51213282247765,1,10,22,0.3125,N,6,EA,2153,2249,-96,71.0,165
grubigo01w,3,PHO,0,G,0,32,31,859,317,64,104,36,3,58,59,9.90625,2.0,3.25,1.125,0.09375,26.84375,1.8125,114,297,0.3838383838383838,60,79,0.759493670886076,29,92,0.31521739130434784,0.45373690337601863,0.47775500361707257,1.793103448275862,8.25,0,0,0,0,0,0.0,0.0,0.0,6.296296296296297,1.8148148148148149,1.2222222222222223,4.074074074074074,0.3712574850299401,0.4615551694178975,3.6099537037037033,0.18518518518518512,2.0277777777777777,4.175925925925926,2,11,21,0.34375,N,7,WE,2091,2291,-200,71.0,165
grubigo01w,5,HOU,0,G,0,5,0,24,2,1,0,0,0,3,2,0.4,0.2,0.0,0.0,0.0,4.8,0.6,0,3,0.0,2,2,1.0,0,0,0.0,0.2866666666666667,0.2577319587628866,0.0,-0.6,0,0,0,0,0,0.0,0.0,0.0,9.90625,2.0,3.25,8.25,0.3838383838383838,0.47775500361707257,-9.50625,-1.8,-3.25,-8.85,3,13,21,0.38235294117647056,N,6,WE,2177,2211,-34,71.0,165
grubigo01w,6,LAS,0,G,0,9,0,41,1,6,5,1,0,2,4,0.1111111111111111,0.6666666666666666,0.5555555555555556,0.1111111111111111,0.0,4.555555555555555,0.2222222222222222,0,8,0.0,1,4,0.25,0,2,0.0,0.2868292682926829,0.05122950819672131,2.5,0.0,0,0,0,0,0,0.0,0.0,0.0,0.4,0.2,0.0,-0.6,0.0,0.2577319587628866,-0.2888888888888889,0.4666666666666666,0.5555555555555556,0.6,4,17,17,0.5,Y,4,WE,2326,2345,-19,71.0,165
grudasa01w,9,CON,0,F-C,0,31,1,476,193,110,28,19,26,41,56,6.225806451612903,3.5483870967741935,0.9032258064516129,0.6129032258064516,0.8387096774193549,15.35483870967742,1.3225806451612903,81,178,0.4550561797752809,31,57,0.543859649122807,0,0,0.0,0.5127731092436975,0.4751821942091786,0.6829268292682927,6.838709677419355,1,3,8,4,1,2.6666666666666665,1.3333333333333333,0.3333333333333333,,,,,,,,,,,0,21,13,0.6176470588235294,Y,2,EA,2690,2541,149,76.0,185
grudasa01w,10,CON,0,F-C,0,26,25,810,350,165,35,23,41,68,86,13.461538461538462,6.346153846153846,1.3461538461538463,0.8846153846153846,1.5769230769230769,31.153846153846153,2.6153846153846154,151,323,0.4674922600619195,48,86,0.5581395348837209,0,0,0.0,0.5294320987654322,0.4849794922957543,0.5147058823529411,12.923076923076923,0,0,0,0,0,0.0,0.0,0.0,6.225806451612903,3.5483870967741935,0.9032258064516129,6.838709677419355,0.4550561797752809,0.4751821942091786,7.235732009925559,2.7977667493796523,0.4429280397022334,6.084367245657568,1,16,18,0.47058823529411764,N,6,EA,2651,2654,-3,76.0,185
hairska01w,8,CON,0,F,0,17,0,148,32,30,6,7,0,9,25,1.8823529411764706,1.7647058823529411,0.35294117647058826,0.4117647058823529,0.0,8.705882352941176,0.5294117647058824,10,41,0.24390243902439024,9,12,0.75,3,12,0.25,0.37351351351351353,0.34572169403630076,0.6666666666666666,1.8823529411764706,0,0,0,0,0,0.0,0.0,0.0,,,,,,,,,,,0,18,16,0.5294117647058824,Y,3,EA,2675,2593,82,72.0,150
hallam01w,3,POR,0,F,0,20,0,104,30,26,1,7,1,12,12,1.5,1.3,0.05,0.35,0.05,5.2,0.6,11,24,0.4583333333333333,8,16,0.5,0,0,0.0,0.41384615384615386,0.4832474226804124,0.08333333333333333,1.6,0,0,0,0,0,0.0,0.0,0.0,,,,,,,,,,,0,16,16,0.5,N,5,WE,2195,2227,-32,75.0,180
hallvi01w,1,CLE,0,F,0,32,10,577,150,92,24,17,8,25,60,4.6875,2.875,0.75,0.53125,0.25,18.03125,0.78125,59,158,0.37341772151898733,22,34,0.6470588235294118,10,42,0.23809523809523808,0.34308492201039864,0.43362627197039777,0.96,4.84375,1,6,21,15,4,3.5,2.5,0.6666666666666666,,,,,,,,,,,0,17,15,0.53125,Y,2,EA,2185,2122,63,73.0,180
hallvi01w,2,CLE,1,F,0,14,6,225,65,33,9,1,5,11,22,4.642857142857143,2.357142857142857,0.6428571428571429,0.07142857142857142,0.35714285714285715,16.071428571428573,0.7857142857142857,27,66,0.4090909090909091,4,8,0.5,7,22,0.3181818181818182,0.35786666666666667,0.4674913693901036,0.8181818181818182,4.214285714285714,0,0,0,0,0,0.0,0.0,0.0,4.6875,2.875,0.75,4.84375,0.37341772151898733,0.43362627197039777,-0.04464285714285676,-0.5178571428571428,-0.1071428571428571,-0.6294642857142856,1,22,10,0.6875,Y,1,EA,2004,1788,216,73.0,180
hallvi01w,2,IND,2,F,0,13,0,123,36,16,4,4,0,7,11,2.769230769230769,1.2307692307692308,0.3076923076923077,0.3076923076923077,0.0,9.461538461538462,0.5384615384615384,14,34,0.4117647058823529,8,14,0.5714285714285714,0,3,0.0,0.3834146341463414,0.4482071713147411,0.5714285714285714,2.076923076923077,0,0,0,0,0,0.0,0.0,0.0,4.642857142857143,2.357142857142857,0.6428571428571429,4.214285714285714,0.4090909090909091,0.4674913693901036,-1.873626373626374,-1.1263736263736264,-0.3351648351648352,-2.1373626373626373,2,10,22,0.3125,N,6,EA,2153,2249,-96,73.0,180
hallvi01w,3,LAS,0,F,0,3,0,19,7,2,1,1,0,1,2,2.3333333333333335,0.6666666666666666,0.3333333333333333,0.3333333333333333,0.0,6.333333333333333,0.3333333333333333,2,4,0.5,3,4,0.75,0,1,0.0,0.3557894736842105,0.607638888888889,1.0,2.3333333333333335,0,0,0,0,0,0.0,0.0,0.0,2.769230769230769,1.2307692307692308,0.3076923076923077,2.076923076923077,0.4117647058823529,0.4482071713147411,-0.4358974358974357,-0.5641025641025642,0.025641025641025605,0.2564102564102564,3,25,7,0.78125,Y,1,WE,2452,2235,217,73.0,180
hammobe01w,1,NYL,0,G,0,32,16,835,351,64,58,29,1,62,55,10.96875,2.0,1.8125,0.90625,0.03125,26.09375,1.9375,119,252,0.4722222222222222,61,69,0.8840579710144928,52,141,0.36879432624113473,0.4124071856287425,0.6215469613259669,0.9354838709677419,9.375,1,7,66,10,15,9.428571428571429,1.4285714285714286,2.142857142857143,,,,,,,,,,,0,20,12,0.625,Y,1,EA,2148,2035,113,66.0,136
hammobe01w,2,NYL,0,G,0,32,0,619,262,52,51,27,1,48,46,8.1875,1.625,1.59375,0.84375,0.03125,19.34375,1.5,90,197,0.45685279187817257,40,51,0.7843137254901961,42,111,0.3783783783783784,0.43205169628432954,0.5969741159314619,1.0625,7.09375,1,6,15,3,2,2.5,0.5,0.3333333333333333,10.96875,2.0,1.8125,9.375,0.4722222222222222,0.6215469613259669,-2.78125,-0.375,-0.21875,-2.28125,1,21,11,0.65625,Y,2,EA,2162,2082,80,66.0,136
hammobe01w,3,NYL,0,G,0,32,1,659,256,68,54,25,0,55,49,8.0,2.125,1.6875,0.78125,0.0,20.59375,1.71875,87,197,0.4416243654822335,38,56,0.6785714285714286,44,114,0.38596491228070173,0.41978755690440056,0.5775130842808158,0.9818181818181818,6.875,1,8,79,17,16,9.875,2.125,2.0,8.1875,1.625,1.59375,7.09375,0.45685279187817257,0.5969741159314619,-0.1875,0.5,0.09375,-0.21875,2,18,14,0.5625,Y,1,EA,2089,2015,74,66.0,136
hammobe01w,4,NYL,0,G,0,11,2,257,162,21,18,10,1,27,13,14.727272727272727,1.9090909090909092,1.6363636363636365,0.9090909090909091,0.09090909090909091,23.363636363636363,2.4545454545454546,50,87,0.5747126436781609,39,41,0.9512195121951219,23,49,0.46938775510204084,0.5137743190661478,0.7711348057882712,0.6666666666666666,13.272727272727273,0,0,0,0,0,0.0,0.0,0.0,8.0,2.125,1.6875,6.875,0.4416243654822335,0.5775130842808158,6.727272727272727,-0.21590909090909083,-0.051136363636363535,6.397727272727273,3,16,18,0.47058823529411764,N,6,EA,2243,2256,-13,66.0,136
hammobe01w,5,NYL,0,G,0,34,34,1130,460,118,150,58,2,118,73,13.529411764705882,3.4705882352941178,4.411764705882353,1.7058823529411764,0.058823529411764705,33.23529411764706,3.4705882352941178,153,354,0.4322033898305085,97,116,0.8362068965517241,57,170,0.3352941176470588,0.4628672566371681,0.567845151096188,1.271186440677966,13.235294117647058,1,5,53,13,17,10.6,2.6,3.4,14.727272727272727,1.9090909090909092,1.6363636363636365,13.272727272727273,0.5747126436781609,0.7711348057882712,-1.1978609625668444,1.5614973262032086,2.7754010695187166,-0.037433155080215386,4,18,16,0.5294117647058824,Y,2,EA,2252,2297,-45,66.0,136
hammobe01w,6,NYL,0,G,0,34,34,1180,473,114,146,60,2,107,77,13.911764705882353,3.3529411764705883,4.294117647058823,1.7647058823529411,0.058823529411764705,34.705882352941174,3.1470588235294117,145,336,0.43154761904761907,118,131,0.9007633587786259,65,178,0.3651685393258427,0.42427118644067796,0.6008027639467534,1.3644859813084111,14.235294117647058,1,2,23,7,4,11.5,3.5,2.0,13.529411764705882,3.4705882352941178,4.411764705882353,13.235294117647058,0.4322033898305085,0.567845151096188,0.382352941176471,-0.11764705882352944,-0.11764705882352988,1.0,5,18,16,0.5294117647058824,Y,3,EA,2316,2285,31,66.0,136
hammobe01w,7,NYL,0,G,0,22,20,674,323,66,81,29,3,65,46,14.681818181818182,3.0,3.6818181818181817,1.3181818181818181,0.13636363636363635,30.636363636363637,2.9545454545454546,107,252,0.4246031746031746,72,75,0.96,37,108,0.3425925925925926,0.5192878338278932,0.5666666666666667,1.2461538461538462,13.136363636363637,0,0,0,0,0,0.0,0.0,0.0,13.911764705882353,3.3529411764705883,4.294117647058823,14.235294117647058,0.43154761904761907,0.6008027639467534,0.7700534759358284,-0.3529411764705883,-0.6122994652406417,-1.0989304812834213,6,11,23,0.3235294117647059,N,5,EA,2372,2656,-284,66.0,136
hammobe01w,8,SAS,0,G,0,28,27,934,527,77,140,23,5,114,51,18.821428571428573,2.75,5.0,0.8214285714285714,0.17857142857142858,33.357142857142854,4.071428571428571,179,402,0.44527363184079605,95,102,0.9313725490196079,74,183,0.40437158469945356,0.6005139186295503,0.5896437522377372,1.2280701754385965,15.285714285714286,1,5,104,14,25,20.8,2.8,5.0,14.681818181818182,3.0,3.6818181818181817,13.136363636363637,0.4246031746031746,0.5666666666666667,4.139610389610391,-0.25,1.3181818181818183,2.14935064935065,7,20,14,0.5882352941176471,Y,2,WE,2517,2484,33,66.0,136
hammobe01w,9,SAS,0,G,0,33,33,1101,582,91,161,43,7,104,60,17.636363636363637,2.757575757575758,4.878787878787879,1.303030303030303,0.21212121212121213,33.36363636363637,3.1515151515151514,171,438,0.3904109589041096,163,174,0.9367816091954023,77,220,0.35,0.5618165304268846,0.5655317164179106,1.5480769230769231,15.212121212121213,1,9,163,21,41,18.11111111111111,2.3333333333333335,4.555555555555555,18.821428571428573,2.75,5.0,15.285714285714286,0.44527363184079605,0.5896437522377372,-1.1850649350649363,0.007575757575757791,-0.1212121212121211,-0.07359307359307365,8,24,10,0.7058823529411765,Y,1,WE,2546,2418,128,66.0,136
hammobe01w,10,SAS,0,G,0,31,31,1049,604,103,156,49,12,111,54,19.483870967741936,3.3225806451612905,5.032258064516129,1.5806451612903225,0.3870967741935484,33.83870967741935,3.5806451612903225,200,447,0.44742729306487694,128,142,0.9014084507042254,76,206,0.36893203883495146,0.5914966634890372,0.5927612467614037,1.4054054054054055,17.806451612903224,1,3,55,8,6,18.333333333333332,2.6666666666666665,2.0,17.636363636363637,2.757575757575758,4.878787878787879,15.212121212121213,0.3904109589041096,0.5655317164179106,1.8475073313782993,0.5650048875855327,0.1534701857282501,2.5943304007820114,9,15,19,0.4411764705882353,Y,4,WE,2615,2661,-46,66.0,136
hamzoro01w,1,ORL,0,G,0,15,0,43,7,3,5,5,0,4,4,0.4666666666666667,0.2,0.3333333333333333,0.3333333333333333,0.0,2.8666666666666667,0.26666666666666666,2,11,0.18181818181818182,3,6,0.5,0,3,0.0,0.4102325581395349,0.2565982404692082,1.25,0.26666666666666666,0,0,0,0,0,0.0,0.0,0.0,,,,,,,,,,,0,16,16,0.5,Y,3,EA,2208,2233,-25,69.0,152
hardili01w,8,MIN,0,G,0,20,20,602,233,87,78,20,6,47,44,11.65,4.35,3.9,1.0,0.3,30.1,2.35,86,243,0.35390946502057613,53,78,0.6794871794871795,8,35,0.22857142857142856,0.5387375415282392,0.4200923121303909,1.6595744680851063,9.75,0,0,0,0,0,0.0,0.0,0.0,,,,,,,,,,,0,10,24,0.29411764705882354,N,6,WE,2636,2752,-116,68.0,139
hardili01w,9,MIN,0,G,0,24,11,591,154,56,76,27,4,55,56,6.416666666666667,2.3333333333333335,3.1666666666666665,1.125,0.16666666666666666,24.625,2.2916666666666665,51,139,0.3669064748201439,50,72,0.6944444444444444,2,25,0.08,0.3818612521150592,0.4511366299507851,1.3818181818181818,6.333333333333333,0,0,0,0,0,0.0,0.0,0.0,11.65,4.35,3.9,9.75,0.35390946502057613,0.4200923121303909,-5.233333333333333,-2.016666666666666,-0.7333333333333334,-3.416666666666667,1,16,18,0.47058823529411764,N,7,WE,2767,2721,46,68.0,139
hardili01w,10,WAS,0,G,0,34,34,1194,435,135,154,43,13,101,68,12.794117647058824,3.9705882352941178,4.529411764705882,1.2647058823529411,0.38235294117647056,35.11764705882353,2.9705882352941178,163,375,0.43466666666666665,89,119,0.7478991596638656,20,62,0.3225806451612903,0.44251256281407036,0.508938599775365,1.5247524752475248,12.852941176470589,1,2,21,5,8,10.5,2.5,4.0,6.416666666666667,2.3333333333333335,3.1666666666666665,6.333333333333333,0.3669064748201439,0.4511366299507851,6.377450980392157,1.6372549019607843,1.3627450980392157,6.519607843137256,2,16,18,0.47058823529411764,Y,4,EA,2585,2622,-37,68.0,139
harpela01w,9,SAC,0,F-C,0,34,1,560,188,137,12,15,20,48,80,5.529411764705882,4.029411764705882,0.35294117647058826,0.4411764705882353,0.5882352941176471,16.470588235294116,1.411764705882353,64,135,0.4740740740740741,60,103,0.5825242718446602,0,0,0.0,0.4077142857142857,0.5212954747116239,0.25,6.176470588235294,1,3,9,9,2,3.0,3.0,0.6666666666666666,,,,,,,,,,,0,18,16,0.5294117647058824,Y,4,WE,2545,2571,-26,77.0,190
harpela01w,10,SAC,0,F-C,0,33,11,460,150,113,20,13,22,42,65,4.545454545454546,3.4242424242424243,0.6060606060606061,0.3939393939393939,0.6666666666666666,13.93939393939394,1.2727272727272727,45,116,0.3879310344827586,60,82,0.7317073170731707,0,0,0.0,0.4219130434782608,0.49316149395055237,0.47619047619047616,5.545454545454546,0,0,0,0,0,0.0,0.0,0.0,5.529411764705882,4.029411764705882,0.35294117647058826,6.176470588235294,0.4740740740740741,0.5212954747116239,-0.9839572192513364,-0.6051693404634579,0.2531194295900178,-0.6310160427807485,1,12,22,0.35294117647058826,N,6,WE,2610,2690,-80,77.0,190
harrido01w,1,IND,0,F,0,8,0,67,8,9,5,2,1,11,16,1.0,1.125,0.625,0.25,0.125,8.375,1.375,1,6,0.16666666666666666,6,10,0.6,0,0,0.0,0.31940298507462683,0.3846153846153846,0.45454545454545453,0.625,0,0,0,0,0,0.0,0.0,0.0,,,,,,,,,,,0,9,23,0.28125,N,7,EA,2213,2290,-77,75.0,190
harrili01w,1,PHO,0,F,0,31,20,750,200,121,36,30,4,22,62,6.451612903225806,3.903225806451613,1.1612903225806452,0.967741935483871,0.12903225806451613,24.193548387096776,0.7096774193548387,81,154,0.525974025974026,30,37,0.8108108108108109,8,12,0.6666666666666666,0.25637333333333334,0.5872680291284943,1.6363636363636365,9.32258064516129,1,2,26,11,10,13.0,5.5,5.0,,,,,,,,,,,0,20,12,0.625,Y,4,WE,2243,2102,141,73.0,164
harrili01w,2,PHO,0,F,0,32,32,915,246,139,52,39,1,49,58,7.6875,4.34375,1.625,1.21875,0.03125,28.59375,1.53125,96,223,0.4304932735426009,51,59,0.864406779661017,3,9,0.3333333333333333,0.3256393442622951,0.4940552699228792,1.0612244897959184,9.15625,0,0,0,0,0,0.0,0.0,0.0,6.451612903225806,3.903225806451613,1.1612903225806452,9.32258064516129,0.525974025974026,0.5872680291284943,1.235887096774194,0.440524193548387,0.46370967741935476,-0.16633064516129004,1,13,19,0.40625,N,5,WE,2064,2169,-105,73.0,164
harrili01w,3,PHO,0,F,0,32,28,899,262,126,40,31,3,45,62,8.1875,3.9375,1.25,0.96875,0.09375,28.09375,1.40625,120,242,0.49586776859504134,20,23,0.8695652173913043,2,6,0.3333333333333333,0.33050055617352614,0.519593844201174,0.8888888888888888,9.125,0,0,0,0,0,0.0,0.0,0.0,7.6875,4.34375,1.625,9.15625,0.4304932735426009,0.4940552699228792,0.5,-0.40625,-0.375,-0.03125,2,11,21,0.34375,N,7,WE,2091,2291,-200,73.0,164
harrili01w,4,PHO,0,F,0,33,33,838,183,118,36,29,6,34,58,5.545454545454546,3.5757575757575757,1.0909090909090908,0.8787878787878788,0.18181818181818182,25.393939393939394,1.0303030303030303,74,179,0.4134078212290503,35,51,0.6862745098039216,0,3,0.0,0.2809546539379475,0.45422954725972997,1.0588235294117647,6.575757575757576,0,0,0,0,0,0.0,0.0,0.0,8.1875,3.9375,1.25,9.125,0.49586776859504134,0.519593844201174,-2.642045454545454,-0.3617424242424243,-0.15909090909090917,-2.549242424242424,3,8,26,0.23529411764705882,N,7,WE,2097,2270,-173,73.0,164
harrili01w,6,PHO,0,F,0,27,2,297,41,39,10,5,1,12,33,1.5185185185185186,1.4444444444444444,0.37037037037037035,0.18518518518518517,0.037037037037037035,11.0,0.4444444444444444,15,34,0.4411764705882353,11,14,0.7857142857142857,0,1,0.0,0.17562289562289563,0.5104581673306773,0.8333333333333334,2.2962962962962963,0,0,0,0,0,0.0,0.0,0.0,5.545454545454546,3.5757575757575757,1.0909090909090908,6.575757575757576,0.4134078212290503,0.45422954725972997,-4.026936026936028,-2.1313131313131315,-0.7205387205387205,-4.27946127946128,4,16,18,0.47058823529411764,N,5,WE,2361,2354,7,73.0,164
harrokr01w,2,MIN,0,G,0,4,1,72,21,4,11,3,0,3,4,5.25,1.0,2.75,0.75,0.0,18.0,0.75,7,15,0.4666666666666667,4,4,1.0,3,6,0.5,0.2744444444444445,0.6264916467780429,3.6666666666666665,7.0,0,0,0,0,0,0.0,0.0,0.0,,,,,,,,,,,0,12,20,0.375,N,6,WE,2077,2156,-79,64.0,139
harrokr01w,3,MIN,0,G,0,27,6,481,96,46,54,12,0,28,24,3.5555555555555554,1.7037037037037037,2.0,0.4444444444444444,0.0,17.814814814814813,1.037037037037037,37,95,0.3894736842105263,4,10,0.4,18,54,0.3333333333333333,0.2648648648648649,0.482897384305835,1.9285714285714286,4.296296296296297,0,0,0,0,0,0.0,0.0,0.0,5.25,1.0,2.75,7.0,0.4666666666666667,0.6264916467780429,-1.6944444444444446,0.7037037037037037,-0.75,-2.7037037037037033,1,10,22,0.3125,N,8,WE,2003,2104,-101,64.0,139
harrokr01w,4,MIN,0,G,0,31,0,499,88,39,72,18,3,39,15,2.838709677419355,1.2580645161290323,2.3225806451612905,0.5806451612903226,0.0967741935483871,16.096774193548388,1.2580645161290323,32,87,0.367816091954023,8,13,0.6153846153846154,16,43,0.37209302325581395,0.2639679358717435,0.4745470232959448,1.8461538461538463,3.903225806451613,1,3,11,7,5,3.6666666666666665,2.3333333333333335,1.6666666666666667,3.5555555555555554,1.7037037037037037,2.0,4.296296296296297,0.3894736842105263,0.482897384305835,-0.7168458781362004,-0.44563918757467147,0.3225806451612905,-0.39307048984468373,2,18,16,0.5294117647058824,Y,4,WE,2380,2370,10,64.0,139
harrokr01w,6,MIN,0,G,0,34,34,832,156,82,96,38,1,54,37,4.588235294117647,2.411764705882353,2.823529411764706,1.1176470588235294,0.029411764705882353,24.470588235294116,1.588235294117647,53,151,0.3509933774834437,28,36,0.7777777777777778,22,68,0.3235294117647059,0.2654326923076923,0.4675137856629106,1.7777777777777777,6.264705882352941,0,0,0,0,0,0.0,0.0,0.0,2.838709677419355,1.2580645161290323,2.3225806451612905,3.903225806451613,0.367816091954023,0.4745470232959448,1.7495256166982918,1.1537001897533206,0.5009487666034156,2.361480075901328,3,14,20,0.4117647058823529,N,6,WE,2211,2288,-77,64.0,139
harrokr01w,10,LAS,0,G,0,31,26,520,97,57,69,16,0,27,32,3.129032258064516,1.8387096774193548,2.225806451612903,0.5161290322580645,0.0,16.774193548387096,0.8709677419354839,40,111,0.36036036036036034,9,11,0.8181818181818182,8,39,0.20512820512820512,0.2746923076923077,0.41868093922651933,2.5555555555555554,4.483870967741935,1,5,13,1,11,2.6,0.2,2.2,4.588235294117647,2.411764705882353,2.823529411764706,6.264705882352941,0.3509933774834437,0.4675137856629106,-1.4592030360531307,-0.573055028462998,-0.597722960151803,-1.780834914611006,4,18,16,0.5294117647058824,Y,3,WE,2533,2498,35,64.0,139
haydeva01w,5,MIN,0,C,0,29,1,350,153,84,7,7,29,34,65,5.275862068965517,2.896551724137931,0.2413793103448276,0.2413793103448276,1.0,12.068965517241379,1.1724137931034482,66,159,0.41509433962264153,21,38,0.5526315789473685,0,0,0.0,0.5992,0.43535169587980876,0.20588235294117646,4.689655172413793,1,2,4,2,0,2.0,1.0,0.0,,,,,,,,,,,0,18,16,0.5294117647058824,Y,3,WE,2165,2190,-25,76.0,240
haydeva01w,6,MIN,0,C,0,31,25,595,246,163,23,15,68,63,110,7.935483870967742,5.258064516129032,0.7419354838709677,0.4838709677419355,2.193548387096774,19.193548387096776,2.032258064516129,103,238,0.4327731092436975,40,72,0.5555555555555556,0,0,0.0,0.559126050420168,0.45609611391278554,0.36507936507936506,9.193548387096774,0,0,0,0,0,0.0,0.0,0.0,5.275862068965517,2.896551724137931,0.2413793103448276,4.689655172413793,0.41509433962264153,0.43535169587980876,2.659621802002225,2.361512791991101,0.5005561735261401,4.503893214682981,1,14,20,0.4117647058823529,N,6,WE,2211,2288,-77,76.0,240
haydeva01w,7,MIN,0,C,0,33,3,424,177,115,19,6,44,44,118,5.363636363636363,3.484848484848485,0.5757575757575758,0.18181818181818182,1.3333333333333333,12.848484848484848,1.3333333333333333,68,169,0.40236686390532544,41,66,0.6212121212121212,0,0,0.0,0.5708490566037736,0.4468794182993335,0.4318181818181818,5.787878787878788,0,0,0,0,0,0.0,0.0,0.0,7.935483870967742,5.258064516129032,0.7419354838709677,9.193548387096774,0.4327731092436975,0.45609611391278554,-2.5718475073313787,-1.7732160312805472,-0.16617790811339195,-3.405669599217986,2,10,24,0.29411764705882354,N,7,WE,2523,2735,-212,76.0,240
haydeva01w,9,MIN,0,C,0,30,0,304,157,105,12,14,14,26,82,5.233333333333333,3.5,0.4,0.4666666666666667,0.4666666666666667,10.133333333333333,0.8666666666666667,65,146,0.4452054794520548,27,44,0.6136363636363636,0,0,0.0,0.6294736842105264,0.4747218190614417,0.46153846153846156,5.933333333333334,0,0,0,0,0,0.0,0.0,0.0,5.363636363636363,3.484848484848485,0.5757575757575758,5.787878787878788,0.40236686390532544,0.4468794182993335,-0.13030303030302992,0.015151515151515138,-0.17575757575757578,0.1454545454545455,3,16,18,0.47058823529411764,N,7,WE,2767,2721,46,76.0,240
haydeva01w,10,LAS,0,C,0,25,1,269,94,67,6,4,22,19,49,3.76,2.68,0.24,0.16,0.88,10.76,0.76,39,95,0.4105263157894737,16,25,0.64,0,0,0.0,0.4646840148698885,0.44339622641509435,0.3157894736842105,4.36,1,1,0,0,0,0.0,0.0,0.0,5.233333333333333,3.5,0.4,5.933333333333334,0.4452054794520548,0.4747218190614417,-1.4733333333333336,-0.8199999999999998,-0.16000000000000003,-1.5733333333333333,4,18,16,0.5294117647058824,Y,3,WE,2533,2498,35,76.0,240
haynikr01w,6,SAC,0,G,0,30,0,434,104,62,43,33,1,35,41,3.466666666666667,2.066666666666667,1.4333333333333333,1.1,0.03333333333333333,14.466666666666667,1.1666666666666667,40,117,0.3418803418803419,19,23,0.8260869565217391,5,32,0.15625,0.3735483870967742,0.4090623033354311,1.2285714285714286,4.233333333333333,1,8,18,14,8,2.25,1.75,1.0,,,,,,,,,,,0,25,9,0.7352941176470589,Y,1,WE,2329,2093,236,69.0,147
haynikr01w,7,SAC,0,G,0,34,0,476,140,67,68,27,2,46,50,4.117647058823529,1.9705882352941178,2.0,0.7941176470588235,0.058823529411764705,14.0,1.3529411764705883,55,151,0.36423841059602646,21,25,0.84,9,30,0.3,0.4369747899159664,0.43209876543209874,1.4782608695652173,4.647058823529412,1,9,52,17,18,5.777777777777778,1.8888888888888888,2.0,3.466666666666667,2.066666666666667,1.4333333333333333,4.233333333333333,0.3418803418803419,0.4090623033354311,0.6509803921568622,-0.09607843137254912,0.5666666666666667,0.41372549019607874,1,21,13,0.6176470588235294,Y,2,WE,2537,2404,133,69.0,147
haynikr01w,8,SAC,0,G,0,34,2,545,126,37,70,18,6,68,43,3.7058823529411766,1.088235294117647,2.0588235294117645,0.5294117647058824,0.17647058823529413,16.029411764705884,2.0,48,136,0.35294117647058826,8,10,0.8,22,45,0.4888888888888889,0.38238532110091744,0.4487179487179487,1.0294117647058822,2.911764705882353,1,3,17,5,6,5.666666666666667,1.6666666666666667,2.0,4.117647058823529,1.9705882352941178,2.0,4.647058823529412,0.36423841059602646,0.43209876543209874,-0.41176470588235237,-0.8823529411764708,0.0588235294117645,-1.7352941176470593,2,19,15,0.5588235294117647,Y,3,WE,2527,2480,47,69.0,147
haynikr01w,9,ATL,0,G,0,33,3,486,94,56,82,30,4,47,41,2.8484848484848486,1.696969696969697,2.484848484848485,0.9090909090909091,0.12121212121212122,14.727272727272727,1.4242424242424243,30,95,0.3157894736842105,24,32,0.75,10,32,0.3125,0.32115226337448555,0.4308764209754309,1.7446808510638299,4.424242424242424,0,0,0,0,0,0.0,0.0,0.0,3.7058823529411766,1.088235294117647,2.0588235294117645,2.911764705882353,0.35294117647058826,0.4487179487179487,-0.857397504456328,0.60873440285205,0.42602495543672037,1.512477718360071,3,4,30,0.11764705882352941,N,7,EA,2534,2879,-345,69.0,147
haynikr01w,10,DET,1,G,0,20,2,161,44,25,11,14,0,10,14,2.2,1.25,0.55,0.7,0.0,8.05,0.5,17,40,0.425,7,9,0.7777777777777778,3,13,0.23076923076923078,0.3351552795031056,0.5004549590536852,1.1,2.95,0,0,0,0,0,0.0,0.0,0.0,2.8484848484848486,1.696969696969697,2.484848484848485,4.424242424242424,0.3157894736842105,0.4308764209754309,-0.6484848484848484,-0.446969696969697,-1.9348484848484848,-1.4742424242424237,4,18,16,0.5294117647058824,Y,3,EA,2652,2644,8,69.0,147
haynikr01w,10,SAC,2,G,0,9,1,156,47,15,18,13,1,15,13,5.222222222222222,1.6666666666666667,2.0,1.4444444444444444,0.1111111111111111,17.333333333333332,1.6666666666666667,16,48,0.3333333333333333,10,12,0.8333333333333334,5,15,0.3333333333333333,0.4376923076923077,0.4410660660660661,1.2,5.0,0,0,0,0,0,0.0,0.0,0.0,2.2,1.25,0.55,2.95,0.425,0.5004549590536852,3.022222222222222,0.41666666666666674,1.45,2.05,5,12,22,0.35294117647058826,N,6,WE,2610,2690,-80,69.0,147
headde01w,1,PHO,0,G,0,17,1,149,27,18,15,4,0,11,17,1.588235294117647,1.0588235294117647,0.8823529411764706,0.23529411764705882,0.0,8.764705882352942,0.6470588235294118,8,22,0.36363636363636365,10,16,0.625,1,7,0.14285714285714285,0.2687248322147651,0.46487603305785125,1.3636363636363635,1.9411764705882353,1,1,0,2,1,0.0,2.0,1.0,,,,,,,,,,,0,20,12,0.625,Y,4,WE,2243,2102,141,70.0,160
hendene01w,2,HOU,0,G,0,23,0,179,26,21,22,6,0,16,5,1.1304347826086956,0.9130434782608695,0.9565217391304348,0.2608695652173913,0.0,7.782608695652174,0.6956521739130435,9,38,0.23684210526315788,2,7,0.2857142857142857,6,22,0.2727272727272727,0.3188826815642458,0.31645569620253167,1.375,1.0869565217391304,1,1,0,0,0,0.0,0.0,0.0,,,,,,,,,,,0,19,13,0.59375,Y,4,WE,2047,1994,53,68.0,144
hendetr01w,3,CLE,0,C,0,23,0,173,35,34,3,3,7,18,26,1.5217391304347827,1.4782608695652173,0.13043478260869565,0.13043478260869565,0.30434782608695654,7.521739130434782,0.782608695652174,16,41,0.3902439024390244,3,3,1.0,0,0,0.0,0.34867052023121387,0.41351606805293006,0.16666666666666666,1.6956521739130435,0,0,0,0,0,0.0,0.0,0.0,,,,,,,,,,,0,10,22,0.3125,N,7,EA,2071,2140,-69,75.0,200
hendetr01w,4,CLE,0,C,0,11,0,45,2,14,3,1,1,4,6,0.18181818181818182,1.2727272727272727,0.2727272727272727,0.09090909090909091,0.09090909090909091,4.090909090909091,0.36363636363636365,1,13,0.07692307692307693,0,0,0.0,0,0,0.0,0.37777777777777777,0.07692307692307693,0.75,0.45454545454545453,1,1,2,1,0,2.0,1.0,0.0,1.5217391304347827,1.4782608695652173,0.13043478260869565,1.6956521739130435,0.3902439024390244,0.41351606805293006,-1.3399209486166008,-0.2055335968379446,0.14229249011857706,-1.2411067193675889,1,17,17,0.5,Y,4,EA,2229,2210,19,75.0,200
henniso01w,1,SEA,0,G,0,32,32,980,168,86,79,61,3,54,73,5.25,2.6875,2.46875,1.90625,0.09375,30.625,1.6875,53,151,0.3509933774834437,37,61,0.6065573770491803,25,66,0.3787878787878788,0.23657142857142857,0.47233468286099867,1.462962962962963,6.90625,0,0,0,0,0,0.0,0.0,0.0,,,,,,,,,,,0,6,26,0.1875,N,8,WE,1822,2171,-349,67.0,143
henniso01w,2,SEA,0,G,0,32,28,902,108,71,93,52,6,43,62,3.375,2.21875,2.90625,1.625,0.1875,28.1875,1.34375,41,129,0.3178294573643411,18,35,0.5142857142857142,8,44,0.18181818181818182,0.20776053215077606,0.3739612188365651,2.1627906976744184,5.6875,0,0,0,0,0,0.0,0.0,0.0,5.25,2.6875,2.46875,6.90625,0.3509933774834437,0.47233468286099867,-1.875,-0.46875,0.4375,-1.21875,1,10,22,0.3125,N,8,WE,1921,2048,-127,67.0,143
henniso01w,3,HOU,2,G,0,23,10,521,44,58,51,23,6,36,42,1.9130434782608696,2.5217391304347827,2.217391304347826,1.0,0.2608695652173913,22.652173913043477,1.565217391304348,18,52,0.34615384615384615,5,11,0.45454545454545453,3,12,0.25,0.17819577735124761,0.38705137227304715,1.4166666666666667,4.608695652173913,1,3,0,4,4,0.0,1.3333333333333333,1.3333333333333333,3.375,2.21875,2.90625,5.6875,0.3178294573643411,0.3739612188365651,-1.4619565217391304,0.3029891304347827,-0.6888586956521738,-1.078804347826087,2,24,8,0.75,Y,2,WE,2072,1892,180,67.0,143
henniso01w,3,SEA,1,G,0,8,5,207,18,26,15,9,1,7,15,2.25,3.25,1.875,1.125,0.125,25.875,0.875,8,22,0.36363636363636365,2,4,0.5,0,4,0.0,0.14859903381642514,0.3787878787878788,2.142857142857143,5.75,0,0,0,0,0,0.0,0.0,0.0,1.9130434782608696,2.5217391304347827,2.217391304347826,4.608695652173913,0.34615384615384615,0.38705137227304715,0.3369565217391304,0.7282608695652173,-0.34239130434782616,1.141304347826087,3,17,15,0.53125,Y,4,WE,2188,2103,85,67.0,143
henniso01w,4,IND,2,G,0,23,1,290,24,25,29,14,0,13,28,1.0434782608695652,1.0869565217391304,1.2608695652173914,0.6086956521739131,0.0,12.608695652173912,0.5652173913043478,11,42,0.2619047619047619,2,8,0.25,0,9,0.0,0.20179310344827586,0.26362038664323373,2.230769230769231,1.826086956521739,0,0,0,0,0,0.0,0.0,0.0,2.25,3.25,1.875,5.75,0.36363636363636365,0.3787878787878788,-1.2065217391304348,-2.1630434782608696,-0.6141304347826086,-3.9239130434782608,4,16,18,0.47058823529411764,N,5,EA,2337,2321,16,67.0,143
henniso01w,4,WAS,1,G,0,1,0,5,0,0,0,1,0,0,0,0.0,0.0,0.0,1.0,0.0,5.0,0.0,0,1,0.0,0,0,0.0,0,0,0.0,0.2,0.0,0.0,0.0,0,0,0,0,0,0.0,0.0,0.0,1.0434782608695652,1.0869565217391304,1.2608695652173914,1.826086956521739,0.2619047619047619,0.26362038664323373,-1.0434782608695652,-1.0869565217391304,-1.2608695652173914,-1.826086956521739,5,9,25,0.2647058823529412,N,7,EA,2330,2498,-168,67.0,143
herriam01w,1,UTA,0,C,0,25,0,341,91,59,20,7,5,29,41,3.64,2.36,0.8,0.28,0.2,13.64,1.16,36,75,0.48,19,31,0.6129032258064516,0,1,0.0,0.34498533724340175,0.513312274368231,0.6896551724137931,4.08,0,0,0,0,0,0.0,0.0,0.0,,,,,,,,,,,0,18,14,0.5625,N,5,WE,2413,2407,6,76.0,189
herriam01w,2,UTA,0,C,0,32,1,448,121,81,14,8,14,35,47,3.78125,2.53125,0.4375,0.25,0.4375,14.0,1.09375,43,93,0.46236559139784944,35,46,0.7608695652173914,0,0,0.0,0.33089285714285716,0.5342635111268104,0.4,4.4375,1,2,2,2,1,1.0,1.0,0.5,3.64,2.36,0.8,4.08,0.48,0.513312274368231,0.14124999999999988,0.17125000000000012,-0.36250000000000004,0.35749999999999993,1,19,13,0.59375,Y,3,WE,2207,2192,15,76.0,189
herriam01w,3,UTA,0,C,0,28,3,269,68,57,4,9,14,21,35,2.4285714285714284,2.0357142857142856,0.14285714285714285,0.32142857142857145,0.5,9.607142857142858,0.75,23,53,0.4339622641509434,22,30,0.7333333333333333,0,0,0.0,0.3241635687732342,0.5135951661631419,0.19047619047619047,3.3214285714285716,1,2,2,2,0,1.0,1.0,0.0,3.78125,2.53125,0.4375,4.4375,0.46236559139784944,0.5342635111268104,-1.3526785714285716,-0.4955357142857144,-0.29464285714285715,-1.1160714285714284,2,20,12,0.625,Y,3,WE,2418,2344,74,76.0,189
hibbeka01w,1,SEA,0,G-F,0,20,6,240,53,30,18,7,1,17,22,2.65,1.5,0.9,0.35,0.05,12.0,0.85,19,59,0.3220338983050847,7,9,0.7777777777777778,8,31,0.25806451612903225,0.3331666666666667,0.4209021601016518,1.0588235294117647,2.5,0,0,0,0,0,0.0,0.0,0.0,,,,,,,,,,,0,6,26,0.1875,N,8,WE,1822,2171,-349,70.0,140
hicksje01w,1,ORL,0,F-C,0,26,1,157,38,26,4,2,7,17,33,1.4615384615384615,1.0,0.15384615384615385,0.07692307692307693,0.2692307692307692,6.038461538461538,0.6538461538461539,10,23,0.43478260869565216,18,29,0.6206896551724138,0,0,0.0,0.33605095541401275,0.5313199105145414,0.23529411764705882,1.3846153846153846,0,0,0,0,0,0.0,0.0,0.0,,,,,,,,,,,0,16,16,0.5,Y,3,EA,2208,2233,-25,76.0,188
hicksje01w,2,ORL,0,F-C,0,32,5,456,169,92,22,23,17,53,85,5.28125,2.875,0.6875,0.71875,0.53125,14.25,1.65625,63,162,0.3888888888888889,43,66,0.6515151515151515,0,0,0.0,0.5351754385964912,0.4423157453936349,0.41509433962264153,4.625,0,0,0,0,0,0.0,0.0,0.0,1.4615384615384615,1.0,0.15384615384615385,1.3846153846153846,0.43478260869565216,0.5313199105145414,3.8197115384615383,1.875,0.5336538461538461,3.2403846153846154,1,13,19,0.40625,N,5,EA,2140,2205,-65,76.0,188
hicksje01w,3,ORL,0,F-C,0,31,6,471,190,102,23,19,25,51,77,6.129032258064516,3.2903225806451615,0.7419354838709677,0.6129032258064516,0.8064516129032258,15.193548387096774,1.6451612903225807,73,153,0.477124183006536,44,63,0.6984126984126984,0,0,0.0,0.49197452229299365,0.5256750774679062,0.45098039215686275,6.741935483870968,0,0,0,0,0,0.0,0.0,0.0,5.28125,2.875,0.6875,4.625,0.3888888888888889,0.4423157453936349,0.847782258064516,0.4153225806451615,0.05443548387096775,2.116935483870968,2,16,16,0.5,N,5,EA,2254,2255,-1,76.0,188
hicksje01w,4,CON,0,F-C,0,27,0,253,98,48,6,11,9,26,47,3.6296296296296298,1.7777777777777777,0.2222222222222222,0.4074074074074074,0.3333333333333333,9.37037037037037,0.9629629629629629,37,80,0.4625,24,25,0.96,0,0,0.0,0.4624505928853755,0.5384615384615384,0.23076923076923078,3.7777777777777777,1,4,10,6,1,2.5,1.5,0.25,6.129032258064516,3.2903225806451615,0.7419354838709677,6.741935483870968,0.477124183006536,0.5256750774679062,-2.4994026284348863,-1.5125448028673838,-0.5197132616487455,-2.9641577060931903,3,18,16,0.5294117647058824,Y,3,EA,2384,2409,-25,76.0,188
hicksje01w,5,SAS,0,F-C,0,27,10,371,127,57,18,17,13,34,57,4.703703703703703,2.111111111111111,0.6666666666666666,0.6296296296296297,0.48148148148148145,13.74074074074074,1.2592592592592593,52,111,0.46846846846846846,23,38,0.6052631578947368,0,0,0.0,0.4359029649595687,0.4971813341684936,0.5294117647058824,4.592592592592593,0,0,0,0,0,0.0,0.0,0.0,3.6296296296296298,1.7777777777777777,0.2222222222222222,3.7777777777777777,0.4625,0.5384615384615384,1.0740740740740735,0.3333333333333335,0.4444444444444444,0.8148148148148149,4,9,25,0.2647058823529412,N,7,WE,2191,2364,-173,76.0,188
hillec01w,1,CHA,0,G,0,26,0,213,39,23,14,5,1,25,33,1.5,0.8846153846153846,0.5384615384615384,0.19230769230769232,0.038461538461538464,8.192307692307692,0.9615384615384616,16,56,0.2857142857142857,2,5,0.4,5,22,0.22727272727272727,0.39061032863849765,0.33505154639175255,0.56,0.5384615384615384,0,0,0,0,0,0.0,0.0,0.0,,,,,,,,,,,0,8,24,0.25,N,8,EA,2186,2429,-243,67.0,173
hillec01w,2,PHO,0,G,0,3,0,8,0,0,1,1,0,0,2,0.0,0.0,0.3333333333333333,0.3333333333333333,0.0,2.6666666666666665,0.0,0,1,0.0,0,0,0.0,0,1,0.0,0.125,0.0,1.0,0.3333333333333333,0,0,0,0,0,0.0,0.0,0.0,1.5,0.8846153846153846,0.5384615384615384,0.5384615384615384,0.2857142857142857,0.33505154639175255,-1.5,-0.8846153846153846,-0.20512820512820512,-0.20512820512820512,1,13,19,0.40625,N,5,WE,2064,2169,-105,67.0,173
hledeko01w,1,UTA,0,G,0,31,31,867,312,93,92,38,4,76,84,10.064516129032258,3.0,2.967741935483871,1.2258064516129032,0.12903225806451613,27.967741935483872,2.4516129032258065,118,260,0.45384615384615384,51,70,0.7285714285714285,25,58,0.43103448275862066,0.42306805074971165,0.5364511691884456,1.2105263157894737,9.741935483870968,0,0,0,0,0,0.0,0.0,0.0,,,,,,,,,,,0,18,14,0.5625,N,5,WE,2413,2407,6,69.0,150
hledeko01w,2,UTA,0,G,0,27,10,455,151,40,43,25,1,42,56,5.592592592592593,1.4814814814814814,1.5925925925925926,0.9259259259259259,0.037037037037037035,16.85185185185185,1.5555555555555556,55,141,0.3900709219858156,33,38,0.868421052631579,8,23,0.34782608695652173,0.4389450549450549,0.47869642404260715,1.0238095238095237,4.703703703703703,1,2,4,3,1,2.0,1.5,0.5,10.064516129032258,3.0,2.967741935483871,9.741935483870968,0.45384615384615384,0.5364511691884456,-4.4719235364396654,-1.5185185185185186,-1.3751493428912784,-5.038231780167265,1,19,13,0.59375,Y,3,WE,2207,2192,15,69.0,150
hledeko01w,3,NYL,0,G,0,16,0,129,26,16,12,6,2,21,24,1.625,1.0,0.75,0.375,0.125,8.0625,1.3125,11,26,0.4230769230769231,4,9,0.4444444444444444,0,1,0.0,0.39503875968992247,0.43391188251001334,0.5714285714285714,1.3125,1,2,3,3,1,1.5,1.5,0.5,5.592592592592593,1.4814814814814814,1.5925925925925926,4.703703703703703,0.3900709219858156,0.47869642404260715,-3.9675925925925926,-0.4814814814814814,-0.8425925925925926,-3.3912037037037033,2,18,14,0.5625,Y,1,EA,2089,2015,74,69.0,150
hodgedo01w,5,LAS,0,G,0,24,3,245,43,22,16,10,2,17,9,1.7916666666666667,0.9166666666666666,0.6666666666666666,0.4166666666666667,0.08333333333333333,10.208333333333334,0.7083333333333334,16,52,0.3076923076923077,7,10,0.7,4,17,0.23529411764705882,0.2995918367346939,0.38120567375886527,0.9411764705882353,1.5416666666666667,1,3,5,4,4,1.6666666666666667,1.3333333333333333,1.3333333333333333,,,,,,,,,,,0,25,9,0.7352941176470589,Y,1,WE,2495,2361,134,69.0,160
hodgedo01w,6,LAS,0,G,0,32,11,669,178,47,77,18,7,48,35,5.5625,1.46875,2.40625,0.5625,0.21875,20.90625,1.5,65,157,0.4140127388535032,17,25,0.68,31,69,0.4492753623188406,0.32286995515695066,0.5297619047619048,1.6041666666666667,5.59375,1,2,3,1,2,1.5,0.5,1.0,1.7916666666666667,0.9166666666666666,0.6666666666666666,1.5416666666666667,0.3076923076923077,0.38120567375886527,3.770833333333333,0.5520833333333334,1.7395833333333335,4.052083333333333,1,17,17,0.5,Y,4,WE,2326,2345,-19,69.0,160
hodgedo01w,7,LAS,0,G,0,34,3,456,131,42,66,14,4,43,26,3.8529411764705883,1.2352941176470589,1.9411764705882353,0.4117647058823529,0.11764705882352941,13.411764705882353,1.2647058823529411,46,144,0.3194444444444444,21,23,0.9130434782608695,18,61,0.29508196721311475,0.432280701754386,0.424993511549442,1.5348837209302326,3.3529411764705883,1,5,9,5,6,1.8,1.0,1.2,5.5625,1.46875,2.40625,5.59375,0.4140127388535032,0.5297619047619048,-1.7095588235294117,-0.23345588235294112,-0.4650735294117647,-2.2408088235294117,2,25,9,0.7352941176470589,Y,1,WE,2575,2476,99,69.0,160
hodgedo01w,8,SEA,0,G,0,6,0,33,10,2,6,1,0,5,2,1.6666666666666667,0.3333333333333333,1.0,0.16666666666666666,0.0,5.5,0.8333333333333334,4,13,0.3076923076923077,2,2,1.0,0,3,0.0,0.5721212121212123,0.36023054755043227,1.2,0.8333333333333334,0,0,0,0,0,0.0,0.0,0.0,3.8529411764705883,1.2352941176470589,1.9411764705882353,3.3529411764705883,0.3194444444444444,0.424993511549442,-2.186274509803922,-0.9019607843137256,-0.9411764705882353,-2.519607843137255,3,17,17,0.5,Y,4,WE,2734,2647,87,69.0,160
hodgedo01w,9,IND,0,G,0,8,0,56,16,6,2,3,1,6,2,2.0,0.75,0.25,0.375,0.125,7.0,0.75,7,20,0.35,0,0,0.0,2,7,0.2857142857142857,0.4642857142857143,0.4,0.3333333333333333,1.125,1,2,8,2,3,4.0,1.0,1.5,1.6666666666666667,0.3333333333333333,1.0,0.8333333333333334,0.3076923076923077,0.36023054755043227,0.33333333333333326,0.4166666666666667,-0.75,0.29166666666666663,4,17,17,0.5,Y,4,EA,2473,2457,16,69.0,160
hodgero01w,6,HOU,0,G,0,26,0,188,33,17,7,3,0,3,8,1.2692307692307692,0.6538461538461539,0.2692307692307692,0.11538461538461539,0.0,7.230769230769231,0.11538461538461539,13,47,0.2765957446808511,2,2,1.0,5,26,0.19230769230769232,0.27063829787234045,0.34461152882205515,2.3333333333333335,0.8846153846153846,1,2,0,0,0,0.0,0.0,0.0,,,,,,,,,,,0,19,15,0.5588235294117647,Y,3,WE,2309,2263,46,71.0,165
hodgero01w,7,HOU,0,G,0,33,8,698,247,65,32,16,4,36,40,7.484848484848484,1.9696969696969697,0.9696969696969697,0.48484848484848486,0.12121212121212122,21.151515151515152,1.0909090909090908,87,217,0.4009216589861751,29,39,0.7435897435897436,44,120,0.36666666666666664,0.38704871060171914,0.5274171506662112,0.8888888888888888,5.696969696969697,1,2,14,3,1,7.0,1.5,0.5,1.2692307692307692,0.6538461538461539,0.2692307692307692,0.8846153846153846,0.2765957446808511,0.34461152882205515,6.215617715617715,1.315850815850816,0.7004662004662006,4.812354312354312,1,18,16,0.5294117647058824,Y,3,WE,2507,2449,58,71.0,165
hodgero01w,8,HOU,0,G,0,29,4,331,102,30,27,13,0,20,21,3.5172413793103448,1.0344827586206897,0.9310344827586207,0.4482758620689655,0.0,11.413793103448276,0.6896551724137931,31,111,0.27927927927927926,20,22,0.9090909090909091,20,67,0.29850746268656714,0.4250151057401813,0.42260523699038777,1.35,2.413793103448276,0,0,0,0,0,0.0,0.0,0.0,7.484848484848484,1.9696969696969697,0.9696969696969697,5.696969696969697,0.4009216589861751,0.5274171506662112,-3.9676071055381397,-0.93521421107628,-0.03866248693834906,-3.2831765935214214,2,13,21,0.38235294117647056,N,5,WE,2510,2628,-118,71.0,165
hodgero01w,9,HOU,0,G,0,15,6,274,110,30,19,5,2,10,11,7.333333333333333,2.0,1.2666666666666666,0.3333333333333333,0.13333333333333333,18.266666666666666,0.6666666666666666,41,98,0.41836734693877553,2,2,1.0,26,71,0.36619718309859156,0.3973722627737226,0.5562297734627832,1.9,6.6,0,0,0,0,0,0.0,0.0,0.0,3.5172413793103448,1.0344827586206897,0.9310344827586207,2.413793103448276,0.27927927927927926,0.42260523699038777,3.8160919540229883,0.9655172413793103,0.33563218390804594,4.186206896551724,3,17,17,0.5,N,5,WE,2561,2606,-45,71.0,165
hodgero01w,10,MIN,0,G,0,33,27,902,328,99,64,21,15,36,54,9.93939393939394,3.0,1.9393939393939394,0.6363636363636364,0.45454545454545453,27.333333333333332,1.0909090909090908,115,276,0.4166666666666667,30,33,0.9090909090909091,68,171,0.39766081871345027,0.36199556541019956,0.5645050254715682,1.7777777777777777,9.909090909090908,0,0,0,0,0,0.0,0.0,0.0,7.333333333333333,2.0,1.2666666666666666,6.6,0.41836734693877553,0.5562297734627832,2.6060606060606064,1.0,0.6727272727272728,3.3090909090909086,4,14,20,0.4117647058823529,N,5,WE,2731,2827,-96,71.0,165
hoffmeb01w,5,IND,0,F,0,30,13,334,60,87,21,15,5,27,51,2.0,2.9,0.7,0.5,0.16666666666666666,11.133333333333333,0.9,26,83,0.3132530120481928,3,4,0.75,5,17,0.29411764705882354,0.33461077844311377,0.3539405379896177,0.7777777777777778,3.433333333333333,0,0,0,0,0,0.0,0.0,0.0,,,,,,,,,,,0,15,19,0.4411764705882353,N,6,EA,2198,2245,-47,74.0,215
hoffmeb01w,6,IND,0,F,0,33,0,497,120,97,16,21,10,23,59,3.6363636363636362,2.9393939393939394,0.48484848484848486,0.6363636363636364,0.30303030303030304,15.06060606060606,0.696969696969697,47,116,0.4051724137931034,25,30,0.8333333333333334,1,2,0.5,0.3062374245472837,0.4643962848297214,0.6956521739130435,5.0606060606060606,0,0,0,0,0,0.0,0.0,0.0,2.0,2.9,0.7,3.433333333333333,0.3132530120481928,0.3539405379896177,1.6363636363636362,0.03939393939393954,-0.2151515151515151,1.6272727272727274,1,21,13,0.6176470588235294,Y,2,EA,2170,2133,37,74.0,215
hoffmeb01w,7,IND,0,F,0,34,33,851,218,193,46,37,16,73,104,6.411764705882353,5.676470588235294,1.3529411764705883,1.088235294117647,0.47058823529411764,25.029411764705884,2.1470588235294117,82,208,0.3942307692307692,54,70,0.7714285714285715,0,8,0.0,0.3663924794359577,0.45644891122278053,0.6301369863013698,8.676470588235293,1,2,12,6,1,6.0,3.0,0.5,3.6363636363636362,2.9393939393939394,0.48484848484848486,5.0606060606060606,0.4051724137931034,0.4643962848297214,2.775401069518717,2.737076648841355,0.8680926916221035,3.615864527629233,2,21,13,0.6176470588235294,Y,3,EA,2435,2316,119,74.0,215
hoffmeb01w,8,IND,0,F,0,34,10,582,144,137,26,21,18,41,69,4.235294117647059,4.029411764705882,0.7647058823529411,0.6176470588235294,0.5294117647058824,17.11764705882353,1.2058823529411764,57,128,0.4453125,28,34,0.8235294117647058,2,5,0.4,0.31608247422680413,0.5036373810856183,0.6341463414634146,6.705882352941177,1,4,10,9,1,2.5,2.25,0.25,6.411764705882353,5.676470588235294,1.3529411764705883,8.676470588235293,0.3942307692307692,0.45644891122278053,-2.1764705882352944,-1.6470588235294121,-0.5882352941176472,-1.9705882352941169,3,21,13,0.6176470588235294,Y,2,EA,2480,2370,110,74.0,215
hoffmeb01w,9,IND,0,F,0,33,33,1013,342,258,61,47,26,79,121,10.363636363636363,7.818181818181818,1.8484848484848484,1.4242424242424243,0.7878787878787878,30.696969696969695,2.393939393939394,141,303,0.46534653465346537,34,41,0.8292682926829268,26,57,0.45614035087719296,0.3949062191510365,0.5326439073012709,0.7721518987341772,14.727272727272727,1,3,34,25,5,11.333333333333334,8.333333333333334,1.6666666666666667,4.235294117647059,4.029411764705882,0.7647058823529411,6.705882352941177,0.4453125,0.5036373810856183,6.128342245989304,3.788770053475936,1.0837789661319073,8.021390374331549,4,17,17,0.5,Y,4,EA,2473,2457,16,74.0,215
hoffmeb01w,10,IND,0,F,0,34,34,1005,338,199,52,57,12,82,106,9.941176470588236,5.852941176470588,1.5294117647058822,1.6764705882352942,0.35294117647058826,29.558823529411764,2.411764705882353,122,313,0.38977635782747605,69,77,0.8961038961038961,25,72,0.3472222222222222,0.4267462686567164,0.48720018450184505,0.6341463414634146,11.088235294117647,1,10,119,48,8,11.9,4.8,0.8,10.363636363636363,7.818181818181818,1.8484848484848484,14.727272727272727,0.46534653465346537,0.5326439073012709,-0.4224598930481278,-1.9652406417112305,-0.31907308377896615,-3.63903743315508,5,22,12,0.6470588235294118,Y,1,EA,2606,2501,105,74.0,215
holdsch01w,1,WAS,0,F,0,32,32,1131,561,240,80,47,18,93,74,17.53125,7.5,2.5,1.46875,0.5625,35.34375,2.90625,232,499,0.4649298597194389,87,128,0.6796875,10,39,0.2564102564102564,0.5732272325375775,0.5051141684074046,0.8602150537634409,17.03125,1,2,30,11,1,15.0,5.5,0.5,,,,,,,,,,,0,14,18,0.4375,Y,4,EA,2176,2221,-45,74.0,172
holdsch01w,2,WAS,0,F,0,29,29,975,486,256,66,44,14,94,49,16.75862068965517,8.827586206896552,2.2758620689655173,1.5172413793103448,0.4827586206896552,33.62068965517241,3.2413793103448274,187,467,0.4004282655246253,101,148,0.6824324324324325,11,46,0.2391304347826087,0.6421743589743589,0.45666391039615123,0.7021276595744681,15.344827586206897,0,0,0,0,0,0.0,0.0,0.0,17.53125,7.5,2.5,17.03125,0.4649298597194389,0.5051141684074046,-0.7726293103448292,1.3275862068965516,-0.22413793103448265,-1.6864224137931032,1,10,22,0.3125,N,8,EA,1928,2075,-147,74.0,172
holdsch01w,3,WAS,0,F,0,20,20,634,397,232,45,20,6,45,50,19.85,11.6,2.25,1.0,0.3,31.7,2.25,149,330,0.45151515151515154,88,106,0.8301886792452831,11,28,0.39285714285714285,0.6650473186119874,0.5270284621920136,1.0,22.8,1,5,94,43,16,18.8,8.6,3.2,16.75862068965517,8.827586206896552,2.2758620689655173,15.344827586206897,0.4004282655246253,0.45666391039615123,3.0913793103448306,2.772413793103448,-0.02586206896551735,7.455172413793104,2,17,15,0.53125,Y,3,EA,2135,2116,19,74.0,172
holdsch01w,4,WAS,0,F,0,27,27,948,554,294,89,34,15,72,74,20.51851851851852,10.88888888888889,3.2962962962962963,1.2592592592592593,0.5555555555555556,35.111111111111114,2.6666666666666665,204,480,0.425,140,155,0.9032258064516129,6,35,0.17142857142857143,0.6542194092827005,0.5052900401313389,1.2361111111111112,23.074074074074073,0,0,0,0,0,0.0,0.0,0.0,19.85,11.6,2.25,22.8,0.45151515151515154,0.5270284621920136,0.6685185185185176,-0.7111111111111104,1.0462962962962963,0.2740740740740719,3,9,25,0.2647058823529412,N,7,EA,2330,2498,-168,74.0,172
holdsch01w,5,WAS,0,F,0,23,22,801,437,191,56,39,18,57,67,19.0,8.304347826086957,2.4347826086956523,1.6956521739130435,0.782608695652174,34.82608695652174,2.4782608695652173,162,403,0.40198511166253104,106,132,0.803030303030303,7,17,0.4117647058823529,0.6467915106117352,0.4738873948121801,0.9824561403508771,18.130434782608695,0,0,0,0,0,0.0,0.0,0.0,20.51851851851852,10.88888888888889,3.2962962962962963,23.074074074074073,0.425,0.5052900401313389,-1.518518518518519,-2.5845410628019323,-0.861513687600644,-4.943639291465377,4,17,17,0.5,Y,4,EA,2325,2384,-59,74.0,172
holdsch01w,6,LAS,0,F,0,33,33,1183,561,223,104,38,16,99,94,17.0,6.757575757575758,3.1515151515151514,1.1515151515151516,0.48484848484848486,35.84848484848485,3.0,216,450,0.48,126,160,0.7875,3,13,0.23076923076923078,0.5235841081994927,0.5390084550345888,1.0505050505050506,17.424242424242426,1,2,31,10,2,15.5,5.0,1.0,19.0,8.304347826086957,2.4347826086956523,18.130434782608695,0.40198511166253104,0.4738873948121801,-2.0,-1.5467720685111992,0.716732542819499,-0.7061923583662697,5,17,17,0.5,Y,4,WE,2326,2345,-19,74.0,172
holdsch01w,7,LAS,0,F,0,25,0,739,375,152,56,34,9,57,58,15.0,6.08,2.24,1.36,0.36,29.56,2.28,148,315,0.46984126984126984,76,86,0.8837209302325582,3,15,0.2,0.5545872801082544,0.5314023353361297,0.9824561403508771,15.68,1,3,13,11,4,4.333333333333333,3.6666666666666665,1.3333333333333333,17.0,6.757575757575758,3.1515151515151514,17.424242424242426,0.48,0.5390084550345888,-2.0,-0.6775757575757577,-0.9115151515151512,-1.744242424242426,6,25,9,0.7352941176470589,Y,1,WE,2575,2476,99,74.0,172
holdsch01w,8,LAS,0,F,0,5,5,150,79,28,15,6,3,26,14,15.8,5.6,3.0,1.2,0.6,30.0,5.2,31,63,0.49206349206349204,15,18,0.8333333333333334,2,3,0.6666666666666666,0.6461333333333333,0.556965595036661,0.5769230769230769,14.0,0,0,0,0,0,0.0,0.0,0.0,15.0,6.08,2.24,15.68,0.46984126984126984,0.5314023353361297,0.8000000000000007,-0.4800000000000004,0.7599999999999998,-1.6799999999999997,7,10,24,0.29411764705882354,N,7,WE,2533,2708,-175,74.0,172
holdsch01w,10,ATL,0,F,0,25,25,708,348,109,56,34,7,74,60,13.92,4.36,2.24,1.36,0.28,28.32,2.96,132,319,0.41379310344827586,78,93,0.8387096774193549,6,30,0.2,0.6128813559322034,0.4834407646143587,0.7567567567567568,11.12,1,1,3,3,0,3.0,3.0,0.0,15.8,5.6,3.0,14.0,0.49206349206349204,0.556965595036661,-1.8800000000000008,-1.2399999999999993,-0.7599999999999998,-2.880000000000001,8,18,16,0.5294117647058824,Y,2,EA,2861,2797,64,74.0,172
hollake01w,1,SAC,0,G,0,32,32,934,312,70,81,43,5,74,63,9.75,2.1875,2.53125,1.34375,0.15625,29.1875,2.3125,111,253,0.43873517786561267,46,66,0.696969696969697,44,122,0.36065573770491804,0.3811991434689508,0.5531130336122535,1.0945945945945945,8.59375,1,2,19,8,6,9.5,4.0,3.0,,,,,,,,,,,0,21,11,0.65625,Y,3,WE,2343,2176,167,68.0,129
hollake01w,2,SAC,0,G,0,32,32,874,322,75,69,56,5,66,62,10.0625,2.34375,2.15625,1.75,0.15625,27.3125,2.0625,111,251,0.44223107569721115,41,60,0.6833333333333333,59,150,0.3933333333333333,0.3929061784897025,0.5803893294881038,1.0454545454545454,9.4375,1,5,69,18,7,13.8,3.6,1.4,9.75,2.1875,2.53125,8.59375,0.43873517786561267,0.5531130336122535,0.3125,0.15625,-0.375,0.84375,1,20,12,0.625,Y,2,WE,2294,2139,155,68.0,129
hollake01w,3,SAC,0,G,0,32,32,902,296,90,63,41,5,81,74,9.25,2.8125,1.96875,1.28125,0.15625,28.1875,2.53125,102,299,0.3411371237458194,54,72,0.75,38,157,0.24203821656050956,0.4564079822616408,0.4475625982823273,0.7777777777777778,6.21875,0,0,0,0,0,0.0,0.0,0.0,10.0625,2.34375,2.15625,9.4375,0.44223107569721115,0.5803893294881038,-0.8125,0.46875,-0.1875,-3.21875,2,14,18,0.4375,N,6,WE,2166,2294,-128,68.0,129
hollake01w,4,DET,0,G,0,34,2,694,312,57,63,36,3,59,26,9.176470588235293,1.6764705882352942,1.8529411764705883,1.0588235294117647,0.08823529411764706,20.41176470588235,1.7352941176470589,107,232,0.46120689655172414,48,63,0.7619047619047619,50,124,0.4032258064516129,0.45925072046109516,0.6006468504543354,1.0677966101694916,8.0,1,8,65,12,15,8.125,1.5,1.875,9.25,2.8125,1.96875,6.21875,0.3411371237458194,0.4475625982823273,-0.07352941176470651,-1.1360294117647058,-0.11580882352941169,1.78125,3,25,9,0.7352941176470589,Y,1,EA,2553,2395,158,68.0,129
hollake01w,5,HOU,0,G,0,27,21,703,177,66,53,40,3,47,51,6.555555555555555,2.4444444444444446,1.962962962962963,1.4814814814814814,0.1111111111111111,26.037037037037038,1.7407407407407407,59,159,0.3710691823899371,28,41,0.6829268292682927,31,97,0.31958762886597936,0.3186913229018492,0.49988703117939454,1.127659574468085,6.62962962962963,0,0,0,0,0,0.0,0.0,0.0,9.176470588235293,1.6764705882352942,1.8529411764705883,8.0,0.46120689655172414,0.6006468504543354,-2.620915032679738,0.7679738562091505,0.1100217864923747,-1.3703703703703702,4,13,21,0.38235294117647056,N,6,WE,2177,2211,-34,68.0,129
hollake01w,7,DET,0,G,0,34,0,397,140,40,43,23,2,40,29,4.117647058823529,1.1764705882352942,1.2647058823529411,0.6764705882352942,0.058823529411764705,11.676470588235293,1.1764705882352942,51,142,0.3591549295774648,10,16,0.625,28,84,0.3333333333333333,0.47617128463476066,0.4696725711218465,1.075,3.264705882352941,1,8,0,3,5,0.0,0.375,0.625,6.555555555555555,2.4444444444444446,1.962962962962963,6.62962962962963,0.3710691823899371,0.49988703117939454,-2.4379084967320264,-1.2679738562091505,-0.6982570806100219,-3.3649237472766886,5,23,11,0.6764705882352942,Y,2,EA,2527,2384,143,68.0,129
holliqu01w,10,MIN,0,C,0,34,1,434,164,110,5,12,8,34,65,4.823529411764706,3.235294117647059,0.14705882352941177,0.35294117647058826,0.23529411764705882,12.764705882352942,1.0,50,120,0.4166666666666667,64,91,0.7032967032967034,0,0,0.0,0.4470967741935484,0.5123719070232442,0.14705882352941177,4.9411764705882355,0,0,0,0,0,0.0,0.0,0.0,,,,,,,,,,,0,14,20,0.4117647058823529,N,5,WE,2731,2827,-96,77.0,201
holmejo01w,1,DET,0,F,0,29,0,271,91,45,14,11,4,16,36,3.1379310344827585,1.5517241379310345,0.4827586206896552,0.3793103448275862,0.13793103448275862,9.344827586206897,0.5517241379310345,33,70,0.4714285714285714,21,30,0.7,4,11,0.36363636363636365,0.3660516605166052,0.546875,0.875,3.5517241379310347,0,0,0,0,0,0.0,0.0,0.0,,,,,,,,,,,0,14,18,0.4375,N,5,EA,2331,2426,-95,70.0,150
holmese01w,9,HOU,0,G-F,0,17,3,203,52,35,11,8,1,14,19,3.0588235294117645,2.0588235294117645,0.6470588235294118,0.47058823529411764,0.058823529411764705,11.941176470588236,0.8235294117647058,16,62,0.25806451612903225,16,22,0.7272727272727273,4,17,0.23529411764705882,0.42206896551724143,0.36272321428571425,0.7857142857142857,2.411764705882353,0,0,0,0,0,0.0,0.0,0.0,,,,,,,,,,,0,17,17,0.5,N,5,WE,2561,2606,-45,73.0,155
holtam01w,9,CON,0,F,0,34,34,714,222,105,65,15,5,31,67,6.529411764705882,3.088235294117647,1.911764705882353,0.4411764705882353,0.14705882352941177,21.0,0.9117647058823529,81,199,0.40703517587939697,35,45,0.7777777777777778,25,76,0.32894736842105265,0.34985994397759107,0.5073126142595977,2.096774193548387,7.4411764705882355,1,3,11,12,4,3.6666666666666665,4.0,1.3333333333333333,,,,,,,,,,,0,21,13,0.6176470588235294,Y,2,EA,2690,2541,149,72.0,168
holtam01w,10,CON,0,F,0,23,7,380,137,74,44,9,2,14,39,5.956521739130435,3.217391304347826,1.9130434782608696,0.391304347826087,0.08695652173913043,16.52173913043478,0.6086956521739131,40,123,0.3252032520325203,44,53,0.8301886792452831,13,50,0.26,0.42189473684210527,0.46815199562602516,3.142857142857143,6.956521739130435,0,0,0,0,0,0.0,0.0,0.0,6.529411764705882,3.088235294117647,1.911764705882353,7.4411764705882355,0.40703517587939697,0.5073126142595977,-0.5728900255754477,0.12915601023017897,0.0012787723785165905,-0.4846547314578009,1,16,18,0.47058823529411764,N,6,EA,2651,2654,-3,72.0,168
hopeky01w,1,UTA,0,C,0,3,0,4,2,2,0,0,0,1,0,0.6666666666666666,0.6666666666666666,0.0,0.0,0.0,1.3333333333333333,0.3333333333333333,0,1,0.0,2,2,1.0,0,0,0.0,0.72,0.5319148936170213,0.0,0.6666666666666666,0,0,0,0,0,0.0,0.0,0.0,,,,,,,,,,,0,18,14,0.5625,N,5,WE,2413,2407,6,74.0,165
hornbal01w,9,DET,0,G,0,34,0,747,184,138,71,79,10,49,97,5.411764705882353,4.0588235294117645,2.088235294117647,2.323529411764706,0.29411764705882354,21.970588235294116,1.4411764705882353,63,178,0.3539325842696629,42,66,0.6363636363636364,16,45,0.35555555555555557,0.3427576974564926,0.44435857805255025,1.4489795918367347,8.647058823529411,1,9,57,44,19,6.333333333333333,4.888888888888889,2.111111111111111,,,,,,,,,,,0,22,12,0.6470588235294118,Y,1,EA,2672,2522,150,71.0,155
hornbal01w,10,DET,0,G,0,32,21,850,213,158,86,42,9,69,93,6.65625,4.9375,2.6875,1.3125,0.28125,26.5625,2.15625,81,213,0.38028169014084506,26,48,0.5416666666666666,25,64,0.390625,0.35661176470588235,0.4548949256791389,1.2463768115942029,8.90625,1,5,53,30,20,10.6,6.0,4.0,5.411764705882353,4.0588235294117645,2.088235294117647,8.647058823529411,0.3539325842696629,0.44435857805255025,1.2444852941176467,0.8786764705882355,0.5992647058823528,0.25919117647058876,1,18,16,0.5294117647058824,Y,3,EA,2652,2644,8,71.0,155
houstch01w,9,MIN,0,F,0,33,0,581,292,122,28,30,13,55,70,8.848484848484848,3.696969696969697,0.8484848484848485,0.9090909090909091,0.3939393939393939,17.606060606060606,1.6666666666666667,116,236,0.4915254237288136,60,81,0.7407407407407407,0,0,0.0,0.5622030981067125,0.5374760712707997,0.509090909090909,8.757575757575758,0,0,0,0,0,0.0,0.0,0.0,,,,,,,,,,,0,16,18,0.47058823529411764,N,7,WE,2767,2721,46,72.0,189
houstch01w,10,MIN,0,F,0,34,33,792,445,186,59,43,21,64,107,13.088235294117647,5.470588235294118,1.7352941176470589,1.2647058823529411,0.6176470588235294,23.294117647058822,1.8823529411764706,175,376,0.4654255319148936,72,99,0.7272727272727273,23,69,0.3333333333333333,0.6105555555555555,0.5303174754504719,0.921875,13.588235294117647,0,0,0,0,0,0.0,0.0,0.0,8.848484848484848,3.696969696969697,0.8484848484848485,8.757575757575758,0.4915254237288136,0.5374760712707997,4.239750445632799,1.773618538324421,0.8868092691622104,4.830659536541889,1,14,20,0.4117647058823529,N,5,WE,2731,2827,-96,72.0,189
humphta01w,9,DET,1,C,0,22,16,297,160,63,22,13,6,24,59,7.2727272727272725,2.8636363636363638,1.0,0.5909090909090909,0.2727272727272727,13.5,1.0909090909090908,62,124,0.5,21,22,0.9545454545454546,15,39,0.38461538461538464,0.5309090909090909,0.5984440454817475,0.9166666666666666,8.045454545454545,0,0,0,0,0,0.0,0.0,0.0,,,,,,,,,,,0,22,12,0.6470588235294118,Y,1,EA,2672,2522,150,75.0,190
humphta01w,9,WAS,2,C,0,8,7,212,89,49,9,4,2,21,32,11.125,6.125,1.125,0.5,0.25,26.5,2.625,34,82,0.4146341463414634,10,17,0.5882352941176471,11,29,0.3793103448275862,0.5211320754716982,0.49731783638801963,0.42857142857142855,9.625,0,0,0,0,0,0.0,0.0,0.0,7.2727272727272725,2.8636363636363638,1.0,8.045454545454545,0.5,0.5984440454817475,3.8522727272727275,3.2613636363636362,0.125,1.579545454545455,1,10,24,0.29411764705882354,N,6,EA,2368,2601,-233,75.0,190
humphta01w,10,MIN,2,C,0,19,4,340,150,59,8,12,6,14,54,7.894736842105263,3.1052631578947367,0.42105263157894735,0.631578947368421,0.3157894736842105,17.894736842105264,0.7368421052631579,55,138,0.39855072463768115,21,26,0.8076923076923077,19,59,0.3220338983050847,0.48070588235294115,0.5018736616702355,0.5714285714285714,7.0,0,0,0,0,0,0.0,0.0,0.0,11.125,6.125,1.125,9.625,0.4146341463414634,0.49731783638801963,-3.230263157894737,-3.0197368421052633,-0.7039473684210527,-2.625,2,14,20,0.4117647058823529,N,5,WE,2731,2827,-96,75.0,190
humphta01w,10,WAS,1,C,0,9,0,67,20,13,3,1,3,6,15,2.2222222222222223,1.4444444444444444,0.3333333333333333,0.1111111111111111,0.3333333333333333,7.444444444444445,0.6666666666666666,7,28,0.25,3,5,0.6,3,12,0.25,0.5402985074626866,0.33112582781456956,0.5,1.2222222222222223,0,0,0,0,0,0.0,0.0,0.0,7.894736842105263,3.1052631578947367,0.42105263157894735,7.0,0.39855072463768115,0.5018736616702355,-5.6725146198830405,-1.6608187134502923,-0.08771929824561403,-5.777777777777778,3,16,18,0.47058823529411764,Y,4,EA,2585,2622,-37,75.0,190
irvinsa01w,6,PHO,0,F,0,12,0,122,44,34,5,5,6,2,20,3.6666666666666665,2.8333333333333335,0.4166666666666667,0.4166666666666667,0.5,10.166666666666666,0.16666666666666666,14,44,0.3181818181818182,12,15,0.8,4,8,0.5,0.4311475409836066,0.43478260869565216,2.5,4.916666666666667,0,0,0,0,0,0.0,0.0,0.0,,,,,,,,,,,0,16,18,0.47058823529411764,N,5,WE,2361,2354,7,75.0,185
irvinsa01w,7,PHO,0,F,0,7,0,38,7,10,1,2,8,3,5,1.0,1.4285714285714286,0.14285714285714285,0.2857142857142857,1.1428571428571428,5.428571428571429,0.42857142857142855,2,13,0.15384615384615385,3,5,0.6,0,3,0.0,0.4789473684210526,0.23026315789473686,0.3333333333333333,1.7142857142857142,0,0,0,0,0,0.0,0.0,0.0,3.6666666666666665,2.8333333333333335,0.4166666666666667,4.916666666666667,0.3181818181818182,0.43478260869565216,-2.6666666666666665,-1.4047619047619049,-0.27380952380952384,-3.2023809523809526,1,18,16,0.5294117647058824,N,5,WE,2960,2879,81,75.0,185
irvinsa01w,8,SAS,0,F,0,23,0,128,27,40,7,3,10,11,20,1.173913043478261,1.7391304347826086,0.30434782608695654,0.13043478260869565,0.43478260869565216,5.565217391304348,0.4782608695652174,13,42,0.30952380952380953,1,2,0.5,0,4,0.0,0.4209375,0.3148320895522388,0.6363636363636364,2.0,1,3,2,1,0,0.6666666666666666,0.3333333333333333,0.0,1.0,1.4285714285714286,0.14285714285714285,1.7142857142857142,0.15384615384615385,0.23026315789473686,0.17391304347826098,0.31055900621118004,0.1614906832298137,0.2857142857142858,2,20,14,0.5882352941176471,Y,2,WE,2517,2484,33,75.0,185
irvinsa01w,9,SAS,0,F,0,21,0,116,26,36,2,3,5,7,19,1.2380952380952381,1.7142857142857142,0.09523809523809523,0.14285714285714285,0.23809523809523808,5.523809523809524,0.3333333333333333,9,28,0.32142857142857145,7,11,0.6363636363636364,1,4,0.25,0.343448275862069,0.3958587088915956,0.2857142857142857,2.0,1,3,2,1,1,0.6666666666666666,0.3333333333333333,0.3333333333333333,1.173913043478261,1.7391304347826086,0.30434782608695654,2.0,0.30952380952380953,0.3148320895522388,0.06418219461697716,-0.024844720496894457,-0.2091097308488613,0.0,3,24,10,0.7058823529411765,Y,1,WE,2546,2418,128,75.0,185
ivanyda01w,1,UTA,0,G,0,27,16,489,93,54,63,25,3,50,67,3.4444444444444446,2.0,2.3333333333333335,0.9259259259259259,0.1111111111111111,18.11111111111111,1.8518518518518519,30,96,0.3125,21,28,0.75,12,43,0.27906976744186046,0.32376278118609403,0.42928360413589367,1.26,4.2592592592592595,0,0,0,0,0,0.0,0.0,0.0,,,,,,,,,,,0,18,14,0.5625,N,5,WE,2413,2407,6,70.0,135
ivanyda01w,4,PHO,0,G,0,4,0,34,6,4,2,0,1,2,4,1.5,1.0,0.5,0.0,0.25,8.5,0.5,3,8,0.375,0,0,0.0,0,2,0.0,0.29411764705882354,0.375,1.0,1.5,0,0,0,0,0,0.0,0.0,0.0,3.4444444444444446,2.0,2.3333333333333335,4.2592592592592595,0.3125,0.42928360413589367,-1.9444444444444446,-1.0,-1.8333333333333335,-2.7592592592592595,1,8,26,0.23529411764705882,N,7,WE,2097,2270,-173,70.0,135
ivanyda01w,6,SAS,0,G,0,30,14,577,75,50,68,26,0,53,48,2.5,1.6666666666666667,2.2666666666666666,0.8666666666666667,0.0,19.233333333333334,1.7666666666666666,25,67,0.373134328358209,5,8,0.625,20,45,0.4444444444444444,0.21407279029462736,0.5317640385706183,1.2830188679245282,4.033333333333333,0,0,0,0,0,0.0,0.0,0.0,1.5,1.0,0.5,1.5,0.375,0.375,1.0,0.6666666666666667,1.7666666666666666,2.533333333333333,2,7,27,0.20588235294117646,N,7,WE,2141,2401,-260,70.0,135
ivanyda01w,7,SAS,0,G,0,31,1,322,42,41,50,12,0,19,38,1.3548387096774193,1.3225806451612903,1.6129032258064515,0.3870967741935484,0.0,10.387096774193548,0.6129032258064516,15,56,0.26785714285714285,4,6,0.6666666666666666,8,37,0.21621621621621623,0.24111801242236025,0.3581173260572988,2.6315789473684212,2.6774193548387095,0,0,0,0,0,0.0,0.0,0.0,2.5,1.6666666666666667,2.2666666666666666,4.033333333333333,0.373134328358209,0.5317640385706183,-1.1451612903225807,-0.3440860215053765,-0.6537634408602151,-1.3559139784946237,3,13,21,0.38235294117647056,N,6,WE,2523,2603,-80,70.0,135
iveyni01w,2,IND,0,G,0,32,26,708,115,55,70,33,5,35,51,3.59375,1.71875,2.1875,1.03125,0.15625,22.125,1.09375,38,102,0.37254901960784315,14,15,0.9333333333333333,25,70,0.35714285714285715,0.20282485875706213,0.5294659300184162,2.0,5.5625,0,0,0,0,0,0.0,0.0,0.0,,,,,,,,,,,0,10,22,0.3125,N,6,EA,2153,2249,-96,67.0,149
iveyni01w,3,IND,0,G,0,31,23,439,86,28,39,16,3,22,31,2.774193548387097,0.9032258064516129,1.2580645161290323,0.5161290322580645,0.0967741935483871,14.161290322580646,0.7096774193548387,25,71,0.352112676056338,17,21,0.8095238095238095,19,50,0.38,0.23289293849658313,0.5358923230309073,1.7727272727272727,3.225806451612903,1,3,0,1,3,0.0,0.3333333333333333,1.0,3.59375,1.71875,2.1875,5.5625,0.37254901960784315,0.5294659300184162,-0.819556451612903,-0.8155241935483871,-0.9294354838709677,-2.336693548387097,1,16,16,0.5,Y,4,EA,2097,2129,-32,67.0,149
iveyni01w,4,IND,0,G,0,27,21,651,135,32,71,29,7,28,40,5.0,1.1851851851851851,2.6296296296296298,1.0740740740740742,0.25925925925925924,24.11111111111111,1.037037037037037,45,116,0.3879310344827586,12,17,0.7058823529411765,33,84,0.39285714285714285,0.2326881720430108,0.5466472303206997,2.5357142857142856,6.296296296296297,0,0,0,0,0,0.0,0.0,0.0,2.774193548387097,0.9032258064516129,1.2580645161290323,3.225806451612903,0.352112676056338,0.5358923230309073,2.225806451612903,0.28195937873357224,1.3715651135005975,3.0704898446833937,2,16,18,0.47058823529411764,N,5,EA,2337,2321,16,67.0,149
iveyni01w,5,IND,0,G,0,15,1,179,34,10,18,4,3,6,20,2.2666666666666666,0.6666666666666666,1.2,0.26666666666666666,0.2,11.933333333333334,0.4,11,37,0.2972972972972973,4,6,0.6666666666666666,8,24,0.3333333333333333,0.25497206703910613,0.42885973763874874,3.0,2.3333333333333335,0,0,0,0,0,0.0,0.0,0.0,5.0,1.1851851851851851,2.6296296296296298,6.296296296296297,0.3879310344827586,0.5466472303206997,-2.7333333333333334,-0.5185185185185185,-1.4296296296296298,-3.9629629629629632,3,15,19,0.4411764705882353,N,6,EA,2198,2245,-47,67.0,149
iveyni01w,6,DET,1,G,0,12,0,102,14,12,10,6,0,5,14,1.1666666666666667,1.0,0.8333333333333334,0.5,0.0,8.5,0.4166666666666667,5,23,0.21739130434782608,1,1,1.0,3,12,0.25,0.2788235294117647,0.2986348122866894,2.0,1.5833333333333333,0,0,0,0,0,0.0,0.0,0.0,2.2666666666666666,0.6666666666666666,1.2,2.3333333333333335,0.2972972972972973,0.42885973763874874,-1.0999999999999999,0.33333333333333337,-0.3666666666666666,-0.7500000000000002,4,16,18,0.47058823529411764,Y,4,EA,2247,2287,-40,67.0,149
iveyni01w,6,PHO,2,G,0,14,0,152,24,10,20,6,0,6,17,1.7142857142857142,0.7142857142857143,1.4285714285714286,0.42857142857142855,0.0,10.857142857142858,0.42857142857142855,8,24,0.3333333333333333,6,6,1.0,2,10,0.2,0.21473684210526317,0.45045045045045046,3.3333333333333335,2.7142857142857144,0,0,0,0,0,0.0,0.0,0.0,1.1666666666666667,1.0,0.8333333333333334,1.5833333333333333,0.21739130434782608,0.2986348122866894,0.5476190476190474,-0.2857142857142857,0.5952380952380952,1.1309523809523812,5,16,18,0.47058823529411764,N,5,WE,2361,2354,7,67.0,149
jacksde01w,3,CLE,0,F,0,18,0,143,55,27,6,2,1,9,11,3.0555555555555554,1.5,0.3333333333333333,0.1111111111111111,0.05555555555555555,7.944444444444445,0.5,19,46,0.41304347826086957,17,24,0.7083333333333334,0,3,0.0,0.4584615384615385,0.4862093352192362,0.6666666666666666,2.6666666666666665,0,0,0,0,0,0.0,0.0,0.0,,,,,,,,,,,0,10,22,0.3125,N,7,EA,2071,2140,-69,74.0,155
jacksde01w,4,CLE,0,F,0,34,22,763,245,89,51,20,13,33,92,7.205882352941177,2.6176470588235294,1.5,0.5882352941176471,0.38235294117647056,22.441176470588236,0.9705882352941176,83,198,0.41919191919191917,50,70,0.7142857142857143,29,70,0.4142857142857143,0.3431192660550459,0.5354020979020979,1.5454545454545454,7.352941176470588,1,3,12,12,2,4.0,4.0,0.6666666666666666,3.0555555555555554,1.5,0.3333333333333333,2.6666666666666665,0.41304347826086957,0.4862093352192362,4.150326797385621,1.1176470588235294,1.1666666666666667,4.686274509803921,1,17,17,0.5,Y,4,EA,2229,2210,19,74.0,155
jacksde01w,5,IND,0,F,0,34,32,804,236,113,53,29,6,52,82,6.9411764705882355,3.323529411764706,1.5588235294117647,0.8529411764705882,0.17647058823529413,23.647058823529413,1.5294117647058822,92,251,0.3665338645418327,52,73,0.7123287671232876,0,12,0.0,0.41681592039800996,0.41678440237355185,1.0192307692307692,6.029411764705882,0,0,0,0,0,0.0,0.0,0.0,7.205882352941177,2.6176470588235294,1.5,7.352941176470588,0.41919191919191917,0.5354020979020979,-0.2647058823529411,0.7058823529411766,0.05882352941176472,-1.3235294117647056,2,15,19,0.4411764705882353,N,6,EA,2198,2245,-47,74.0,155
jacksde01w,6,IND,0,F,0,34,0,472,162,77,23,17,12,32,55,4.764705882352941,2.264705882352941,0.6764705882352942,0.5,0.35294117647058826,13.882352941176471,0.9411764705882353,56,139,0.4028776978417266,50,68,0.7352941176470589,0,3,0.0,0.42567796610169495,0.47951693109164095,0.71875,4.647058823529412,1,4,35,14,2,8.75,3.5,0.5,6.9411764705882355,3.323529411764706,1.5588235294117647,6.029411764705882,0.3665338645418327,0.41678440237355185,-2.1764705882352944,-1.058823529411765,-0.8823529411764706,-1.3823529411764701,3,21,13,0.6176470588235294,Y,2,EA,2170,2133,37,74.0,155
jacksde01w,7,CHI,0,F,0,22,1,328,132,66,13,9,3,22,38,6.0,3.0,0.5909090909090909,0.4090909090909091,0.13636363636363635,14.909090909090908,1.0,49,124,0.3951612903225806,33,51,0.6470588235294118,1,3,0.3333333333333333,0.5135365853658537,0.4506965310024584,0.5909090909090909,4.909090909090909,0,0,0,0,0,0.0,0.0,0.0,4.764705882352941,2.264705882352941,0.6764705882352942,4.647058823529412,0.4028776978417266,0.47951693109164095,1.2352941176470589,0.7352941176470589,-0.08556149732620322,0.26203208556149704,4,5,29,0.14705882352941177,N,7,EA,2322,2687,-365,74.0,155
jacksgw01w,4,SAS,0,F,0,33,26,975,289,205,20,15,17,46,85,8.757575757575758,6.212121212121212,0.6060606060606061,0.45454545454545453,0.5151515151515151,29.545454545454547,1.393939393939394,114,286,0.3986013986013986,56,88,0.6363636363636364,5,30,0.16666666666666666,0.38022564102564105,0.44499876816949985,0.43478260869565216,8.969696969696969,0,0,0,0,0,0.0,0.0,0.0,,,,,,,,,,,0,12,22,0.35294117647058826,N,6,WE,2215,2427,-212,75.0,182
jacksgw01w,5,PHO,2,F,0,14,0,136,56,27,4,3,1,4,11,4.0,1.9285714285714286,0.2857142857142857,0.21428571428571427,0.07142857142857142,9.714285714285714,0.2857142857142857,23,45,0.5111111111111111,9,11,0.8181818181818182,1,5,0.2,0.3958823529411765,0.5617977528089887,1.0,4.5,0,0,0,0,0,0.0,0.0,0.0,8.757575757575758,6.212121212121212,0.6060606060606061,8.969696969696969,0.3986013986013986,0.44499876816949985,-4.757575757575758,-4.283549783549783,-0.3203463203463204,-4.469696969696969,1,17,17,0.5,N,5,WE,2300,2235,65,75.0,182
jacksgw01w,5,SAS,1,F,0,19,4,290,61,54,11,3,3,11,23,3.210526315789474,2.8421052631578947,0.5789473684210527,0.15789473684210525,0.15789473684210525,15.263157894736842,0.5789473684210527,23,48,0.4791666666666667,15,21,0.7142857142857143,0,1,0.0,0.23531034482758623,0.5328441649196366,1.0,4.7368421052631575,0,0,0,0,0,0.0,0.0,0.0,4.0,1.9285714285714286,0.2857142857142857,4.5,0.5111111111111111,0.5617977528089887,-0.7894736842105261,0.9135338345864661,0.29323308270676696,0.23684210526315752,2,9,25,0.2647058823529412,N,7,WE,2191,2364,-173,75.0,182
jacksgw01w,6,PHO,0,F,0,11,2,121,31,23,3,0,3,10,12,2.8181818181818183,2.090909090909091,0.2727272727272727,0.0,0.2727272727272727,11.0,0.9090909090909091,13,26,0.5,3,6,0.5,2,4,0.5,0.3193388429752066,0.5412011173184358,0.3,3.090909090909091,0,0,0,0,0,0.0,0.0,0.0,3.210526315789474,2.8421052631578947,0.5789473684210527,4.7368421052631575,0.4791666666666667,0.5328441649196366,-0.39234449760765555,-0.7511961722488039,-0.30622009569377995,-1.6459330143540667,3,16,18,0.47058823529411764,N,5,WE,2361,2354,7,75.0,182
jacksla01w,2,SEA,0,F-C,0,29,29,1001,442,193,44,54,64,53,97,15.241379310344827,6.655172413793103,1.5172413793103448,1.8620689655172413,2.206896551724138,34.51724137931034,1.8275862068965518,149,406,0.3669950738916256,104,143,0.7272727272727273,40,129,0.31007751937984496,0.5213986013986015,0.4712957434103898,0.8301886792452831,15.448275862068966,0,0,0,0,0,0.0,0.0,0.0,,,,,,,,,,,0,10,22,0.3125,N,8,WE,1921,2048,-127,77.0,187
jacksla01w,3,SEA,0,F-C,0,28,28,882,482,190,41,30,81,47,95,17.214285714285715,6.785714285714286,1.4642857142857142,1.0714285714285714,2.892857142857143,31.5,1.6785714285714286,186,462,0.4025974025974026,68,90,0.7555555555555555,42,120,0.35,0.6219954648526077,0.48046251993620415,0.8723404255319149,17.107142857142858,1,2,23,10,3,11.5,5.0,1.5,15.241379310344827,6.655172413793103,1.5172413793103448,15.448275862068966,0.3669950738916256,0.4712957434103898,1.972906403940888,0.13054187192118238,-0.05295566502463056,1.6588669950738915,1,17,15,0.53125,Y,4,WE,2188,2103,85,77.0,187
jacksla01w,4,SEA,0,F-C,1,33,33,1109,698,307,62,38,64,69,106,21.151515151515152,9.303030303030303,1.878787878787879,1.1515151515151516,1.9393939393939394,33.60606060606061,2.090909090909091,254,526,0.4828897338403042,151,183,0.825136612021858,39,123,0.3170731707317073,0.6091253381424707,0.5754138363120754,0.8985507246376812,24.12121212121212,0,0,0,0,0,0.0,0.0,0.0,17.214285714285715,6.785714285714286,1.4642857142857142,17.107142857142858,0.4025974025974026,0.48046251993620415,3.937229437229437,2.517316017316017,0.4145021645021647,7.0140692640692635,2,18,16,0.5294117647058824,N,5,WE,2388,2274,114,77.0,187
jacksla01w,5,SEA,0,F-C,0,31,31,1070,634,207,51,31,62,67,93,20.451612903225808,6.67741935483871,1.6451612903225807,1.0,2.0,34.516129032258064,2.161290322580645,220,460,0.4782608695652174,142,175,0.8114285714285714,52,115,0.45217391304347826,0.5644859813084112,0.590316573556797,0.7611940298507462,20.806451612903224,1,8,157,60,11,19.625,7.5,1.375,21.151515151515152,9.303030303030303,1.878787878787879,24.12121212121212,0.4828897338403042,0.5754138363120754,-0.6999022482893444,-2.625610948191593,-0.23362658846529816,-3.314760508308897,3,20,14,0.5882352941176471,Y,2,WE,2437,2264,173,77.0,187
jacksla01w,6,SEA,0,F-C,0,34,34,1176,597,313,57,36,67,59,100,17.558823529411764,9.205882352941176,1.6764705882352942,1.0588235294117647,1.9705882352941178,34.588235294117645,1.7352941176470589,206,450,0.4577777777777778,151,181,0.8342541436464088,34,118,0.288135593220339,0.5005442176870748,0.5635903632656144,0.9661016949152542,21.676470588235293,1,3,43,24,2,14.333333333333334,8.0,0.6666666666666666,20.451612903225808,6.67741935483871,1.6451612903225807,20.806451612903224,0.4782608695652174,0.590316573556797,-2.8927893738140433,2.5284629981024658,0.03130929791271342,0.8700189753320693,4,20,14,0.5882352941176471,Y,2,WE,2498,2407,91,77.0,187
jacksla01w,7,SEA,0,F-C,0,30,30,848,585,230,48,24,51,40,90,19.5,7.666666666666667,1.6,0.8,1.7,28.266666666666666,1.3333333333333333,193,361,0.5346260387811634,170,189,0.8994708994708994,29,77,0.37662337662337664,0.5709433962264151,0.658546469740634,1.2,23.7,1,3,54,24,2,18.0,8.0,0.6666666666666666,17.558823529411764,9.205882352941176,1.6764705882352942,21.676470588235293,0.4577777777777778,0.5635903632656144,1.9411764705882355,-1.5392156862745088,-0.07647058823529407,2.023529411764706,5,18,16,0.5294117647058824,Y,4,WE,2644,2575,69,77.0,187
jacksla01w,8,SEA,0,F-C,1,31,31,1020,739,300,40,31,63,56,93,23.838709677419356,9.67741935483871,1.2903225806451613,1.0,2.032258064516129,32.903225806451616,1.8064516129032258,258,497,0.5191146881287726,174,197,0.883248730964467,49,122,0.4016393442622951,0.6271372549019608,0.6330523574561403,0.7142857142857143,27.580645161290324,1,2,38,23,1,19.0,11.5,0.5,19.5,7.666666666666667,1.6,23.7,0.5346260387811634,0.658546469740634,4.338709677419356,2.010752688172043,-0.30967741935483883,3.8806451612903246,6,17,17,0.5,Y,4,WE,2734,2647,87,77.0,187
jacksla01w,9,SEA,0,F-C,0,21,21,694,425,147,26,31,33,40,67,20.238095238095237,7.0,1.2380952380952381,1.4761904761904763,1.5714285714285714,33.04761904761905,1.9047619047619047,149,330,0.45151515151515154,99,106,0.9339622641509434,28,95,0.29473684210526313,0.6003458213256484,0.5641992353440952,0.65,20.666666666666668,0,0,0,0,0,0.0,0.0,0.0,23.838709677419356,9.67741935483871,1.2903225806451613,27.580645161290324,0.5191146881287726,0.6330523574561403,-3.6006144393241186,-2.67741935483871,-0.05222734254992312,-6.913978494623656,7,22,12,0.6470588235294118,Y,2,WE,2493,2406,87,77.0,187
jacksla01w,10,SEA,0,F-C,0,26,26,843,499,182,22,38,45,43,97,19.192307692307693,7.0,0.8461538461538461,1.4615384615384615,1.7307692307692308,32.42307692307692,1.6538461538461537,168,363,0.4628099173553719,114,143,0.7972027972027972,49,114,0.4298245614035088,0.5562514827995255,0.5857907588279488,0.5116279069767442,19.96153846153846,0,0,0,0,0,0.0,0.0,0.0,20.238095238095237,7.0,1.2380952380952381,20.666666666666668,0.45151515151515154,0.5641992353440952,-1.0457875457875438,0.0,-0.391941391941392,-0.705128205128208,8,20,14,0.5882352941176471,Y,2,WE,2544,2476,68,77.0,187
jacksta01w,1,HOU,0,F-C,0,29,1,339,76,61,11,12,9,24,62,2.6206896551724137,2.103448275862069,0.3793103448275862,0.41379310344827586,0.3103448275862069,11.689655172413794,0.8275862068965517,35,61,0.5737704918032787,6,11,0.5454545454545454,0,0,0.0,0.2650147492625369,0.5771567436208991,0.4583333333333333,3.9310344827586206,1,6,16,17,0,2.6666666666666665,2.8333333333333335,0.0,,,,,,,,,,,0,27,5,0.84375,Y,2,WE,2475,2066,409,75.0,179
jacksta01w,2,HOU,0,F-C,0,32,4,442,104,91,21,22,11,29,53,3.25,2.84375,0.65625,0.6875,0.34375,13.8125,0.90625,43,86,0.5,18,40,0.45,0,0,0.0,0.3,0.5019305019305019,0.7241379310344828,4.84375,1,1,4,3,0,4.0,3.0,0.0,2.6206896551724137,2.103448275862069,0.3793103448275862,3.9310344827586206,0.5737704918032787,0.5771567436208991,0.6293103448275863,0.740301724137931,0.2769396551724138,0.9127155172413794,1,19,13,0.59375,Y,4,WE,2047,1994,53,75.0,179
jacksta01w,3,HOU,0,F-C,0,5,1,69,6,13,1,3,3,6,7,1.2,2.6,0.2,0.6,0.6,13.8,1.2,3,8,0.375,0,2,0.0,0,0,0.0,0.21565217391304348,0.33783783783783783,0.16666666666666666,2.6,0,0,0,0,0,0.0,0.0,0.0,3.25,2.84375,0.65625,4.84375,0.5,0.5019305019305019,-2.05,-0.2437499999999999,-0.45625,-2.24375,2,24,8,0.75,Y,2,WE,2072,1892,180,75.0,179
jacksta02w,1,DET,0,G,0,17,0,267,116,25,36,22,0,21,30,6.823529411764706,1.4705882352941178,2.1176470588235294,1.2941176470588236,0.0,15.705882352941176,1.2352941176470589,41,106,0.3867924528301887,26,35,0.7428571428571429,8,32,0.25,0.5333333333333333,0.47775947281713343,1.7142857142857142,6.117647058823529,0,0,0,0,0,0.0,0.0,0.0,,,,,,,,,,,0,14,18,0.4375,N,5,EA,2331,2426,-95,66.0,118
jacksta02w,2,POR,0,G,0,32,1,497,132,44,50,28,0,45,35,4.125,1.375,1.5625,0.875,0.0,15.53125,1.40625,55,169,0.3254437869822485,16,23,0.6956521739130435,6,39,0.15384615384615385,0.4509456740442656,0.3684680661009379,1.1111111111111112,2.75,0,0,0,0,0,0.0,0.0,0.0,6.823529411764706,1.4705882352941178,2.1176470588235294,6.117647058823529,0.3867924528301887,0.47775947281713343,-2.6985294117647056,-0.09558823529411775,-0.5551470588235294,-3.367647058823529,1,11,21,0.34375,N,7,WE,2088,2202,-114,66.0,118
jacksta02w,3,POR,0,G,0,32,10,692,314,59,95,55,1,64,59,9.8125,1.84375,2.96875,1.71875,0.03125,21.625,2.0,122,291,0.41924398625429554,46,66,0.696969696969697,24,76,0.3157894736842105,0.554971098265896,0.4905636795400575,1.484375,8.46875,0,0,0,0,0,0.0,0.0,0.0,4.125,1.375,1.5625,2.75,0.3254437869822485,0.3684680661009379,5.6875,0.46875,1.40625,5.71875,2,16,16,0.5,N,5,WE,2195,2227,-32,66.0,118
jacksta02w,4,PHO,0,G,0,34,34,958,300,82,146,52,4,76,62,8.823529411764707,2.411764705882353,4.294117647058823,1.5294117647058822,0.11764705882352941,28.176470588235293,2.235294117647059,124,361,0.34349030470914127,17,21,0.8095238095238095,35,99,0.35353535353535354,0.46580375782881,0.40514261019878994,1.9210526315789473,7.852941176470588,0,0,0,0,0,0.0,0.0,0.0,9.8125,1.84375,2.96875,8.46875,0.41924398625429554,0.4905636795400575,-0.9889705882352935,0.5680147058823528,1.3253676470588234,-0.6158088235294121,3,8,26,0.23529411764705882,N,7,WE,2097,2270,-173,66.0,118
jacksta02w,5,WAS,0,G,0,25,12,405,135,37,45,20,1,28,21,5.4,1.48,1.8,0.8,0.04,16.2,1.12,57,135,0.4222222222222222,11,16,0.6875,10,25,0.4,0.4198518518518518,0.47521824838073784,1.6071428571428572,5.08,1,3,17,1,4,5.666666666666667,0.3333333333333333,1.3333333333333333,8.823529411764707,2.411764705882353,4.294117647058823,7.852941176470588,0.34349030470914127,0.40514261019878994,-3.423529411764706,-0.9317647058823528,-2.4941176470588236,-2.772941176470588,4,17,17,0.5,Y,4,EA,2325,2384,-59,66.0,118
jacksta02w,6,WAS,0,G,0,8,0,66,9,6,10,5,0,4,5,1.125,0.75,1.25,0.625,0.0,8.25,0.5,4,26,0.15384615384615385,0,2,0.0,1,9,0.1111111111111111,0.46787878787878784,0.1674107142857143,2.5,0.25,0,0,0,0,0,0.0,0.0,0.0,5.4,1.48,1.8,5.08,0.4222222222222222,0.47521824838073784,-4.275,-0.73,-0.55,-4.83,5,16,18,0.47058823529411764,N,5,EA,2263,2305,-42,66.0,118
jacksta02w,7,PHO,0,G,0,3,2,54,24,4,7,6,1,4,7,8.0,1.3333333333333333,2.3333333333333335,2.0,0.3333333333333333,18.0,1.3333333333333333,10,28,0.35714285714285715,4,6,0.6666666666666666,0,3,0.0,0.6414814814814815,0.391644908616188,1.75,6.0,0,0,0,0,0,0.0,0.0,0.0,1.125,0.75,1.25,0.25,0.15384615384615385,0.1674107142857143,6.875,0.5833333333333333,1.0833333333333335,5.75,6,18,16,0.5294117647058824,N,5,WE,2960,2879,81,66.0,118
jacksti02w,8,NYL,0,F,0,34,0,474,173,104,19,23,12,49,66,5.088235294117647,3.0588235294117645,0.5588235294117647,0.6764705882352942,0.35294117647058826,13.941176470588236,1.4411764705882353,64,154,0.4155844155844156,45,79,0.569620253164557,0,0,0.0,0.5016033755274262,0.45825386734477647,0.3877551020408163,4.647058823529412,1,3,23,13,4,7.666666666666667,4.333333333333333,1.3333333333333333,,,,,,,,,,,0,16,18,0.47058823529411764,Y,4,EA,2413,2501,-88,75.0,185
jacksti02w,9,NYL,0,F,0,25,0,496,208,143,26,24,8,48,46,8.32,5.72,1.04,0.96,0.32,19.84,1.92,81,157,0.5159235668789809,46,73,0.6301369863013698,0,0,0.0,0.4780645161290323,0.5499153976311336,0.5416666666666666,10.32,0,0,0,0,0,0.0,0.0,0.0,5.088235294117647,3.0588235294117645,0.5588235294117647,4.647058823529412,0.4155844155844156,0.45825386734477647,3.2317647058823535,2.6611764705882353,0.4811764705882353,5.672941176470588,1,19,15,0.5588235294117647,Y,3,EA,2573,2538,35,75.0,185
jacksti02w,10,NYL,0,F,0,34,9,495,180,116,24,21,13,43,55,5.294117647058823,3.411764705882353,0.7058823529411765,0.6176470588235294,0.38235294117647056,14.558823529411764,1.2647058823529411,67,149,0.44966442953020136,46,64,0.71875,0,0,0.0,0.44476767676767676,0.5080153533529014,0.5581395348837209,6.205882352941177,0,0,0,0,0,0.0,0.0,0.0,8.32,5.72,1.04,10.32,0.5159235668789809,0.5499153976311336,-3.025882352941177,-2.308235294117647,-0.3341176470588235,-4.114117647058824,2,13,21,0.38235294117647056,N,7,EA,2512,2535,-23,75.0,185
jacobam01w,5,MIN,0,G,0,32,0,391,101,36,47,13,0,45,36,3.15625,1.125,1.46875,0.40625,0.0,12.21875,1.40625,31,100,0.31,20,22,0.9090909090909091,19,60,0.31666666666666665,0.39560102301790284,0.46043034281546313,1.0444444444444445,2.53125,1,2,8,1,2,4.0,0.5,1.0,,,,,,,,,,,0,18,16,0.5294117647058824,Y,3,WE,2165,2190,-25,68.0,152
jacobam01w,6,MIN,0,G,0,33,0,478,121,19,68,19,4,46,34,3.6666666666666665,0.5757575757575758,2.0606060606060606,0.5757575757575758,0.12121212121212122,14.484848484848484,1.393939393939394,40,104,0.38461538461538464,21,29,0.7241379310344828,20,53,0.37735849056603776,0.3405020920502092,0.5181569030489893,1.4782608695652173,3.4242424242424243,0,0,0,0,0,0.0,0.0,0.0,3.15625,1.125,1.46875,2.53125,0.31,0.46043034281546313,0.5104166666666665,-0.5492424242424242,0.5918560606060606,0.8929924242424243,1,14,20,0.4117647058823529,N,6,WE,2211,2288,-77,68.0,152
jacobam01w,7,MIN,0,G,0,34,34,861,279,90,115,26,2,90,71,8.205882352941176,2.6470588235294117,3.3823529411764706,0.7647058823529411,0.058823529411764705,25.323529411764707,2.6470588235294117,96,214,0.4485981308411215,47,57,0.8245614035087719,40,102,0.39215686274509803,0.3822067363530779,0.5834866990128826,1.2777777777777777,8.647058823529411,0,0,0,0,0,0.0,0.0,0.0,3.6666666666666665,0.5757575757575758,2.0606060606060606,3.4242424242424243,0.38461538461538464,0.5181569030489893,4.53921568627451,2.071301247771836,1.32174688057041,5.222816399286987,2,10,24,0.29411764705882354,N,7,WE,2523,2735,-212,68.0,152
jacobam01w,8,MIN,0,G,0,29,0,328,93,20,40,9,0,41,31,3.206896551724138,0.6896551724137931,1.3793103448275863,0.3103448275862069,0.0,11.310344827586206,1.4137931034482758,34,102,0.3333333333333333,8,13,0.6153846153846154,17,65,0.26153846153846155,0.4534146341463415,0.43167471221685855,0.975609756097561,1.6551724137931034,0,0,0,0,0,0.0,0.0,0.0,8.205882352941176,2.6470588235294117,3.3823529411764706,8.647058823529411,0.4485981308411215,0.5834866990128826,-4.998985801217038,-1.9574036511156185,-2.0030425963488843,-6.991886409736308,3,10,24,0.29411764705882354,N,6,WE,2636,2752,-116,68.0,152
jacobam01w,9,LAS,2,G,0,5,0,61,10,2,6,0,0,8,7,2.0,0.4,1.2,0.0,0.0,12.2,1.6,3,11,0.2727272727272727,2,2,1.0,2,5,0.4,0.32590163934426236,0.42087542087542085,0.75,0.4,0,0,0,0,0,0.0,0.0,0.0,3.206896551724138,0.6896551724137931,1.3793103448275863,1.6551724137931034,0.3333333333333333,0.43167471221685855,-1.206896551724138,-0.2896551724137931,-0.17931034482758634,-1.2551724137931033,4,20,14,0.5882352941176471,Y,3,WE,2598,2523,75,68.0,152
jacobam01w,9,WAS,1,G,0,6,3,82,10,7,11,3,0,8,7,1.6666666666666667,1.1666666666666667,1.8333333333333333,0.5,0.0,13.666666666666666,1.3333333333333333,3,12,0.25,1,2,0.5,3,10,0.3,0.2546341463414634,0.3881987577639751,1.375,2.1666666666666665,0,0,0,0,0,0.0,0.0,0.0,2.0,0.4,1.2,0.4,0.2727272727272727,0.42087542087542085,-0.33333333333333326,0.7666666666666667,0.6333333333333333,1.7666666666666666,5,10,24,0.29411764705882354,N,6,EA,2368,2601,-233,68.0,152
jamesta01w,7,WAS,0,F,0,21,0,160,57,16,3,4,2,10,13,2.7142857142857144,0.7619047619047619,0.14285714285714285,0.19047619047619047,0.09523809523809523,7.619047619047619,0.47619047619047616,19,49,0.3877551020408163,16,18,0.8888888888888888,3,12,0.25,0.41825,0.5007027406886858,0.3,1.9047619047619047,0,0,0,0,0,0.0,0.0,0.0,,,,,,,,,,,0,18,16,0.5294117647058824,Y,4,EA,2747,2657,90,69.0,158
jamesta01w,8,WAS,0,F,0,31,9,401,167,49,34,25,4,28,43,5.387096774193548,1.5806451612903225,1.096774193548387,0.8064516129032258,0.12903225806451613,12.935483870967742,0.9032258064516129,52,134,0.3880597014925373,45,53,0.8490566037735849,18,50,0.36,0.46214463840399,0.5307653190948386,1.2142857142857142,5.193548387096774,0,0,0,0,0,0.0,0.0,0.0,2.7142857142857144,0.7619047619047619,0.14285714285714285,1.9047619047619047,0.3877551020408163,0.5007027406886858,2.6728110599078336,0.8187403993855606,0.9539170506912442,3.2887864823348694,1,16,18,0.47058823529411764,N,5,EA,2585,2639,-54,69.0,158
januabr01w,10,IND,0,G,0,33,4,683,227,63,77,36,3,57,78,6.878787878787879,1.9090909090909092,2.3333333333333335,1.0909090909090908,0.09090909090909091,20.696969696969695,1.7272727272727273,64,192,0.3333333333333333,74,87,0.8505747126436781,25,87,0.28735632183908044,0.42061493411420203,0.49287823519194024,1.3508771929824561,6.303030303030303,1,10,106,24,30,10.6,2.4,3.0,,,,,,,,,,,0,22,12,0.6470588235294118,Y,1,EA,2606,2501,105,68.0,144
jekaban01w,10,CON,0,G,0,27,16,644,255,78,59,9,0,48,61,9.444444444444445,2.888888888888889,2.185185185185185,0.3333333333333333,0.0,23.85185185185185,1.7777777777777777,97,234,0.41452991452991456,22,28,0.7857142857142857,39,99,0.3939393939393939,0.45701863354037264,0.5176193569340695,1.2291666666666667,7.777777777777778,0,0,0,0,0,0.0,0.0,0.0,,,,,,,,,,,0,16,18,0.47058823529411764,N,6,EA,2651,2654,-3,69.0,180
joensca01w,8,CHI,0,G-F,0,19,0,271,95,33,32,17,1,13,18,5.0,1.736842105263158,1.6842105263157894,0.8947368421052632,0.05263157894736842,14.263157894736842,0.6842105263157895,31,79,0.3924050632911392,11,13,0.8461538461538461,22,45,0.4888888888888889,0.36059040590405905,0.5606704438149197,2.4615384615384617,6.052631578947368,0,0,0,0,0,0.0,0.0,0.0,,,,,,,,,,,0,14,20,0.4117647058823529,N,6,EA,2525,2611,-86,71.0,165
joensca01w,9,CHI,0,G-F,0,26,0,272,99,35,14,5,2,23,26,3.8076923076923075,1.3461538461538463,0.5384615384615384,0.19230769230769232,0.07692307692307693,10.461538461538462,0.8846153846153846,34,91,0.37362637362637363,7,8,0.875,24,65,0.36923076923076925,0.4320588235294118,0.5236986881083369,0.6086956521739131,2.8461538461538463,0,0,0,0,0,0.0,0.0,0.0,5.0,1.736842105263158,1.6842105263157894,6.052631578947368,0.3924050632911392,0.5606704438149197,-1.1923076923076925,-0.3906882591093117,-1.145748987854251,-3.206477732793522,1,12,22,0.35294117647058826,N,5,EA,2472,2510,-38,71.0,165
johnsad01w,1,ORL,0,G,0,32,31,1100,436,90,54,24,3,56,59,13.625,2.8125,1.6875,0.75,0.09375,34.375,1.75,175,393,0.44529262086513993,34,38,0.8947368421052632,52,148,0.35135135135135137,0.4233818181818182,0.5320706824172605,0.9642857142857143,10.28125,1,3,34,4,8,11.333333333333334,1.3333333333333333,2.6666666666666665,,,,,,,,,,,0,16,16,0.5,Y,3,EA,2208,2233,-25,70.0,154
johnsad01w,3,ORL,0,G,0,32,2,602,166,46,22,15,2,26,40,5.1875,1.4375,0.6875,0.46875,0.0625,18.8125,0.8125,68,181,0.3756906077348066,12,17,0.7058823529411765,18,61,0.29508196721311475,0.35627906976744184,0.44036502546689305,0.8461538461538461,3.34375,0,0,0,0,0,0.0,0.0,0.0,13.625,2.8125,1.6875,10.28125,0.44529262086513993,0.5320706824172605,-8.4375,-1.375,-1.0,-6.9375,1,16,16,0.5,N,5,EA,2254,2255,-1,70.0,154
johnsad01w,4,CON,0,G,0,34,5,584,173,58,18,17,1,21,36,5.088235294117647,1.7058823529411764,0.5294117647058824,0.5,0.029411764705882353,17.176470588235293,0.6176470588235294,69,195,0.35384615384615387,18,24,0.75,17,49,0.3469387755102041,0.38794520547945205,0.42080171239540765,0.8571428571428571,3.3529411764705883,1,3,12,4,4,4.0,1.3333333333333333,1.3333333333333333,5.1875,1.4375,0.6875,3.34375,0.3756906077348066,0.44036502546689305,-0.09926470588235325,0.2683823529411764,-0.15808823529411764,0.009191176470588314,2,18,16,0.5294117647058824,Y,3,EA,2384,2409,-25,70.0,154
johnsch01w,4,LAS,0,C,0,8,0,45,6,6,3,0,1,4,6,0.75,0.75,0.375,0.0,0.125,5.625,0.5,1,5,0.2,3,4,0.75,1,5,0.2,0.2391111111111111,0.4437869822485207,0.75,0.875,0,0,0,0,0,0.0,0.0,0.0,,,,,,,,,,,0,24,10,0.7058823529411765,Y,1,WE,2499,2432,67,75.0,185
johnsja01w,2,ORL,0,F,0,17,1,139,35,23,9,4,3,17,21,2.0588235294117645,1.3529411764705883,0.5294117647058824,0.23529411764705882,0.17647058823529413,8.176470588235293,1.0,14,25,0.56,4,5,0.8,3,7,0.42857142857142855,0.3179856115107914,0.6433823529411765,0.5294117647058824,2.6470588235294117,0,0,0,0,0,0.0,0.0,0.0,,,,,,,,,,,0,13,19,0.40625,N,5,EA,2140,2205,-65,72.0,201
johnsla01w,1,UTA,0,F,0,29,6,481,144,52,26,12,2,34,65,4.9655172413793105,1.793103448275862,0.896551724137931,0.41379310344827586,0.06896551724137931,16.586206896551722,1.1724137931034482,52,129,0.40310077519379844,28,43,0.6511627906976745,12,36,0.3333333333333333,0.3782120582120582,0.486749594375338,0.7647058823529411,3.793103448275862,0,0,0,0,0,0.0,0.0,0.0,,,,,,,,,,,0,18,14,0.5625,N,5,WE,2413,2407,6,73.0,150
johnsla01w,2,UTA,0,F,0,26,0,228,50,19,7,2,1,13,26,1.9230769230769231,0.7307692307692307,0.2692307692307692,0.07692307692307693,0.038461538461538464,8.76923076923077,0.5,17,65,0.26153846153846155,11,14,0.7857142857142857,5,30,0.16666666666666666,0.36912280701754385,0.35132096683530073,0.5384615384615384,0.5769230769230769,1,2,4,1,0,2.0,0.5,0.0,4.9655172413793105,1.793103448275862,0.896551724137931,3.793103448275862,0.40310077519379844,0.486749594375338,-3.042440318302387,-1.0623342175066313,-0.6273209549071619,-3.2161803713527854,1,19,13,0.59375,Y,3,WE,2207,2192,15,73.0,150
johnsla01w,3,UTA,0,F,0,28,1,269,75,19,10,7,2,15,36,2.6785714285714284,0.6785714285714286,0.35714285714285715,0.25,0.07142857142857142,9.607142857142858,0.5357142857142857,25,76,0.32894736842105265,15,20,0.75,10,32,0.3125,0.37100371747211897,0.44221698113207547,0.6666666666666666,1.5,1,5,17,4,2,3.4,0.8,0.4,1.9230769230769231,0.7307692307692307,0.2692307692307692,0.5769230769230769,0.26153846153846155,0.35132096683530073,0.7554945054945053,-0.05219780219780212,0.08791208791208793,0.9230769230769231,2,20,12,0.625,Y,3,WE,2418,2344,74,73.0,150
johnsla01w,4,SAS,0,F,0,31,1,279,58,25,9,3,1,14,31,1.8709677419354838,0.8064516129032258,0.2903225806451613,0.0967741935483871,0.03225806451612903,9.0,0.45161290322580644,18,71,0.2535211267605634,16,22,0.7272727272727273,6,23,0.2608695652173913,0.3393548387096774,0.3594447198810114,0.6428571428571429,0.7419354838709677,0,0,0,0,0,0.0,0.0,0.0,2.6785714285714284,0.6785714285714286,0.35714285714285715,1.5,0.32894736842105265,0.44221698113207547,-0.8076036866359446,0.12788018433179715,-0.06682027649769584,-0.7580645161290323,3,12,22,0.35294117647058826,N,6,WE,2215,2427,-212,73.0,150
johnsla01w,5,HOU,0,F,0,6,0,36,6,1,1,2,0,2,3,1.0,0.16666666666666666,0.16666666666666666,0.3333333333333333,0.0,6.0,0.3333333333333333,2,7,0.2857142857142857,0,2,0.0,2,6,0.3333333333333333,0.27444444444444444,0.3807106598984772,0.5,0.16666666666666666,0,0,0,0,0,0.0,0.0,0.0,1.8709677419354838,0.8064516129032258,0.2903225806451613,0.7419354838709677,0.2535211267605634,0.3594447198810114,-0.8709677419354838,-0.6397849462365591,-0.12365591397849465,-0.5752688172043011,4,13,21,0.38235294117647056,N,6,WE,2177,2211,-34,73.0,150
johnsni01w,1,CHA,0,G,0,6,0,78,26,4,11,4,0,9,3,4.333333333333333,0.6666666666666666,1.8333333333333333,0.6666666666666666,0.0,13.0,1.5,9,17,0.5294117647058824,6,6,1.0,2,5,0.4,0.3671794871794872,0.6619144602851323,1.2222222222222223,4.666666666666667,0,0,0,0,0,0.0,0.0,0.0,,,,,,,,,,,0,8,24,0.25,N,8,EA,2186,2429,-243,69.0,146
johnspo01w,1,CLE,0,C,0,12,0,57,17,14,2,0,1,8,9,1.4166666666666667,1.1666666666666667,0.16666666666666666,0.0,0.08333333333333333,4.75,0.6666666666666666,5,10,0.5,7,12,0.5833333333333334,0,0,0.0,0.40842105263157896,0.556282722513089,0.25,1.3333333333333333,1,4,7,2,1,1.75,0.5,0.25,,,,,,,,,,,0,17,15,0.53125,Y,2,EA,2185,2122,63,75.0,165
johnspo01w,2,CLE,0,C,0,18,0,119,28,31,4,0,2,10,12,1.5555555555555556,1.7222222222222223,0.2222222222222222,0.0,0.1111111111111111,6.611111111111111,0.5555555555555556,12,27,0.4444444444444444,4,9,0.4444444444444444,0,0,0.0,0.3442016806722689,0.45219638242894056,0.4,1.9444444444444444,1,1,0,2,1,0.0,2.0,1.0,1.4166666666666667,1.1666666666666667,0.16666666666666666,1.3333333333333333,0.5,0.556282722513089,0.13888888888888884,0.5555555555555556,0.05555555555555555,0.6111111111111112,1,22,10,0.6875,Y,1,EA,2004,1788,216,75.0,165
johnspo01w,3,MIA,0,C,0,31,30,801,217,140,32,27,15,53,75,7.0,4.516129032258065,1.032258064516129,0.8709677419354839,0.4838709677419355,25.838709677419356,1.7096774193548387,78,149,0.5234899328859061,61,97,0.6288659793814433,0,0,0.0,0.3054681647940075,0.5660475792988313,0.6037735849056604,8.741935483870968,0,0,0,0,0,0.0,0.0,0.0,1.5555555555555556,1.7222222222222223,0.2222222222222222,1.9444444444444444,0.4444444444444444,0.45219638242894056,5.444444444444445,2.7939068100358426,0.8100358422939068,6.797491039426523,2,15,17,0.46875,N,6,EA,2046,2088,-42,75.0,165
johnspo01w,4,CLE,0,C,0,30,2,416,89,82,19,12,10,19,35,2.966666666666667,2.7333333333333334,0.6333333333333333,0.4,0.3333333333333333,13.866666666666667,0.6333333333333333,35,63,0.5555555555555556,19,34,0.5588235294117647,0,0,0.0,0.2330769230769231,0.5708055413032324,1.0,5.0,1,3,2,4,3,0.6666666666666666,1.3333333333333333,1.0,7.0,4.516129032258065,1.032258064516129,8.741935483870968,0.5234899328859061,0.5660475792988313,-4.033333333333333,-1.7827956989247316,-0.3989247311827957,-3.741935483870968,3,17,17,0.5,Y,4,EA,2229,2210,19,75.0,165
johnspo01w,5,HOU,0,C,0,19,0,157,22,29,1,4,3,8,21,1.1578947368421053,1.5263157894736843,0.05263157894736842,0.21052631578947367,0.15789473684210525,8.263157894736842,0.42105263157894735,3,17,0.17647058823529413,16,21,0.7619047619047619,0,0,0.0,0.2180891719745223,0.4192073170731707,0.125,1.6842105263157894,0,0,0,0,0,0.0,0.0,0.0,2.966666666666667,2.7333333333333334,0.6333333333333333,5.0,0.5555555555555556,0.5708055413032324,-1.8087719298245615,-1.207017543859649,-0.5807017543859649,-3.3157894736842106,4,13,21,0.38235294117647056,N,6,WE,2177,2211,-34,75.0,165
johnssh01w,1,ORL,0,G,0,32,32,1126,381,155,169,58,7,102,83,11.90625,4.84375,5.28125,1.8125,0.21875,35.1875,3.1875,122,309,0.3948220064724919,107,144,0.7430555555555556,30,90,0.3333333333333333,0.4212788632326821,0.5116016757976152,1.6568627450980393,13.875,1,3,18,21,14,6.0,7.0,4.666666666666667,,,,,,,,,,,0,16,16,0.5,Y,3,EA,2208,2233,-25,67.0,152
johnssh01w,2,ORL,0,G,0,26,22,785,302,77,68,34,6,54,66,11.615384615384615,2.9615384615384617,2.6153846153846154,1.3076923076923077,0.23076923076923078,30.192307692307693,2.076923076923077,90,245,0.3673469387755102,84,111,0.7567567567567568,38,104,0.36538461538461536,0.4431082802547771,0.5138851075415192,1.2592592592592593,9.653846153846153,0,0,0,0,0,0.0,0.0,0.0,11.90625,4.84375,5.28125,13.875,0.3948220064724919,0.5116016757976152,-0.290865384615385,-1.8822115384615383,-2.6658653846153846,-4.221153846153847,1,13,19,0.40625,N,5,EA,2140,2205,-65,67.0,152
johnssh01w,3,ORL,0,G,0,31,31,1110,499,129,163,51,7,98,78,16.096774193548388,4.161290322580645,5.258064516129032,1.6451612903225807,0.22580645161290322,35.806451612903224,3.161290322580645,157,389,0.40359897172236503,164,214,0.7663551401869159,21,77,0.2727272727272727,0.5235675675675675,0.5163920854375362,1.663265306122449,15.129032258064516,0,0,0,0,0,0.0,0.0,0.0,11.615384615384615,2.9615384615384617,2.6153846153846154,9.653846153846153,0.3673469387755102,0.5138851075415192,4.481389578163773,1.1997518610421833,2.6426799007444166,5.475186104218363,2,16,16,0.5,N,5,EA,2254,2255,-1,67.0,152
johnssh01w,4,CON,0,G,0,34,34,1107,420,134,196,44,3,107,77,12.352941176470589,3.9411764705882355,5.764705882352941,1.2941176470588236,0.08823529411764706,32.55882352941177,3.1470588235294117,138,319,0.43260188087774293,125,171,0.7309941520467836,19,73,0.2602739726027397,0.45279132791327914,0.5326704545454546,1.8317757009345794,13.617647058823529,1,4,45,12,19,11.25,3.0,4.75,16.096774193548388,4.161290322580645,5.258064516129032,15.129032258064516,0.40359897172236503,0.5163920854375362,-3.743833017077799,-0.22011385199240951,0.5066413662239091,-1.511385199240987,3,18,16,0.5294117647058824,Y,3,EA,2384,2409,-25,67.0,152
johnssh01w,5,SAS,0,G,0,31,30,954,287,82,136,48,4,99,69,9.258064516129032,2.6451612903225805,4.387096774193548,1.5483870967741935,0.12903225806451613,30.774193548387096,3.193548387096774,89,234,0.3803418803418803,82,107,0.7663551401869159,27,76,0.35526315789473684,0.39840670859538785,0.5105308097338837,1.3737373737373737,9.290322580645162,0,0,0,0,0,0.0,0.0,0.0,12.352941176470589,3.9411764705882355,5.764705882352941,13.617647058823529,0.43260188087774293,0.5326704545454546,-3.0948766603415567,-1.296015180265655,-1.377609108159393,-4.327324478178367,4,9,25,0.2647058823529412,N,7,WE,2191,2364,-173,67.0,152
johnssh01w,6,SAS,0,G,0,34,33,1104,317,91,158,46,5,113,78,9.323529411764707,2.676470588235294,4.647058823529412,1.3529411764705883,0.14705882352941177,32.470588235294116,3.323529411764706,88,241,0.3651452282157676,113,136,0.8308823529411765,28,90,0.3111111111111111,0.37485507246376815,0.5268581305677436,1.3982300884955752,9.647058823529411,0,0,0,0,0,0.0,0.0,0.0,9.258064516129032,2.6451612903225805,4.387096774193548,9.290322580645162,0.3803418803418803,0.5105308097338837,0.06546489563567448,0.03130929791271342,0.2599620493358641,0.3567362428842493,5,7,27,0.20588235294117646,N,7,WE,2141,2401,-260,67.0,152
johnssh01w,7,SAS,0,G,0,32,32,874,318,95,117,60,5,75,78,9.9375,2.96875,3.65625,1.875,0.15625,27.3125,2.34375,104,256,0.40625,78,97,0.8041237113402062,32,91,0.3516483516483517,0.42755148741418764,0.532342306147047,1.56,10.90625,0,0,0,0,0,0.0,0.0,0.0,9.323529411764707,2.676470588235294,4.647058823529412,9.647058823529411,0.3651452282157676,0.5268581305677436,0.6139705882352935,0.29227941176470607,-0.9908088235294121,1.2591911764705888,6,13,21,0.38235294117647056,N,6,WE,2523,2603,-80,67.0,152
johnssh01w,8,DET,0,G,0,33,8,559,193,61,56,20,2,40,68,5.848484848484849,1.8484848484848484,1.696969696969697,0.6060606060606061,0.06060606060606061,16.939393939393938,1.2121212121212122,57,166,0.3433734939759036,50,61,0.819672131147541,29,70,0.4142857142857143,0.41652951699463325,0.5004148516905206,1.4,5.212121212121212,1,11,57,25,28,5.181818181818182,2.272727272727273,2.5454545454545454,9.9375,2.96875,3.65625,10.90625,0.40625,0.532342306147047,-4.089015151515151,-1.1202651515151516,-1.959280303030303,-5.694128787878788,7,24,10,0.7058823529411765,Y,1,EA,2697,2540,157,67.0,152
johnssh01w,9,HOU,0,G,0,33,32,1014,253,107,168,52,9,78,84,7.666666666666667,3.242424242424242,5.090909090909091,1.5757575757575757,0.2727272727272727,30.727272727272727,2.3636363636363638,80,211,0.3791469194312796,62,83,0.7469879518072289,31,97,0.31958762886597936,0.321025641025641,0.5110698125404007,2.1538461538461537,10.878787878787879,0,0,0,0,0,0.0,0.0,0.0,5.848484848484849,1.8484848484848484,1.696969696969697,5.212121212121212,0.3433734939759036,0.5004148516905206,1.8181818181818183,1.3939393939393938,3.3939393939393936,5.666666666666667,8,17,17,0.5,N,5,WE,2561,2606,-45,67.0,152
johnssh01w,10,SEA,0,G,0,34,6,618,137,62,52,27,7,52,56,4.029411764705882,1.8235294117647058,1.5294117647058822,0.7941176470588235,0.20588235294117646,18.176470588235293,1.5294117647058822,36,107,0.3364485981308411,47,55,0.8545454545454545,18,61,0.29508196721311475,0.29644012944983816,0.5221036585365854,1.0,4.529411764705882,1,3,7,5,3,2.3333333333333335,1.6666666666666667,1.0,7.666666666666667,3.242424242424242,5.090909090909091,10.878787878787879,0.3791469194312796,0.5110698125404007,-3.6372549019607847,-1.4188948306595364,-3.5614973262032086,-6.349376114081997,9,20,14,0.5882352941176471,Y,2,WE,2544,2476,68,67.0,152
johnste01w,6,WAS,0,G,0,34,34,973,315,104,177,44,1,88,99,9.264705882352942,3.0588235294117645,5.205882352941177,1.2941176470588236,0.029411764705882353,28.61764705882353,2.588235294117647,125,273,0.45787545787545786,52,66,0.7878787878787878,13,43,0.3023255813953488,0.400863309352518,0.5214541120381406,2.0113636363636362,11.5,0,0,0,0,0,0.0,0.0,0.0,,,,,,,,,,,0,16,18,0.47058823529411764,N,5,EA,2263,2305,-42,63.0,132
johnste01w,7,LAS,0,G,0,32,30,808,255,97,161,47,1,70,57,7.96875,3.03125,5.03125,1.46875,0.03125,25.25,2.1875,102,254,0.4015748031496063,48,60,0.8,3,26,0.11538461538461539,0.43366336633663366,0.4547075606276748,2.3,10.21875,1,5,46,9,24,9.2,1.8,4.8,9.264705882352942,3.0588235294117645,5.205882352941177,11.5,0.45787545787545786,0.5214541120381406,-1.295955882352942,-0.027573529411764497,-0.17463235294117663,-1.28125,1,25,9,0.7352941176470589,Y,1,WE,2575,2476,99,63.0,132
johnste01w,8,LAS,0,G,0,11,11,206,70,29,30,8,1,31,17,6.363636363636363,2.6363636363636362,2.727272727272727,0.7272727272727273,0.09090909090909091,18.727272727272727,2.8181818181818183,29,88,0.32954545454545453,11,16,0.6875,1,3,0.3333333333333333,0.6118446601941748,0.36826599326599324,0.967741935483871,3.909090909090909,0,0,0,0,0,0.0,0.0,0.0,7.96875,3.03125,5.03125,10.21875,0.4015748031496063,0.4547075606276748,-1.6051136363636367,-0.39488636363636376,-2.303977272727273,-6.309659090909091,2,10,24,0.29411764705882354,N,7,WE,2533,2708,-175,63.0,132
johnste01w,9,LAS,0,G,0,23,8,393,96,43,71,24,2,37,38,4.173913043478261,1.8695652173913044,3.0869565217391304,1.0434782608695652,0.08695652173913043,17.08695652173913,1.608695652173913,35,101,0.3465346534653465,26,36,0.7222222222222222,0,10,0.0,0.39145038167938934,0.4108182129407737,1.9189189189189189,5.3478260869565215,1,6,48,14,21,8.0,2.3333333333333335,3.5,6.363636363636363,2.6363636363636362,2.727272727272727,3.909090909090909,0.32954545454545453,0.36826599326599324,-2.1897233201581026,-0.7667984189723318,0.3596837944664033,1.4387351778656123,3,20,14,0.5882352941176471,Y,3,WE,2598,2523,75,63.0,132
johnste01w,10,PHO,0,G,0,34,34,901,328,120,157,29,4,76,79,9.647058823529411,3.5294117647058822,4.617647058823529,0.8529411764705882,0.11764705882352941,26.5,2.235294117647059,125,281,0.44483985765124556,42,50,0.84,36,87,0.41379310344827586,0.42064372918978915,0.5412541254125413,2.0657894736842106,11.705882352941176,1,11,83,21,34,7.545454545454546,1.9090909090909092,3.090909090909091,4.173913043478261,1.8695652173913044,3.0869565217391304,5.3478260869565215,0.3465346534653465,0.4108182129407737,5.4731457800511505,1.6598465473145778,1.5306905370843986,6.358056265984654,4,23,11,0.6764705882352942,Y,1,WE,3156,3031,125,63.0,132
johnsti01w,1,HOU,0,C,0,31,29,687,131,147,10,10,16,17,86,4.225806451612903,4.741935483870968,0.3225806451612903,0.3225806451612903,0.5161290322580645,22.161290322580644,0.5483870967741935,48,100,0.48,35,50,0.7,0,0,0.0,0.20232896652110627,0.5368852459016393,0.5882352941176471,7.419354838709677,1,6,22,29,1,3.6666666666666665,4.833333333333333,0.16666666666666666,,,,,,,,,,,0,27,5,0.84375,Y,2,WE,2475,2066,409,76.0,240
johnsti01w,2,HOU,0,C,0,32,28,672,148,138,22,12,15,42,67,4.625,4.3125,0.6875,0.375,0.46875,21.0,1.3125,62,138,0.4492753623188406,24,28,0.8571428571428571,0,0,0.0,0.28619047619047616,0.4922831293241086,0.5238095238095238,6.65625,1,2,18,17,3,9.0,8.5,1.5,4.225806451612903,4.741935483870968,0.3225806451612903,7.419354838709677,0.48,0.5368852459016393,0.399193548387097,-0.42943548387096797,0.3649193548387097,-0.763104838709677,1,19,13,0.59375,Y,4,WE,2047,1994,53,76.0,240
johnsti01w,3,HOU,0,C,0,32,32,815,201,173,39,17,24,38,67,6.28125,5.40625,1.21875,0.53125,0.75,25.46875,1.1875,77,178,0.43258426966292135,47,58,0.8103448275862069,0,2,0.0,0.2963435582822086,0.49380896226415094,1.0263157894736843,9.5,1,3,8,9,1,2.6666666666666665,3.0,0.3333333333333333,4.625,4.3125,0.6875,6.65625,0.4492753623188406,0.4922831293241086,1.65625,1.09375,0.53125,2.84375,2,24,8,0.75,Y,2,WE,2072,1892,180,76.0,240
johnsti01w,4,HOU,0,C,0,22,3,359,77,63,13,3,7,20,33,3.5,2.8636363636363638,0.5909090909090909,0.13636363636363635,0.3181818181818182,16.318181818181817,0.9090909090909091,30,62,0.4838709677419355,17,23,0.7391304347826086,0,0,0.0,0.2566016713091922,0.5338325013865779,0.65,4.7727272727272725,1,3,0,6,0,0.0,2.0,0.0,6.28125,5.40625,1.21875,9.5,0.43258426966292135,0.49380896226415094,-2.78125,-2.5426136363636362,-0.6278409090909091,-4.7272727272727275,3,20,14,0.5882352941176471,Y,2,WE,2244,2142,102,76.0,240
johnsti01w,5,HOU,0,C,0,33,11,660,142,122,27,9,17,31,72,4.303030303030303,3.696969696969697,0.8181818181818182,0.2727272727272727,0.5151515151515151,20.0,0.9393939393939394,59,118,0.5,24,32,0.75,0,0,0.0,0.2470909090909091,0.5375529981829194,0.8709677419354839,6.636363636363637,0,0,0,0,0,0.0,0.0,0.0,3.5,2.8636363636363638,0.5909090909090909,4.7727272727272725,0.4838709677419355,0.5338325013865779,0.8030303030303028,0.833333333333333,0.2272727272727273,1.8636363636363642,4,13,21,0.38235294117647056,N,6,WE,2177,2211,-34,76.0,240
johnsti01w,7,SEA,0,C,0,32,8,643,150,124,17,10,17,31,66,4.6875,3.875,0.53125,0.3125,0.53125,20.09375,0.96875,61,147,0.41496598639455784,28,37,0.7567567567567568,0,0,0.0,0.3021461897356143,0.45933365997060266,0.5483870967741935,6.0,1,3,19,13,5,6.333333333333333,4.333333333333333,1.6666666666666667,4.303030303030303,3.696969696969697,0.8181818181818182,6.636363636363637,0.5,0.5375529981829194,0.38446969696969724,0.1780303030303032,-0.28693181818181823,-0.6363636363636367,5,18,16,0.5294117647058824,Y,4,WE,2644,2575,69,76.0,240
johnsvi01w,1,NYL,0,G-F,0,31,31,1023,380,137,77,22,5,57,48,12.258064516129032,4.419354838709677,2.4838709677419355,0.7096774193548387,0.16129032258064516,33.0,1.8387096774193548,143,324,0.44135802469135804,67,76,0.881578947368421,27,71,0.38028169014084506,0.40512218963831864,0.5315577439570277,1.3508771929824561,12.064516129032258,1,7,72,35,24,10.285714285714286,5.0,3.4285714285714284,,,,,,,,,,,0,20,12,0.625,Y,1,EA,2148,2035,113,69.0,150
johnsvi01w,2,NYL,0,G-F,0,32,32,939,353,107,87,35,4,52,62,11.03125,3.34375,2.71875,1.09375,0.125,29.34375,1.625,135,326,0.41411042944785276,53,70,0.7571428571428571,30,82,0.36585365853658536,0.43535676251331207,0.4946748878923767,1.6730769230769231,10.1875,1,6,89,27,28,14.833333333333334,4.5,4.666666666666667,12.258064516129032,4.419354838709677,2.4838709677419355,12.064516129032258,0.44135802469135804,0.5315577439570277,-1.226814516129032,-1.075604838709677,0.2348790322580645,-1.877016129032258,1,21,11,0.65625,Y,2,EA,2162,2082,80,69.0,150
johnsvi01w,3,NYL,0,G-F,0,31,31,1028,359,109,86,27,4,45,60,11.580645161290322,3.5161290322580645,2.774193548387097,0.8709677419354839,0.12903225806451613,33.16129032258065,1.4516129032258065,139,305,0.4557377049180328,49,61,0.8032786885245902,32,76,0.42105263157894735,0.3665758754863813,0.5409233365477338,1.9111111111111112,11.67741935483871,1,8,98,30,24,12.25,3.75,3.0,11.03125,3.34375,2.71875,10.1875,0.41411042944785276,0.4946748878923767,0.5493951612903221,0.1723790322580645,0.055443548387096975,1.48991935483871,2,18,14,0.5625,Y,1,EA,2089,2015,74,69.0,150
johnsvi01w,4,NYL,0,G-F,0,32,32,1042,430,95,75,29,7,55,65,13.4375,2.96875,2.34375,0.90625,0.21875,32.5625,1.71875,158,345,0.4579710144927536,79,92,0.8586956521739131,35,96,0.3645833333333333,0.4227255278310941,0.5577461865725848,1.3636363636363635,11.90625,0,0,0,0,0,0.0,0.0,0.0,11.580645161290322,3.5161290322580645,2.774193548387097,11.67741935483871,0.4557377049180328,0.5409233365477338,1.856854838709678,-0.5473790322580645,-0.430443548387097,0.22883064516129004,3,16,18,0.47058823529411764,N,6,EA,2243,2256,-13,69.0,150
johnsvi01w,5,NYL,0,G-F,0,34,34,1119,321,121,124,25,4,71,75,9.441176470588236,3.5588235294117645,3.6470588235294117,0.7352941176470589,0.11764705882352941,32.911764705882355,2.088235294117647,121,293,0.4129692832764505,62,70,0.8857142857142857,17,60,0.2833333333333333,0.35281501340482574,0.49567634342186534,1.7464788732394365,10.117647058823529,1,5,41,22,16,8.2,4.4,3.2,13.4375,2.96875,2.34375,11.90625,0.4579710144927536,0.5577461865725848,-3.9963235294117645,0.5900735294117645,1.3033088235294117,-1.788602941176471,4,18,16,0.5294117647058824,Y,2,EA,2252,2297,-45,69.0,150
johnsvi01w,6,NYL,0,G-F,0,34,34,1023,353,118,92,23,2,44,56,10.382352941176471,3.4705882352941178,2.7058823529411766,0.6764705882352942,0.058823529411764705,30.08823529411765,1.2941176470588236,129,272,0.4742647058823529,65,84,0.7738095238095238,30,84,0.35714285714285715,0.34502443792766374,0.571271361988607,2.090909090909091,11.235294117647058,1,2,26,6,7,13.0,3.0,3.5,9.441176470588236,3.5588235294117645,3.6470588235294117,10.117647058823529,0.4129692832764505,0.49567634342186534,0.9411764705882355,-0.08823529411764675,-0.9411764705882351,1.117647058823529,5,18,16,0.5294117647058824,Y,3,EA,2316,2285,31,69.0,150
johnsvi01w,7,SAS,0,G-F,0,34,34,1004,337,167,122,28,3,59,61,9.911764705882353,4.911764705882353,3.588235294117647,0.8235294117647058,0.08823529411764706,29.529411764705884,1.7352941176470589,119,317,0.3753943217665615,76,90,0.8444444444444444,23,69,0.3333333333333333,0.41394422310756973,0.47251822770611324,2.0677966101694913,11.352941176470589,0,0,0,0,0,0.0,0.0,0.0,10.382352941176471,3.4705882352941178,2.7058823529411766,11.235294117647058,0.4742647058823529,0.571271361988607,-0.47058823529411775,1.4411764705882355,0.8823529411764706,0.11764705882353077,6,13,21,0.38235294117647056,N,6,WE,2523,2603,-80,69.0,150
johnsvi01w,8,SAS,0,G-F,0,30,29,852,243,144,104,34,8,36,46,8.1,4.8,3.466666666666667,1.1333333333333333,0.26666666666666666,28.4,1.2,95,214,0.4439252336448598,32,39,0.8205128205128205,21,49,0.42857142857142855,0.31356807511737084,0.5256099671223395,2.888888888888889,12.366666666666667,1,5,47,29,23,9.4,5.8,4.6,9.911764705882353,4.911764705882353,3.588235294117647,11.352941176470589,0.3753943217665615,0.47251822770611324,-1.8117647058823536,-0.11176470588235343,-0.1215686274509804,1.0137254901960784,7,20,14,0.5882352941176471,Y,2,WE,2517,2484,33,69.0,150
johnsvi01w,9,SAS,0,G-F,0,32,32,892,213,169,115,26,5,49,42,6.65625,5.28125,3.59375,0.8125,0.15625,27.875,1.53125,87,198,0.4393939393939394,28,36,0.7777777777777778,11,39,0.28205128205128205,0.2946636771300449,0.49803591470258135,2.3469387755102042,11.25,1,9,75,42,28,8.333333333333334,4.666666666666667,3.111111111111111,8.1,4.8,3.466666666666667,12.366666666666667,0.4439252336448598,0.5256099671223395,-1.4437499999999996,0.4812500000000002,0.12708333333333321,-1.1166666666666671,8,24,10,0.7058823529411765,Y,1,WE,2546,2418,128,69.0,150
johnsvi01w,10,SAS,0,G-F,0,32,32,737,204,108,77,16,4,39,40,6.375,3.375,2.40625,0.5,0.125,23.03125,1.21875,80,185,0.43243243243243246,23,27,0.8518518518518519,21,56,0.375,0.32005427408412485,0.5180820804550995,1.9743589743589745,8.15625,1,3,46,9,14,15.333333333333334,3.0,4.666666666666667,6.65625,5.28125,3.59375,11.25,0.4393939393939394,0.49803591470258135,-0.28125,-1.90625,-1.1875,-3.09375,9,15,19,0.4411764705882353,Y,4,WE,2615,2661,-46,69.0,150
jonesas01w,3,WAS,0,F,0,32,5,612,208,89,28,13,17,39,88,6.5,2.78125,0.875,0.40625,0.53125,19.125,1.21875,93,233,0.39914163090128757,20,33,0.6060606060606061,2,10,0.2,0.46816993464052287,0.42016806722689076,0.717948717948718,5.09375,1,5,18,8,3,3.6,1.6,0.6,,,,,,,,,,,0,17,15,0.53125,Y,3,EA,2135,2116,19,74.0,196
jonesas01w,4,WAS,0,F,0,34,10,748,290,135,52,16,25,63,109,8.529411764705882,3.9705882352941178,1.5294117647058822,0.47058823529411764,0.7352941176470589,22.0,1.8529411764705883,121,279,0.4336917562724014,41,55,0.7454545454545455,7,17,0.4117647058823529,0.489572192513369,0.4782321899736148,0.8253968253968254,8.323529411764707,0,0,0,0,0,0.0,0.0,0.0,6.5,2.78125,0.875,5.09375,0.39914163090128757,0.42016806722689076,2.0294117647058822,1.1893382352941178,0.6544117647058822,3.2297794117647065,1,9,25,0.2647058823529412,N,7,EA,2330,2498,-168,74.0,196
jonesas01w,5,CON,0,F,0,34,1,699,235,118,39,20,18,53,82,6.911764705882353,3.4705882352941178,1.1470588235294117,0.5882352941176471,0.5294117647058824,20.558823529411764,1.5588235294117647,96,239,0.401673640167364,41,48,0.8541666666666666,2,6,0.3333333333333333,0.44795422031473536,0.4517145932646471,0.7358490566037735,6.676470588235294,1,8,59,21,11,7.375,2.625,1.375,8.529411764705882,3.9705882352941178,1.5294117647058822,8.323529411764707,0.4336917562724014,0.4782321899736148,-1.617647058823529,-0.5,-0.38235294117647056,-1.6470588235294121,2,18,16,0.5294117647058824,Y,1,EA,2335,2304,31,74.0,196
jonesas01w,6,CON,0,F,0,33,4,705,301,121,40,10,7,51,70,9.121212121212121,3.6666666666666665,1.2121212121212122,0.30303030303030304,0.21212121212121213,21.363636363636363,1.5454545454545454,133,275,0.48363636363636364,33,56,0.5892857142857143,2,5,0.4,0.49736170212765957,0.5022693899345883,0.7843137254901961,7.96969696969697,1,8,71,28,7,8.875,3.5,0.875,6.911764705882353,3.4705882352941178,1.1470588235294117,6.676470588235294,0.401673640167364,0.4517145932646471,2.209447415329768,0.19607843137254877,0.06506238859180047,1.2932263814616753,3,26,8,0.7647058823529411,Y,1,EA,2474,2244,230,74.0,196
jonesas01w,7,CON,0,F,0,34,2,777,377,183,46,23,20,60,74,11.088235294117647,5.382352941176471,1.3529411764705883,0.6764705882352942,0.5882352941176471,22.852941176470587,1.7647058823529411,155,334,0.46407185628742514,62,79,0.7848101265822784,5,19,0.2631578947368421,0.5518146718146718,0.511172578370756,0.7666666666666667,11.558823529411764,1,5,35,22,10,7.0,4.4,2.0,9.121212121212121,3.6666666666666665,1.2121212121212122,7.96969696969697,0.48363636363636364,0.5022693899345883,1.9670231729055256,1.7156862745098045,0.14081996434937616,3.5891265597147948,4,26,8,0.7647058823529411,Y,1,EA,2683,2417,266,74.0,196
jonesas01w,8,CON,0,F,0,30,30,942,459,183,75,25,23,91,90,15.3,6.1,2.5,0.8333333333333334,0.7666666666666667,31.4,3.033333333333333,193,430,0.44883720930232557,72,94,0.7659574468085106,1,12,0.08333333333333333,0.5969851380042464,0.48688900203665986,0.8241758241758241,13.833333333333334,1,3,47,24,10,15.666666666666666,8.0,3.3333333333333335,11.088235294117647,5.382352941176471,1.3529411764705883,11.558823529411764,0.46407185628742514,0.511172578370756,4.211764705882354,0.7176470588235286,1.1470588235294117,2.2745098039215694,5,18,16,0.5294117647058824,Y,3,EA,2675,2593,82,74.0,196
jonesas01w,9,CON,0,F,0,33,33,963,561,201,81,20,26,74,85,17.0,6.090909090909091,2.4545454545454546,0.6060606060606061,0.7878787878787878,29.181818181818183,2.242424242424242,223,461,0.4837310195227766,110,139,0.7913669064748201,5,23,0.21739130434782608,0.6190654205607476,0.5371916653899188,1.0945945945945945,16.606060606060606,1,3,45,22,4,15.0,7.333333333333333,1.3333333333333333,15.3,6.1,2.5,13.833333333333334,0.44883720930232557,0.48688900203665986,1.6999999999999993,-0.009090909090908816,-0.045454545454545414,2.7727272727272716,6,21,13,0.6176470588235294,Y,2,EA,2690,2541,149,74.0,196
jonesas01w,10,CON,0,F,0,23,23,727,384,136,56,20,13,49,79,16.695652173913043,5.913043478260869,2.4347826086956523,0.8695652173913043,0.5652173913043478,31.608695652173914,2.130434782608696,159,339,0.4690265486725664,61,80,0.7625,5,16,0.3125,0.5821182943603851,0.5130946018172101,1.1428571428571428,15.695652173913043,0,0,0,0,0,0.0,0.0,0.0,17.0,6.090909090909091,2.4545454545454546,16.606060606060606,0.4837310195227766,0.5371916653899188,-0.304347826086957,-0.17786561264822165,-0.019762845849802257,-0.9104084321475625,7,16,18,0.47058823529411764,N,6,EA,2651,2654,-3,74.0,196
jonesch01w,5,DET,0,G-F,0,31,8,397,107,34,45,18,5,40,41,3.4516129032258065,1.096774193548387,1.4516129032258065,0.5806451612903226,0.16129032258064516,12.806451612903226,1.2903225806451613,37,103,0.3592233009708738,25,31,0.8064516129032258,8,32,0.25,0.39455919395465994,0.458676268861454,1.125,3.129032258064516,1,2,2,0,1,1.0,0.0,0.5,,,,,,,,,,,0,17,17,0.5,Y,3,EA,2366,2381,-15,69.0,150
jonesch01w,6,DET,1,G-F,0,21,0,329,125,31,23,13,2,23,42,5.9523809523809526,1.4761904761904763,1.0952380952380953,0.6190476190476191,0.09523809523809523,15.666666666666666,1.0952380952380953,46,113,0.40707964601769914,15,19,0.7894736842105263,18,37,0.4864864864864865,0.4387841945288754,0.5149967040210943,1.0,4.761904761904762,0,0,0,0,0,0.0,0.0,0.0,3.4516129032258065,1.096774193548387,1.4516129032258065,3.129032258064516,0.3592233009708738,0.458676268861454,2.500768049155146,0.37941628264208926,-0.35637480798771115,1.6328725038402458,1,16,18,0.47058823529411764,Y,4,EA,2247,2287,-40,69.0,150
jonesch01w,6,MIN,2,G-F,0,10,9,281,81,33,30,13,3,17,26,8.1,3.3,3.0,1.3,0.3,28.1,1.7,29,83,0.3493975903614458,12,19,0.631578947368421,11,32,0.34375,0.38562277580071175,0.4433012259194396,1.7647058823529411,8.2,0,0,0,0,0,0.0,0.0,0.0,5.9523809523809526,1.4761904761904763,1.0952380952380953,4.761904761904762,0.40707964601769914,0.5149967040210943,2.147619047619047,1.8238095238095235,1.9047619047619047,3.4380952380952374,2,14,20,0.4117647058823529,N,6,WE,2211,2288,-77,69.0,150
jonesch01w,7,MIN,0,G-F,0,6,0,38,17,5,3,1,0,2,3,2.8333333333333335,0.8333333333333334,0.5,0.16666666666666666,0.0,6.333333333333333,0.3333333333333333,5,9,0.5555555555555556,4,4,1.0,3,4,0.75,0.3357894736842105,0.7899628252788105,1.5,3.3333333333333335,0,0,0,0,0,0.0,0.0,0.0,8.1,3.3,3.0,8.2,0.3493975903614458,0.4433012259194396,-5.266666666666666,-2.4666666666666663,-2.5,-4.866666666666665,3,10,24,0.29411764705882354,N,7,WE,2523,2735,-212,69.0,150
jonesja01w,1,MIA,0,G,0,21,0,233,68,22,10,8,0,25,40,3.238095238095238,1.0476190476190477,0.47619047619047616,0.38095238095238093,0.0,11.095238095238095,1.1904761904761905,25,95,0.2631578947368421,11,16,0.6875,7,35,0.2,0.5452360515021459,0.33320266562132494,0.4,0.38095238095238093,0,0,0,0,0,0.0,0.0,0.0,,,,,,,,,,,0,13,19,0.40625,N,6,EA,1831,2001,-170,69.0,158
jonesla01w,1,CHA,0,G,0,9,0,54,19,5,2,0,1,4,5,2.111111111111111,0.5555555555555556,0.2222222222222222,0.0,0.1111111111111111,6.0,0.4444444444444444,8,19,0.42105263157894735,1,2,0.5,2,6,0.3333333333333333,0.4422222222222222,0.4778672032193159,0.5,1.2222222222222223,0,0,0,0,0,0.0,0.0,0.0,,,,,,,,,,,0,8,24,0.25,N,8,EA,2186,2429,-243,73.0,180
jonesme01w,1,CLE,0,G,0,32,32,948,352,139,63,29,2,60,86,11.0,4.34375,1.96875,0.90625,0.0625,29.625,1.875,153,323,0.47368421052631576,32,47,0.6808510638297872,14,45,0.3111111111111111,0.4258227848101266,0.5121042830540037,1.05,10.625,1,6,83,43,11,13.833333333333334,7.166666666666667,1.8333333333333333,,,,,,,,,,,0,17,15,0.53125,Y,2,EA,2185,2122,63,69.0,147
jonesme01w,2,CLE,0,G,0,30,30,998,404,164,45,29,4,53,59,13.466666666666667,5.466666666666667,1.5,0.9666666666666667,0.13333333333333333,33.266666666666666,1.7666666666666666,165,377,0.4376657824933687,65,82,0.7926829268292683,9,34,0.2647058823529412,0.4670140280561122,0.48900939285368455,0.8490566037735849,12.133333333333333,1,3,36,18,9,12.0,6.0,3.0,11.0,4.34375,1.96875,10.625,0.47368421052631576,0.5121042830540037,2.466666666666667,1.1229166666666668,-0.46875,1.5083333333333329,1,22,10,0.6875,Y,1,EA,2004,1788,216,69.0,147
jonesme01w,3,CLE,0,G,0,32,32,1094,391,176,72,44,4,55,60,12.21875,5.5,2.25,1.375,0.125,34.1875,1.71875,157,393,0.3994910941475827,62,79,0.7848101265822784,15,54,0.2777777777777778,0.4412797074954296,0.45703198054984107,1.309090909090909,11.84375,0,0,0,0,0,0.0,0.0,0.0,13.466666666666667,5.466666666666667,1.5,12.133333333333333,0.4376657824933687,0.48900939285368455,-1.2479166666666668,0.033333333333333215,0.75,-0.28958333333333286,2,10,22,0.3125,N,7,EA,2071,2140,-69,69.0,147
jonesme01w,4,CLE,0,G,0,34,15,672,164,97,44,22,3,36,59,4.823529411764706,2.8529411764705883,1.2941176470588236,0.6470588235294118,0.08823529411764706,19.764705882352942,1.0588235294117647,66,196,0.336734693877551,28,39,0.717948717948718,4,13,0.3076923076923077,0.3707738095238095,0.38468755864139614,1.2222222222222223,4.5,1,3,5,5,0,1.6666666666666667,1.6666666666666667,0.0,12.21875,5.5,2.25,11.84375,0.3994910941475827,0.45703198054984107,-7.395220588235294,-2.6470588235294117,-0.9558823529411764,-7.34375,3,17,17,0.5,Y,4,EA,2229,2210,19,69.0,147
jonesme01w,5,DET,0,G,0,33,2,517,180,69,21,19,2,26,41,5.454545454545454,2.090909090909091,0.6363636363636364,0.5757575757575758,0.06060606060606061,15.666666666666666,0.7878787878787878,76,205,0.37073170731707317,24,32,0.75,4,15,0.26666666666666666,0.4740425531914894,0.4108088369545371,0.8076923076923077,3.878787878787879,1,3,23,12,2,7.666666666666667,4.0,0.6666666666666666,4.823529411764706,2.8529411764705883,1.2941176470588236,4.5,0.336734693877551,0.38468755864139614,0.6310160427807485,-0.7620320855614975,-0.6577540106951872,-0.6212121212121211,4,17,17,0.5,Y,3,EA,2366,2381,-15,69.0,147
kellycr01w,9,SAC,0,F,0,33,4,551,243,109,15,18,5,41,61,7.363636363636363,3.303030303030303,0.45454545454545453,0.5454545454545454,0.15151515151515152,16.696969696969695,1.2424242424242424,62,138,0.4492753623188406,119,140,0.85,0,1,0.0,0.4366606170598911,0.6087174348697395,0.36585365853658536,7.636363636363637,1,3,37,10,4,12.333333333333334,3.3333333333333335,1.3333333333333333,,,,,,,,,,,0,18,16,0.5294117647058824,Y,4,WE,2545,2571,-26,74.0,190
kellycr01w,10,DET,2,F,0,11,0,84,31,14,4,4,1,11,16,2.8181818181818183,1.2727272727272727,0.36363636363636365,0.36363636363636365,0.09090909090909091,7.636363636363637,1.0,8,22,0.36363636363636365,15,18,0.8333333333333334,0,0,0.0,0.48714285714285716,0.518048128342246,0.36363636363636365,2.3636363636363638,1,3,4,2,2,1.3333333333333333,0.6666666666666666,0.6666666666666666,7.363636363636363,3.303030303030303,0.45454545454545453,7.636363636363637,0.4492753623188406,0.6087174348697395,-4.545454545454545,-2.0303030303030303,-0.09090909090909088,-5.272727272727273,1,18,16,0.5294117647058824,Y,3,EA,2652,2644,8,74.0,190
kellycr01w,10,SAC,1,F,0,23,4,283,98,39,8,7,2,22,40,4.260869565217392,1.6956521739130435,0.34782608695652173,0.30434782608695654,0.08695652173913043,12.304347826086957,0.9565217391304348,25,57,0.43859649122807015,48,57,0.8421052631578947,0,1,0.0,0.367773851590106,0.5969785575048733,0.36363636363636365,3.9565217391304346,0,0,0,0,0,0.0,0.0,0.0,2.8181818181818183,1.2727272727272727,0.36363636363636365,2.3636363636363638,0.36363636363636365,0.518048128342246,1.4426877470355732,0.42292490118577075,-0.015810276679841917,1.5928853754940708,2,12,22,0.35294117647058826,N,6,WE,2610,2690,-80,74.0,190
kingbsu01w,6,MIN,0,G,0,3,0,17,3,1,1,0,1,0,2,1.0,0.3333333333333333,0.3333333333333333,0.0,0.3333333333333333,5.666666666666667,0.0,0,1,0.0,3,4,0.75,0,0,0.0,0.1623529411764706,0.5434782608695653,1.0,1.3333333333333333,0,0,0,0,0,0.0,0.0,0.0,,,,,,,,,,,0,14,20,0.4117647058823529,N,6,WE,2211,2288,-77,67.0,135
kingija01w,2,DET,0,G,0,29,17,625,169,63,74,31,8,53,42,5.827586206896552,2.1724137931034484,2.5517241379310347,1.0689655172413792,0.27586206896551724,21.551724137931036,1.8275862068965518,55,142,0.3873239436619718,26,36,0.7222222222222222,33,88,0.375,0.33734400000000003,0.5353522554485555,1.3962264150943395,6.724137931034483,0,0,0,0,0,0.0,0.0,0.0,,,,,,,,,,,0,10,22,0.3125,N,7,EA,2103,2269,-166,68.0,150
kingija01w,5,DET,1,G,0,5,0,15,3,1,1,0,0,2,1,0.6,0.2,0.2,0.0,0.0,3.0,0.4,0,0,0.0,3,4,0.75,0,0,0.0,0.25066666666666665,0.8522727272727273,0.5,0.4,0,0,0,0,0,0.0,0.0,0.0,5.827586206896552,2.1724137931034484,2.5517241379310347,6.724137931034483,0.3873239436619718,0.5353522554485555,-5.227586206896552,-1.9724137931034484,-2.3517241379310345,-6.324137931034483,1,17,17,0.5,Y,3,EA,2366,2381,-15,68.0,150
kingija01w,5,PHO,2,G,0,13,0,128,20,13,12,5,2,7,10,1.5384615384615385,1.0,0.9230769230769231,0.38461538461538464,0.15384615384615385,9.846153846153847,0.5384615384615384,6,18,0.3333333333333333,5,7,0.7142857142857143,3,7,0.42857142857142855,0.219375,0.4743833017077799,1.7142857142857142,2.3846153846153846,0,0,0,0,0,0.0,0.0,0.0,0.6,0.2,0.2,0.4,0.0,0.8522727272727273,0.9384615384615386,0.8,0.7230769230769232,1.9846153846153847,2,17,17,0.5,N,5,WE,2300,2235,65,68.0,150
kingija01w,7,SAS,0,G,0,18,1,115,25,10,11,6,0,5,8,1.3888888888888888,0.5555555555555556,0.6111111111111112,0.3333333333333333,0.0,6.388888888888889,0.2777777777777778,8,18,0.4444444444444444,7,9,0.7777777777777778,2,6,0.3333333333333333,0.23443478260869566,0.5692167577413478,2.2,1.9444444444444444,0,0,0,0,0,0.0,0.0,0.0,1.5384615384615385,1.0,0.9230769230769231,2.3846153846153846,0.3333333333333333,0.4743833017077799,-0.1495726495726497,-0.4444444444444444,-0.31196581196581197,-0.44017094017094016,3,13,21,0.38235294117647056,N,6,WE,2523,2603,-80,68.0,150
klimezu01w,3,IND,0,F,0,11,0,39,5,5,2,1,1,2,2,0.45454545454545453,0.45454545454545453,0.18181818181818182,0.09090909090909091,0.09090909090909091,3.5454545454545454,0.18181818181818182,2,12,0.16666666666666666,1,1,1.0,0,0,0.0,0.37025641025641026,0.2009646302250804,1.0,0.18181818181818182,0,0,0,0,0,0.0,0.0,0.0,,,,,,,,,,,0,16,16,0.5,Y,4,EA,2097,2129,-32,74.0,181
klimezu01w,4,IND,0,F,0,1,0,3,2,0,0,0,0,0,1,2.0,0.0,0.0,0.0,0.0,3.0,0.0,0,1,0.0,2,2,1.0,0,0,0.0,0.6266666666666666,0.5319148936170213,0.0,1.0,0,0,0,0,0,0.0,0.0,0.0,0.45454545454545453,0.45454545454545453,0.18181818181818182,0.18181818181818182,0.16666666666666666,0.2009646302250804,1.5454545454545454,-0.45454545454545453,-0.18181818181818182,0.8181818181818181,1,16,18,0.47058823529411764,N,5,EA,2337,2321,16,74.0,181
koehnla01w,6,WAS,0,G,0,30,0,230,113,11,10,2,0,6,15,3.7666666666666666,0.36666666666666664,0.3333333333333333,0.06666666666666667,0.0,7.666666666666667,0.2,37,79,0.46835443037974683,4,5,0.8,35,75,0.4666666666666667,0.3791304347826087,0.6958128078817734,1.6666666666666667,2.9,0,0,0,0,0,0.0,0.0,0.0,,,,,,,,,,,0,16,18,0.47058823529411764,N,5,EA,2263,2305,-42,68.0,145
koehnla01w,7,WAS,0,G,0,32,0,161,71,12,8,2,2,5,16,2.21875,0.375,0.25,0.0625,0.0625,5.03125,0.15625,23,46,0.5,3,4,0.75,22,42,0.5238095238095238,0.3277018633540373,0.7432998324958124,1.6,2.0625,1,2,0,0,0,0.0,0.0,0.0,3.7666666666666666,0.36666666666666664,0.3333333333333333,2.9,0.46835443037974683,0.6958128078817734,-1.5479166666666666,0.00833333333333336,-0.08333333333333331,-0.8374999999999999,1,18,16,0.5294117647058824,Y,4,EA,2747,2657,90,68.0,145
koehnla01w,8,WAS,0,G,0,28,0,109,40,8,5,0,0,3,8,1.4285714285714286,0.2857142857142857,0.17857142857142858,0.0,0.0,3.892857142857143,0.10714285714285714,13,36,0.3611111111111111,2,2,1.0,12,33,0.36363636363636365,0.36587155963302753,0.5422993492407808,1.6666666666666667,0.9642857142857143,0,0,0,0,0,0.0,0.0,0.0,2.21875,0.375,0.25,2.0625,0.5,0.7432998324958124,-0.7901785714285714,-0.0892857142857143,-0.07142857142857142,-1.0982142857142856,2,16,18,0.47058823529411764,N,5,EA,2585,2639,-54,68.0,145
koehnla01w,9,WAS,0,G,0,30,0,144,71,11,3,0,0,10,9,2.3666666666666667,0.36666666666666664,0.1,0.0,0.0,4.8,0.3333333333333333,24,61,0.39344262295081966,0,2,0.0,23,55,0.41818181818181815,0.49916666666666665,0.5736910148674854,0.3,1.2,0,0,0,0,0,0.0,0.0,0.0,1.4285714285714286,0.2857142857142857,0.17857142857142858,0.9642857142857143,0.3611111111111111,0.5422993492407808,0.9380952380952381,0.08095238095238094,-0.07857142857142857,0.23571428571428565,3,10,24,0.29411764705882354,N,6,EA,2368,2601,-233,68.0,145
korstil01w,2,PHO,0,G,0,12,0,75,21,11,5,3,0,9,4,1.75,0.9166666666666666,0.4166666666666667,0.25,0.0,6.25,0.75,7,25,0.28,6,7,0.8571428571428571,1,3,0.3333333333333333,0.49439999999999995,0.37393162393162394,0.5555555555555556,1.0,0,0,0,0,0,0.0,0.0,0.0,,,,,,,,,,,0,13,19,0.40625,N,5,WE,2064,2169,-105,70.0,160
kostaan01w,7,HOU,0,G,0,32,0,266,67,25,19,7,0,42,41,2.09375,0.78125,0.59375,0.21875,0.0,8.3125,1.3125,18,57,0.3157894736842105,25,35,0.7142857142857143,6,30,0.2,0.43007518796992483,0.46270718232044195,0.4523809523809524,0.84375,1,2,5,1,1,2.5,0.5,0.5,,,,,,,,,,,0,18,16,0.5294117647058824,Y,3,WE,2507,2449,58,67.0,137
kostita01w,1,MIA,0,F,0,5,0,46,7,5,4,2,0,7,6,1.4,1.0,0.8,0.4,0.0,9.2,1.4,3,9,0.3333333333333333,1,2,0.5,0,0,0.0,0.3669565217391305,0.35425101214574894,0.5714285714285714,0.8,0,0,0,0,0,0.0,0.0,0.0,,,,,,,,,,,0,13,19,0.40625,N,6,EA,1831,2001,-170,73.0,163
kraayca01w,6,NYL,0,F,0,17,0,196,69,27,5,4,8,17,21,4.0588235294117645,1.588235294117647,0.29411764705882354,0.23529411764705882,0.47058823529411764,11.529411764705882,1.0,23,55,0.41818181818181815,14,15,0.9333333333333333,9,24,0.375,0.4010204081632653,0.560064935064935,0.29411764705882354,3.7058823529411766,1,2,8,7,0,4.0,3.5,0.0,,,,,,,,,,,0,18,16,0.5294117647058824,Y,3,EA,2316,2285,31,76.0,180
kraayca01w,7,NYL,0,F,0,34,13,903,298,158,32,16,15,62,71,8.764705882352942,4.647058823529412,0.9411764705882353,0.47058823529411764,0.4411764705882353,26.558823529411764,1.8235294117647058,106,239,0.4435146443514644,55,72,0.7638888888888888,31,93,0.3333333333333333,0.36841638981173863,0.5504654943106251,0.5161290322580645,9.029411764705882,0,0,0,0,0,0.0,0.0,0.0,4.0588235294117645,1.588235294117647,0.29411764705882354,3.7058823529411766,0.41818181818181815,0.560064935064935,4.7058823529411775,3.0588235294117654,0.6470588235294117,5.323529411764706,1,11,23,0.3235294117647059,N,5,EA,2372,2656,-284,76.0,180
kraayca01w,8,NYL,0,F,0,34,34,967,366,154,51,32,20,84,84,10.764705882352942,4.529411764705882,1.5,0.9411764705882353,0.5882352941176471,28.441176470588236,2.4705882352941178,129,298,0.43288590604026844,55,70,0.7857142857142857,53,129,0.4108527131782946,0.4268872802481903,0.5565693430656934,0.6071428571428571,10.441176470588236,1,3,38,18,2,12.666666666666666,6.0,0.6666666666666666,8.764705882352942,4.647058823529412,0.9411764705882353,9.029411764705882,0.4435146443514644,0.5504654943106251,2.0,-0.11764705882352988,0.5588235294117647,1.4117647058823533,2,16,18,0.47058823529411764,Y,4,EA,2413,2501,-88,76.0,180
kraayca01w,9,NYL,0,F,0,34,34,961,326,209,49,28,26,55,95,9.588235294117647,6.147058823529412,1.4411764705882353,0.8235294117647058,0.7647058823529411,28.264705882352942,1.6176470588235294,114,298,0.3825503355704698,36,51,0.7058823529411765,62,165,0.37575757575757573,0.39067637877211236,0.5086755710897516,0.8909090909090909,11.294117647058824,1,6,44,45,17,7.333333333333333,7.5,2.8333333333333335,10.764705882352942,4.529411764705882,1.5,10.441176470588236,0.43288590604026844,0.5565693430656934,-1.1764705882352953,1.6176470588235299,-0.05882352941176472,0.8529411764705888,3,19,15,0.5588235294117647,Y,3,EA,2573,2538,35,76.0,180
kraayca01w,10,NYL,0,F,0,34,26,888,307,155,32,22,13,66,76,9.029411764705882,4.5588235294117645,0.9411764705882353,0.6470588235294118,0.38235294117647056,26.11764705882353,1.9411764705882353,105,264,0.3977272727272727,37,49,0.7551020408163265,60,144,0.4166666666666667,0.3959009009009009,0.5375402717467432,0.48484848484848486,8.588235294117647,0,0,0,0,0,0.0,0.0,0.0,9.588235294117647,6.147058823529412,1.4411764705882353,11.294117647058824,0.3825503355704698,0.5086755710897516,-0.5588235294117645,-1.5882352941176476,-0.5,-2.7058823529411775,4,13,21,0.38235294117647056,N,7,EA,2512,2535,-23,76.0,180
kubikni01w,1,PHO,0,G,0,4,0,19,6,2,2,0,0,3,4,1.5,0.5,0.5,0.0,0.0,4.75,0.75,1,3,0.3333333333333333,4,4,1.0,0,1,0.0,0.40842105263157896,0.6302521008403361,0.6666666666666666,1.25,1,2,2,0,0,1.0,0.0,0.0,,,,,,,,,,,0,20,12,0.625,Y,4,WE,2243,2102,141,69.0,145
kubikni01w,2,PHO,0,G,0,3,0,21,2,2,5,4,0,3,7,0.6666666666666666,0.6666666666666666,1.6666666666666667,1.3333333333333333,0.0,7.0,1.0,1,4,0.25,0,0,0.0,0,1,0.0,0.3333333333333333,0.25,1.6666666666666667,2.3333333333333335,0,0,0,0,0,0.0,0.0,0.0,1.5,0.5,0.5,1.25,0.3333333333333333,0.6302521008403361,-0.8333333333333334,0.16666666666666663,1.1666666666666667,1.0833333333333335,1,13,19,0.40625,N,5,WE,2064,2169,-105,69.0,145
lacyje01w,7,PHO,0,F,0,33,3,504,162,102,14,12,12,45,102,4.909090909090909,3.090909090909091,0.42424242424242425,0.36363636363636365,0.36363636363636365,15.272727272727273,1.3636363636363635,61,128,0.4765625,40,58,0.6896551724137931,0,4,0.0,0.3938888888888889,0.5276185513288171,0.3111111111111111,5.212121212121212,0,0,0,0,0,0.0,0.0,0.0,,,,,,,,,,,0,18,16,0.5294117647058824,N,5,WE,2960,2879,81,75.0,175
lacyje01w,8,PHO,0,F,0,20,0,94,35,19,2,3,0,10,26,1.75,0.95,0.1,0.15,0.0,4.7,0.5,12,29,0.41379310344827586,10,18,0.5555555555555556,1,3,0.3333333333333333,0.4991489361702128,0.4739978331527627,0.2,1.2,1,1,2,0,0,2.0,0.0,0.0,4.909090909090909,3.090909090909091,0.42424242424242425,5.212121212121212,0.4765625,0.5276185513288171,-3.159090909090909,-2.1409090909090907,-0.3242424242424242,-4.012121212121212,1,23,11,0.6764705882352942,Y,1,WE,3025,2904,121,75.0,175
lacyje01w,9,ATL,0,F,0,33,22,605,189,89,27,18,6,37,97,5.7272727272727275,2.696969696969697,0.8181818181818182,0.5454545454545454,0.18181818181818182,18.333333333333332,1.121212121212121,74,190,0.3894736842105263,37,55,0.6727272727272727,4,21,0.19047619047619047,0.4152066115702479,0.44117647058823534,0.7297297297297297,4.787878787878788,0,0,0,0,0,0.0,0.0,0.0,1.75,0.95,0.1,1.2,0.41379310344827586,0.4739978331527627,3.9772727272727275,1.7469696969696968,0.7181818181818183,3.587878787878788,2,4,30,0.11764705882352941,N,7,EA,2534,2879,-345,75.0,175
lacyje01w,10,ATL,0,F,0,32,0,362,96,70,9,9,7,24,57,3.0,2.1875,0.28125,0.28125,0.21875,11.3125,0.75,35,107,0.32710280373831774,22,33,0.6666666666666666,4,19,0.21052631578947367,0.40198895027624304,0.39499670836076367,0.375,2.625,1,2,2,2,0,1.0,1.0,0.0,5.7272727272727275,2.696969696969697,0.8181818181818182,4.787878787878788,0.3894736842105263,0.44117647058823534,-2.7272727272727275,-0.5094696969696968,-0.5369318181818182,-2.162878787878788,3,18,16,0.5294117647058824,Y,2,EA,2861,2797,64,75.0,175
lacyve01w,1,NYL,0,C,0,2,2,18,6,5,0,0,0,2,0,3.0,2.5,0.0,0.0,0.0,9.0,1.0,2,5,0.4,2,4,0.5,0,0,0.0,0.48666666666666664,0.4437869822485207,0.0,2.0,0,0,0,0,0,0.0,0.0,0.0,,,,,,,,,,,0,20,12,0.625,Y,1,EA,2148,2035,113,76.0,234
lambesh01w,3,CHA,0,G,0,3,0,16,2,3,3,1,0,2,1,0.6666666666666666,1.0,1.0,0.3333333333333333,0.0,5.333333333333333,0.6666666666666666,1,3,0.3333333333333333,0,0,0.0,0,0,0.0,0.3125,0.3333333333333333,1.5,1.6666666666666667,0,0,0,0,0,0.0,0.0,0.0,,,,,,,,,,,0,18,14,0.5625,Y,2,EA,2241,2133,108,67.0,125
lambesh01w,4,DET,0,G,0,27,1,187,87,28,14,5,0,29,15,3.2222222222222223,1.037037037037037,0.5185185185185185,0.18518518518518517,0.0,6.925925925925926,1.0740740740740742,24,66,0.36363636363636365,32,41,0.7804878048780488,7,16,0.4375,0.6044919786096257,0.5176106615897192,0.4827586206896552,2.0,1,7,5,2,1,0.7142857142857143,0.2857142857142857,0.14285714285714285,0.6666666666666666,1.0,1.0,1.6666666666666667,0.3333333333333333,0.3333333333333333,2.555555555555556,0.03703703703703698,-0.4814814814814815,0.33333333333333326,1,25,9,0.7352941176470589,Y,1,EA,2553,2395,158,67.0,125
lambesh01w,5,HOU,0,G,0,34,25,788,197,68,88,26,4,82,46,5.794117647058823,2.0,2.588235294117647,0.7647058823529411,0.11764705882352941,23.176470588235293,2.411764705882353,75,177,0.423728813559322,40,51,0.7843137254901961,7,27,0.25925925925925924,0.35715736040609136,0.4938828720417168,1.0731707317073171,5.529411764705882,0,0,0,0,0,0.0,0.0,0.0,3.2222222222222223,1.037037037037037,0.5185185185185185,2.0,0.36363636363636365,0.5176106615897192,2.571895424836601,0.962962962962963,2.0697167755991286,3.5294117647058822,2,13,21,0.38235294117647056,N,6,WE,2177,2211,-34,67.0,125
lambesh01w,6,DET,0,G,0,12,5,152,33,17,21,8,1,24,11,2.75,1.4166666666666667,1.75,0.6666666666666666,0.08333333333333333,12.666666666666666,2.0,14,45,0.3111111111111111,4,5,0.8,1,7,0.14285714285714285,0.46842105263157896,0.34957627118644063,0.875,2.0,0,0,0,0,0,0.0,0.0,0.0,5.794117647058823,2.0,2.588235294117647,5.529411764705882,0.423728813559322,0.4938828720417168,-3.0441176470588234,-0.5833333333333333,-0.8382352941176472,-3.5294117647058822,3,16,18,0.47058823529411764,Y,4,EA,2247,2287,-40,67.0,125
lambmo01w,1,HOU,0,C,0,13,2,140,26,26,3,2,4,4,23,2.0,2.0,0.23076923076923078,0.15384615384615385,0.3076923076923077,10.76923076923077,0.3076923076923077,10,20,0.5,6,12,0.5,0,0,0.0,0.20914285714285716,0.5142405063291139,0.75,3.1538461538461537,0,0,0,0,0,0.0,0.0,0.0,,,,,,,,,,,0,27,5,0.84375,Y,2,WE,2475,2066,409,77.0,206
langhcr01w,9,WAS,0,F-C,0,34,6,529,164,136,15,15,6,36,54,4.823529411764706,4.0,0.4411764705882353,0.4411764705882353,0.17647058823529413,15.558823529411764,1.0588235294117647,68,109,0.6238532110091743,28,51,0.5490196078431373,0,0,0.0,0.3165217391304348,0.6238587948874011,0.4166666666666667,6.9411764705882355,0,0,0,0,0,0.0,0.0,0.0,,,,,,,,,,,0,10,24,0.29411764705882354,N,6,EA,2368,2601,-233,74.0,184
langhcr01w,10,WAS,0,F-C,0,34,22,1013,408,268,29,34,13,76,74,12.0,7.882352941176471,0.8529411764705882,1.0,0.38235294117647056,29.794117647058822,2.235294117647059,163,284,0.573943661971831,82,119,0.6890756302521008,0,2,0.0,0.40706811451135244,0.6064930431680342,0.3815789473684211,15.235294117647058,1,2,33,20,1,16.5,10.0,0.5,4.823529411764706,4.0,0.4411764705882353,6.9411764705882355,0.6238532110091743,0.6238587948874011,7.176470588235294,3.882352941176471,0.4117647058823529,8.294117647058822,1,16,18,0.47058823529411764,Y,4,EA,2585,2622,-37,74.0,184
larkier01w,9,NYL,0,F,0,27,0,335,129,73,18,10,7,35,54,4.777777777777778,2.7037037037037037,0.6666666666666666,0.37037037037037035,0.25925925925925924,12.407407407407407,1.2962962962962963,48,94,0.5106382978723404,33,56,0.5892857142857143,0,0,0.0,0.45862686567164174,0.5436614969656103,0.5142857142857142,4.925925925925926,1,6,26,29,1,4.333333333333333,4.833333333333333,0.16666666666666666,,,,,,,,,,,0,19,15,0.5588235294117647,Y,3,EA,2573,2538,35,73.0,210
larkier01w,10,NYL,0,F,0,18,0,137,44,31,8,9,4,16,19,2.4444444444444446,1.7222222222222223,0.4444444444444444,0.5,0.2222222222222222,7.611111111111111,0.8888888888888888,14,33,0.42424242424242425,16,23,0.6956521739130435,0,0,0.0,0.43153284671532843,0.5102040816326531,0.5,3.0,0,0,0,0,0,0.0,0.0,0.0,4.777777777777778,2.7037037037037037,0.6666666666666666,4.925925925925926,0.5106382978723404,0.5436614969656103,-2.333333333333333,-0.9814814814814814,-0.2222222222222222,-1.9259259259259256,1,13,21,0.38235294117647056,N,7,EA,2512,2535,-23,73.0,210
lassiam01w,2,HOU,0,F,0,32,18,613,138,110,34,16,21,35,66,4.3125,3.4375,1.0625,0.5,0.65625,19.15625,1.09375,51,139,0.3669064748201439,10,15,0.6666666666666666,26,67,0.3880597014925373,0.29461663947797717,0.47390109890109894,0.9714285714285714,5.96875,1,2,19,9,0,9.5,4.5,0.0,,,,,,,,,,,0,19,13,0.59375,Y,4,WE,2047,1994,53,73.0,160
lassiam01w,3,HOU,1,F,0,6,0,46,1,6,2,2,2,2,4,0.16666666666666666,1.0,0.3333333333333333,0.3333333333333333,0.3333333333333333,7.666666666666667,0.3333333333333333,0,10,0.0,1,2,0.5,0,5,0.0,0.28,0.04595588235294117,1.0,0.0,0,0,0,0,0,0.0,0.0,0.0,4.3125,3.4375,1.0625,5.96875,0.3669064748201439,0.47390109890109894,-4.145833333333333,-2.4375,-0.7291666666666667,-5.96875,1,24,8,0.75,Y,2,WE,2072,1892,180,73.0,160
lassiam01w,3,SEA,2,F,0,24,22,554,126,63,55,27,19,49,58,5.25,2.625,2.2916666666666665,1.125,0.7916666666666666,23.083333333333332,2.0416666666666665,47,130,0.36153846153846153,12,17,0.7058823529411765,20,66,0.30303030303030304,0.3366064981949458,0.4582484725050917,1.1224489795918366,6.375,1,2,10,7,4,5.0,3.5,2.0,0.16666666666666666,1.0,0.3333333333333333,0.0,0.0,0.04595588235294117,5.083333333333333,1.625,1.9583333333333333,6.375,2,17,15,0.53125,Y,4,WE,2188,2103,85,73.0,160
lassiam01w,4,SEA,0,F,0,32,18,733,163,112,42,27,26,42,92,5.09375,3.5,1.3125,0.84375,0.8125,22.90625,1.3125,60,156,0.38461538461538464,19,30,0.6333333333333333,24,73,0.3287671232876712,0.2881309686221009,0.481678486997636,1.0,6.90625,0,0,0,0,0,0.0,0.0,0.0,5.25,2.625,2.2916666666666665,6.375,0.36153846153846153,0.4582484725050917,-0.15625,0.875,-0.9791666666666665,0.53125,3,18,16,0.5294117647058824,N,5,WE,2388,2274,114,73.0,160
lassiam01w,5,MIN,0,F,0,33,12,563,127,80,37,21,22,40,74,3.8484848484848486,2.4242424242424243,1.121212121212121,0.6363636363636364,0.6666666666666666,17.060606060606062,1.2121212121212122,47,135,0.34814814814814815,6,9,0.6666666666666666,27,89,0.30337078651685395,0.31786856127886326,0.45696603339090386,0.925,4.7272727272727275,1,2,9,4,1,4.5,2.0,0.5,5.09375,3.5,1.3125,6.90625,0.38461538461538464,0.481678486997636,-1.2452651515151514,-1.0757575757575757,-0.1912878787878789,-2.1789772727272725,4,18,16,0.5294117647058824,Y,3,WE,2165,2190,-25,73.0,160
lassiam01w,6,MIN,0,F,0,31,3,388,107,46,23,14,4,29,55,3.4516129032258065,1.4838709677419355,0.7419354838709677,0.45161290322580644,0.12903225806451613,12.516129032258064,0.9354838709677419,38,115,0.33043478260869563,7,11,0.6363636363636364,24,72,0.3333333333333333,0.3836082474226804,0.4464285714285714,0.7931034482758621,2.7096774193548385,0,0,0,0,0,0.0,0.0,0.0,3.8484848484848486,2.4242424242424243,1.121212121212121,4.7272727272727275,0.34814814814814815,0.45696603339090386,-0.3968719452590421,-0.9403714565004888,-0.37927663734115336,-2.017595307917889,5,14,20,0.4117647058823529,N,6,WE,2211,2288,-77,73.0,160
lassiam01w,7,CHI,0,F,0,32,29,778,257,88,65,42,17,57,89,8.03125,2.75,2.03125,1.3125,0.53125,24.3125,1.78125,93,254,0.3661417322834646,22,31,0.7096774193548387,49,149,0.3288590604026846,0.41727506426735217,0.48012255268270815,1.1403508771929824,7.5625,0,0,0,0,0,0.0,0.0,0.0,3.4516129032258065,1.4838709677419355,0.7419354838709677,2.7096774193548385,0.33043478260869563,0.4464285714285714,4.579637096774194,1.2661290322580645,1.2893145161290323,4.852822580645162,6,5,29,0.14705882352941177,N,7,EA,2322,2687,-365,73.0,160
lattaiv01w,8,DET,0,G,0,31,1,221,93,19,20,8,2,16,24,3.0,0.6129032258064516,0.6451612903225806,0.25806451612903225,0.06451612903225806,7.129032258064516,0.5161290322580645,34,87,0.39080459770114945,3,7,0.42857142857142855,22,49,0.4489795918367347,0.48,0.5162078152753109,1.25,2.225806451612903,1,10,19,3,3,1.9,0.3,0.3,,,,,,,,,,,0,24,10,0.7058823529411765,Y,1,EA,2697,2540,157,66.0,143
lattaiv01w,9,ATL,0,G,0,34,31,960,388,72,123,45,1,61,83,11.411764705882353,2.1176470588235294,3.6176470588235294,1.3235294117647058,0.029411764705882353,28.235294117647058,1.7941176470588236,124,343,0.36151603498542273,85,106,0.8018867924528302,55,160,0.34375,0.46941666666666665,0.49789549327584437,2.0163934426229506,9.647058823529411,0,0,0,0,0,0.0,0.0,0.0,3.0,0.6129032258064516,0.6451612903225806,2.225806451612903,0.39080459770114945,0.5162078152753109,8.411764705882353,1.504743833017078,2.972485768500949,7.421252371916508,1,4,30,0.11764705882352941,N,7,EA,2534,2879,-345,66.0,143
lattaiv01w,10,ATL,0,G,0,24,0,350,146,16,34,13,1,26,32,6.083333333333333,0.6666666666666666,1.4166666666666667,0.5416666666666666,0.041666666666666664,14.583333333333334,1.0833333333333333,45,110,0.4090909090909091,38,46,0.8260869565217391,18,50,0.36,0.4464,0.5605036855036855,1.3076923076923077,4.625,1,2,27,4,5,13.5,2.0,2.5,11.411764705882353,2.1176470588235294,3.6176470588235294,9.647058823529411,0.36151603498542273,0.49789549327584437,-5.32843137254902,-1.450980392156863,-2.200980392156863,-5.022058823529411,2,18,16,0.5294117647058824,Y,2,EA,2861,2797,64,66.0,143
lawsoed01w,6,HOU,2,G,0,17,0,114,25,7,4,2,1,12,5,1.4705882352941178,0.4117647058823529,0.23529411764705882,0.11764705882352941,0.058823529411764705,6.705882352941177,0.7058823529411765,8,24,0.3333333333333333,4,4,1.0,5,13,0.38461538461538464,0.33122807017543865,0.4852484472049689,0.3333333333333333,0.6470588235294118,1,1,0,0,0,0.0,0.0,0.0,,,,,,,,,,,0,19,15,0.5588235294117647,Y,3,WE,2309,2263,46,66.0,130
lawsoed01w,6,NYL,1,G,0,2,0,12,2,2,0,0,0,0,2,1.0,1.0,0.0,0.0,0.0,6.0,0.0,0,4,0.0,2,2,1.0,0,2,0.0,0.4066666666666667,0.20491803278688525,0.0,0.0,0,0,0,0,0,0.0,0.0,0.0,1.4705882352941178,0.4117647058823529,0.23529411764705882,0.6470588235294118,0.3333333333333333,0.4852484472049689,-0.47058823529411775,0.5882352941176471,-0.23529411764705882,-0.6470588235294118,1,18,16,0.5294117647058824,Y,3,EA,2316,2285,31,66.0,130
lawsoed01w,7,SEA,0,G,0,26,0,209,43,21,29,15,1,19,20,1.6538461538461537,0.8076923076923077,1.1153846153846154,0.5769230769230769,0.038461538461538464,8.038461538461538,0.7307692307692307,17,45,0.37777777777777777,4,6,0.6666666666666666,5,19,0.2631578947368421,0.31885167464114833,0.45130142737195633,1.5263157894736843,2.3076923076923075,1,3,4,0,1,1.3333333333333333,0.0,0.3333333333333333,1.0,1.0,0.0,0.0,0.0,0.20491803278688525,0.6538461538461537,-0.1923076923076923,1.1153846153846154,2.3076923076923075,2,18,16,0.5294117647058824,Y,4,WE,2644,2575,69,66.0,130
lawsoed01w,9,SAS,0,G,0,30,1,280,100,31,26,12,0,25,29,3.3333333333333335,1.0333333333333334,0.8666666666666667,0.4,0.0,9.333333333333334,0.8333333333333334,36,80,0.45,6,9,0.6666666666666666,22,47,0.46808510638297873,0.3891428571428571,0.5955216769890425,1.04,3.2333333333333334,1,5,25,12,9,5.0,2.4,1.8,1.6538461538461537,0.8076923076923077,1.1153846153846154,2.3076923076923075,0.37777777777777777,0.45130142737195633,1.6794871794871797,0.22564102564102573,-0.24871794871794872,0.9256410256410259,3,24,10,0.7058823529411765,Y,1,WE,2546,2418,128,66.0,130
lawsoed01w,10,SAS,0,G,0,33,12,583,172,66,74,29,1,29,53,5.212121212121212,2.0,2.242424242424242,0.8787878787878788,0.030303030303030304,17.666666666666668,0.8787878787878788,58,151,0.3841059602649007,15,18,0.8333333333333334,41,113,0.36283185840707965,0.3223327615780446,0.5411527812735968,2.5517241379310347,6.575757575757576,1,3,32,9,6,10.666666666666666,3.0,2.0,3.3333333333333335,1.0333333333333334,0.8666666666666667,3.2333333333333334,0.45,0.5955216769890425,1.8787878787878785,0.9666666666666666,1.3757575757575755,3.3424242424242427,4,15,19,0.4411764705882353,Y,4,WE,2615,2661,-46,66.0,130
lawsoka01w,4,SAC,0,G,0,34,0,769,263,107,56,15,5,42,45,7.735294117647059,3.1470588235294117,1.6470588235294117,0.4411764705882353,0.14705882352941177,22.61764705882353,1.2352941176470589,89,227,0.3920704845814978,31,40,0.775,54,135,0.4,0.3726918075422627,0.5376124284546198,1.3333333333333333,7.5588235294117645,1,6,32,23,16,5.333333333333333,3.8333333333333335,2.6666666666666665,,,,,,,,,,,0,19,15,0.5588235294117647,Y,3,WE,2299,2216,83,69.0,165
lawsoka01w,5,SAC,0,G,0,34,10,827,294,77,68,21,8,53,41,8.647058823529411,2.264705882352941,2.0,0.6176470588235294,0.23529411764705882,24.323529411764707,1.5588235294117647,103,245,0.4204081632653061,37,44,0.8409090909090909,51,134,0.3805970149253731,0.3837484885126965,0.5560599182932364,1.2830188679245282,7.823529411764706,1,6,58,15,11,9.666666666666666,2.5,1.8333333333333333,7.735294117647059,3.1470588235294117,1.6470588235294117,7.5588235294117645,0.3920704845814978,0.5376124284546198,0.9117647058823524,-0.8823529411764706,0.3529411764705883,0.2647058823529411,1,18,16,0.5294117647058824,Y,4,WE,2312,2241,71,69.0,165
lawsoka01w,6,SAC,0,G,0,24,1,508,192,33,37,13,3,22,28,8.0,1.375,1.5416666666666667,0.5416666666666666,0.125,21.166666666666668,0.9166666666666666,65,148,0.4391891891891892,26,31,0.8387096774193549,36,81,0.4444444444444444,0.36149606299212594,0.5939123979213067,1.6818181818181819,7.0,1,8,90,29,18,11.25,3.625,2.25,8.647058823529411,2.264705882352941,2.0,7.823529411764706,0.4204081632653061,0.5560599182932364,-0.6470588235294112,-0.8897058823529411,-0.45833333333333326,-0.8235294117647056,2,25,9,0.7352941176470589,Y,1,WE,2329,2093,236,69.0,165
lawsoka01w,7,SAC,0,G,0,34,6,749,277,65,56,20,4,43,37,8.147058823529411,1.911764705882353,1.6470588235294117,0.5882352941176471,0.11764705882352941,22.029411764705884,1.2647058823529411,96,242,0.39669421487603307,36,39,0.9230769230769231,49,123,0.3983739837398374,0.40341789052069427,0.5344188918042907,1.302325581395349,6.764705882352941,1,9,110,31,14,12.222222222222221,3.4444444444444446,1.5555555555555556,8.0,1.375,1.5416666666666667,7.0,0.4391891891891892,0.5939123979213067,0.14705882352941124,0.536764705882353,0.10539215686274495,-0.23529411764705888,3,21,13,0.6176470588235294,Y,2,WE,2537,2404,133,69.0,165
lawsoka01w,8,SAC,0,G,0,34,0,774,375,80,67,29,8,49,49,11.029411764705882,2.3529411764705883,1.9705882352941178,0.8529411764705882,0.23529411764705882,22.764705882352942,1.4411764705882353,128,340,0.3764705882352941,74,88,0.8409090909090909,45,133,0.3383458646616541,0.552609819121447,0.4950887198986058,1.3673469387755102,8.352941176470589,1,3,37,7,9,12.333333333333334,2.3333333333333335,3.0,8.147058823529411,1.911764705882353,1.6470588235294117,6.764705882352941,0.39669421487603307,0.5344188918042907,2.882352941176471,0.4411764705882353,0.32352941176470607,1.5882352941176476,4,19,15,0.5588235294117647,Y,3,WE,2527,2480,47,69.0,165
lawsoka01w,9,SAC,0,G,0,32,32,829,391,82,67,28,2,48,41,12.21875,2.5625,2.09375,0.875,0.0625,25.90625,1.5,139,343,0.40524781341107874,53,58,0.9137931034482759,60,139,0.4316546762589928,0.5024366706875754,0.5305003798979703,1.3958333333333333,9.78125,1,3,29,15,13,9.666666666666666,5.0,4.333333333333333,11.029411764705882,2.3529411764705883,1.9705882352941178,8.352941176470589,0.3764705882352941,0.4950887198986058,1.1893382352941178,0.2095588235294117,0.12316176470588225,1.4283088235294112,5,18,16,0.5294117647058824,Y,4,WE,2545,2571,-26,69.0,165
lawsoka01w,10,SAC,0,G,0,25,5,604,220,53,63,16,1,35,24,8.8,2.12,2.52,0.64,0.04,24.16,1.4,76,200,0.38,31,33,0.9393939393939394,37,110,0.33636363636363636,0.41311258278145696,0.5127727018459817,1.8,7.68,0,0,0,0,0,0.0,0.0,0.0,12.21875,2.5625,2.09375,9.78125,0.40524781341107874,0.5305003798979703,-3.4187499999999993,-0.4424999999999999,0.42625,-2.1012500000000003,6,12,22,0.35294117647058826,N,6,WE,2610,2690,-80,69.0,165
lazicka01w,2,NYL,0,F-C,0,8,0,55,17,6,3,3,0,10,9,2.125,0.75,0.375,0.375,0.0,6.875,1.25,8,20,0.4,1,2,0.5,0,2,0.0,0.5614545454545454,0.407088122605364,0.3,0.75,1,2,0,1,0,0.0,0.5,0.0,,,,,,,,,,,0,21,11,0.65625,Y,2,EA,2162,2082,80,70.0,147
lehnish01w,10,ATL,0,G,0,34,20,707,102,79,127,18,3,54,44,3.0,2.323529411764706,3.735294117647059,0.5294117647058824,0.08823529411764706,20.794117647058822,1.588235294117647,36,93,0.3870967741935484,24,31,0.7741935483870968,6,30,0.2,0.2272135785007072,0.4782445611402851,2.3518518518518516,6.205882352941177,0,0,0,0,0,0.0,0.0,0.0,,,,,,,,,,,0,18,16,0.5294117647058824,Y,2,EA,2861,2797,64,69.0,147
lennobe01w,1,MIN,0,G,0,32,31,984,541,178,82,53,9,97,112,16.90625,5.5625,2.5625,1.65625,0.28125,30.75,3.03125,201,471,0.4267515923566879,84,105,0.8,55,139,0.39568345323741005,0.6241869918699188,0.5230085073472543,0.845360824742268,14.84375,0,0,0,0,0,0.0,0.0,0.0,,,,,,,,,,,0,15,17,0.46875,N,6,WE,2193,2188,5,68.0,143
lennobe01w,2,MIN,0,G,0,11,7,241,121,54,16,10,4,25,29,11.0,4.909090909090909,1.4545454545454546,0.9090909090909091,0.36363636363636365,21.90909090909091,2.272727272727273,41,110,0.37272727272727274,19,20,0.95,20,52,0.38461538461538464,0.5966804979253113,0.5092592592592593,0.64,10.0,0,0,0,0,0,0.0,0.0,0.0,16.90625,5.5625,2.5625,14.84375,0.4267515923566879,0.5230085073472543,-5.90625,-0.6534090909090908,-1.1079545454545454,-4.84375,1,12,20,0.375,N,6,WE,2077,2156,-79,68.0,143
lennobe01w,3,MIA,2,G,0,26,3,581,310,73,47,25,5,62,79,11.923076923076923,2.8076923076923075,1.8076923076923077,0.9615384615384616,0.19230769230769232,22.346153846153847,2.3846153846153846,110,307,0.3583061889250814,44,58,0.7586206896551724,46,131,0.3511450381679389,0.6790361445783132,0.466137375195477,0.7580645161290323,7.1923076923076925,0,0,0,0,0,0.0,0.0,0.0,11.0,4.909090909090909,1.4545454545454546,10.0,0.37272727272727274,0.5092592592592593,0.9230769230769234,-2.1013986013986017,0.3531468531468531,-2.8076923076923075,2,15,17,0.46875,N,6,EA,2046,2088,-42,68.0,143
lennobe01w,3,MIN,1,G,0,5,1,138,31,16,16,5,0,20,23,6.2,3.2,3.2,1.0,0.0,27.6,4.0,10,48,0.20833333333333334,6,10,0.6,5,23,0.21739130434782608,0.5246376811594203,0.2958015267175573,0.8,1.2,0,0,0,0,0,0.0,0.0,0.0,11.923076923076923,2.8076923076923075,1.8076923076923077,7.1923076923076925,0.3583061889250814,0.466137375195477,-5.723076923076923,0.3923076923076927,1.3923076923076925,-5.992307692307692,3,10,22,0.3125,N,8,WE,2003,2104,-101,68.0,143
lennobe01w,4,CLE,0,G,0,34,1,560,258,89,32,14,4,58,77,7.588235294117647,2.6176470588235294,0.9411764705882353,0.4117647058823529,0.11764705882352941,16.470588235294116,1.7058823529411764,100,269,0.37174721189591076,26,36,0.7222222222222222,32,103,0.3106796116504854,0.6122142857142857,0.45288583064176385,0.5517241379310345,4.705882352941177,1,3,21,7,3,7.0,2.3333333333333335,1.0,6.2,3.2,3.2,1.2,0.20833333333333334,0.2958015267175573,1.3882352941176466,-0.5823529411764707,-2.2588235294117647,3.5058823529411764,4,17,17,0.5,Y,4,EA,2229,2210,19,68.0,143
lennobe01w,5,SEA,0,G,0,32,32,920,358,159,79,34,3,77,89,11.1875,4.96875,2.46875,1.0625,0.09375,28.75,2.40625,139,330,0.4212121212121212,58,68,0.8529411764705882,22,83,0.26506024096385544,0.4749130434782609,0.4973327406090242,1.025974025974026,11.09375,1,8,117,29,21,14.625,3.625,2.625,7.588235294117647,2.6176470588235294,0.9411764705882353,4.705882352941177,0.37174721189591076,0.45288583064176385,3.5992647058823533,2.3511029411764706,1.5275735294117647,6.387867647058823,5,20,14,0.5882352941176471,Y,2,WE,2437,2264,173,68.0,143
lennobe01w,6,SEA,0,G,0,28,26,800,346,124,57,35,5,75,82,12.357142857142858,4.428571428571429,2.0357142857142856,1.25,0.17857142857142858,28.571428571428573,2.6785714285714284,123,314,0.39171974522292996,76,87,0.8735632183908046,24,78,0.3076923076923077,0.5341,0.4910866356307483,0.76,10.357142857142858,1,3,46,14,8,15.333333333333334,4.666666666666667,2.6666666666666665,11.1875,4.96875,2.46875,11.09375,0.4212121212121212,0.4973327406090242,1.1696428571428577,-0.5401785714285712,-0.4330357142857144,-0.7366071428571423,6,20,14,0.5882352941176471,Y,2,WE,2498,2407,91,68.0,143
lennobe01w,7,SEA,0,G,0,34,34,891,465,137,73,36,5,98,92,13.676470588235293,4.029411764705882,2.1470588235294117,1.0588235294117647,0.14705882352941177,26.205882352941178,2.8823529411764706,191,423,0.4515366430260047,54,71,0.7605633802816901,29,90,0.32222222222222224,0.6197979797979798,0.5118439591405425,0.7448979591836735,10.852941176470589,1,3,35,17,15,11.666666666666666,5.666666666666667,5.0,12.357142857142858,4.428571428571429,2.0357142857142856,10.357142857142858,0.39171974522292996,0.4910866356307483,1.3193277310924358,-0.3991596638655466,0.1113445378151261,0.4957983193277311,7,18,16,0.5294117647058824,Y,4,WE,2644,2575,69,68.0,143
lennobe01w,8,SEA,0,G,0,34,34,937,454,160,92,36,5,91,75,13.352941176470589,4.705882352941177,2.7058823529411766,1.0588235294117647,0.14705882352941177,27.558823529411764,2.676470588235294,155,362,0.4281767955801105,110,121,0.9090909090909091,34,99,0.3434343434343434,0.5402774813233725,0.5466718042577786,1.010989010989011,12.882352941176471,1,2,36,13,4,18.0,6.5,2.0,13.676470588235293,4.029411764705882,2.1470588235294117,10.852941176470589,0.4515366430260047,0.5118439591405425,-0.32352941176470473,0.6764705882352944,0.5588235294117649,2.0294117647058822,8,17,17,0.5,Y,4,WE,2734,2647,87,68.0,143
lennobe01w,9,ATL,0,G,0,34,33,1010,595,143,81,45,3,114,92,17.5,4.205882352941177,2.3823529411764706,1.3235294117647058,0.08823529411764706,29.705882352941178,3.3529411764705883,207,499,0.4148296593186373,118,138,0.855072463768116,63,176,0.35795454545454547,0.6670495049504951,0.5315157578789395,0.7105263157894737,12.970588235294118,0,0,0,0,0,0.0,0.0,0.0,13.352941176470589,4.705882352941177,2.7058823529411766,12.882352941176471,0.4281767955801105,0.5466718042577786,4.147058823529411,-0.5,-0.32352941176470607,0.08823529411764675,9,4,30,0.11764705882352941,N,7,EA,2534,2879,-345,68.0,143
lennobe01w,10,LAS,0,G,0,30,13,640,306,136,54,26,4,70,70,10.2,4.533333333333333,1.8,0.8666666666666667,0.13333333333333333,21.333333333333332,2.3333333333333335,111,268,0.4141791044776119,59,66,0.8939393939393939,25,83,0.30120481927710846,0.5735,0.5150821438190143,0.7714285714285715,9.733333333333333,1,6,74,18,9,12.333333333333334,3.0,1.5,17.5,4.205882352941177,2.3823529411764706,12.970588235294118,0.4148296593186373,0.5315157578789395,-7.300000000000001,0.3274509803921566,-0.5823529411764705,-3.2372549019607852,10,18,16,0.5294117647058824,Y,3,WE,2533,2498,35,68.0,143
leslili01w,1,LAS,0,C,0,32,32,1028,570,306,60,31,74,103,134,17.8125,9.5625,1.875,0.96875,2.3125,32.125,3.21875,197,430,0.45813953488372094,169,205,0.824390243902439,7,32,0.21875,0.6062256809338522,0.5478662053056517,0.5825242718446602,20.90625,1,4,75,41,8,18.75,10.25,2.0,,,,,,,,,,,0,28,4,0.875,Y,1,WE,2417,2169,248,77.0,170
leslili01w,2,LAS,0,C,1,31,31,1033,606,298,73,34,71,98,132,19.548387096774192,9.612903225806452,2.3548387096774195,1.096774193548387,2.2903225806451615,33.32258064516129,3.161290322580645,221,467,0.4732334047109208,142,193,0.7357512953367875,22,60,0.36666666666666664,0.6291577928363988,0.5489926076242935,0.7448979591836735,22.161290322580644,1,7,156,86,21,22.285714285714285,12.285714285714286,3.0,17.8125,9.5625,1.875,20.90625,0.45813953488372094,0.5478662053056517,1.7358870967741922,0.05040322580645196,0.4798387096774195,1.2550403225806441,1,28,4,0.875,Y,1,WE,2441,2166,275,77.0,170
leslili01w,3,LAS,0,C,0,31,31,1060,523,322,83,46,90,108,123,16.870967741935484,10.387096774193548,2.6774193548387095,1.4838709677419355,2.903225806451613,34.193548387096776,3.4838709677419355,189,406,0.46551724137931033,133,183,0.726775956284153,12,37,0.32432432432432434,0.5608679245283019,0.5374907506371783,0.7685185185185185,22.225806451612904,1,6,116,47,11,19.333333333333332,7.833333333333333,1.8333333333333333,19.548387096774192,9.612903225806452,2.3548387096774195,22.161290322580644,0.4732334047109208,0.5489926076242935,-2.677419354838708,0.7741935483870961,0.32258064516129004,0.06451612903225978,2,25,7,0.78125,Y,1,WE,2452,2235,217,77.0,170
leslili01w,4,LAS,0,C,0,23,23,792,424,231,46,31,63,65,93,18.434782608695652,10.043478260869565,2.0,1.3478260869565217,2.739130434782609,34.43478260869565,2.8260869565217392,165,373,0.44235924932975873,82,133,0.6165413533834586,12,37,0.32432432432432434,0.6269191919191919,0.4912866147571376,0.7076923076923077,20.47826086956522,1,9,187,80,23,20.77777777777778,8.88888888888889,2.5555555555555554,16.870967741935484,10.387096774193548,2.6774193548387095,22.225806451612904,0.46551724137931033,0.5374907506371783,1.5638148667601683,-0.3436185133239835,-0.6774193548387095,-1.7475455820476853,3,24,10,0.7058823529411765,Y,1,WE,2499,2432,67,77.0,170
leslili01w,5,LAS,0,C,1,34,34,1150,598,336,88,50,98,110,130,17.58823529411765,9.882352941176471,2.588235294117647,1.4705882352941178,2.8823529411764706,33.8235294117647,3.235294117647059,223,451,0.49445676274944567,146,205,0.7121951219512195,6,22,0.2727272727272727,0.5662608695652175,0.5524759793052475,0.8,22.735294117647058,1,3,34,26,2,11.333333333333334,8.666666666666666,0.6666666666666666,18.434782608695652,10.043478260869565,2.0,20.47826086956522,0.44235924932975873,0.4912866147571376,-0.8465473145780038,-0.16112531969309352,0.5882352941176472,2.2570332480818394,4,25,9,0.7352941176470589,Y,1,WE,2495,2361,134,77.0,170
leslili01w,6,LAS,0,C,0,34,34,1096,517,248,87,67,71,100,122,15.205882352941176,7.294117647058823,2.5588235294117645,1.9705882352941178,2.088235294117647,32.23529411764706,2.9411764705882355,204,464,0.4396551724137931,102,174,0.5862068965517241,7,34,0.20588235294117646,0.5844525547445255,0.4782077845197573,0.87,16.41176470588235,1,2,18,13,7,9.0,6.5,3.5,17.58823529411765,9.882352941176471,2.588235294117647,22.735294117647058,0.49445676274944567,0.5524759793052475,-2.382352941176473,-2.5882352941176476,-0.029411764705882693,-6.3235294117647065,5,17,17,0.5,Y,4,WE,2326,2345,-19,77.0,170
leslili01w,7,LAS,0,C,1,34,34,1043,680,323,108,51,57,126,115,20.0,9.5,3.176470588235294,1.5,1.6764705882352942,30.676470588235293,3.7058823529411766,257,503,0.510934393638171,158,243,0.6502057613168725,8,20,0.4,0.7055800575263662,0.5574501573976915,0.8571428571428571,22.41176470588235,1,5,63,36,9,12.6,7.2,1.8,15.205882352941176,7.294117647058823,2.5588235294117645,16.41176470588235,0.4396551724137931,0.4782077845197573,4.794117647058824,2.2058823529411766,0.6176470588235294,6.0,6,25,9,0.7352941176470589,Y,1,WE,2575,2476,99,77.0,170
leslili01w,9,LAS,0,C,0,33,33,1059,497,293,80,49,97,119,117,15.06060606060606,8.878787878787879,2.4242424242424243,1.4848484848484849,2.9393939393939394,32.09090909090909,3.606060606060606,188,406,0.4630541871921182,117,177,0.6610169491525424,4,17,0.23529411764705882,0.5692917847025496,0.513557080267835,0.6722689075630253,18.757575757575758,1,6,83,53,13,13.833333333333334,8.833333333333334,2.1666666666666665,20.0,9.5,3.176470588235294,22.41176470588235,0.510934393638171,0.5574501573976915,-4.9393939393939394,-0.6212121212121211,-0.7522281639928696,-3.6541889483065937,7,20,14,0.5882352941176471,Y,3,WE,2598,2523,75,77.0,170
leslili01w,10,LAS,0,C,0,23,21,638,354,151,49,16,33,59,75,15.391304347826088,6.565217391304348,2.130434782608696,0.6956521739130435,1.434782608695652,27.73913043478261,2.5652173913043477,144,278,0.5179856115107914,65,90,0.7222222222222222,1,6,0.16666666666666666,0.590282131661442,0.5573047858942065,0.8305084745762712,16.73913043478261,1,6,100,55,12,16.666666666666668,9.166666666666666,2.0,15.06060606060606,8.878787878787879,2.4242424242424243,18.757575757575758,0.4630541871921182,0.513557080267835,0.33069828722002725,-2.3135704874835312,-0.2938076416337285,-2.0184453227931485,8,18,16,0.5294117647058824,Y,3,WE,2533,2498,35,77.0,170
leuchye01w,7,CHA,0,C,0,4,0,38,12,5,3,0,1,1,5,3.0,1.25,0.75,0.0,0.25,9.5,0.25,5,10,0.5,2,4,0.5,0,0,0.0,0.3357894736842105,0.5102040816326531,3.0,3.25,0,0,0,0,0,0.0,0.0,0.0,,,,,,,,,,,0,11,23,0.3235294117647059,N,6,EA,2456,2571,-115,77.0,195
leuchye01w,8,WAS,0,C,0,6,0,29,4,3,3,2,0,3,7,0.6666666666666666,0.5,0.5,0.3333333333333333,0.0,4.833333333333333,0.5,1,6,0.16666666666666666,2,2,1.0,0,0,0.0,0.3406896551724138,0.29069767441860467,1.0,0.6666666666666666,0,0,0,0,0,0.0,0.0,0.0,3.0,1.25,0.75,3.25,0.5,0.5102040816326531,-2.3333333333333335,-0.75,-0.25,-2.5833333333333335,1,16,18,0.47058823529411764,N,5,EA,2585,2639,-54,77.0,195
levanni01w,2,LAS,0,G,0,13,0,67,20,9,7,5,1,5,3,1.5384615384615385,0.6923076923076923,0.5384615384615384,0.38461538461538464,0.07692307692307693,5.153846153846154,0.38461538461538464,7,22,0.3181818181818182,1,1,1.0,5,17,0.29411764705882354,0.4095522388059702,0.44563279857397503,1.4,1.6923076923076923,1,3,0,0,0,0.0,0.0,0.0,,,,,,,,,,,0,28,4,0.875,Y,1,WE,2441,2166,275,68.0,163
lewista01w,3,SEA,0,F-C,0,14,0,57,18,24,3,2,0,7,12,1.2857142857142858,1.7142857142857142,0.21428571428571427,0.14285714285714285,0.0,4.071428571428571,0.5,4,10,0.4,10,18,0.5555555555555556,0,1,0.0,0.43719298245614036,0.5022321428571428,0.42857142857142855,1.8571428571428572,0,0,0,0,0,0.0,0.0,0.0,,,,,,,,,,,0,17,15,0.53125,Y,4,WE,2188,2103,85,74.0,212
lewisty01w,2,HOU,0,G,0,29,4,419,97,62,15,11,4,26,26,3.3448275862068964,2.1379310344827585,0.5172413793103449,0.3793103448275862,0.13793103448275862,14.448275862068966,0.896551724137931,39,92,0.42391304347826086,11,17,0.6470588235294118,8,20,0.4,0.2994749403341289,0.487535182951347,0.5769230769230769,3.586206896551724,1,2,0,0,2,0.0,0.0,1.0,,,,,,,,,,,0,19,13,0.59375,Y,4,WE,2047,1994,53,70.0,152
lewisty01w,3,HOU,0,G,0,17,1,145,34,18,9,3,3,9,18,2.0,1.0588235294117647,0.5294117647058824,0.17647058823529413,0.17647058823529413,8.529411764705882,0.5294117647058824,13,30,0.43333333333333335,5,8,0.625,3,8,0.375,0.29324137931034483,0.5071599045346061,1.0,2.235294117647059,0,0,0,0,0,0.0,0.0,0.0,3.3448275862068964,2.1379310344827585,0.5172413793103449,3.586206896551724,0.42391304347826086,0.487535182951347,-1.3448275862068964,-1.0791075050709937,0.012170385395537497,-1.3509127789046653,1,24,8,0.75,Y,2,WE,2072,1892,180,70.0,152
lewisty01w,4,CHA,0,G,0,23,0,234,70,33,20,10,6,16,18,3.0434782608695654,1.434782608695652,0.8695652173913043,0.43478260869565216,0.2608695652173913,10.173913043478262,0.6956521739130435,26,62,0.41935483870967744,11,12,0.9166666666666666,7,13,0.5384615384615384,0.3558974358974359,0.5202140309155767,1.25,3.739130434782609,1,2,14,3,4,7.0,1.5,2.0,2.0,1.0588235294117647,0.5294117647058824,2.235294117647059,0.43333333333333335,0.5071599045346061,1.0434782608695654,0.3759590792838874,0.34015345268542196,1.50383631713555,2,18,16,0.5294117647058824,Y,2,EA,2217,2195,22,70.0,152
lewisty01w,5,CHA,0,G,0,34,2,617,246,57,44,27,7,44,47,7.235294117647059,1.6764705882352942,1.2941176470588236,0.7941176470588235,0.20588235294117646,18.147058823529413,1.2941176470588236,91,210,0.43333333333333335,44,58,0.7586206896551724,20,50,0.4,0.453030794165316,0.5222486413043478,1.0,6.0,0,0,0,0,0,0.0,0.0,0.0,3.0434782608695654,1.434782608695652,0.8695652173913043,3.739130434782609,0.41935483870967744,0.5202140309155767,4.1918158567774935,0.24168797953964205,0.42455242966751927,2.260869565217391,3,16,18,0.47058823529411764,N,5,EA,2092,2168,-76,70.0,152
lewisty01w,6,CHA,1,G,0,10,1,166,47,20,13,3,3,11,7,4.7,2.0,1.3,0.3,0.3,16.6,1.1,19,61,0.3114754098360656,8,16,0.5,1,12,0.08333333333333333,0.4761445783132531,0.3453850676072898,1.1818181818181819,2.5,0,0,0,0,0,0.0,0.0,0.0,7.235294117647059,1.6764705882352942,1.2941176470588236,6.0,0.43333333333333335,0.5222486413043478,-2.5352941176470587,0.32352941176470584,0.00588235294117645,-3.5,4,6,28,0.17647058823529413,N,6,EA,2095,2335,-240,70.0,152
lewisty01w,6,MIN,2,G,0,11,0,90,28,5,7,3,1,11,7,2.5454545454545454,0.45454545454545453,0.6363636363636364,0.2727272727272727,0.09090909090909091,8.181818181818182,1.0,10,27,0.37037037037037035,7,9,0.7777777777777778,1,3,0.3333333333333333,0.4662222222222222,0.45219638242894056,0.6363636363636364,1.2727272727272727,0,0,0,0,0,0.0,0.0,0.0,4.7,2.0,1.3,2.5,0.3114754098360656,0.3453850676072898,-2.1545454545454548,-1.5454545454545454,-0.6636363636363637,-1.2272727272727273,5,14,20,0.4117647058823529,N,6,WE,2211,2288,-77,70.0,152
lewisty01w,7,MIN,0,G,0,19,0,202,46,27,18,12,5,16,16,2.4210526315789473,1.4210526315789473,0.9473684210526315,0.631578947368421,0.2631578947368421,10.631578947368421,0.8421052631578947,19,55,0.34545454545454546,7,10,0.7,1,11,0.09090909090909091,0.3732673267326733,0.3872053872053872,1.125,2.789473684210526,0,0,0,0,0,0.0,0.0,0.0,2.5454545454545454,0.45454545454545453,0.6363636363636364,1.2727272727272727,0.37037037037037035,0.45219638242894056,-0.12440191387559807,0.9665071770334928,0.3110047846889952,1.5167464114832534,6,10,24,0.29411764705882354,N,7,WE,2523,2735,-212,70.0,152
liebena01w,9,DET,0,G,0,1,0,9,0,0,2,0,0,2,0,0.0,0.0,2.0,0.0,0.0,9.0,2.0,0,1,0.0,0,0,0.0,0,0,0.0,0.3333333333333333,0.0,1.0,-1.0,0,0,0,0,0,0.0,0.0,0.0,,,,,,,,,,,0,22,12,0.6470588235294118,Y,1,EA,2672,2522,150,70.0,150
littlca01w,8,SAS,0,F,0,34,7,711,132,152,23,30,11,40,70,3.8823529411764706,4.470588235294118,0.6764705882352942,0.8823529411764706,0.3235294117647059,20.91176470588235,1.1764705882352942,54,131,0.4122137404580153,21,40,0.525,3,11,0.2727272727272727,0.2652601969057665,0.44414535666218036,0.575,6.235294117647059,1,5,18,11,4,3.6,2.2,0.8,,,,,,,,,,,0,20,14,0.5882352941176471,Y,2,WE,2517,2484,33,74.0,180
littlca01w,9,ATL,1,F,0,13,2,221,62,40,9,10,7,18,34,4.769230769230769,3.076923076923077,0.6923076923076923,0.7692307692307693,0.5384615384615384,17.0,1.3846153846153846,21,50,0.42,16,27,0.5925925925925926,4,10,0.4,0.36144796380090494,0.5009696186166774,0.5,5.384615384615385,0,0,0,0,0,0.0,0.0,0.0,3.8823529411764706,4.470588235294118,0.6764705882352942,6.235294117647059,0.4122137404580153,0.44414535666218036,0.8868778280542986,-1.3936651583710407,0.015837104072398134,-0.8506787330316739,1,4,30,0.11764705882352941,N,7,EA,2534,2879,-345,74.0,180
littlca01w,9,SEA,2,F,0,19,13,442,185,83,27,18,6,42,52,9.736842105263158,4.368421052631579,1.4210526315789473,0.9473684210526315,0.3157894736842105,23.263157894736842,2.210526315789474,75,141,0.5319148936170213,30,45,0.6666666666666666,5,15,0.3333333333333333,0.45882352941176474,0.5752487562189055,0.6428571428571429,10.31578947368421,1,3,35,10,1,11.666666666666666,3.3333333333333335,0.3333333333333333,4.769230769230769,3.076923076923077,0.6923076923076923,5.384615384615385,0.42,0.5009696186166774,4.967611336032388,1.2914979757085017,0.728744939271255,4.931174089068826,2,22,12,0.6470588235294118,Y,2,WE,2493,2406,87,74.0,180
littlca01w,10,SEA,0,F,0,34,34,1044,341,222,35,39,13,67,118,10.029411764705882,6.529411764705882,1.0294117647058822,1.1470588235294117,0.38235294117647056,30.705882352941178,1.9705882352941178,124,263,0.4714828897338403,86,126,0.6825396825396826,7,27,0.25925925925925924,0.36919540229885056,0.5354226855922622,0.5223880597014925,11.882352941176471,1,3,23,10,3,7.666666666666667,3.3333333333333335,1.0,9.736842105263158,4.368421052631579,1.4210526315789473,10.31578947368421,0.5319148936170213,0.5752487562189055,0.2925696594427247,2.1609907120743035,-0.3916408668730651,1.5665634674922604,3,20,14,0.5882352941176471,Y,2,WE,2544,2476,68,74.0,180
lloydan01w,1,MIN,0,F,0,14,2,333,75,43,22,12,2,24,32,5.357142857142857,3.0714285714285716,1.5714285714285714,0.8571428571428571,0.14285714285714285,23.785714285714285,1.7142857142857142,26,68,0.38235294117647056,12,17,0.7058823529411765,11,32,0.34375,0.29873873873873874,0.4968203497615262,0.9166666666666666,5.928571428571429,0,0,0,0,0,0.0,0.0,0.0,,,,,,,,,,,0,15,17,0.46875,N,6,WE,2193,2188,5,74.0,175
lobore01w,2,NYL,0,F,0,16,0,85,17,14,1,2,0,7,16,1.0625,0.875,0.0625,0.125,0.0,5.3125,0.4375,7,22,0.3181818181818182,2,4,0.5,1,2,0.5,0.3618823529411765,0.3577441077441077,0.14285714285714285,0.625,0,0,0,0,0,0.0,0.0,0.0,,,,,,,,,,,0,21,11,0.65625,Y,2,EA,2162,2082,80,76.0,190
lobore01w,3,HOU,0,F,0,21,0,132,34,23,12,1,5,11,10,1.619047619047619,1.0952380952380953,0.5714285714285714,0.047619047619047616,0.23809523809523808,6.285714285714286,0.5238095238095238,15,32,0.46875,1,4,0.25,3,7,0.42857142857142855,0.33909090909090905,0.5035545023696683,1.0909090909090908,2.0952380952380953,0,0,0,0,0,0.0,0.0,0.0,1.0625,0.875,0.0625,0.625,0.3181818181818182,0.3577441077441077,0.5565476190476191,0.22023809523809534,0.5089285714285714,1.4702380952380953,1,24,8,0.75,Y,2,WE,2072,1892,180,76.0,190
lobore01w,4,CON,0,F,0,25,13,297,59,52,5,6,15,14,33,2.36,2.08,0.2,0.24,0.6,11.88,0.56,25,88,0.2840909090909091,2,9,0.2222222222222222,7,28,0.25,0.35676767676767673,0.32079164854284475,0.35714285714285715,2.12,1,2,9,8,5,4.5,4.0,2.5,1.619047619047619,1.0952380952380953,0.5714285714285714,2.0952380952380953,0.46875,0.5035545023696683,0.7409523809523808,0.9847619047619047,-0.3714285714285714,0.024761904761904763,2,18,16,0.5294117647058824,Y,3,EA,2384,2409,-25,76.0,190
lovelst01w,1,SEA,0,F,0,23,1,324,99,57,16,13,2,35,42,4.304347826086956,2.4782608695652173,0.6956521739130435,0.5652173913043478,0.08695652173913043,14.08695652173913,1.5217391304347827,36,103,0.34951456310679613,25,31,0.8064516129032258,2,9,0.2222222222222222,0.46802469135802466,0.4243827160493827,0.45714285714285713,3.4347826086956523,0,0,0,0,0,0.0,0.0,0.0,,,,,,,,,,,0,6,26,0.1875,N,8,WE,1822,2171,-349,76.0,170
lovelst01w,2,SEA,0,F,0,22,2,211,76,32,9,8,5,18,23,3.4545454545454546,1.4545454545454546,0.4090909090909091,0.36363636363636365,0.22727272727272727,9.590909090909092,0.8181818181818182,27,71,0.38028169014084506,12,17,0.7058823529411765,10,26,0.38461538461538464,0.45725118483412325,0.4841997961264016,0.5,2.8636363636363638,0,0,0,0,0,0.0,0.0,0.0,4.304347826086956,2.4782608695652173,0.6956521739130435,3.4347826086956523,0.34951456310679613,0.4243827160493827,-0.8498023715415015,-1.0237154150197627,-0.28656126482213434,-0.5711462450592886,1,10,22,0.3125,N,8,WE,1921,2048,-127,76.0,170
lovelst01w,5,MIN,0,F,0,34,0,388,121,66,20,18,9,45,47,3.5588235294117645,1.9411764705882353,0.5882352941176471,0.5294117647058824,0.2647058823529412,11.411764705882353,1.3235294117647058,49,122,0.4016393442622951,20,24,0.8333333333333334,3,17,0.17647058823529413,0.45762886597938146,0.4563971031985516,0.4444444444444444,3.2941176470588234,1,2,6,3,1,3.0,1.5,0.5,3.4545454545454546,1.4545454545454546,0.4090909090909091,2.8636363636363638,0.38028169014084506,0.4841997961264016,0.10427807486630991,0.4866310160427807,0.17914438502673796,0.4304812834224596,2,18,16,0.5294117647058824,Y,3,WE,2165,2190,-25,76.0,170
lovelst01w,6,MIN,0,F,0,34,2,594,209,107,31,24,11,37,57,6.147058823529412,3.1470588235294117,0.9117647058823529,0.7058823529411765,0.3235294117647059,17.470588235294116,1.088235294117647,70,173,0.4046242774566474,43,54,0.7962962962962963,26,63,0.4126984126984127,0.3935353535353535,0.5311038829030291,0.8378378378378378,6.794117647058823,0,0,0,0,0,0.0,0.0,0.0,3.5588235294117645,1.9411764705882353,0.5882352941176471,3.2941176470588234,0.4016393442622951,0.4563971031985516,2.5882352941176476,1.2058823529411764,0.32352941176470584,3.5,3,14,20,0.4117647058823529,N,6,WE,2211,2288,-77,76.0,170
lovelst01w,7,CHI,0,F,0,34,6,623,253,136,22,19,20,53,69,7.4411764705882355,4.0,0.6470588235294118,0.5588235294117647,0.5882352941176471,18.323529411764707,1.5588235294117647,95,229,0.4148471615720524,44,56,0.7857142857142857,19,63,0.30158730158730157,0.49219903691813804,0.49873836934237503,0.41509433962264153,7.382352941176471,0,0,0,0,0,0.0,0.0,0.0,6.147058823529412,3.1470588235294117,0.9117647058823529,6.794117647058823,0.4046242774566474,0.5311038829030291,1.2941176470588234,0.8529411764705883,-0.2647058823529411,0.5882352941176476,4,5,29,0.14705882352941177,N,7,EA,2322,2687,-365,76.0,170
lovelst01w,8,WAS,0,F,0,9,0,105,24,13,2,4,0,7,13,2.6666666666666665,1.4444444444444444,0.2222222222222222,0.4444444444444444,0.0,11.666666666666666,0.7777777777777778,9,21,0.42857142857142855,4,8,0.5,2,7,0.2857142857142857,0.3001904761904762,0.4893964110929853,0.2857142857142857,2.2222222222222223,0,0,0,0,0,0.0,0.0,0.0,7.4411764705882355,4.0,0.6470588235294118,7.382352941176471,0.4148471615720524,0.49873836934237503,-4.774509803921569,-2.5555555555555554,-0.4248366013071896,-5.160130718954249,5,16,18,0.47058823529411764,N,5,EA,2585,2639,-54,76.0,170
lovelst01w,9,ATL,1,F,0,15,7,258,91,54,15,17,10,18,34,6.066666666666666,3.6,1.0,1.1333333333333333,0.6666666666666666,17.2,1.2,36,89,0.4044943820224719,9,13,0.6923076923076923,10,24,0.4166666666666667,0.4368992248062015,0.48036317567567566,0.8333333333333334,7.466666666666667,0,0,0,0,0,0.0,0.0,0.0,2.6666666666666665,1.4444444444444444,0.2222222222222222,2.2222222222222223,0.42857142857142855,0.4893964110929853,3.4,2.155555555555556,0.7777777777777778,5.2444444444444445,6,4,30,0.11764705882352941,N,7,EA,2534,2879,-345,76.0,170
lovelst01w,9,DET,2,F,0,7,2,44,10,7,1,1,0,4,6,1.4285714285714286,1.0,0.14285714285714285,0.14285714285714285,0.0,6.285714285714286,0.5714285714285714,2,7,0.2857142857142857,4,6,0.6666666666666666,2,5,0.4,0.31,0.5186721991701244,0.25,1.1428571428571428,0,0,0,0,0,0.0,0.0,0.0,6.066666666666666,3.6,1.0,7.466666666666667,0.4044943820224719,0.48036317567567566,-4.638095238095238,-2.6,-0.8571428571428572,-6.323809523809524,7,22,12,0.6470588235294118,Y,1,EA,2672,2522,150,76.0,170
luckepa01w,2,PHO,0,F,0,1,0,8,0,1,1,0,1,0,0,0.0,1.0,1.0,0.0,1.0,8.0,0.0,0,1,0.0,0,0,0.0,0,0,0.0,0.125,0.0,1.0,2.0,0,0,0,0,0,0.0,0.0,0.0,,,,,,,,,,,0,13,19,0.40625,N,5,WE,2064,2169,-105,73.0,165
luzhe01w,2,WAS,0,G,0,32,3,489,164,37,55,28,5,43,47,5.125,1.15625,1.71875,0.875,0.15625,15.28125,1.34375,55,136,0.40441176470588236,22,25,0.88,32,82,0.3902439024390244,0.3885480572597137,0.5578231292517006,1.2790697674418605,5.0625,0,0,0,0,0,0.0,0.0,0.0,,,,,,,,,,,0,10,22,0.3125,N,8,EA,1928,2075,-147,68.0,144
luzhe01w,3,WAS,0,G,0,32,0,474,187,32,48,18,5,43,40,5.84375,1.0,1.5,0.5625,0.15625,14.8125,1.34375,65,148,0.4391891891891892,15,19,0.7894736842105263,42,106,0.39622641509433965,0.4205907172995781,0.5979790227679713,1.1162790697674418,5.0,1,4,18,3,8,4.5,0.75,2.0,5.125,1.15625,1.71875,5.0625,0.40441176470588236,0.5578231292517006,0.71875,-0.15625,-0.21875,-0.0625,1,17,15,0.53125,Y,3,EA,2135,2116,19,68.0,144
luzhe01w,4,WAS,0,G,0,20,0,165,59,10,21,6,2,11,16,2.95,0.5,1.05,0.3,0.1,8.25,0.55,19,53,0.3584905660377358,9,10,0.9,12,40,0.3,0.4145454545454546,0.5139372822299652,1.9090909090909092,2.6,0,0,0,0,0,0.0,0.0,0.0,5.84375,1.0,1.5,5.0,0.4391891891891892,0.5979790227679713,-2.89375,-0.5,-0.44999999999999996,-2.4,2,9,25,0.2647058823529412,N,7,EA,2330,2498,-168,68.0,144
lyttlsa01w,6,HOU,0,F,0,33,0,460,140,125,17,20,3,23,45,4.242424242424242,3.787878787878788,0.5151515151515151,0.6060606060606061,0.09090909090909091,13.93939393939394,0.696969696969697,59,101,0.5841584158415841,22,40,0.55,0,0,0.0,0.30782608695652175,0.5902192242833053,0.7391304347826086,6.7272727272727275,1,5,10,12,0,2.0,2.4,0.0,,,,,,,,,,,0,19,15,0.5588235294117647,Y,3,WE,2309,2263,46,76.0,175
lyttlsa01w,7,HOU,0,F,0,29,2,380,106,114,8,25,4,18,61,3.6551724137931036,3.9310344827586206,0.27586206896551724,0.8620689655172413,0.13793103448275862,13.10344827586207,0.6206896551724138,40,87,0.45977011494252873,26,42,0.6190476190476191,0,0,0.0,0.32494736842105265,0.502464922260144,0.4444444444444444,6.068965517241379,1,2,11,10,0,5.5,5.0,0.0,4.242424242424242,3.787878787878788,0.5151515151515151,6.7272727272727275,0.5841584158415841,0.5902192242833053,-0.5872518286311386,0.14315569487983248,-0.2392894461859979,-0.6583072100313485,1,18,16,0.5294117647058824,Y,3,WE,2507,2449,58,76.0,175
lyttlsa01w,8,HOU,0,F,0,31,25,506,183,164,30,37,20,40,62,5.903225806451613,5.290322580645161,0.967741935483871,1.1935483870967742,0.6451612903225806,16.322580645161292,1.2903225806451613,77,156,0.4935897435897436,29,51,0.5686274509803921,0,0,0.0,0.431699604743083,0.5127774041694687,0.75,9.451612903225806,0,0,0,0,0,0.0,0.0,0.0,3.6551724137931036,3.9310344827586206,0.27586206896551724,6.068965517241379,0.45977011494252873,0.502464922260144,2.2480533926585093,1.3592880978865405,0.6918798665183538,3.382647385984427,2,13,21,0.38235294117647056,N,5,WE,2510,2628,-118,76.0,175
lyttlsa01w,9,HOU,0,F,0,27,9,489,222,168,24,40,27,30,64,8.222222222222221,6.222222222222222,0.8888888888888888,1.4814814814814814,1.0,18.11111111111111,1.1111111111111112,92,158,0.5822784810126582,38,51,0.7450980392156863,0,0,0.0,0.4303476482617587,0.6151629350476613,0.8,13.777777777777779,0,0,0,0,0,0.0,0.0,0.0,5.903225806451613,5.290322580645161,0.967741935483871,9.451612903225806,0.4935897435897436,0.5127774041694687,2.3189964157706084,0.9318996415770613,-0.07885304659498216,4.3261648745519725,3,17,17,0.5,N,5,WE,2561,2606,-45,76.0,175
lyttlsa01w,10,ATL,0,F,0,34,31,931,443,254,51,68,22,64,105,13.029411764705882,7.470588235294118,1.5,2.0,0.6470588235294118,27.38235294117647,1.8823529411764706,184,363,0.5068870523415978,75,101,0.7425742574257426,0,1,0.0,0.5063802363050484,0.543638327115649,0.796875,16.735294117647058,1,2,17,10,4,8.5,5.0,2.0,8.222222222222221,6.222222222222222,0.8888888888888888,13.777777777777779,0.5822784810126582,0.6151629350476613,4.807189542483661,1.2483660130718954,0.6111111111111112,2.9575163398692794,4,18,16,0.5294117647058824,Y,2,EA,2861,2797,64,76.0,175
mabikmw01w,1,LAS,0,G-F,0,32,32,940,394,179,98,58,18,51,117,12.3125,5.59375,3.0625,1.8125,0.5625,29.375,1.59375,130,335,0.3880597014925373,73,89,0.8202247191011236,61,159,0.3836477987421384,0.45229787234042557,0.526512721830233,1.9215686274509804,14.84375,1,4,70,21,4,17.5,5.25,1.0,,,,,,,,,,,0,28,4,0.875,Y,1,WE,2417,2169,248,71.0,165
mabikmw01w,2,LAS,0,G-F,0,28,24,828,313,130,87,39,11,44,74,11.178571428571429,4.642857142857143,3.107142857142857,1.3928571428571428,0.39285714285714285,29.571428571428573,1.5714285714285714,99,256,0.38671875,68,79,0.8607594936708861,47,123,0.3821138211382114,0.40429951690821253,0.5382446003576833,1.9772727272727273,13.142857142857142,1,7,63,46,17,9.0,6.571428571428571,2.4285714285714284,12.3125,5.59375,3.0625,14.84375,0.3880597014925373,0.526512721830233,-1.1339285714285712,-0.9508928571428568,0.044642857142857206,-1.7008928571428577,1,28,4,0.875,Y,1,WE,2441,2166,275,71.0,165
mabikmw01w,3,LAS,0,G-F,0,32,32,1050,539,167,92,38,9,62,90,16.84375,5.21875,2.875,1.1875,0.28125,32.8125,1.9375,188,444,0.42342342342342343,99,118,0.8389830508474576,64,175,0.3657142857142857,0.531352380952381,0.5434344249072431,1.4838709677419355,15.875,1,6,88,41,25,14.666666666666666,6.833333333333333,4.166666666666667,11.178571428571429,4.642857142857143,3.107142857142857,13.142857142857142,0.38671875,0.5382446003576833,5.665178571428571,0.5758928571428568,-0.2321428571428572,2.7321428571428577,2,25,7,0.78125,Y,1,WE,2452,2235,217,71.0,165
mabikmw01w,4,LAS,0,G-F,0,32,30,1042,441,141,82,30,18,74,105,13.78125,4.40625,2.5625,0.9375,0.5625,32.5625,2.3125,158,388,0.4072164948453608,97,112,0.8660714285714286,28,106,0.2641509433962264,0.4906717850287908,0.5042535675082327,1.1081081081081081,12.28125,1,9,129,50,21,14.333333333333334,5.555555555555555,2.3333333333333335,16.84375,5.21875,2.875,15.875,0.42342342342342343,0.5434344249072431,-3.0625,-0.8125,-0.3125,-3.59375,3,24,10,0.7058823529411765,Y,1,WE,2499,2432,67,71.0,165
mabikmw01w,5,LAS,0,G-F,0,31,31,965,445,122,75,36,3,48,88,14.35483870967742,3.935483870967742,2.4193548387096775,1.1612903225806452,0.0967741935483871,31.129032258064516,1.5483870967741935,159,383,0.4151436031331593,89,108,0.8240740740740741,38,94,0.40425531914893614,0.49587564766839376,0.5168168726191582,1.5625,12.580645161290322,1,3,56,8,10,18.666666666666668,2.6666666666666665,3.3333333333333335,13.78125,4.40625,2.5625,12.28125,0.4072164948453608,0.5042535675082327,0.5735887096774199,-0.470766129032258,-0.1431451612903225,0.29939516129032206,4,25,9,0.7352941176470589,Y,1,WE,2495,2361,134,71.0,165
mabikmw01w,6,LAS,0,G-F,0,17,14,367,99,27,29,15,0,14,43,5.823529411764706,1.588235294117647,1.7058823529411764,0.8823529411764706,0.0,21.58823529411765,0.8235294117647058,39,122,0.319672131147541,10,20,0.5,11,49,0.22448979591836735,0.3945504087193461,0.378440366972477,2.0714285714285716,3.7058823529411766,1,1,2,0,0,2.0,0.0,0.0,14.35483870967742,3.935483870967742,2.4193548387096775,12.580645161290322,0.4151436031331593,0.5168168726191582,-8.531309297912713,-2.3472485768500952,-0.7134724857685011,-8.874762808349146,5,17,17,0.5,Y,4,WE,2326,2345,-19,71.0,165
mabikmw01w,7,LAS,0,G-F,0,32,32,679,272,64,48,19,6,37,77,8.5,2.0,1.5,0.59375,0.1875,21.21875,1.15625,92,244,0.3770491803278688,56,63,0.8888888888888888,32,96,0.3333333333333333,0.45466863033873345,0.5005152362726335,1.2972972972972974,6.65625,1,5,77,20,10,15.4,4.0,2.0,5.823529411764706,1.588235294117647,1.7058823529411764,3.7058823529411766,0.319672131147541,0.378440366972477,2.6764705882352944,0.41176470588235303,-0.2058823529411764,2.9503676470588234,6,25,9,0.7352941176470589,Y,1,WE,2575,2476,99,71.0,165
mabikmw01w,8,LAS,0,G-F,0,33,23,762,267,126,72,28,4,73,90,8.090909090909092,3.8181818181818183,2.1818181818181817,0.8484848484848485,0.12121212121212122,23.09090909090909,2.212121212121212,94,258,0.3643410852713178,43,57,0.7543859649122807,36,116,0.3103448275862069,0.4672965879265092,0.4715981348028826,0.9863013698630136,7.454545454545454,0,0,0,0,0,0.0,0.0,0.0,8.5,2.0,1.5,6.65625,0.3770491803278688,0.5005152362726335,-0.4090909090909083,1.8181818181818183,0.6818181818181817,0.7982954545454541,7,10,24,0.29411764705882354,N,7,WE,2533,2708,-175,71.0,165
mabikmw01w,9,HOU,0,G-F,0,20,11,327,92,37,17,10,0,12,39,4.6,1.85,0.85,0.5,0.0,16.35,0.6,30,99,0.30303030303030304,15,21,0.7142857142857143,17,62,0.27419354838709675,0.36770642201834863,0.42498152254249816,1.4166666666666667,3.45,0,0,0,0,0,0.0,0.0,0.0,8.090909090909092,3.8181818181818183,2.1818181818181817,7.454545454545454,0.3643410852713178,0.4715981348028826,-3.490909090909092,-1.9681818181818183,-1.3318181818181816,-4.004545454545454,8,17,17,0.5,N,5,WE,2561,2606,-45,71.0,165
macchla01w,5,LAS,0,F,0,25,15,410,152,61,14,21,6,29,56,6.08,2.44,0.56,0.84,0.24,16.4,1.16,52,106,0.49056603773584906,41,55,0.7454545454545455,7,26,0.2692307692307692,0.3882926829268292,0.5837173579109064,0.4827586206896552,6.28,1,1,2,4,1,2.0,4.0,1.0,,,,,,,,,,,0,25,9,0.7352941176470589,Y,1,WE,2495,2361,134,73.0,169
macchla01w,6,LAS,0,F,0,13,1,148,63,18,7,8,1,13,23,4.846153846153846,1.3846153846153846,0.5384615384615384,0.6153846153846154,0.07692307692307693,11.384615384615385,1.0,21,53,0.39622641509433965,12,17,0.7058823529411765,9,28,0.32142857142857145,0.4964864864864865,0.5208333333333333,0.5384615384615384,3.6153846153846154,1,2,7,0,0,3.5,0.0,0.0,6.08,2.44,0.56,6.28,0.49056603773584906,0.5837173579109064,-1.2338461538461543,-1.0553846153846154,-0.021538461538461617,-2.664615384615385,1,17,17,0.5,Y,4,WE,2326,2345,-19,73.0,169
machacl01w,1,LAS,0,C-F,0,31,1,421,110,72,18,13,4,19,66,3.5483870967741935,2.3225806451612905,0.5806451612903226,0.41935483870967744,0.12903225806451613,13.580645161290322,0.6129032258064516,48,83,0.5783132530120482,14,25,0.56,0,1,0.0,0.2684085510688836,0.5851063829787234,0.9473684210526315,4.903225806451613,1,4,12,11,0,3.0,2.75,0.0,,,,,,,,,,,0,28,4,0.875,Y,1,WE,2417,2169,248,77.0,180
machacl01w,2,CHA,0,C-F,0,30,8,580,163,121,17,16,16,41,95,5.433333333333334,4.033333333333333,0.5666666666666667,0.5333333333333333,0.5333333333333333,19.333333333333332,1.3666666666666667,63,126,0.5,37,57,0.6491228070175439,0,0,0.0,0.33117241379310347,0.5394492983849616,0.4146341463414634,6.966666666666667,1,8,38,19,2,4.75,2.375,0.25,3.5483870967741935,2.3225806451612905,0.5806451612903226,4.903225806451613,0.5783132530120482,0.5851063829787234,1.88494623655914,1.7107526881720427,-0.013978494623655968,2.063440860215054,1,18,14,0.5625,Y,4,EA,2055,2009,46,77.0,180
machacl01w,3,ORL,0,C-F,0,29,25,428,138,64,17,12,4,33,61,4.758620689655173,2.206896551724138,0.5862068965517241,0.41379310344827586,0.13793103448275862,14.758620689655173,1.1379310344827587,61,114,0.5350877192982456,16,25,0.64,0,0,0.0,0.3691588785046729,0.552,0.5151515151515151,4.827586206896552,0,0,0,0,0,0.0,0.0,0.0,5.433333333333334,4.033333333333333,0.5666666666666667,6.966666666666667,0.5,0.5394492983849616,-0.674712643678161,-1.8264367816091953,0.019540229885057436,-2.139080459770115,2,16,16,0.5,N,5,EA,2254,2255,-1,77.0,180
mahonme01w,7,CON,0,F,0,31,1,351,76,66,24,7,1,25,38,2.4516129032258065,2.129032258064516,0.7741935483870968,0.22580645161290322,0.03225806451612903,11.32258064516129,0.8064516129032258,26,85,0.3058823529411765,17,19,0.8947368421052632,7,29,0.2413793103448276,0.3372079772079772,0.4070265638389032,0.96,2.838709677419355,1,4,0,2,0,0.0,0.5,0.0,,,,,,,,,,,0,26,8,0.7647058823529411,Y,1,EA,2683,2417,266,72.0,160
mahonme01w,8,CON,0,F,0,18,0,121,31,14,8,4,1,11,18,1.7222222222222223,0.7777777777777778,0.4444444444444444,0.2222222222222222,0.05555555555555555,6.722222222222222,0.6111111111111112,7,28,0.25,16,22,0.7272727272727273,1,6,0.16666666666666666,0.40231404958677686,0.4113588110403397,0.7272727272727273,1.1111111111111112,1,2,7,3,0,3.5,1.5,0.0,2.4516129032258065,2.129032258064516,0.7741935483870968,2.838709677419355,0.3058823529411765,0.4070265638389032,-0.7293906810035842,-1.3512544802867383,-0.32974910394265233,-1.7275985663082438,1,18,16,0.5294117647058824,Y,3,EA,2675,2593,82,72.0,160
mahonsh01w,1,NYL,0,F,0,15,3,158,27,30,4,2,1,5,14,1.8,2.0,0.26666666666666666,0.13333333333333333,0.06666666666666667,10.533333333333333,0.3333333333333333,11,38,0.2894736842105263,4,8,0.5,1,5,0.2,0.29443037974683545,0.3251445086705202,0.8,1.8666666666666667,0,0,0,0,0,0.0,0.0,0.0,,,,,,,,,,,0,20,12,0.625,Y,1,EA,2148,2035,113,76.0,178
mahonsh01w,3,PHO,0,F,0,3,0,13,5,2,1,0,0,1,4,1.6666666666666667,0.6666666666666666,0.3333333333333333,0.0,0.0,4.333333333333333,0.3333333333333333,2,3,0.6666666666666666,1,1,1.0,0,1,0.0,0.3415384615384615,0.7267441860465116,1.0,2.0,0,0,0,0,0,0.0,0.0,0.0,1.8,2.0,0.26666666666666666,1.8666666666666667,0.2894736842105263,0.3251445086705202,-0.1333333333333333,-1.3333333333333335,0.06666666666666665,0.1333333333333333,1,11,21,0.34375,N,7,WE,2091,2291,-200,76.0,178
maigaha01w,3,SAC,0,G-F,0,23,3,197,40,37,9,15,3,23,37,1.7391304347826086,1.608695652173913,0.391304347826087,0.6521739130434783,0.13043478260869565,8.565217391304348,1.0,13,53,0.24528301886792453,14,30,0.4666666666666667,0,0,0.0,0.45279187817258887,0.3021148036253776,0.391304347826087,1.0869565217391304,0,0,0,0,0,0.0,0.0,0.0,,,,,,,,,,,0,14,18,0.4375,N,6,WE,2166,2294,-128,73.0,160
maigaha01w,4,SAC,0,G-F,0,22,0,190,42,37,14,18,2,14,27,1.9090909090909092,1.6818181818181819,0.6363636363636364,0.8181818181818182,0.09090909090909091,8.636363636363637,0.6363636363636364,17,52,0.3269230769230769,8,20,0.4,0,0,0.0,0.39368421052631575,0.34539473684210525,1.0,2.3636363636363638,1,4,2,3,2,0.5,0.75,0.5,1.7391304347826086,1.608695652173913,0.391304347826087,1.0869565217391304,0.24528301886792453,0.3021148036253776,0.16996047430830052,0.0731225296442688,0.24505928853754938,1.2766798418972334,1,19,15,0.5588235294117647,Y,3,WE,2299,2216,83,73.0,160
maigaha01w,5,SAC,0,G-F,0,34,0,480,140,71,25,29,6,49,63,4.117647058823529,2.088235294117647,0.7352941176470589,0.8529411764705882,0.17647058823529413,14.117647058823529,1.4411764705882353,62,132,0.4696969696969697,16,29,0.5517241379310345,0,0,0.0,0.4036666666666667,0.4835589941972921,0.5102040816326531,4.088235294117647,1,6,5,6,4,0.8333333333333334,1.0,0.6666666666666666,1.9090909090909092,1.6818181818181819,0.6363636363636364,2.3636363636363638,0.3269230769230769,0.34539473684210525,2.20855614973262,0.4064171122994653,0.09893048128342252,1.724598930481283,2,18,16,0.5294117647058824,Y,4,WE,2312,2241,71,73.0,160
maigaha01w,6,SAC,0,G-F,0,34,0,408,129,67,30,24,6,42,69,3.7941176470588234,1.9705882352941178,0.8823529411764706,0.7058823529411765,0.17647058823529413,12.0,1.2352941176470589,59,131,0.45038167938931295,11,35,0.3142857142857143,0,0,0.0,0.46176470588235297,0.44057377049180324,0.7142857142857143,3.4705882352941178,1,8,30,13,4,3.75,1.625,0.5,4.117647058823529,2.088235294117647,0.7352941176470589,4.088235294117647,0.4696969696969697,0.4835589941972921,-0.3235294117647056,-0.11764705882352944,0.1470588235294117,-0.617647058823529,3,25,9,0.7352941176470589,Y,1,WE,2329,2093,236,73.0,160
maigaha01w,7,SAC,0,G-F,0,34,7,537,177,73,30,32,9,45,80,5.205882352941177,2.1470588235294117,0.8823529411764706,0.9411764705882353,0.2647058823529412,15.794117647058824,1.3235294117647058,75,158,0.47468354430379744,27,48,0.5625,0,1,0.0,0.4173556797020484,0.49408217954443945,0.6666666666666666,5.0588235294117645,1,9,36,15,12,4.0,1.6666666666666667,1.3333333333333333,3.7941176470588234,1.9705882352941178,0.8823529411764706,3.4705882352941178,0.45038167938931295,0.44057377049180324,1.4117647058823533,0.17647058823529393,0.0,1.5882352941176467,4,21,13,0.6176470588235294,Y,2,WE,2537,2404,133,73.0,160
maigaha01w,8,HOU,0,G-F,0,34,34,1008,310,137,77,57,3,70,113,9.117647058823529,4.029411764705882,2.264705882352941,1.6764705882352942,0.08823529411764706,29.647058823529413,2.0588235294117645,122,269,0.45353159851301117,65,78,0.8333333333333334,1,5,0.2,0.37035714285714283,0.5110114730317816,1.1,10.411764705882353,0,0,0,0,0,0.0,0.0,0.0,5.205882352941177,2.1470588235294117,0.8823529411764706,5.0588235294117645,0.47468354430379744,0.49408217954443945,3.9117647058823524,1.8823529411764706,1.3823529411764706,5.352941176470589,5,13,21,0.38235294117647056,N,5,WE,2510,2628,-118,73.0,160
maigaha01w,9,HOU,0,G-F,0,26,22,590,202,85,39,33,8,57,64,7.769230769230769,3.269230769230769,1.5,1.2692307692307692,0.3076923076923077,22.692307692307693,2.1923076923076925,87,177,0.4915254237288136,27,39,0.6923076923076923,1,2,0.5,0.4256949152542373,0.5201895344046148,0.6842105263157895,8.0,0,0,0,0,0,0.0,0.0,0.0,9.117647058823529,4.029411764705882,2.264705882352941,10.411764705882353,0.45353159851301117,0.5110114730317816,-1.3484162895927598,-0.7601809954751131,-0.7647058823529411,-2.4117647058823533,6,17,17,0.5,N,5,WE,2561,2606,-45,73.0,160
maigaha01w,10,SAC,0,G-F,0,34,5,676,303,89,37,31,8,52,76,8.911764705882353,2.6176470588235294,1.088235294117647,0.9117647058823529,0.23529411764705882,19.88235294117647,1.5294117647058822,124,255,0.48627450980392156,55,77,0.7142857142857143,0,1,0.0,0.5042603550295858,0.524439213514262,0.7115384615384616,7.735294117647059,0,0,0,0,0,0.0,0.0,0.0,7.769230769230769,3.269230769230769,1.5,8.0,0.4915254237288136,0.5201895344046148,1.142533936651584,-0.6515837104072397,-0.41176470588235303,-0.2647058823529411,7,12,22,0.35294117647058826,N,6,WE,2610,2690,-80,73.0,160
malcona01w,2,IND,0,F,0,31,23,705,257,91,26,13,3,48,75,8.290322580645162,2.935483870967742,0.8387096774193549,0.41935483870967744,0.0967741935483871,22.741935483870968,1.5483870967741935,90,212,0.42452830188679247,54,62,0.8709677419354839,23,56,0.4107142857142857,0.40748936170212763,0.5370277499164159,0.5416666666666666,6.838709677419355,0,0,0,0,0,0.0,0.0,0.0,,,,,,,,,,,0,10,22,0.3125,N,6,EA,2153,2249,-96,73.0,170
malcona01w,3,IND,0,F,0,29,28,599,156,61,21,13,3,34,42,5.379310344827586,2.103448275862069,0.7241379310344828,0.4482758620689655,0.10344827586206896,20.655172413793103,1.1724137931034482,58,158,0.3670886075949367,28,37,0.7567567567567568,12,41,0.2926829268292683,0.3477128547579299,0.447555657562543,0.6176470588235294,3.8275862068965516,1,3,17,6,0,5.666666666666667,2.0,0.0,8.290322580645162,2.935483870967742,0.8387096774193549,6.838709677419355,0.42452830188679247,0.5370277499164159,-2.9110122358175756,-0.832035595105673,-0.11457174638487211,-3.0111234705228034,1,16,16,0.5,Y,4,EA,2097,2129,-32,73.0,170
malloso01w,4,PHO,0,C,0,6,0,44,10,10,0,1,4,6,7,1.6666666666666667,1.6666666666666667,0.0,0.16666666666666666,0.6666666666666666,7.333333333333333,1.0,4,9,0.4444444444444444,2,2,1.0,0,0,0.0,0.3609090909090909,0.5060728744939271,0.0,2.3333333333333335,0,0,0,0,0,0.0,0.0,0.0,,,,,,,,,,,0,8,26,0.23529411764705882,N,7,WE,2097,2270,-173,77.0,210
maltsev01w,8,CON,0,G,0,26,7,482,147,66,39,20,2,26,39,5.653846153846154,2.5384615384615383,1.5,0.7692307692307693,0.07692307692307693,18.53846153846154,1.0,53,140,0.37857142857142856,9,12,0.75,32,77,0.4155844155844156,0.3553526970954357,0.505919603524229,1.5,6.076923076923077,1,3,0,4,1,0.0,1.3333333333333333,0.3333333333333333,,,,,,,,,,,0,18,16,0.5294117647058824,Y,3,EA,2675,2593,82,71.0,165
mannish01w,1,MIA,0,F-C,0,24,9,403,103,100,17,23,4,39,59,4.291666666666667,4.166666666666667,0.7083333333333334,0.9583333333333334,0.16666666666666666,16.791666666666668,1.625,44,92,0.4782608695652174,14,26,0.5384615384615384,1,2,0.5,0.35344913151364765,0.49787316318638825,0.4358974358974359,6.166666666666667,0,0,0,0,0,0.0,0.0,0.0,,,,,,,,,,,0,13,19,0.40625,N,6,EA,1831,2001,-170,75.0,186
mannkr01w,6,MIN,0,F,0,24,0,185,71,35,11,8,1,7,16,2.9583333333333335,1.4583333333333333,0.4583333333333333,0.3333333333333333,0.041666666666666664,7.708333333333333,0.2916666666666667,30,60,0.5,11,16,0.6875,0,9,0.0,0.4002162162162162,0.5295346062052505,1.5714285714285714,3.5,0,0,0,0,0,0.0,0.0,0.0,,,,,,,,,,,0,14,20,0.4117647058823529,N,6,WE,2211,2288,-77,73.0,185
mannkr01w,7,MIN,0,F,0,33,33,894,245,113,94,19,7,50,71,7.424242424242424,3.4242424242424243,2.8484848484848486,0.5757575757575758,0.21212121212121213,27.09090909090909,1.5151515151515151,92,238,0.3865546218487395,25,34,0.7352941176470589,36,96,0.375,0.33888143176733787,0.4842662871600253,1.88,8.272727272727273,0,0,0,0,0,0.0,0.0,0.0,2.9583333333333335,1.4583333333333333,0.4583333333333333,3.5,0.5,0.5295346062052505,4.46590909090909,1.965909090909091,2.390151515151515,4.772727272727273,1,10,24,0.29411764705882354,N,7,WE,2523,2735,-212,73.0,185
mannkr01w,8,MIN,0,F,0,34,17,882,258,122,43,31,7,27,81,7.588235294117647,3.588235294117647,1.2647058823529411,0.9117647058823529,0.20588235294117646,25.941176470588236,0.7941176470588235,96,256,0.375,29,37,0.7837837837837838,37,106,0.3490566037735849,0.33931972789115644,0.4737769942706038,1.5925925925925926,7.823529411764706,0,0,0,0,0,0.0,0.0,0.0,7.424242424242424,3.4242424242424243,2.8484848484848486,8.272727272727273,0.3865546218487395,0.4842662871600253,0.16399286987522288,0.16399286987522288,-1.5837789661319075,-0.44919786096256775,2,10,24,0.29411764705882354,N,6,WE,2636,2752,-116,73.0,185
mannkr01w,9,ATL,1,F,0,13,8,223,45,19,14,8,4,14,23,3.4615384615384617,1.4615384615384615,1.0769230769230769,0.6153846153846154,0.3076923076923077,17.153846153846153,1.0769230769230769,18,44,0.4090909090909091,5,5,1.0,4,8,0.5,0.2699551569506727,0.487012987012987,1.0,3.8461538461538463,0,0,0,0,0,0.0,0.0,0.0,7.588235294117647,3.588235294117647,1.2647058823529411,7.823529411764706,0.375,0.4737769942706038,-4.126696832579185,-2.126696832579186,-0.18778280542986425,-3.9773755656108594,3,4,30,0.11764705882352941,N,7,EA,2534,2879,-345,73.0,185
mannkr01w,9,IND,2,F,0,5,0,31,2,4,1,1,1,1,0,0.4,0.8,0.2,0.2,0.2,6.2,0.2,1,4,0.25,0,0,0.0,0,1,0.0,0.16129032258064516,0.25,1.0,1.0,1,3,10,1,1,3.3333333333333335,0.3333333333333333,0.3333333333333333,3.4615384615384617,1.4615384615384615,1.0769230769230769,3.8461538461538463,0.4090909090909091,0.487012987012987,-3.0615384615384618,-0.6615384615384614,-0.8769230769230769,-2.8461538461538463,4,17,17,0.5,Y,4,EA,2473,2457,16,73.0,185
mannkr01w,10,WAS,0,F,0,16,0,95,25,14,6,3,0,3,9,1.5625,0.875,0.375,0.1875,0.0,5.9375,0.1875,10,28,0.35714285714285715,1,1,1.0,4,18,0.2222222222222222,0.33094736842105266,0.43952180028129395,2.0,1.6875,1,1,3,1,0,3.0,1.0,0.0,0.4,0.8,0.2,1.0,0.25,0.25,1.1625,0.07499999999999996,0.175,0.6875,5,16,18,0.47058823529411764,Y,4,EA,2585,2622,-37,73.0,185
mapprh01w,1,CHA,0,C,0,30,30,856,357,205,64,30,24,59,112,11.9,6.833333333333333,2.1333333333333333,1.0,0.8,28.533333333333335,1.9666666666666666,138,300,0.46,73,88,0.8295454545454546,8,22,0.36363636363636365,0.4646261682242991,0.5269839395370808,1.0847457627118644,14.8,0,0,0,0,0,0.0,0.0,0.0,,,,,,,,,,,0,8,24,0.25,N,8,EA,2186,2429,-243,74.0,190
mapprh01w,2,LAS,0,C,0,30,0,395,126,79,14,16,6,25,60,4.2,2.6333333333333333,0.4666666666666667,0.5333333333333333,0.2,13.166666666666666,0.8333333333333334,51,123,0.4146341463414634,24,32,0.75,0,3,0.0,0.41032911392405064,0.45958564341990077,0.56,4.533333333333333,1,5,6,7,3,1.2,1.4,0.6,11.9,6.833333333333333,2.1333333333333333,14.8,0.46,0.5269839395370808,-7.7,-4.199999999999999,-1.6666666666666665,-10.266666666666667,1,28,4,0.875,Y,1,WE,2441,2166,275,74.0,190
mapprh01w,4,LAS,0,C,0,24,4,255,62,68,6,7,6,12,45,2.5833333333333335,2.8333333333333335,0.25,0.2916666666666667,0.25,10.625,0.5,30,60,0.5,2,4,0.5,0,1,0.0,0.2892549019607843,0.5019430051813472,0.5,4.375,0,0,0,0,0,0.0,0.0,0.0,4.2,2.6333333333333333,0.4666666666666667,4.533333333333333,0.4146341463414634,0.45958564341990077,-1.6166666666666667,0.20000000000000018,-0.21666666666666667,-0.15833333333333321,2,24,10,0.7058823529411765,Y,1,WE,2499,2432,67,74.0,190
marcimi01w,1,POR,0,G,0,32,0,537,177,59,73,37,6,67,79,5.53125,1.84375,2.28125,1.15625,0.1875,16.78125,2.09375,58,154,0.37662337662337664,43,75,0.5733333333333334,18,54,0.3333333333333333,0.4729981378026071,0.4732620320855615,1.0895522388059702,4.90625,0,0,0,0,0,0.0,0.0,0.0,,,,,,,,,,,0,10,22,0.3125,N,7,WE,2155,2303,-148,70.0,154
marcimi01w,2,SEA,0,G,0,27,5,392,132,38,47,30,2,30,49,4.888888888888889,1.4074074074074074,1.7407407407407407,1.1111111111111112,0.07407407407407407,14.518518518518519,1.1111111111111112,51,139,0.3669064748201439,20,37,0.5405405405405406,10,33,0.30303030303030304,0.4726530612244898,0.4250386398763524,1.5666666666666667,4.222222222222222,0,0,0,0,0,0.0,0.0,0.0,5.53125,1.84375,2.28125,4.90625,0.37662337662337664,0.4732620320855615,-0.6423611111111107,-0.43634259259259256,-0.5405092592592593,-0.6840277777777777,1,10,22,0.3125,N,8,WE,1921,2048,-127,70.0,154
marcimi01w,3,SEA,0,G,0,23,1,280,72,28,38,11,2,25,33,3.130434782608696,1.2173913043478262,1.6521739130434783,0.4782608695652174,0.08695652173913043,12.173913043478262,1.0869565217391304,24,68,0.35294117647058826,22,29,0.7586206896551724,2,8,0.25,0.3777142857142857,0.44576523031203563,1.52,3.260869565217391,1,2,8,2,1,4.0,1.0,0.5,4.888888888888889,1.4074074074074074,1.7407407407407407,4.222222222222222,0.3669064748201439,0.4250386398763524,-1.7584541062801935,-0.19001610305958128,-0.08856682769726243,-0.9613526570048312,2,17,15,0.53125,Y,4,WE,2188,2103,85,70.0,154
martima01w,1,MIN,0,F,0,30,13,456,132,67,21,17,13,29,81,4.4,2.2333333333333334,0.7,0.5666666666666667,0.43333333333333335,15.2,0.9666666666666667,54,118,0.4576271186440678,19,32,0.59375,5,19,0.2631578947368421,0.35324561403508775,0.49969715324046027,0.7241379310344828,4.8,0,0,0,0,0,0.0,0.0,0.0,,,,,,,,,,,0,15,17,0.46875,N,6,WE,2193,2188,5,76.0,172
martima01w,2,MIN,0,F,0,31,12,494,95,86,19,17,15,37,87,3.064516129032258,2.774193548387097,0.6129032258064516,0.5483870967741935,0.4838709677419355,15.935483870967742,1.1935483870967742,35,103,0.33980582524271846,19,31,0.6129032258064516,6,18,0.3333333333333333,0.31101214574898783,0.40723593964334703,0.5135135135135135,3.7096774193548385,0,0,0,0,0,0.0,0.0,0.0,4.4,2.2333333333333334,0.7,4.8,0.4576271186440678,0.49969715324046027,-1.3354838709677423,0.5408602150537636,-0.08709677419354833,-1.0903225806451613,1,12,20,0.375,N,6,WE,2077,2156,-79,76.0,172
martinu01w,6,MIN,0,G,0,1,0,2,0,0,0,0,0,0,0,0.0,0.0,0.0,0.0,0.0,2.0,0.0,0,1,0.0,0,0,0.0,0,1,0.0,0.5,0.0,0.0,-1.0,0,0,0,0,0,0.0,0.0,0.0,,,,,,,,,,,0,14,20,0.4117647058823529,N,6,WE,2211,2288,-77,69.0,167
mascira01w,5,LAS,0,F,0,17,0,116,28,5,8,1,0,5,23,1.6470588235294117,0.29411764705882354,0.47058823529411764,0.058823529411764705,0.0,6.823529411764706,0.29411764705882354,10,25,0.4,4,10,0.4,4,11,0.36363636363636365,0.296551724137931,0.4761904761904762,1.6,0.9411764705882353,1,1,0,0,0,0.0,0.0,0.0,,,,,,,,,,,0,25,9,0.7352941176470589,Y,1,WE,2495,2361,134,72.0,169
mascira01w,6,LAS,0,F,0,33,1,463,122,47,23,15,1,21,51,3.696969696969697,1.4242424242424243,0.696969696969697,0.45454545454545453,0.030303030303030304,14.030303030303031,0.6363636363636364,44,104,0.4230769230769231,15,20,0.75,19,46,0.41304347826086957,0.2889848812095033,0.5407801418439716,1.0952380952380953,3.696969696969697,1,2,24,3,4,12.0,1.5,2.0,1.6470588235294117,0.29411764705882354,0.47058823529411764,0.9411764705882353,0.4,0.4761904761904762,2.049910873440285,1.1301247771836007,0.22638146167557938,2.7557932263814617,1,17,17,0.5,Y,4,WE,2326,2345,-19,72.0,169
mascira01w,9,LAS,0,F,0,29,1,412,126,40,16,8,1,16,35,4.344827586206897,1.3793103448275863,0.5517241379310345,0.27586206896551724,0.034482758620689655,14.206896551724139,0.5517241379310345,47,135,0.34814814814814815,16,20,0.8,16,68,0.23529411764705882,0.38786407766990294,0.43810848400556324,1.0,2.8620689655172415,1,5,34,2,2,6.8,0.4,0.4,3.696969696969697,1.4242424242424243,0.696969696969697,3.696969696969697,0.4230769230769231,0.5407801418439716,0.6478578892372,-0.04493207941483801,-0.14524555903866254,-0.8349007314524552,2,20,14,0.5882352941176471,Y,3,WE,2598,2523,75,72.0,169
matteca01w,6,CHA,0,G,0,10,0,56,9,3,6,1,0,2,4,0.9,0.3,0.6,0.1,0.0,5.6,0.2,3,13,0.23076923076923078,2,2,1.0,1,7,0.14285714285714285,0.2835714285714286,0.324207492795389,3.0,0.7,0,0,0,0,0,0.0,0.0,0.0,,,,,,,,,,,0,6,28,0.17647058823529413,N,6,EA,2095,2335,-240,69.0,167
maxwemo01w,1,IND,0,F,0,32,32,1029,332,160,63,49,16,64,92,10.375,5.0,1.96875,1.53125,0.5,32.15625,2.0,110,285,0.38596491228070173,50,58,0.8620689655172413,62,156,0.3974358974358974,0.36396501457725944,0.5345871441453047,0.984375,11.65625,0,0,0,0,0,0.0,0.0,0.0,,,,,,,,,,,0,9,23,0.28125,N,7,EA,2213,2290,-77,69.0,162
maxwemo01w,2,IND,0,F,0,15,3,238,47,38,14,5,3,22,19,3.1333333333333333,2.533333333333333,0.9333333333333333,0.3333333333333333,0.2,15.866666666666667,1.4666666666666666,16,53,0.3018867924528302,8,12,0.6666666666666666,7,31,0.22580645161290322,0.3373109243697479,0.4032258064516129,0.6363636363636364,2.933333333333333,0,0,0,0,0,0.0,0.0,0.0,10.375,5.0,1.96875,11.65625,0.38596491228070173,0.5345871441453047,-7.241666666666667,-2.466666666666667,-1.0354166666666667,-8.722916666666666,1,10,22,0.3125,N,6,EA,2153,2249,-96,69.0,162
maxwemo01w,3,IND,0,F,0,18,0,170,35,31,7,7,4,6,16,1.9444444444444444,1.7222222222222223,0.3888888888888889,0.3888888888888889,0.2222222222222222,9.444444444444445,0.3333333333333333,14,47,0.2978723404255319,2,2,1.0,5,17,0.29411764705882354,0.3169411764705882,0.3654970760233918,1.1666666666666667,2.5,1,2,0,0,1,0.0,0.0,0.5,3.1333333333333333,2.533333333333333,0.9333333333333333,2.933333333333333,0.3018867924528302,0.4032258064516129,-1.1888888888888889,-0.8111111111111109,-0.5444444444444445,-0.4333333333333331,2,16,16,0.5,Y,4,EA,2097,2129,-32,69.0,162
mazzake01w,5,CHA,0,G,0,34,0,339,79,33,9,7,2,20,22,2.323529411764706,0.9705882352941176,0.2647058823529412,0.20588235294117646,0.058823529411764705,9.970588235294118,0.5882352941176471,31,92,0.33695652173913043,4,6,0.6666666666666666,13,52,0.25,0.33817109144542773,0.4173710904480135,0.45,1.3823529411764706,0,0,0,0,0,0.0,0.0,0.0,,,,,,,,,,,0,16,18,0.47058823529411764,N,5,EA,2092,2168,-76,72.0,155
mazzake01w,6,CHA,0,G,0,27,2,226,64,31,7,9,0,7,9,2.3703703703703702,1.1481481481481481,0.25925925925925924,0.3333333333333333,0.0,8.37037037037037,0.25925925925925924,21,72,0.2916666666666667,8,10,0.8,14,46,0.30434782608695654,0.3690265486725664,0.41884816753926696,1.0,1.8888888888888888,0,0,0,0,0,0.0,0.0,0.0,2.323529411764706,0.9705882352941176,0.2647058823529412,1.3823529411764706,0.33695652173913043,0.4173710904480135,0.046840958605664174,0.1775599128540305,-0.005446623093681935,0.5065359477124183,1,6,28,0.17647058823529413,N,6,EA,2095,2335,-240,72.0,155
mazzake01w,7,CHA,0,G,0,34,0,725,302,99,64,47,6,48,37,8.882352941176471,2.911764705882353,1.8823529411764706,1.3823529411764706,0.17647058823529413,21.323529411764707,1.411764705882353,105,277,0.37906137184115524,28,33,0.8484848484848485,64,167,0.38323353293413176,0.46830344827586207,0.5179747530186608,1.3333333333333333,8.617647058823529,0,0,0,0,0,0.0,0.0,0.0,2.3703703703703702,1.1481481481481481,0.25925925925925924,1.8888888888888888,0.2916666666666667,0.41884816753926696,6.511982570806101,1.7636165577342047,1.6230936819172113,6.72875816993464,2,11,23,0.3235294117647059,N,6,EA,2456,2571,-115,72.0,155
mazzake01w,8,PHO,0,G,0,34,3,488,182,56,38,26,2,20,28,5.352941176470588,1.6470588235294117,1.1176470588235294,0.7647058823529411,0.058823529411764705,14.352941176470589,0.5882352941176471,64,165,0.3878787878787879,15,15,1.0,39,114,0.34210526315789475,0.39262295081967213,0.5303030303030303,1.9,5.382352941176471,1,9,58,18,6,6.444444444444445,2.0,0.6666666666666666,8.882352941176471,2.911764705882353,1.8823529411764706,8.617647058823529,0.37906137184115524,0.5179747530186608,-3.529411764705883,-1.2647058823529411,-0.7647058823529411,-3.235294117647058,3,23,11,0.6764705882352942,Y,1,WE,3025,2904,121,72.0,155
mazzake01w,9,PHO,0,G,0,34,2,641,197,66,38,24,2,18,44,5.794117647058823,1.9411764705882353,1.1176470588235294,0.7058823529411765,0.058823529411764705,18.852941176470587,0.5294117647058824,68,205,0.33170731707317075,5,6,0.8333333333333334,56,169,0.33136094674556216,0.35201248049921996,0.4743787324214988,2.111111111111111,5.029411764705882,0,0,0,0,0,0.0,0.0,0.0,5.352941176470588,1.6470588235294117,1.1176470588235294,5.382352941176471,0.3878787878787879,0.5303030303030303,0.4411764705882355,0.2941176470588236,0.0,-0.35294117647058876,4,16,18,0.47058823529411764,N,6,WE,3010,3009,1,72.0,155
mazzake01w,10,PHO,0,G,0,31,2,433,106,40,17,10,3,10,42,3.4193548387096775,1.2903225806451613,0.5483870967741935,0.3225806451612903,0.0967741935483871,13.96774193548387,0.3225806451612903,36,99,0.36363636363636365,3,3,1.0,31,88,0.3522727272727273,0.25478060046189377,0.5283094098883573,1.7,3.3225806451612905,1,4,0,2,0,0.0,0.5,0.0,5.794117647058823,1.9411764705882353,1.1176470588235294,5.029411764705882,0.33170731707317075,0.4743787324214988,-2.374762808349146,-0.650853889943074,-0.5692599620493359,-1.7068311195445918,5,23,11,0.6764705882352942,Y,1,WE,3156,3031,125,72.0,155
mccaibr01w,3,CLE,0,G,0,31,2,392,83,26,41,11,3,34,29,2.6774193548387095,0.8387096774193549,1.3225806451612903,0.3548387096774194,0.0967741935483871,12.64516129032258,1.096774193548387,25,86,0.29069767441860467,12,16,0.75,21,58,0.3620689655172414,0.3240816326530612,0.44604471195184864,1.2058823529411764,2.096774193548387,0,0,0,0,0,0.0,0.0,0.0,,,,,,,,,,,0,10,22,0.3125,N,7,EA,2071,2140,-69,63.0,135
mccaiti01w,1,ORL,0,G-F,0,25,0,214,51,11,5,3,1,9,18,2.04,0.44,0.2,0.12,0.04,8.56,0.36,15,49,0.30612244897959184,16,18,0.8888888888888888,5,22,0.22727272727272727,0.3080373831775701,0.4479971890372452,0.5555555555555556,1.04,1,2,6,1,1,3.0,0.5,0.5,,,,,,,,,,,0,16,16,0.5,Y,3,EA,2208,2233,-25,70.0,167
mccaiti01w,2,ORL,0,G-F,0,32,9,442,97,38,36,10,8,34,52,3.03125,1.1875,1.125,0.3125,0.25,13.8125,1.0625,35,109,0.3211009174311927,6,9,0.6666666666666666,21,67,0.31343283582089554,0.3324886877828054,0.42935552407932015,1.0588235294117647,2.4375,0,0,0,0,0,0.0,0.0,0.0,2.04,0.44,0.2,1.04,0.30612244897959184,0.4479971890372452,0.99125,0.7475,0.925,1.3975,1,13,19,0.40625,N,5,EA,2140,2205,-65,70.0,167
mccaiti01w,3,ORL,0,G-F,0,16,0,51,7,3,2,3,0,3,9,0.4375,0.1875,0.125,0.1875,0.0,3.1875,0.1875,2,10,0.2,3,4,0.75,0,4,0.0,0.28941176470588237,0.2976190476190476,0.6666666666666666,0.1875,0,0,0,0,0,0.0,0.0,0.0,3.03125,1.1875,1.125,2.4375,0.3211009174311927,0.42935552407932015,-2.59375,-1.0,-1.0,-2.25,2,16,16,0.5,N,5,EA,2254,2255,-1,70.0,167
mccanra01w,10,MIN,0,F,0,34,1,482,145,68,26,15,10,36,74,4.264705882352941,2.0,0.7647058823529411,0.4411764705882353,0.29411764705882354,14.176470588235293,1.0588235294117647,56,150,0.37333333333333335,22,39,0.5641025641025641,11,38,0.2894736842105263,0.4214937759336099,0.4337162000478583,0.7222222222222222,3.4411764705882355,0,0,0,0,0,0.0,0.0,0.0,,,,,,,,,,,0,14,20,0.4117647058823529,N,5,WE,2731,2827,-96,73.0,161
mccarja01w,6,CHA,0,C,0,28,3,311,50,76,11,12,7,22,39,1.7857142857142858,2.7142857142857144,0.39285714285714285,0.42857142857142855,0.25,11.107142857142858,0.7857142857142857,17,50,0.34,16,25,0.64,0,0,0.0,0.26688102893890675,0.4098360655737705,0.5,3.2857142857142856,0,0,0,0,0,0.0,0.0,0.0,,,,,,,,,,,0,6,28,0.17647058823529413,N,6,EA,2095,2335,-240,74.0,205
mccarja01w,7,CHA,0,C,0,30,3,421,136,105,25,17,20,28,51,4.533333333333333,3.5,0.8333333333333334,0.5666666666666667,0.6666666666666666,14.033333333333333,0.9333333333333333,54,118,0.4576271186440678,28,44,0.6363636363636364,0,0,0.0,0.3927790973871734,0.495049504950495,0.8928571428571429,6.5,0,0,0,0,0,0.0,0.0,0.0,1.7857142857142858,2.7142857142857144,0.39285714285714285,3.2857142857142856,0.34,0.4098360655737705,2.7476190476190476,0.7857142857142856,0.4404761904761905,3.2142857142857144,1,11,23,0.3235294117647059,N,6,EA,2456,2571,-115,74.0,205
mccarja01w,8,NYL,0,C,0,32,21,677,332,152,36,39,20,79,72,10.375,4.75,1.125,1.21875,0.625,21.15625,2.46875,136,249,0.5461847389558233,60,72,0.8333333333333334,0,1,0.0,0.5312850812407681,0.5914208351147213,0.45569620253164556,11.71875,1,3,42,17,10,14.0,5.666666666666667,3.3333333333333335,4.533333333333333,3.5,0.8333333333333334,6.5,0.4576271186440678,0.495049504950495,5.841666666666667,1.25,0.29166666666666663,5.21875,2,16,18,0.47058823529411764,Y,4,EA,2413,2501,-88,74.0,205
mccarja01w,9,NYL,0,C,0,31,31,816,425,168,66,45,26,67,78,13.709677419354838,5.419354838709677,2.129032258064516,1.4516129032258065,0.8387096774193549,26.322580645161292,2.161290322580645,168,314,0.535031847133758,89,115,0.7739130434782608,0,8,0.0,0.528921568627451,0.5828304991771804,0.9850746268656716,15.838709677419354,1,6,83,31,8,13.833333333333334,5.166666666666667,1.3333333333333333,10.375,4.75,1.125,11.71875,0.5461847389558233,0.5914208351147213,3.334677419354838,0.669354838709677,1.004032258064516,4.119959677419354,3,19,15,0.5588235294117647,Y,3,EA,2573,2538,35,74.0,205
mccarja01w,10,NYL,0,C,0,32,32,848,393,175,88,41,44,86,79,12.28125,5.46875,2.75,1.28125,1.375,26.5,2.6875,151,301,0.5016611295681063,90,107,0.8411214953271028,1,3,0.3333333333333333,0.5118867924528302,0.5645253964605838,1.0232558139534884,15.25,0,0,0,0,0,0.0,0.0,0.0,13.709677419354838,5.419354838709677,2.129032258064516,15.838709677419354,0.535031847133758,0.5828304991771804,-1.428427419354838,0.04939516129032295,0.620967741935484,-0.5887096774193541,4,13,21,0.38235294117647056,N,7,EA,2512,2535,-23,74.0,205
mccarst01w,1,IND,0,G-F,0,32,12,635,230,60,57,31,6,47,49,7.1875,1.875,1.78125,0.96875,0.1875,19.84375,1.46875,66,166,0.39759036144578314,71,86,0.8255813953488372,27,70,0.38571428571428573,0.3950236220472441,0.5641679748822606,1.2127659574468086,6.9375,0,0,0,0,0,0.0,0.0,0.0,,,,,,,,,,,0,9,23,0.28125,N,7,EA,2213,2290,-77,69.0,155
mccarst01w,2,IND,0,G-F,0,30,0,504,169,55,58,26,14,38,50,5.633333333333334,1.8333333333333333,1.9333333333333333,0.8666666666666667,0.4666666666666667,16.8,1.2666666666666666,52,137,0.3795620437956204,42,55,0.7636363636363637,23,57,0.40350877192982454,0.3952380952380952,0.5241935483870969,1.5263157894736843,6.2,0,0,0,0,0,0.0,0.0,0.0,7.1875,1.875,1.78125,6.9375,0.39759036144578314,0.5641679748822606,-1.5541666666666663,-0.04166666666666674,0.15208333333333335,-0.7374999999999998,1,10,22,0.3125,N,6,EA,2153,2249,-96,69.0,155
mccarst01w,4,IND,0,G-F,0,28,10,577,194,41,58,34,6,37,60,6.928571428571429,1.4642857142857142,2.0714285714285716,1.2142857142857142,0.21428571428571427,20.607142857142858,1.3214285714285714,60,173,0.3468208092485549,45,48,0.9375,29,84,0.34523809523809523,0.40055459272097055,0.4996909128374201,1.5675675675675675,6.428571428571429,0,0,0,0,0,0.0,0.0,0.0,5.633333333333334,1.8333333333333333,1.9333333333333333,6.2,0.3795620437956204,0.5241935483870969,1.295238095238095,-0.36904761904761907,0.13809523809523827,0.22857142857142865,2,16,18,0.47058823529411764,N,5,EA,2337,2321,16,69.0,155
mccarst01w,5,IND,0,G-F,0,22,12,450,91,28,52,24,5,30,30,4.136363636363637,1.2727272727272727,2.3636363636363638,1.0909090909090908,0.22727272727272727,20.454545454545453,1.3636363636363635,27,72,0.375,24,34,0.7058823529411765,13,39,0.3333333333333333,0.25991111111111115,0.5232290708371664,1.7333333333333334,5.2272727272727275,0,0,0,0,0,0.0,0.0,0.0,6.928571428571429,1.4642857142857142,2.0714285714285716,6.428571428571429,0.3468208092485549,0.4996909128374201,-2.792207792207792,-0.19155844155844148,0.29220779220779214,-1.2012987012987013,3,15,19,0.4411764705882353,N,6,EA,2198,2245,-47,69.0,155
mcconsu01w,1,CLE,0,G,0,32,32,705,173,50,119,15,1,69,30,5.40625,1.5625,3.71875,0.46875,0.03125,22.03125,2.15625,58,140,0.4142857142857143,19,25,0.76,38,97,0.3917525773195876,0.3120567375886525,0.5728476821192053,1.7246376811594204,6.28125,1,6,39,14,25,6.5,2.3333333333333335,4.166666666666667,,,,,,,,,,,0,17,15,0.53125,Y,2,EA,2185,2122,63,65.0,125
mccouan01w,10,ATL,0,F,0,34,10,735,435,105,71,74,12,72,92,12.794117647058824,3.088235294117647,2.088235294117647,2.176470588235294,0.35294117647058826,21.61764705882353,2.1176470588235294,160,336,0.47619047619047616,100,135,0.7407407407407407,15,51,0.29411764705882354,0.6359183673469387,0.5500758725341427,0.9861111111111112,12.176470588235293,1,2,38,11,6,19.0,5.5,3.0,,,,,,,,,,,0,18,16,0.5294117647058824,Y,2,EA,2861,2797,64,73.0,160
mccrani01w,1,WAS,0,G,0,32,32,1046,497,56,85,45,5,89,79,15.53125,1.75,2.65625,1.40625,0.15625,32.6875,2.78125,167,385,0.43376623376623374,113,147,0.7687074829931972,50,151,0.33112582781456956,0.5149904397705546,0.5526151930261519,0.9550561797752809,10.84375,1,2,15,6,13,7.5,3.0,6.5,,,,,,,,,,,0,14,18,0.4375,Y,4,EA,2176,2221,-45,71.0,158
mccrani01w,2,WAS,0,G,0,32,32,828,351,56,47,26,0,73,68,10.96875,1.75,1.46875,0.8125,0.0,25.875,2.28125,119,290,0.4103448275862069,91,128,0.7109375,22,95,0.23157894736842105,0.5064251207729469,0.5067567567567568,0.6438356164383562,6.21875,0,0,0,0,0,0.0,0.0,0.0,15.53125,1.75,2.65625,10.84375,0.43376623376623374,0.5526151930261519,-4.5625,0.0,-1.1875,-4.625,1,10,22,0.3125,N,8,EA,1928,2075,-147,71.0,158
mccrani01w,3,IND,0,G,0,32,32,1058,369,97,70,28,3,82,73,11.53125,3.03125,2.1875,0.875,0.09375,33.0625,2.5625,132,318,0.41509433962264153,84,103,0.8155339805825242,21,66,0.3181818181818182,0.42090737240075615,0.5078168006165364,0.8536585365853658,8.75,1,3,24,4,11,8.0,1.3333333333333333,3.6666666666666665,10.96875,1.75,1.46875,6.21875,0.4103448275862069,0.5067567567567568,0.5625,1.28125,0.71875,2.53125,2,16,16,0.5,Y,4,EA,2097,2129,-32,71.0,158
mccrani01w,4,IND,0,G,0,34,32,734,131,51,49,37,2,44,67,3.8529411764705883,1.5,1.4411764705882353,1.088235294117647,0.058823529411764705,21.58823529411765,1.2941176470588236,52,138,0.37681159420289856,20,24,0.8333333333333334,7,32,0.21875,0.2623433242506812,0.4408992999461497,1.1136363636363635,4.0,0,0,0,0,0,0.0,0.0,0.0,11.53125,3.03125,2.1875,8.75,0.41509433962264153,0.5078168006165364,-7.678308823529411,-1.53125,-0.7463235294117647,-4.75,3,16,18,0.47058823529411764,N,5,EA,2337,2321,16,71.0,158
mccrani01w,5,PHO,0,G,0,27,9,371,69,29,13,7,0,18,35,2.5555555555555554,1.0740740740740742,0.48148148148148145,0.25925925925925924,0.0,13.74074074074074,0.6666666666666666,30,67,0.44776119402985076,4,7,0.5714285714285714,5,11,0.45454545454545453,0.23741239892183288,0.4922945205479452,0.7222222222222222,2.2222222222222223,0,0,0,0,0,0.0,0.0,0.0,3.8529411764705883,1.5,1.4411764705882353,4.0,0.37681159420289856,0.4408992999461497,-1.297385620915033,-0.4259259259259258,-0.9596949891067539,-1.7777777777777777,4,17,17,0.5,N,5,WE,2300,2235,65,71.0,158
mccrani01w,6,SAS,0,G,0,23,5,302,38,20,16,11,0,18,26,1.6521739130434783,0.8695652173913043,0.6956521739130435,0.4782608695652174,0.0,13.130434782608695,0.782608695652174,15,62,0.24193548387096775,7,11,0.6363636363636364,1,20,0.05,0.2809271523178808,0.28426092160383004,0.8888888888888888,0.6956521739130435,0,0,0,0,0,0.0,0.0,0.0,2.5555555555555554,1.0740740740740742,0.48148148148148145,2.2222222222222223,0.44776119402985076,0.4922945205479452,-0.9033816425120771,-0.20450885668276986,0.214170692431562,-1.5265700483091789,5,7,27,0.20588235294117646,N,7,WE,2141,2401,-260,71.0,158
mccrani01w,7,CHI,0,G,0,11,2,86,22,5,5,7,1,10,8,2.0,0.45454545454545453,0.45454545454545453,0.6363636363636364,0.09090909090909091,7.818181818181818,0.9090909090909091,8,22,0.36363636363636365,5,7,0.7142857142857143,1,5,0.2,0.407906976744186,0.4385964912280702,0.5,1.2727272727272727,0,0,0,0,0,0.0,0.0,0.0,1.6521739130434783,0.8695652173913043,0.6956521739130435,0.6956521739130435,0.24193548387096775,0.28426092160383004,0.34782608695652173,-0.4150197628458498,-0.24110671936758893,0.5770750988142292,6,5,29,0.14705882352941177,N,7,EA,2322,2687,-365,71.0,158
mccrini01w,1,LAS,0,G,0,32,0,488,101,32,65,29,8,48,41,3.15625,1.0,2.03125,0.90625,0.25,15.25,1.5,39,77,0.5064935064935064,7,14,0.5,16,33,0.48484848484848486,0.26877049180327867,0.6072631072631073,1.3541666666666667,4.4375,1,4,10,7,10,2.5,1.75,2.5,,,,,,,,,,,0,28,4,0.875,Y,1,WE,2417,2169,248,68.0,125
mccrini01w,2,LAS,0,G,0,28,0,350,64,12,63,21,0,22,19,2.2857142857142856,0.42857142857142855,2.25,0.75,0.0,12.5,0.7857142857142857,28,63,0.4444444444444444,3,7,0.42857142857142855,5,12,0.4166666666666667,0.25165714285714286,0.48426150121065376,2.8636363636363638,3.5357142857142856,1,7,5,4,6,0.7142857142857143,0.5714285714285714,0.8571428571428571,3.15625,1.0,2.03125,4.4375,0.5064935064935064,0.6072631072631073,-0.8705357142857144,-0.5714285714285714,0.21875,-0.9017857142857144,1,28,4,0.875,Y,1,WE,2441,2166,275,68.0,125
mccrini01w,3,LAS,0,G,0,32,0,356,51,23,53,22,3,24,22,1.59375,0.71875,1.65625,0.6875,0.09375,11.125,0.75,20,49,0.40816326530612246,7,11,0.6363636363636364,4,15,0.26666666666666666,0.21865168539325844,0.4736255572065379,2.2083333333333335,2.96875,1,5,8,1,2,1.6,0.2,0.4,2.2857142857142856,0.42857142857142855,2.25,3.5357142857142856,0.4444444444444444,0.48426150121065376,-0.6919642857142856,0.29017857142857145,-0.59375,-0.5669642857142856,2,25,7,0.78125,Y,1,WE,2452,2235,217,68.0,125
mccrini01w,4,LAS,0,G,0,33,1,299,68,29,32,19,1,17,20,2.0606060606060606,0.8787878787878788,0.9696969696969697,0.5757575757575758,0.030303030303030304,9.06060606060606,0.5151515151515151,28,63,0.4444444444444444,7,8,0.875,5,12,0.4166666666666667,0.27933110367892977,0.5111244738424534,1.8823529411764706,2.909090909090909,1,7,9,4,7,1.2857142857142858,0.5714285714285714,1.0,1.59375,0.71875,1.65625,2.96875,0.40816326530612246,0.4736255572065379,0.46685606060606055,0.16003787878787878,-0.6865530303030303,-0.05965909090909083,3,24,10,0.7058823529411765,Y,1,WE,2499,2432,67,68.0,125
mcculda01w,1,IND,0,F-C,0,29,2,456,175,82,19,16,22,37,63,6.0344827586206895,2.8275862068965516,0.6551724137931034,0.5517241379310345,0.7586206896551724,15.724137931034482,1.2758620689655173,63,153,0.4117647058823529,46,63,0.7301587301587301,3,17,0.17647058823529413,0.4774561403508772,0.48417441345728196,0.5135135135135135,5.862068965517241,0,0,0,0,0,0.0,0.0,0.0,,,,,,,,,,,0,9,23,0.28125,N,7,EA,2213,2290,-77,75.0,180
mcculda01w,2,IND,0,F-C,0,8,2,90,28,17,5,0,2,7,12,3.5,2.125,0.625,0.0,0.25,11.25,0.875,5,18,0.2777777777777778,17,18,0.9444444444444444,1,2,0.5,0.3657777777777778,0.5401234567901234,0.7142857142857143,3.875,0,0,0,0,0,0.0,0.0,0.0,6.0344827586206895,2.8275862068965516,0.6551724137931034,5.862068965517241,0.4117647058823529,0.48417441345728196,-2.5344827586206895,-0.7025862068965516,-0.030172413793103425,-1.987068965517241,1,10,22,0.3125,N,6,EA,2153,2249,-96,75.0,180
mcculda01w,3,SEA,0,F-C,0,4,1,43,2,7,1,1,0,2,5,0.5,1.75,0.25,0.25,0.0,10.75,0.5,0,12,0.0,2,2,1.0,0,3,0.0,0.346046511627907,0.07763975155279502,0.5,-0.75,0,0,0,0,0,0.0,0.0,0.0,3.5,2.125,0.625,3.875,0.2777777777777778,0.5401234567901234,-3.0,-0.375,-0.375,-4.625,2,17,15,0.53125,Y,4,WE,2188,2103,85,75.0,180
mcculda01w,4,SEA,0,F-C,0,7,0,26,2,1,0,0,0,4,3,0.2857142857142857,0.14285714285714285,0.0,0.0,0.0,3.7142857142857144,0.5714285714285714,1,6,0.16666666666666666,0,0,0.0,0,1,0.0,0.38461538461538464,0.16666666666666666,0.0,-0.8571428571428571,0,0,0,0,0,0.0,0.0,0.0,0.5,1.75,0.25,-0.75,0.0,0.07763975155279502,-0.2142857142857143,-1.6071428571428572,-0.25,-0.1071428571428571,3,18,16,0.5294117647058824,N,5,WE,2388,2274,114,75.0,180
mcgheca01w,1,ORL,0,F-C,0,32,0,408,87,64,23,21,5,31,58,2.71875,2.0,0.71875,0.65625,0.15625,12.75,0.96875,30,83,0.3614457831325301,27,39,0.6923076923076923,0,3,0.0,0.3214705882352941,0.4343051118210863,0.7419354838709677,3.25,1,3,5,5,1,1.6666666666666667,1.6666666666666667,0.3333333333333333,,,,,,,,,,,0,16,16,0.5,Y,3,EA,2208,2233,-25,73.0,179
mcgheca01w,2,ORL,0,F-C,0,17,0,71,14,10,0,1,1,6,9,0.8235294117647058,0.5882352941176471,0.0,0.058823529411764705,0.058823529411764705,4.176470588235294,0.35294117647058826,6,24,0.25,2,4,0.5,0,0,0.0,0.44732394366197187,0.2717391304347826,0.0,0.0,0,0,0,0,0,0.0,0.0,0.0,2.71875,2.0,0.71875,3.25,0.3614457831325301,0.4343051118210863,-1.8952205882352942,-1.4117647058823528,-0.71875,-3.25,1,13,19,0.40625,N,5,EA,2140,2205,-65,73.0,179
mcgheca01w,3,ORL,0,F-C,0,2,0,4,5,1,0,0,0,0,0,2.5,0.5,0.0,0.0,0.0,2.0,0.0,2,4,0.5,1,1,1.0,0,0,0.0,1.11,0.563063063063063,0.0,2.0,0,0,0,0,0,0.0,0.0,0.0,0.8235294117647058,0.5882352941176471,0.0,0.0,0.25,0.2717391304347826,1.6764705882352942,-0.08823529411764708,0.0,2.0,2,16,16,0.5,N,5,EA,2254,2255,-1,73.0,179
mckivte01w,4,CHA,0,C-F,0,31,1,341,105,91,6,14,24,27,58,3.3870967741935485,2.935483870967742,0.1935483870967742,0.45161290322580644,0.7741935483870968,11.0,0.8709677419354839,41,78,0.5256410256410257,23,31,0.7419354838709677,0,1,0.0,0.34791788856304984,0.5728939327804452,0.2222222222222222,5.419354838709677,1,2,0,2,0,0.0,1.0,0.0,,,,,,,,,,,0,18,16,0.5294117647058824,Y,2,EA,2217,2195,22,75.0,220
mckivte01w,5,CHA,0,C-F,0,9,0,77,35,18,0,2,6,5,21,3.888888888888889,2.0,0.0,0.2222222222222222,0.6666666666666666,8.555555555555555,0.5555555555555556,14,27,0.5185185185185185,7,14,0.5,0,0,0.0,0.4955844155844155,0.5277442702050664,0.0,4.0,0,0,0,0,0,0.0,0.0,0.0,3.3870967741935485,2.935483870967742,0.1935483870967742,5.419354838709677,0.5256410256410257,0.5728939327804452,0.5017921146953404,-0.935483870967742,-0.1935483870967742,-1.419354838709677,1,16,18,0.47058823529411764,N,5,EA,2092,2168,-76,75.0,220
mckivte01w,6,CHA,0,C-F,0,31,1,362,113,65,7,14,18,26,71,3.6451612903225805,2.096774193548387,0.22580645161290322,0.45161290322580644,0.5806451612903226,11.67741935483871,0.8387096774193549,44,91,0.4835164835164835,25,36,0.6944444444444444,0,0,0.0,0.3669613259668508,0.5288281542493448,0.2692307692307692,4.290322580645161,0,0,0,0,0,0.0,0.0,0.0,3.888888888888889,2.0,0.0,4.0,0.5185185185185185,0.5277442702050664,-0.24372759856630832,0.09677419354838701,0.22580645161290322,0.29032258064516103,2,6,28,0.17647058823529413,N,6,EA,2095,2335,-240,75.0,220
mckivte01w,8,PHO,0,C-F,0,2,0,5,0,1,0,0,1,0,1,0.0,0.5,0.0,0.0,0.5,2.5,0.0,0,0,0.0,0,2,0.0,0,0,0.0,0.176,0.0,0.0,0.0,0,0,0,0,0,0.0,0.0,0.0,3.6451612903225805,2.096774193548387,0.22580645161290322,4.290322580645161,0.4835164835164835,0.5288281542493448,-3.6451612903225805,-1.596774193548387,-0.22580645161290322,-4.290322580645161,3,23,11,0.6764705882352942,Y,1,WE,3025,2904,121,75.0,220
mcwilta01w,1,ORL,0,F-C,0,32,32,1098,438,244,54,59,31,83,86,13.6875,7.625,1.6875,1.84375,0.96875,34.3125,2.59375,173,330,0.5242424242424243,87,122,0.7131147540983607,5,17,0.29411764705882354,0.4250273224043716,0.5707881567973311,0.6506024096385542,17.21875,1,3,43,23,5,14.333333333333334,7.666666666666667,1.6666666666666667,,,,,,,,,,,0,16,16,0.5,Y,3,EA,2208,2233,-25,74.0,188
mcwilta01w,2,ORL,0,F-C,0,32,32,1059,403,243,69,52,50,80,74,12.59375,7.59375,2.15625,1.625,1.5625,33.09375,2.5,157,331,0.4743202416918429,87,117,0.7435897435897436,2,10,0.2,0.43671388101983005,0.5268249320225894,0.8625,16.65625,0,0,0,0,0,0.0,0.0,0.0,13.6875,7.625,1.6875,17.21875,0.5242424242424243,0.5707881567973311,-1.09375,-0.03125,0.46875,-0.5625,1,13,19,0.40625,N,5,EA,2140,2205,-65,74.0,188
mcwilta01w,3,ORL,0,F-C,0,13,12,383,110,63,13,19,14,22,40,8.461538461538462,4.846153846153846,1.0,1.4615384615384615,1.0769230769230769,29.46153846153846,1.6923076923076923,41,82,0.5,27,31,0.8709677419354839,1,3,0.3333333333333333,0.307154046997389,0.5750731911334169,0.5909090909090909,11.692307692307692,0,0,0,0,0,0.0,0.0,0.0,12.59375,7.59375,2.15625,16.65625,0.4743202416918429,0.5268249320225894,-4.132211538461538,-2.747596153846154,-1.15625,-4.963942307692308,2,16,16,0.5,N,5,EA,2254,2255,-1,74.0,188
mcwilta01w,4,CON,0,F-C,0,34,34,983,354,227,49,43,33,54,103,10.411764705882353,6.676470588235294,1.4411764705882353,1.2647058823529411,0.9705882352941176,28.91176470588235,1.588235294117647,133,301,0.4418604651162791,76,102,0.7450980392156863,12,43,0.27906976744186046,0.40679552390640894,0.5117381750896265,0.9074074074074074,13.470588235294118,1,4,65,30,5,16.25,7.5,1.25,8.461538461538462,4.846153846153846,1.0,11.692307692307692,0.5,0.5750731911334169,1.9502262443438916,1.8303167420814486,0.4411764705882353,1.7782805429864261,3,18,16,0.5294117647058824,Y,3,EA,2384,2409,-25,74.0,188
mcwilta01w,5,CON,0,F-C,0,34,34,1133,413,244,63,48,45,73,96,12.147058823529411,7.176470588235294,1.8529411764705883,1.411764705882353,1.3235294117647058,33.3235294117647,2.1470588235294117,168,352,0.4772727272727273,77,128,0.6015625,0,12,0.0,0.42481906443071493,0.5057307993730408,0.863013698630137,14.852941176470589,1,8,83,59,15,10.375,7.375,1.875,10.411764705882353,6.676470588235294,1.4411764705882353,13.470588235294118,0.4418604651162791,0.5117381750896265,1.735294117647058,0.5,0.41176470588235303,1.382352941176471,4,18,16,0.5294117647058824,Y,1,EA,2335,2304,31,74.0,188
mcwilta01w,6,CON,0,F-C,0,34,34,1083,471,248,65,37,25,59,80,13.852941176470589,7.294117647058823,1.911764705882353,1.088235294117647,0.7352941176470589,31.852941176470587,1.7352941176470589,180,364,0.4945054945054945,107,136,0.7867647058823529,4,18,0.2222222222222222,0.4458356417359188,0.5556342015855039,1.1016949152542372,16.88235294117647,1,8,127,75,13,15.875,9.375,1.625,12.147058823529411,7.176470588235294,1.8529411764705883,14.852941176470589,0.4772727272727273,0.5057307993730408,1.7058823529411775,0.117647058823529,0.05882352941176472,2.0294117647058822,5,26,8,0.7647058823529411,Y,1,EA,2474,2244,230,74.0,188
mcwilta01w,7,CON,0,F-C,0,32,32,996,410,306,80,35,31,78,75,12.8125,9.5625,2.5,1.09375,0.96875,31.125,2.4375,164,329,0.49848024316109424,81,110,0.7363636363636363,1,8,0.125,0.45722891566265056,0.543190249072602,1.0256410256410255,18.4375,1,5,64,47,11,12.8,9.4,2.2,13.852941176470589,7.294117647058823,1.911764705882353,16.88235294117647,0.4945054945054945,0.5556342015855039,-1.0404411764705888,2.2683823529411766,0.588235294117647,1.555147058823529,6,26,8,0.7647058823529411,Y,1,EA,2683,2417,266,74.0,188
mcwilta01w,8,LAS,0,F-C,0,29,27,851,321,170,49,34,30,50,75,11.068965517241379,5.862068965517241,1.6896551724137931,1.1724137931034482,1.0344827586206897,29.344827586206897,1.7241379310344827,125,255,0.49019607843137253,68,88,0.7727272727272727,3,13,0.23076923076923078,0.4039012925969448,0.5464387852376412,0.98,13.931034482758621,0,0,0,0,0,0.0,0.0,0.0,12.8125,9.5625,2.5,18.4375,0.49848024316109424,0.543190249072602,-1.743534482758621,-3.700431034482759,-0.8103448275862069,-4.506465517241379,7,10,24,0.29411764705882354,N,7,WE,2533,2708,-175,74.0,188
mcwilta01w,9,DET,2,F-C,0,7,7,185,75,47,13,3,5,9,18,10.714285714285714,6.714285714285714,1.8571428571428572,0.42857142857142855,0.7142857142857143,26.428571428571427,1.2857142857142858,27,64,0.421875,20,22,0.9090909090909091,1,1,1.0,0.44691891891891894,0.508957654723127,1.4444444444444444,13.571428571428571,1,9,116,63,19,12.88888888888889,7.0,2.111111111111111,11.068965517241379,5.862068965517241,1.6896551724137931,13.931034482758621,0.49019607843137253,0.5464387852376412,-0.3546798029556655,0.8522167487684733,0.16748768472906406,-0.3596059113300498,8,22,12,0.6470588235294118,Y,1,EA,2672,2522,150,74.0,188
mcwilta01w,9,WAS,1,F-C,0,26,26,862,347,191,41,44,25,75,62,13.346153846153847,7.346153846153846,1.5769230769230769,1.6923076923076923,0.9615384615384616,33.15384615384615,2.8846153846153846,147,280,0.525,46,63,0.7301587301587301,7,25,0.28,0.44399071925754063,0.5638242558169764,0.5466666666666666,16.26923076923077,0,0,0,0,0,0.0,0.0,0.0,10.714285714285714,6.714285714285714,1.8571428571428572,13.571428571428571,0.421875,0.508957654723127,2.631868131868133,0.6318681318681314,-0.28021978021978033,2.697802197802199,9,10,24,0.29411764705882354,N,6,EA,2368,2601,-233,74.0,188
mcwilta01w,10,DET,0,F-C,0,34,34,1032,332,225,98,33,16,66,86,9.764705882352942,6.617647058823529,2.8823529411764706,0.9705882352941176,0.47058823529411764,30.352941176470587,1.9411764705882353,139,283,0.4911660777385159,51,68,0.75,3,15,0.2,0.3671705426356589,0.5304870254378116,1.4848484848484849,14.029411764705882,1,5,38,22,9,7.6,4.4,1.8,13.346153846153847,7.346153846153846,1.5769230769230769,16.26923076923077,0.525,0.5638242558169764,-3.5814479638009047,-0.7285067873303168,1.3054298642533937,-2.239819004524888,10,18,16,0.5294117647058824,Y,3,EA,2652,2644,8,74.0,188
melvich01w,1,CLE,0,C-F,0,32,32,904,373,172,61,29,18,62,113,11.65625,5.375,1.90625,0.90625,0.5625,28.25,1.9375,136,289,0.47058823529411764,100,137,0.7299270072992701,1,7,0.14285714285714285,0.4549557522123894,0.5339555657352268,0.9838709677419355,12.53125,1,6,53,40,11,8.833333333333334,6.666666666666667,1.8333333333333333,,,,,,,,,,,0,17,15,0.53125,Y,2,EA,2185,2122,63,75.0,185
melvich01w,2,CLE,0,C-F,0,27,20,754,266,154,50,24,16,45,81,9.851851851851851,5.703703703703703,1.8518518518518519,0.8888888888888888,0.5925925925925926,27.925925925925927,1.6666666666666667,102,215,0.4744186046511628,60,86,0.6976744186046512,2,2,1.0,0.39501326259946956,0.5260243632336655,1.1111111111111112,12.074074074074074,1,3,24,12,6,8.0,4.0,2.0,11.65625,5.375,1.90625,12.53125,0.47058823529411764,0.5339555657352268,-1.8043981481481488,0.3287037037037033,-0.05439814814814814,-0.4571759259259256,1,22,10,0.6875,Y,1,EA,2004,1788,216,75.0,185
melvich01w,3,CLE,0,C-F,0,32,32,1055,399,194,57,28,18,74,104,12.46875,6.0625,1.78125,0.875,0.5625,32.96875,2.3125,153,330,0.4636363636363636,90,131,0.6870229007633588,3,6,0.5,0.4375734597156398,0.514652770611908,0.7702702702702703,12.625,0,0,0,0,0,0.0,0.0,0.0,9.851851851851851,5.703703703703703,1.8518518518518519,12.074074074074074,0.4744186046511628,0.5260243632336655,2.616898148148149,0.3587962962962967,-0.07060185185185186,0.5509259259259256,2,10,22,0.3125,N,7,EA,2071,2140,-69,75.0,185
melvich01w,4,CLE,0,C-F,0,34,34,1061,444,215,52,28,22,67,108,13.058823529411764,6.323529411764706,1.5294117647058822,0.8235294117647058,0.6470588235294118,31.205882352941178,1.9705882352941178,159,333,0.4774774774774775,123,176,0.6988636363636364,3,11,0.2727272727272727,0.449990574929312,0.5408829548776922,0.7761194029850746,13.735294117647058,1,3,50,13,5,16.666666666666668,4.333333333333333,1.6666666666666667,12.46875,6.0625,1.78125,12.625,0.4636363636363636,0.514652770611908,0.5900735294117645,0.2610294117647056,-0.25183823529411775,1.110294117647058,3,17,17,0.5,Y,4,EA,2229,2210,19,75.0,185
melvich01w,5,WAS,0,C-F,0,34,16,825,293,131,37,15,18,52,89,8.617647058823529,3.8529411764705883,1.088235294117647,0.4411764705882353,0.5294117647058824,24.264705882352942,1.5294117647058822,104,256,0.40625,85,111,0.7657657657657657,0,0,0.0,0.4325333333333334,0.4805799763810523,0.7115384615384616,7.764705882352941,1,3,41,25,6,13.666666666666666,8.333333333333334,2.0,13.058823529411764,6.323529411764706,1.5294117647058822,13.735294117647058,0.4774774774774775,0.5408829548776922,-4.4411764705882355,-2.4705882352941173,-0.4411764705882353,-5.970588235294117,4,17,17,0.5,Y,4,EA,2325,2384,-59,75.0,185
melvich01w,6,WAS,0,C-F,0,34,34,1051,397,199,25,31,14,61,113,11.676470588235293,5.852941176470588,0.7352941176470589,0.9117647058823529,0.4117647058823529,30.91176470588235,1.7941176470588236,150,305,0.4918032786885246,93,138,0.6739130434782609,4,16,0.25,0.4060133206470029,0.54276495679755,0.4098360655737705,11.911764705882353,0,0,0,0,0,0.0,0.0,0.0,8.617647058823529,3.8529411764705883,1.088235294117647,7.764705882352941,0.40625,0.4805799763810523,3.0588235294117645,1.9999999999999996,-0.3529411764705881,4.147058823529412,5,16,18,0.47058823529411764,N,5,EA,2263,2305,-42,75.0,185
melvich01w,7,WAS,0,C-F,0,34,34,999,405,224,45,34,26,62,109,11.911764705882353,6.588235294117647,1.3235294117647058,1.0,0.7647058823529411,29.38235294117647,1.8235294117647058,153,294,0.5204081632653061,99,151,0.6556291390728477,0,2,0.0,0.42286286286286284,0.5618133392520253,0.7258064516129032,14.088235294117647,1,2,11,15,0,5.5,7.5,0.0,11.676470588235293,5.852941176470588,0.7352941176470589,11.911764705882353,0.4918032786885246,0.54276495679755,0.23529411764705976,0.7352941176470589,0.588235294117647,2.1764705882352935,6,18,16,0.5294117647058824,Y,4,EA,2747,2657,90,75.0,185
melvich01w,8,CHI,2,C-F,0,29,25,853,288,193,37,32,22,69,88,9.931034482758621,6.655172413793103,1.2758620689655173,1.103448275862069,0.7586206896551724,29.413793103448278,2.3793103448275863,109,233,0.4678111587982833,69,110,0.6272727272727273,1,5,0.2,0.41078546307151226,0.511727078891258,0.5362318840579711,11.655172413793103,0,0,0,0,0,0.0,0.0,0.0,11.911764705882353,6.588235294117647,1.3235294117647058,14.088235294117647,0.5204081632653061,0.5618133392520253,-1.9807302231237323,0.06693711967545646,-0.047667342799188495,-2.4330628803245435,7,14,20,0.4117647058823529,N,6,EA,2525,2611,-86,75.0,185
melvich01w,8,WAS,1,C-F,0,3,3,82,34,20,0,6,0,2,13,11.333333333333334,6.666666666666667,0.0,2.0,0.0,27.333333333333332,0.6666666666666666,9,26,0.34615384615384615,16,19,0.8421052631578947,0,2,0.0,0.44341463414634147,0.4947613504074505,0.0,12.666666666666666,0,0,0,0,0,0.0,0.0,0.0,9.931034482758621,6.655172413793103,1.2758620689655173,11.655172413793103,0.4678111587982833,0.511727078891258,1.402298850574713,0.01149425287356376,-1.2758620689655173,1.0114942528735629,8,16,18,0.47058823529411764,N,5,EA,2585,2639,-54,75.0,185
melvich01w,9,CHI,0,C-F,0,34,18,759,278,172,50,31,10,49,99,8.176470588235293,5.0588235294117645,1.4705882352941178,0.9117647058823529,0.29411764705882354,22.323529411764707,1.4411764705882353,98,221,0.4434389140271493,81,132,0.6136363636363636,1,3,0.3333333333333333,0.43225296442687744,0.4980650709473986,1.0204081632653061,9.352941176470589,0,0,0,0,0,0.0,0.0,0.0,11.333333333333334,6.666666666666667,0.0,12.666666666666666,0.34615384615384615,0.4947613504074505,-3.1568627450980404,-1.6078431372549025,1.4705882352941178,-3.3137254901960773,9,12,22,0.35294117647058826,N,5,EA,2472,2510,-38,75.0,185
melvich01w,10,WAS,0,C-F,0,34,33,756,201,158,36,34,29,50,101,5.911764705882353,4.647058823529412,1.0588235294117647,1.0,0.8529411764705882,22.235294117647058,1.4705882352941178,84,188,0.44680851063829785,33,61,0.5409836065573771,0,1,0.0,0.35031746031746036,0.46778998324334387,0.72,8.117647058823529,1,2,17,6,4,8.5,3.0,2.0,8.176470588235293,5.0588235294117645,1.4705882352941178,9.352941176470589,0.4434389140271493,0.4980650709473986,-2.2647058823529402,-0.41176470588235237,-0.41176470588235303,-1.2352941176470598,10,16,18,0.47058823529411764,Y,4,EA,2585,2622,-37,75.0,185
mendigi01w,5,SAC,0,G,0,6,0,39,10,5,3,0,0,3,2,1.6666666666666667,0.8333333333333334,0.5,0.0,0.0,6.5,0.5,4,8,0.5,0,0,0.0,2,5,0.4,0.28205128205128205,0.625,1.0,1.8333333333333333,0,0,0,0,0,0.0,0.0,0.0,,,,,,,,,,,0,18,16,0.5294117647058824,Y,4,WE,2312,2241,71,71.0,174
miaomi01w,6,SAC,0,G,0,18,0,135,31,4,13,5,1,15,13,1.7222222222222223,0.2222222222222222,0.7222222222222222,0.2777777777777778,0.05555555555555555,7.5,0.8333333333333334,9,30,0.3,7,7,1.0,6,20,0.3,0.35614814814814816,0.4685610640870617,0.8666666666666667,1.0,0,0,0,0,0,0.0,0.0,0.0,,,,,,,,,,,0,25,9,0.7352941176470589,Y,1,WE,2329,2093,236,71.0,153
millebr01w,10,DET,0,C,0,1,0,8,0,0,0,1,0,0,1,0.0,0.0,0.0,1.0,0.0,8.0,0.0,0,1,0.0,0,0,0.0,0,0,0.0,0.125,0.0,0.0,0.0,0,0,0,0,0,0.0,0.0,0.0,,,,,,,,,,,0,18,16,0.5294117647058824,Y,3,EA,2652,2644,8,76.0,0
milleco01w,2,WAS,0,G,0,20,0,137,34,9,8,6,0,13,10,1.7,0.45,0.4,0.3,0.0,6.85,0.65,13,40,0.325,6,11,0.5454545454545454,2,6,0.3333333333333333,0.42218978102189786,0.3791257805530776,0.6153846153846154,0.6,0,0,0,0,0,0.0,0.0,0.0,,,,,,,,,,,0,10,22,0.3125,N,8,EA,1928,2075,-147,69.0,140
milleco01w,3,WAS,0,G,0,32,32,904,298,116,82,33,2,59,84,9.3125,3.625,2.5625,1.03125,0.0625,28.25,1.84375,114,263,0.43346007604562736,46,56,0.8214285714285714,24,64,0.375,0.3834513274336283,0.5180086218884717,1.3898305084745763,9.78125,1,5,54,15,12,10.8,3.0,2.4,1.7,0.45,0.4,0.6,0.325,0.3791257805530776,7.6125,3.175,2.1625,9.18125,1,17,15,0.53125,Y,3,EA,2135,2116,19,69.0,140
milleco01w,4,WAS,0,G,0,33,33,1076,413,127,86,39,7,53,95,12.515151515151516,3.8484848484848486,2.606060606060606,1.1818181818181819,0.21212121212121213,32.60606060606061,1.606060606060606,172,382,0.450261780104712,37,53,0.6981132075471698,32,89,0.3595505617977528,0.4259479553903346,0.5094739958551269,1.6226415094339623,11.909090909090908,0,0,0,0,0,0.0,0.0,0.0,9.3125,3.625,2.5625,9.78125,0.43346007604562736,0.5180086218884717,3.2026515151515156,0.22348484848484862,0.043560606060605966,2.1278409090909083,2,9,25,0.2647058823529412,N,7,EA,2330,2498,-168,69.0,140
milleco01w,5,WAS,0,G,0,33,8,637,160,63,43,18,3,27,60,4.848484848484849,1.9090909090909092,1.303030303030303,0.5454545454545454,0.09090909090909091,19.303030303030305,0.8181818181818182,72,167,0.4311377245508982,11,14,0.7857142857142857,5,19,0.2631578947368421,0.31422291993720564,0.462000462000462,1.5925925925925926,4.909090909090909,1,3,16,7,2,5.333333333333333,2.3333333333333335,0.6666666666666666,12.515151515151516,3.8484848484848486,2.606060606060606,11.909090909090908,0.450261780104712,0.5094739958551269,-7.666666666666667,-1.9393939393939394,-1.303030303030303,-6.999999999999999,3,17,17,0.5,Y,4,EA,2325,2384,-59,69.0,140
milleco01w,6,WAS,0,G,0,34,4,500,153,59,44,26,3,28,53,4.5,1.7352941176470589,1.2941176470588236,0.7647058823529411,0.08823529411764706,14.705882352941176,0.8235294117647058,68,160,0.425,8,10,0.8,9,24,0.375,0.38480000000000003,0.46532846715328463,1.5714285714285714,4.794117647058823,0,0,0,0,0,0.0,0.0,0.0,4.848484848484849,1.9090909090909092,1.303030303030303,4.909090909090909,0.4311377245508982,0.462000462000462,-0.3484848484848486,-0.1737967914438503,-0.008912655971479388,-0.1149732620320858,4,16,18,0.47058823529411764,N,5,EA,2263,2305,-42,69.0,140
milleco01w,7,WAS,0,G,0,34,4,658,206,91,59,34,4,49,73,6.0588235294117645,2.676470588235294,1.7352941176470589,1.0,0.11764705882352941,19.352941176470587,1.4411764705882353,84,171,0.49122807017543857,26,29,0.896551724137931,12,30,0.4,0.3537386018237082,0.5605137135393993,1.2040816326530612,7.5,1,2,16,6,2,8.0,3.0,1.0,4.5,1.7352941176470589,1.2941176470588236,4.794117647058823,0.425,0.46532846715328463,1.5588235294117645,0.9411764705882351,0.4411764705882353,2.7058823529411766,5,18,16,0.5294117647058824,Y,4,EA,2747,2657,90,69.0,140
milleco01w,8,WAS,0,G,0,30,2,455,120,49,25,19,2,29,45,4.0,1.6333333333333333,0.8333333333333334,0.6333333333333333,0.06666666666666667,15.166666666666666,0.9666666666666667,47,116,0.4051724137931034,16,16,1.0,10,25,0.4,0.3341538461538462,0.48764629388816644,0.8620689655172413,3.9,0,0,0,0,0,0.0,0.0,0.0,6.0588235294117645,2.676470588235294,1.7352941176470589,7.5,0.49122807017543857,0.5605137135393993,-2.0588235294117645,-1.0431372549019606,-0.9019607843137255,-3.6,6,16,18,0.47058823529411764,N,5,EA,2585,2639,-54,69.0,140
milleco01w,9,WAS,0,G,0,34,6,710,179,85,47,26,5,58,63,5.264705882352941,2.5,1.3823529411764706,0.7647058823529411,0.14705882352941177,20.88235294117647,1.7058823529411764,77,217,0.3548387096774194,10,16,0.625,15,53,0.2830188679245283,0.3972394366197183,0.39948223531512234,0.8103448275862069,4.0588235294117645,0,0,0,0,0,0.0,0.0,0.0,4.0,1.6333333333333333,0.8333333333333334,3.9,0.4051724137931034,0.48764629388816644,1.2647058823529411,0.8666666666666667,0.5490196078431372,0.15882352941176459,7,10,24,0.29411764705882354,N,6,EA,2368,2601,-233,69.0,140
milleco01w,10,ATL,0,G,0,34,5,407,131,50,33,12,2,31,37,3.8529411764705883,1.4705882352941178,0.9705882352941176,0.35294117647058826,0.058823529411764705,11.970588235294118,0.9117647058823529,50,122,0.4098360655737705,23,26,0.8846153846153846,8,27,0.2962962962962963,0.404029484029484,0.49085731414868106,1.064516129032258,3.588235294117647,1,2,7,0,2,3.5,0.0,1.0,5.264705882352941,2.5,1.3823529411764706,4.0588235294117645,0.3548387096774194,0.39948223531512234,-1.4117647058823528,-1.0294117647058822,-0.4117647058823529,-0.4705882352941173,8,18,16,0.5294117647058824,Y,2,EA,2861,2797,64,69.0,140
milleke01w,2,CHA,0,G,0,26,0,225,55,28,14,9,0,9,14,2.1153846153846154,1.0769230769230769,0.5384615384615384,0.34615384615384615,0.0,8.653846153846153,0.34615384615384615,22,57,0.38596491228070173,4,5,0.8,7,19,0.3684210526315789,0.3031111111111111,0.46452702702702703,1.5555555555555556,2.3461538461538463,1,2,0,0,0,0.0,0.0,0.0,,,,,,,,,,,0,18,14,0.5625,Y,4,EA,2055,2009,46,70.0,140
milleke01w,3,CHA,0,G,0,32,0,554,211,68,49,22,1,27,39,6.59375,2.125,1.53125,0.6875,0.03125,17.3125,0.84375,79,177,0.4463276836158192,29,38,0.7631578947368421,24,51,0.47058823529411764,0.3984115523465704,0.544600454263886,1.8148148148148149,6.78125,1,2,5,2,0,2.5,1.0,0.0,2.1153846153846154,1.0769230769230769,0.5384615384615384,2.3461538461538463,0.38596491228070173,0.46452702702702703,4.478365384615385,1.0480769230769231,0.9927884615384616,4.435096153846153,1,18,14,0.5625,Y,2,EA,2241,2133,108,70.0,140
milleke01w,4,CHA,0,G,0,34,0,523,189,53,47,18,2,35,44,5.5588235294117645,1.5588235294117647,1.3823529411764706,0.5294117647058824,0.058823529411764705,15.382352941176471,1.0294117647058822,68,167,0.40718562874251496,31,40,0.775,22,52,0.4230769230769231,0.4198852772466539,0.5119176598049837,1.3428571428571427,4.882352941176471,1,2,8,1,2,4.0,0.5,1.0,6.59375,2.125,1.53125,6.78125,0.4463276836158192,0.544600454263886,-1.0349264705882355,-0.5661764705882353,-0.14889705882352944,-1.898897058823529,2,18,16,0.5294117647058824,Y,2,EA,2217,2195,22,70.0,140
milleke01w,5,IND,0,G,0,34,34,1096,348,108,106,37,5,74,81,10.235294117647058,3.176470588235294,3.1176470588235294,1.088235294117647,0.14705882352941177,32.23529411764706,2.176470588235294,126,326,0.38650306748466257,50,57,0.8771929824561403,46,112,0.4107142857142857,0.38784671532846715,0.4956135353765524,1.4324324324324325,9.5,0,0,0,0,0,0.0,0.0,0.0,5.5588235294117645,1.5588235294117647,1.3823529411764706,4.882352941176471,0.40718562874251496,0.5119176598049837,4.6764705882352935,1.6176470588235292,1.7352941176470589,4.617647058823529,3,15,19,0.4411764705882353,N,6,EA,2198,2245,-47,70.0,140
milleke01w,6,IND,0,G,0,34,34,1057,348,86,81,40,2,53,81,10.235294117647058,2.5294117647058822,2.3823529411764706,1.1764705882352942,0.058823529411764705,31.08823529411765,1.5588235294117647,122,278,0.43884892086330934,67,79,0.8481012658227848,37,114,0.32456140350877194,0.3460359508041627,0.5563371275099118,1.528301886792453,9.882352941176471,1,4,40,7,10,10.0,1.75,2.5,10.235294117647058,3.176470588235294,3.1176470588235294,9.5,0.38650306748466257,0.4956135353765524,0.0,-0.6470588235294117,-0.7352941176470589,0.382352941176471,4,21,13,0.6176470588235294,Y,2,EA,2170,2133,37,70.0,140
milleke01w,7,PHO,0,G,0,27,24,814,296,144,94,28,6,73,74,10.962962962962964,5.333333333333333,3.4814814814814814,1.037037037037037,0.2222222222222222,30.14814814814815,2.7037037037037037,109,259,0.42084942084942084,48,62,0.7741935483870968,30,79,0.379746835443038,0.44137592137592135,0.5169763867542266,1.2876712328767124,12.25925925925926,0,0,0,0,0,0.0,0.0,0.0,10.235294117647058,2.5294117647058822,2.3823529411764706,9.882352941176471,0.43884892086330934,0.5563371275099118,0.7276688453159057,2.803921568627451,1.0991285403050108,2.3769063180827885,5,18,16,0.5294117647058824,N,5,WE,2960,2879,81,70.0,140
milleke01w,8,PHO,0,G,0,34,34,1040,321,168,156,42,5,86,94,9.441176470588236,4.9411764705882355,4.588235294117647,1.2352941176470589,0.14705882352941177,30.58823529411765,2.5294117647058822,115,240,0.4791666666666667,64,82,0.7804878048780488,27,70,0.38571428571428573,0.34815384615384615,0.5813532309475514,1.813953488372093,13.617647058823529,1,9,105,48,32,11.666666666666666,5.333333333333333,3.5555555555555554,10.962962962962964,5.333333333333333,3.4814814814814814,12.25925925925926,0.42084942084942084,0.5169763867542266,-1.5217864923747282,-0.39215686274509753,1.1067538126361653,1.3583877995642695,6,23,11,0.6764705882352942,Y,1,WE,3025,2904,121,70.0,140
milleke01w,9,PHO,0,G,0,34,34,945,283,148,135,22,4,84,66,8.323529411764707,4.352941176470588,3.9705882352941178,0.6470588235294118,0.11764705882352941,27.794117647058822,2.4705882352941178,107,262,0.4083969465648855,49,58,0.8448275862068966,20,52,0.38461538461538464,0.3931428571428571,0.4921396772398442,1.6071428571428572,10.117647058823529,0,0,0,0,0,0.0,0.0,0.0,9.441176470588236,4.9411764705882355,4.588235294117647,13.617647058823529,0.4791666666666667,0.5813532309475514,-1.117647058823529,-0.5882352941176476,-0.617647058823529,-3.5,7,16,18,0.47058823529411764,N,6,WE,3010,3009,1,70.0,140
milleke01w,10,MIN,0,G,0,34,25,675,150,74,67,24,2,50,56,4.411764705882353,2.176470588235294,1.9705882352941178,0.7058823529411765,0.058823529411764705,19.852941176470587,1.4705882352941178,54,149,0.3624161073825503,20,22,0.9090909090909091,22,66,0.3333333333333333,0.3091555555555556,0.4726493571968742,1.34,5.0,0,0,0,0,0,0.0,0.0,0.0,8.323529411764707,4.352941176470588,3.9705882352941178,10.117647058823529,0.4083969465648855,0.4921396772398442,-3.9117647058823533,-2.176470588235294,-2.0,-5.117647058823529,8,14,20,0.4117647058823529,N,5,WE,2731,2827,-96,70.0,140
millsta01w,1,WAS,0,C,0,31,0,295,130,80,9,10,8,37,71,4.193548387096774,2.5806451612903225,0.2903225806451613,0.3225806451612903,0.25806451612903225,9.516129032258064,1.1935483870967742,46,105,0.4380952380952381,38,51,0.7450980392156863,0,0,0.0,0.5574237288135593,0.5100439422473321,0.24324324324324326,4.129032258064516,1,2,11,3,0,5.5,1.5,0.0,,,,,,,,,,,0,14,18,0.4375,Y,4,EA,2176,2221,-45,75.0,232
millsta01w,2,WAS,0,C,0,30,0,319,64,105,6,14,4,25,72,2.1333333333333333,3.5,0.2,0.4666666666666667,0.13333333333333333,10.633333333333333,0.8333333333333334,23,69,0.3333333333333333,18,31,0.5806451612903226,0,1,0.0,0.3374294670846395,0.3872216844143272,0.24,3.6333333333333333,0,0,0,0,0,0.0,0.0,0.0,4.193548387096774,2.5806451612903225,0.2903225806451613,4.129032258064516,0.4380952380952381,0.5100439422473321,-2.0602150537634407,0.9193548387096775,-0.0903225806451613,-0.4956989247311827,1,10,22,0.3125,N,8,EA,1928,2075,-147,75.0,232
millsta01w,3,WAS,0,C,0,4,0,17,0,3,0,1,0,2,3,0.0,0.75,0.0,0.25,0.0,4.25,0.5,0,4,0.0,0,2,0.0,0,0,0.0,0.4047058823529412,0.0,0.0,-1.0,0,0,0,0,0,0.0,0.0,0.0,2.1333333333333333,3.5,0.2,3.6333333333333333,0.3333333333333333,0.3872216844143272,-2.1333333333333333,-2.75,-0.2,-4.633333333333333,2,17,15,0.53125,Y,3,EA,2135,2116,19,75.0,232
millsta01w,4,SAS,0,C,0,29,0,185,58,55,7,4,2,23,58,2.0,1.896551724137931,0.2413793103448276,0.13793103448275862,0.06896551724137931,6.379310344827586,0.7931034482758621,20,49,0.40816326530612246,18,31,0.5806451612903226,0,0,0.0,0.4629189189189189,0.46296296296296297,0.30434782608695654,2.103448275862069,0,0,0,0,0,0.0,0.0,0.0,0.0,0.75,0.0,-1.0,0.0,0.0,2.0,1.146551724137931,0.2413793103448276,3.103448275862069,3,12,22,0.35294117647058826,N,6,WE,2215,2427,-212,75.0,232
millsta01w,8,DET,0,C,0,5,1,51,15,18,2,0,0,6,11,3.0,3.6,0.4,0.0,0.0,10.2,1.2,6,21,0.2857142857142857,3,4,0.75,0,0,0.0,0.563921568627451,0.32952548330404213,0.3333333333333333,2.6,0,0,0,0,0,0.0,0.0,0.0,2.0,1.896551724137931,0.2413793103448276,2.103448275862069,0.40816326530612246,0.46296296296296297,1.0,1.703448275862069,0.15862068965517243,0.49655172413793114,4,24,10,0.7058823529411765,Y,1,EA,2697,2540,157,75.0,232
miltode01w,1,LAS,0,F,0,32,32,983,378,194,68,44,29,67,124,11.8125,6.0625,2.125,1.375,0.90625,30.71875,2.09375,150,293,0.5119453924914675,76,102,0.7450980392156863,2,8,0.25,0.41188199389623603,0.5593701906002131,1.0149253731343284,14.90625,1,4,50,22,12,12.5,5.5,3.0,,,,,,,,,,,0,28,4,0.875,Y,1,WE,2417,2169,248,73.0,185
miltode01w,2,LAS,0,F,0,32,27,938,330,169,68,49,29,58,101,10.3125,5.28125,2.125,1.53125,0.90625,29.3125,1.8125,134,296,0.4527027027027027,50,63,0.7936507936507936,12,35,0.34285714285714286,0.4069509594882729,0.5096997405164957,1.1724137931034482,12.875,1,7,86,44,20,12.285714285714286,6.285714285714286,2.857142857142857,11.8125,6.0625,2.125,14.90625,0.5119453924914675,0.5593701906002131,-1.5,-0.78125,0.0,-2.03125,1,28,4,0.875,Y,1,WE,2441,2166,275,73.0,185
miltode01w,3,LAS,0,F,0,32,25,966,362,211,45,50,35,94,122,11.3125,6.59375,1.40625,1.5625,1.09375,30.1875,2.9375,132,271,0.4870848708487085,77,104,0.7403846153846154,21,50,0.42,0.4252173913043478,0.5714105316327819,0.4787234042553192,13.84375,1,6,78,41,8,13.0,6.833333333333333,1.3333333333333333,10.3125,5.28125,2.125,12.875,0.4527027027027027,0.5096997405164957,1.0,1.3125,-0.71875,0.96875,2,25,7,0.78125,Y,1,WE,2452,2235,217,73.0,185
miltode01w,4,LAS,0,F,0,31,30,1086,416,220,64,49,41,79,109,13.419354838709678,7.096774193548387,2.064516129032258,1.5806451612903225,1.3225806451612903,35.03225806451613,2.5483870967741935,139,328,0.42378048780487804,115,143,0.8041958041958042,23,61,0.3770491803278688,0.43270718232044203,0.5320781745625703,0.810126582278481,15.935483870967742,1,9,131,57,25,14.555555555555555,6.333333333333333,2.7777777777777777,11.3125,6.59375,1.40625,13.84375,0.4870848708487085,0.5714105316327819,2.106854838709678,0.503024193548387,0.658266129032258,2.091733870967742,3,24,10,0.7058823529411765,Y,1,WE,2499,2432,67,73.0,185
miltode01w,5,LAS,0,F,0,19,19,604,186,90,31,23,10,48,63,9.789473684210526,4.7368421052631575,1.631578947368421,1.2105263157894737,0.5263157894736842,31.789473684210527,2.526315789473684,65,161,0.40372670807453415,45,62,0.7258064516129032,11,37,0.2972972972972973,0.39119205298013243,0.49394518801784576,0.6458333333333334,9.421052631578947,0,0,0,0,0,0.0,0.0,0.0,13.419354838709678,7.096774193548387,2.064516129032258,15.935483870967742,0.42378048780487804,0.5320781745625703,-3.6298811544991523,-2.3599320882852295,-0.432937181663837,-6.514431239388795,4,25,9,0.7352941176470589,Y,1,WE,2495,2361,134,73.0,185
miltode01w,6,WAS,0,F,0,33,30,1069,394,172,58,57,18,75,117,11.93939393939394,5.212121212121212,1.7575757575757576,1.7272727272727273,0.5454545454545454,32.39393939393939,2.272727272727273,138,331,0.4169184290030212,79,99,0.797979797979798,39,119,0.3277310924369748,0.42054256314312444,0.5259504485262708,0.7733333333333333,12.454545454545455,0,0,0,0,0,0.0,0.0,0.0,9.789473684210526,4.7368421052631575,1.631578947368421,9.421052631578947,0.40372670807453415,0.49394518801784576,2.149920255183414,0.4752791068580544,0.12599681020733655,3.033492822966508,5,16,18,0.47058823529411764,N,5,EA,2263,2305,-42,73.0,185
miltode01w,7,WAS,0,F,0,23,20,675,335,112,48,35,17,67,87,14.565217391304348,4.869565217391305,2.0869565217391304,1.5217391304347827,0.7391304347826086,29.347826086956523,2.9130434782608696,125,265,0.4716981132075472,51,63,0.8095238095238095,34,79,0.43037974683544306,0.5329185185185186,0.5722191855698278,0.7164179104477612,14.26086956521739,1,2,28,18,5,14.0,9.0,2.5,11.93939393939394,5.212121212121212,1.7575757575757576,12.454545454545455,0.4169184290030212,0.5259504485262708,2.6258234519104082,-0.3425559947299073,0.3293807641633728,1.8063241106719357,6,18,16,0.5294117647058824,Y,4,EA,2747,2657,90,73.0,185
miltode01w,8,WAS,0,F,0,34,34,1141,456,217,55,52,38,121,107,13.411764705882353,6.382352941176471,1.6176470588235294,1.5294117647058822,1.1176470588235294,33.55882352941177,3.5588235294117645,165,473,0.3488372093023256,98,116,0.8448275862068966,28,119,0.23529411764705882,0.5653286590709903,0.43508129150446534,0.45454545454545453,10.911764705882353,0,0,0,0,0,0.0,0.0,0.0,14.565217391304348,4.869565217391305,2.0869565217391304,14.26086956521739,0.4716981132075472,0.5722191855698278,-1.1534526854219944,1.5127877237851663,-0.46930946291560094,-3.3491048593350374,7,16,18,0.47058823529411764,N,5,EA,2585,2639,-54,73.0,185
miltode01w,9,LAS,0,F,0,31,31,1016,431,196,73,34,18,99,109,13.903225806451612,6.32258064516129,2.3548387096774195,1.096774193548387,0.5806451612903226,32.774193548387096,3.193548387096774,165,344,0.4796511627906977,72,93,0.7741935483870968,29,81,0.35802469135802467,0.4762992125984252,0.5598565935778863,0.7373737373737373,14.612903225806452,1,6,64,36,11,10.666666666666666,6.0,1.8333333333333333,13.411764705882353,6.382352941176471,1.6176470588235294,10.911764705882353,0.3488372093023256,0.43508129150446534,0.49146110056925885,-0.05977229601518097,0.73719165085389,3.7011385199240987,8,20,14,0.5882352941176471,Y,3,WE,2598,2523,75,73.0,185
miltode01w,10,LAS,0,F,0,33,33,1043,338,157,71,41,8,74,84,10.242424242424242,4.757575757575758,2.1515151515151514,1.2424242424242424,0.24242424242424243,31.606060606060606,2.242424242424242,129,322,0.40062111801242234,56,74,0.7567567567567568,24,82,0.2926829268292683,0.4108916586768936,0.4766471119133574,0.9594594594594594,10.0,1,6,54,35,15,9.0,5.833333333333333,2.5,13.903225806451612,6.32258064516129,2.3548387096774195,14.612903225806452,0.4796511627906977,0.5598565935778863,-3.66080156402737,-1.5650048875855322,-0.2033235581622681,-4.612903225806452,9,18,16,0.5294117647058824,Y,3,WE,2533,2498,35,73.0,185
mitchle01w,9,NYL,0,G,0,34,5,518,131,57,97,17,3,39,43,3.8529411764705883,1.6764705882352942,2.8529411764705883,0.5,0.08823529411764706,15.235294117647058,1.1470588235294117,39,105,0.37142857142857144,34,42,0.8095238095238095,19,47,0.40425531914893614,0.3136679536679537,0.5304502753482345,2.4871794871794872,5.647058823529412,1,6,29,2,8,4.833333333333333,0.3333333333333333,1.3333333333333333,,,,,,,,,,,0,19,15,0.5588235294117647,Y,3,EA,2573,2538,35,65.0,130
mitchle01w,10,NYL,0,G,0,34,2,436,80,41,76,9,2,26,46,2.3529411764705883,1.2058823529411764,2.235294117647059,0.2647058823529412,0.058823529411764705,12.823529411764707,0.7647058823529411,30,100,0.3,6,6,1.0,14,52,0.2692307692307692,0.295045871559633,0.3897116134060795,2.923076923076923,3.2941176470588234,0,0,0,0,0,0.0,0.0,0.0,3.8529411764705883,1.6764705882352942,2.8529411764705883,5.647058823529412,0.37142857142857144,0.5304502753482345,-1.5,-0.47058823529411775,-0.6176470588235294,-2.3529411764705888,1,13,21,0.38235294117647056,N,7,EA,2512,2535,-23,65.0,130
moeggli01w,7,CHI,0,F,0,27,1,277,58,46,17,10,6,15,14,2.1481481481481484,1.7037037037037037,0.6296296296296297,0.37037037037037035,0.2222222222222222,10.25925925925926,0.5555555555555556,20,63,0.31746031746031744,14,30,0.4666666666666667,4,12,0.3333333333333333,0.3292418772563177,0.3805774278215223,1.1333333333333333,2.3333333333333335,0,0,0,0,0,0.0,0.0,0.0,,,,,,,,,,,0,5,29,0.14705882352941177,N,7,EA,2322,2687,-365,73.0,195
moeggli01w,8,CHI,0,F,0,23,0,206,37,31,6,3,2,10,15,1.608695652173913,1.3478260869565217,0.2608695652173913,0.13043478260869565,0.08695652173913043,8.956521739130435,0.43478260869565216,17,41,0.4146341463414634,2,5,0.4,1,6,0.16666666666666666,0.25825242718446606,0.4282407407407407,0.6,1.826086956521739,0,0,0,0,0,0.0,0.0,0.0,2.1481481481481484,1.7037037037037037,0.6296296296296297,2.3333333333333335,0.31746031746031744,0.3805774278215223,-0.5394524959742353,-0.355877616747182,-0.36876006441223835,-0.5072463768115945,1,14,20,0.4117647058823529,N,6,EA,2525,2611,-86,73.0,195
moisead01w,2,PHO,0,G,0,7,0,123,41,16,17,6,0,16,11,5.857142857142857,2.2857142857142856,2.4285714285714284,0.8571428571428571,0.0,17.571428571428573,2.2857142857142856,14,36,0.3888888888888889,9,12,0.75,4,12,0.3333333333333333,0.4656910569105691,0.49660852713178294,1.0625,5.571428571428571,0,0,0,0,0,0.0,0.0,0.0,,,,,,,,,,,0,13,19,0.40625,N,5,WE,2064,2169,-105,66.0,140
moisead01w,3,PHO,0,G,0,32,4,619,193,60,79,30,3,72,53,6.03125,1.875,2.46875,0.9375,0.09375,19.34375,2.25,63,164,0.38414634146341464,48,60,0.8,19,66,0.2878787878787879,0.4239095315024232,0.506827731092437,1.0972222222222223,5.625,0,0,0,0,0,0.0,0.0,0.0,5.857142857142857,2.2857142857142856,2.4285714285714284,5.571428571428571,0.3888888888888889,0.49660852713178294,0.17410714285714324,-0.4107142857142856,0.04017857142857162,0.053571428571428825,1,11,21,0.34375,N,7,WE,2091,2291,-200,66.0,140
moisead01w,8,PHO,0,G,0,4,0,31,7,7,3,3,0,10,2,1.75,1.75,0.75,0.75,0.0,7.75,2.5,2,5,0.4,2,2,1.0,1,1,1.0,0.512258064516129,0.5952380952380952,0.3,1.75,0,0,0,0,0,0.0,0.0,0.0,6.03125,1.875,2.46875,5.625,0.38414634146341464,0.506827731092437,-4.28125,-0.125,-1.71875,-3.875,2,23,11,0.6764705882352942,Y,1,WE,3025,2904,121,66.0,140
montaan01w,10,MIN,0,F,0,16,1,169,35,26,19,9,0,12,17,2.1875,1.625,1.1875,0.5625,0.0,10.5625,0.75,14,36,0.3888888888888889,2,2,1.0,5,15,0.3333333333333333,0.28923076923076924,0.47451193058568325,1.5833333333333333,3.4375,0,0,0,0,0,0.0,0.0,0.0,,,,,,,,,,,0,14,20,0.4117647058823529,N,5,WE,2731,2827,-96,73.0,190
montgre01w,10,MIN,0,G,0,34,9,764,306,66,72,25,9,66,37,9.0,1.9411764705882353,2.1176470588235294,0.7352941176470589,0.2647058823529412,22.470588235294116,1.9411764705882353,102,250,0.408,60,72,0.8333333333333334,42,121,0.34710743801652894,0.45507853403141363,0.5431695541039477,1.0909090909090908,7.411764705882353,0,0,0,0,0,0.0,0.0,0.0,,,,,,,,,,,0,14,20,0.4117647058823529,N,5,WE,2731,2827,-96,67.0,139
mooreja01w,3,IND,0,C,0,18,2,128,42,29,3,5,1,14,16,2.3333333333333335,1.6111111111111112,0.16666666666666666,0.2777777777777778,0.05555555555555555,7.111111111111111,0.7777777777777778,16,38,0.42105263157894735,10,14,0.7142857142857143,0,1,0.0,0.454375,0.4755434782608696,0.21428571428571427,2.2222222222222223,1,2,0,1,0,0.0,0.5,0.0,,,,,,,,,,,0,16,16,0.5,Y,4,EA,2097,2129,-32,73.0,207
mooreje01w,6,CHA,1,F-C,0,6,0,49,3,5,2,0,0,4,9,0.5,0.8333333333333334,0.3333333333333333,0.0,0.0,8.166666666666666,0.6666666666666666,1,3,0.3333333333333333,1,2,0.5,0,0,0.0,0.16081632653061223,0.3865979381443299,0.5,0.5,0,0,0,0,0,0.0,0.0,0.0,,,,,,,,,,,0,6,28,0.17647058823529413,N,6,EA,2095,2335,-240,75.0,175
mooreje01w,6,LAS,2,F-C,0,15,0,109,8,8,1,4,0,5,21,0.5333333333333333,0.5333333333333333,0.06666666666666667,0.26666666666666666,0.0,7.266666666666667,0.3333333333333333,4,8,0.5,0,0,0.0,0,0,0.0,0.11926605504587157,0.5,0.2,0.8,0,0,0,0,0,0.0,0.0,0.0,0.5,0.8333333333333334,0.3333333333333333,0.5,0.3333333333333333,0.3865979381443299,0.033333333333333326,-0.30000000000000004,-0.26666666666666666,0.30000000000000004,1,17,17,0.5,Y,4,WE,2326,2345,-19,75.0,175
mooreje01w,7,LAS,0,F-C,0,34,33,653,147,98,24,22,9,28,79,4.323529411764706,2.8823529411764706,0.7058823529411765,0.6470588235294118,0.2647058823529412,19.205882352941178,0.8235294117647058,59,136,0.4338235294117647,29,38,0.7631578947368421,0,2,0.0,0.27675344563552834,0.48127291775798847,0.8571428571428571,5.470588235294118,1,5,24,16,5,4.8,3.2,1.0,0.5333333333333333,0.5333333333333333,0.06666666666666667,0.8,0.5,0.5,3.7901960784313724,2.3490196078431373,0.6392156862745099,4.670588235294118,2,25,9,0.7352941176470589,Y,1,WE,2575,2476,99,75.0,175
mooreje01w,8,LAS,0,F-C,0,29,17,440,123,88,18,6,6,33,64,4.241379310344827,3.0344827586206895,0.6206896551724138,0.20689655172413793,0.20689655172413793,15.172413793103448,1.1379310344827587,48,121,0.39669421487603307,27,42,0.6428571428571429,0,0,0.0,0.39199999999999996,0.44092342988242045,0.5454545454545454,4.137931034482759,0,0,0,0,0,0.0,0.0,0.0,4.323529411764706,2.8823529411764706,0.7058823529411765,5.470588235294118,0.4338235294117647,0.48127291775798847,-0.08215010141987822,0.15212981744421894,-0.0851926977687627,-1.3326572008113589,3,10,24,0.29411764705882354,N,7,WE,2533,2708,-175,75.0,175
mooreje01w,9,LAS,0,F-C,0,28,2,309,39,45,17,4,5,17,48,1.3928571428571428,1.6071428571428572,0.6071428571428571,0.14285714285714285,0.17857142857142858,11.035714285714286,0.6071428571428571,14,43,0.32558139534883723,11,16,0.6875,0,0,0.0,0.21695792880258896,0.38968824940047964,1.0,2.107142857142857,1,6,8,5,3,1.3333333333333333,0.8333333333333334,0.5,4.241379310344827,3.0344827586206895,0.6206896551724138,4.137931034482759,0.39669421487603307,0.44092342988242045,-2.8485221674876846,-1.4273399014778323,-0.013546798029556717,-2.0307881773399017,4,20,14,0.5882352941176471,Y,3,WE,2598,2523,75,75.0,175
mooreje01w,10,IND,0,F-C,0,31,9,613,148,96,14,19,6,32,85,4.774193548387097,3.096774193548387,0.45161290322580644,0.6129032258064516,0.1935483870967742,19.774193548387096,1.032258064516129,57,121,0.47107438016528924,34,46,0.7391304347826086,0,1,0.0,0.28261011419249593,0.5239308977626734,0.4375,5.645161290322581,1,10,22,17,3,2.2,1.7,0.3,1.3928571428571428,1.6071428571428572,0.6071428571428571,2.107142857142857,0.32558139534883723,0.38968824940047964,3.381336405529954,1.4896313364055298,-0.15552995391705066,3.5380184331797238,5,22,12,0.6470588235294118,Y,1,EA,2606,2501,105,75.0,175
moorelo01w,6,NYL,0,G,0,24,0,182,22,27,19,10,0,25,12,0.9166666666666666,1.125,0.7916666666666666,0.4166666666666667,0.0,7.583333333333333,1.0416666666666667,9,23,0.391304347826087,4,9,0.4444444444444444,0,2,0.0,0.2854945054945055,0.40801186943620177,0.76,1.4166666666666667,1,1,0,0,0,0.0,0.0,0.0,,,,,,,,,,,0,18,16,0.5294117647058824,Y,3,EA,2316,2285,31,69.0,165
moorelo01w,7,NYL,0,G,0,34,29,952,208,144,122,61,10,65,90,6.117647058823529,4.235294117647059,3.588235294117647,1.7941176470588236,0.29411764705882354,28.0,1.911764705882353,68,201,0.3383084577114428,37,51,0.7254901960784313,35,96,0.3645833333333333,0.30298319327731094,0.46544933762978874,1.876923076923077,9.794117647058824,0,0,0,0,0,0.0,0.0,0.0,0.9166666666666666,1.125,0.7916666666666666,1.4166666666666667,0.391304347826087,0.40801186943620177,5.200980392156862,3.110294117647059,2.7965686274509807,8.377450980392158,1,11,23,0.3235294117647059,N,5,EA,2372,2656,-284,69.0,165
moorelo01w,8,NYL,0,G,0,34,33,1163,327,138,163,75,5,99,93,9.617647058823529,4.0588235294117645,4.794117647058823,2.2058823529411766,0.14705882352941177,34.205882352941174,2.911764705882353,119,289,0.4117647058823529,34,58,0.5862068965517241,55,135,0.4074074074074074,0.3555631986242476,0.5198397558183899,1.6464646464646464,12.205882352941176,1,3,31,15,15,10.333333333333334,5.0,5.0,6.117647058823529,4.235294117647059,3.588235294117647,9.794117647058824,0.3383084577114428,0.46544933762978874,3.5,-0.17647058823529438,1.2058823529411762,2.4117647058823515,2,16,18,0.47058823529411764,Y,4,EA,2413,2501,-88,69.0,165
moorelo01w,9,NYL,0,G,0,29,29,809,154,112,132,44,4,77,71,5.310344827586207,3.8620689655172415,4.551724137931035,1.5172413793103448,0.13793103448275862,27.896551724137932,2.6551724137931036,55,161,0.3416149068322981,20,24,0.8333333333333334,24,83,0.2891566265060241,0.30724351050679855,0.44882256936348797,1.7142857142857142,8.931034482758621,1,6,43,21,25,7.166666666666667,3.5,4.166666666666667,9.617647058823529,4.0588235294117645,4.794117647058823,12.205882352941176,0.4117647058823529,0.5198397558183899,-4.307302231237322,-0.19675456389452295,-0.24239350912778868,-3.2748478701825547,3,19,15,0.5588235294117647,Y,3,EA,2573,2538,35,69.0,165
moorelo01w,10,NYL,0,G,0,34,32,941,215,125,133,66,2,78,55,6.323529411764706,3.676470588235294,3.911764705882353,1.9411764705882353,0.058823529411764705,27.676470588235293,2.2941176470588234,78,233,0.33476394849785407,33,48,0.6875,26,100,0.26,0.35294367693942613,0.42302849047694,1.705128205128205,8.617647058823529,0,0,0,0,0,0.0,0.0,0.0,5.310344827586207,3.8620689655172415,4.551724137931035,8.931034482758621,0.3416149068322981,0.44882256936348797,1.0131845841784983,-0.1855983772819476,-0.6399594320486819,-0.313387423935092,4,13,21,0.38235294117647056,N,7,EA,2512,2535,-23,69.0,165
moorena01w,8,MIN,0,G,0,19,0,87,21,15,4,3,0,7,21,1.105263157894737,0.7894736842105263,0.21052631578947367,0.15789473684210525,0.0,4.578947368421052,0.3684210526315789,7,26,0.2692307692307692,6,8,0.75,1,8,0.125,0.4197701149425287,0.3556910569105691,0.5714285714285714,0.7894736842105263,0,0,0,0,0,0.0,0.0,0.0,,,,,,,,,,,0,10,24,0.29411764705882354,N,6,WE,2636,2752,-116,70.0,145
moorena01w,9,MIN,0,G,0,16,0,125,48,15,5,4,3,3,18,3.0,0.9375,0.3125,0.25,0.1875,7.8125,0.1875,15,47,0.3191489361702128,15,27,0.5555555555555556,3,9,0.3333333333333333,0.49504000000000004,0.4076086956521739,1.6666666666666667,1.75,0,0,0,0,0,0.0,0.0,0.0,1.105263157894737,0.7894736842105263,0.21052631578947367,0.7894736842105263,0.2692307692307692,0.3556910569105691,1.894736842105263,0.14802631578947367,0.10197368421052633,0.9605263157894737,1,16,18,0.47058823529411764,N,7,WE,2767,2721,46,70.0,145
mooreta01w,3,MIA,1,G-F,0,5,3,83,28,7,10,7,0,11,16,5.6,1.4,2.0,1.4,0.0,16.6,2.2,8,25,0.32,10,10,1.0,2,9,0.2222222222222222,0.4867469879518072,0.4761904761904762,0.9090909090909091,4.8,0,0,0,0,0,0.0,0.0,0.0,,,,,,,,,,,0,15,17,0.46875,N,6,EA,2046,2088,-42,71.0,167
mooreta01w,3,MIN,2,G-F,0,26,20,653,196,76,78,23,9,74,65,7.538461538461538,2.923076923076923,3.0,0.8846153846153846,0.34615384615384615,25.115384615384617,2.8461538461538463,63,172,0.36627906976744184,44,53,0.8301886792452831,26,68,0.38235294117647056,0.4124349157733537,0.5017407331558469,1.054054054054054,7.3076923076923075,0,0,0,0,0,0.0,0.0,0.0,5.6,1.4,2.0,4.8,0.32,0.4761904761904762,1.9384615384615387,1.523076923076923,1.0,2.5076923076923077,1,10,22,0.3125,N,8,WE,2003,2104,-101,71.0,167
mooreta01w,4,DET,1,G-F,0,15,0,66,21,9,4,4,2,6,5,1.4,0.6,0.26666666666666666,0.26666666666666666,0.13333333333333333,4.4,0.4,8,16,0.5,5,6,0.8333333333333334,0,4,0.0,0.37333333333333335,0.5633047210300429,0.6666666666666666,1.6666666666666667,0,0,0,0,0,0.0,0.0,0.0,7.538461538461538,2.923076923076923,3.0,7.3076923076923075,0.36627906976744184,0.5017407331558469,-6.138461538461538,-2.323076923076923,-2.7333333333333334,-5.6410256410256405,2,25,9,0.7352941176470589,Y,1,EA,2553,2395,158,71.0,167
mooreta01w,4,PHO,2,G-F,0,11,0,110,33,19,8,5,4,10,9,3.0,1.7272727272727273,0.7272727272727273,0.45454545454545453,0.36363636363636365,10.0,0.9090909090909091,11,26,0.4230769230769231,11,13,0.8461538461538461,0,5,0.0,0.37927272727272726,0.5201765447667087,0.8,3.8181818181818183,0,0,0,0,0,0.0,0.0,0.0,1.4,0.6,0.26666666666666666,1.6666666666666667,0.5,0.5633047210300429,1.6,1.1272727272727274,0.46060606060606063,2.1515151515151514,3,8,26,0.23529411764705882,N,7,WE,2097,2270,-173,71.0,167
mooreta01w,5,PHO,0,G-F,0,32,0,387,82,28,53,26,9,34,46,2.5625,0.875,1.65625,0.8125,0.28125,12.09375,1.0625,27,61,0.4426229508196721,25,29,0.8620689655172413,3,10,0.3,0.2784496124031008,0.5558568329718004,1.5588235294117647,3.9375,0,0,0,0,0,0.0,0.0,0.0,3.0,1.7272727272727273,0.7272727272727273,3.8181818181818183,0.4230769230769231,0.5201765447667087,-0.4375,-0.8522727272727273,0.9289772727272727,0.11931818181818166,4,17,17,0.5,N,5,WE,2300,2235,65,71.0,167
mooreta01w,6,NYL,0,G-F,0,7,0,48,11,7,6,0,0,4,6,1.5714285714285714,1.0,0.8571428571428571,0.0,0.0,6.857142857142857,0.5714285714285714,4,6,0.6666666666666666,2,2,1.0,1,3,0.3333333333333333,0.22666666666666666,0.7994186046511628,1.5,2.5714285714285716,0,0,0,0,0,0.0,0.0,0.0,2.5625,0.875,1.65625,3.9375,0.4426229508196721,0.5558568329718004,-0.9910714285714286,0.125,-0.7991071428571429,-1.3660714285714284,5,18,16,0.5294117647058824,Y,3,EA,2316,2285,31,71.0,167
mooreta01w,7,LAS,0,G-F,0,34,33,634,206,71,65,33,8,38,59,6.0588235294117645,2.088235294117647,1.911764705882353,0.9705882352941176,0.23529411764705882,18.647058823529413,1.1176470588235294,68,145,0.4689655172413793,53,66,0.803030303030303,17,49,0.3469387755102041,0.3344479495268139,0.5918179728797978,1.7105263157894737,7.5,1,4,31,12,11,7.75,3.0,2.75,1.5714285714285714,1.0,0.8571428571428571,2.5714285714285716,0.6666666666666666,0.7994186046511628,4.487394957983193,1.0882352941176472,1.054621848739496,4.928571428571429,6,25,9,0.7352941176470589,Y,1,WE,2575,2476,99,71.0,167
mooreta01w,8,HOU,0,G-F,0,15,9,289,58,25,44,16,2,32,38,3.8666666666666667,1.6666666666666667,2.933333333333333,1.0666666666666667,0.13333333333333333,19.266666666666666,2.1333333333333333,21,57,0.3684210526315789,12,12,1.0,4,15,0.26666666666666666,0.32622837370242214,0.46563904945407836,1.375,5.133333333333334,0,0,0,0,0,0.0,0.0,0.0,6.0588235294117645,2.088235294117647,1.911764705882353,7.5,0.4689655172413793,0.5918179728797978,-2.192156862745098,-0.42156862745098045,1.02156862745098,-2.3666666666666663,7,13,21,0.38235294117647056,N,5,WE,2510,2628,-118,71.0,167
moosca01w,3,MIA,0,F-C,0,2,0,6,0,0,0,0,1,0,2,0.0,0.0,0.0,0.0,0.5,3.0,0.0,0,1,0.0,0,0,0.0,0,0,0.0,0.16666666666666666,0.0,0.0,0.0,0,0,0,0,0,0.0,0.0,0.0,,,,,,,,,,,0,15,17,0.46875,N,6,EA,2046,2088,-42,78.0,182
mosbybe01w,8,WAS,0,F,0,28,0,279,83,78,10,8,6,19,22,2.9642857142857144,2.7857142857142856,0.35714285714285715,0.2857142857142857,0.21428571428571427,9.964285714285714,0.6785714285714286,30,62,0.4838709677419355,23,28,0.8214285714285714,0,1,0.0,0.33448028673835123,0.5583961248654468,0.5263157894736842,4.607142857142857,0,0,0,0,0,0.0,0.0,0.0,,,,,,,,,,,0,16,18,0.47058823529411764,N,5,EA,2585,2639,-54,73.0,172
mosbybe01w,9,WAS,0,F,0,24,1,183,48,53,2,2,7,12,20,2.0,2.2083333333333335,0.08333333333333333,0.08333333333333333,0.2916666666666667,7.625,0.5,20,51,0.39215686274509803,8,12,0.6666666666666666,0,0,0.0,0.37311475409836065,0.42643923240938164,0.16666666666666666,2.7083333333333335,0,0,0,0,0,0.0,0.0,0.0,2.9642857142857144,2.7857142857142856,0.35714285714285715,4.607142857142857,0.4838709677419355,0.5583961248654468,-0.9642857142857144,-0.5773809523809521,-0.27380952380952384,-1.8988095238095233,1,10,24,0.29411764705882354,N,6,EA,2368,2601,-233,73.0,172
mosbybe01w,10,WAS,0,F,0,24,0,169,46,37,3,8,1,16,29,1.9166666666666667,1.5416666666666667,0.125,0.3333333333333333,0.041666666666666664,7.041666666666667,0.6666666666666666,17,47,0.3617021276595745,12,14,0.8571428571428571,0,1,0.0,0.40923076923076923,0.4326561324303988,0.1875,1.9583333333333333,0,0,0,0,0,0.0,0.0,0.0,2.0,2.2083333333333335,0.08333333333333333,2.7083333333333335,0.39215686274509803,0.42643923240938164,-0.08333333333333326,-0.6666666666666667,0.04166666666666667,-0.7500000000000002,2,16,18,0.47058823529411764,Y,4,EA,2585,2622,-37,73.0,172
moweje01w,2,POR,0,C,0,5,0,17,6,3,0,0,1,2,5,1.2,0.6,0.0,0.0,0.2,3.4,0.4,3,3,1.0,0,0,0.0,0,0,0.0,0.29411764705882354,1.0,0.0,1.6,0,0,0,0,0,0.0,0.0,0.0,,,,,,,,,,,0,11,21,0.34375,N,7,WE,2088,2202,-114,77.0,236
moweje01w,3,POR,0,C,0,5,0,16,1,1,0,0,0,1,3,0.2,0.2,0.0,0.0,0.0,3.2,0.2,0,1,0.0,1,2,0.5,0,0,0.0,0.18,0.26595744680851063,0.0,-0.2,0,0,0,0,0,0.0,0.0,0.0,1.2,0.6,0.0,1.6,1.0,1.0,-1.0,-0.39999999999999997,0.0,-1.8,1,16,16,0.5,N,5,WE,2195,2227,-32,77.0,236
moweje01w,4,LAS,0,C,0,1,0,21,0,1,0,0,1,1,3,0.0,1.0,0.0,0.0,1.0,21.0,1.0,0,2,0.0,0,0,0.0,0,0,0.0,0.14285714285714285,0.0,0.0,-1.0,0,0,0,0,0,0.0,0.0,0.0,0.2,0.2,0.0,-0.2,0.0,0.26595744680851063,-0.2,0.8,0.0,-0.8,2,24,10,0.7058823529411765,Y,1,WE,2499,2432,67,77.0,236
mulitna01w,1,UTA,0,C,0,22,3,291,99,34,6,4,6,30,37,4.5,1.5454545454545454,0.2727272727272727,0.18181818181818182,0.2727272727272727,13.227272727272727,1.3636363636363635,41,69,0.5942028985507246,15,20,0.75,2,3,0.6666666666666666,0.370446735395189,0.6362467866323908,0.2,3.909090909090909,0,0,0,0,0,0.0,0.0,0.0,,,,,,,,,,,0,18,14,0.5625,N,5,WE,2413,2407,6,75.0,207
murphsh01w,8,MIN,0,G,0,32,0,436,165,104,17,19,8,20,48,5.15625,3.25,0.53125,0.59375,0.25,13.625,0.625,54,145,0.3724137931034483,39,46,0.8478260869565217,18,66,0.2727272727272727,0.42486238532110093,0.49927378358750907,0.85,6.09375,0,0,0,0,0,0.0,0.0,0.0,,,,,,,,,,,0,10,24,0.29411764705882354,N,6,WE,2636,2752,-116,71.0,164
murphsh01w,9,DET,2,G,0,13,3,122,33,21,7,6,2,9,16,2.5384615384615383,1.6153846153846154,0.5384615384615384,0.46153846153846156,0.15384615384615385,9.384615384615385,0.6923076923076923,12,40,0.3,4,6,0.6666666666666666,5,19,0.2631578947368421,0.42327868852459016,0.3869606003752345,0.7777777777777778,2.3076923076923075,0,0,0,0,0,0.0,0.0,0.0,5.15625,3.25,0.53125,6.09375,0.3724137931034483,0.49927378358750907,-2.6177884615384617,-1.6346153846153846,0.007211538461538436,-3.7860576923076925,1,22,12,0.6470588235294118,Y,1,EA,2672,2522,150,71.0,164
murphsh01w,9,MIN,1,G,0,2,0,5,2,2,0,0,0,0,2,1.0,1.0,0.0,0.0,0.0,2.5,0.0,1,5,0.2,0,0,0.0,0,0,0.0,1.0,0.2,0.0,0.0,0,0,0,0,0,0.0,0.0,0.0,2.5384615384615383,1.6153846153846154,0.5384615384615384,2.3076923076923075,0.3,0.3869606003752345,-1.5384615384615383,-0.6153846153846154,-0.5384615384615384,-2.3076923076923075,2,16,18,0.47058823529411764,N,7,WE,2767,2721,46,71.0,164
murphsh01w,9,WAS,3,G,0,2,0,11,2,3,1,0,0,2,1,1.0,1.5,0.5,0.0,0.0,5.5,1.0,1,3,0.3333333333333333,0,0,0.0,0,1,0.0,0.45454545454545453,0.3333333333333333,0.5,1.0,0,0,0,0,0,0.0,0.0,0.0,1.0,1.0,0.0,0.0,0.2,0.2,0.0,0.5,0.5,1.0,3,10,24,0.29411764705882354,N,6,EA,2368,2601,-233,71.0,164
murphsh01w,10,IND,0,G,0,24,0,186,100,42,10,6,2,9,30,4.166666666666667,1.75,0.4166666666666667,0.25,0.08333333333333333,7.75,0.375,34,89,0.38202247191011235,21,26,0.8076923076923077,11,32,0.34375,0.5883870967741935,0.49780963759458385,1.1111111111111112,3.7916666666666665,1,4,0,2,1,0.0,0.5,0.25,1.0,1.5,0.5,1.0,0.3333333333333333,0.3333333333333333,3.166666666666667,0.25,-0.08333333333333331,2.7916666666666665,4,22,12,0.6470588235294118,Y,1,EA,2606,2501,105,71.0,164
nagyan01w,1,WAS,0,G,0,23,23,694,97,63,118,17,8,55,55,4.217391304347826,2.739130434782609,5.130434782608695,0.7391304347826086,0.34782608695652173,30.17391304347826,2.391304347826087,31,79,0.3924050632911392,21,26,0.8076923076923077,14,39,0.358974358974359,0.20956772334293947,0.5362671384343211,2.1454545454545455,8.478260869565217,0,0,0,0,0,0.0,0.0,0.0,,,,,,,,,,,0,14,18,0.4375,Y,4,EA,2176,2221,-45,67.0,147
nagyan01w,2,NYL,0,G,0,23,0,213,34,9,24,2,3,23,25,1.4782608695652173,0.391304347826087,1.0434782608695652,0.08695652173913043,0.13043478260869565,9.26086956521739,1.0,13,31,0.41935483870967744,2,4,0.5,6,12,0.5,0.26178403755868546,0.518925518925519,1.0434782608695652,1.2608695652173914,1,4,8,4,3,2.0,1.0,0.75,4.217391304347826,2.739130434782609,5.130434782608695,8.478260869565217,0.3924050632911392,0.5362671384343211,-2.739130434782609,-2.347826086956522,-4.08695652173913,-7.217391304347825,1,21,11,0.65625,Y,2,EA,2162,2082,80,67.0,147
nagyan01w,3,SAC,0,G,0,24,8,409,34,29,73,10,4,31,51,1.4166666666666667,1.2083333333333333,3.0416666666666665,0.4166666666666667,0.16666666666666666,17.041666666666668,1.2916666666666667,12,44,0.2727272727272727,7,16,0.4375,3,14,0.21428571428571427,0.20058679706601465,0.3330721003134796,2.3548387096774195,3.25,0,0,0,0,0,0.0,0.0,0.0,1.4782608695652173,0.391304347826087,1.0434782608695652,1.2608695652173914,0.41935483870967744,0.518925518925519,-0.061594202898550554,0.8170289855072463,1.9981884057971013,1.9891304347826086,2,14,18,0.4375,N,6,WE,2166,2294,-128,67.0,147
nanch01w,10,CHI,0,C,0,26,5,320,97,55,6,8,9,29,38,3.730769230769231,2.1153846153846154,0.23076923076923078,0.3076923076923077,0.34615384615384615,12.307692307692308,1.1153846153846154,46,95,0.4842105263157895,5,8,0.625,0,0,0.0,0.39849999999999997,0.49228583028826634,0.20689655172413793,3.6153846153846154,0,0,0,0,0,0.0,0.0,0.0,,,,,,,,,,,0,16,18,0.47058823529411764,N,5,EA,2573,2693,-120,78.0,204
ndiayas01w,1,DET,0,F-C,0,32,32,868,346,187,40,23,22,64,87,10.8125,5.84375,1.25,0.71875,0.6875,27.125,2.0,158,333,0.4744744744744745,29,51,0.5686274509803921,1,6,0.16666666666666666,0.4832258064516129,0.4867206842223723,0.625,11.15625,0,0,0,0,0,0.0,0.0,0.0,,,,,,,,,,,0,14,18,0.4375,N,5,EA,2331,2426,-95,75.0,182
ndiayas01w,2,DET,0,F-C,0,32,31,913,376,171,49,22,28,73,82,11.75,5.34375,1.53125,0.6875,0.875,28.53125,2.28125,156,341,0.4574780058651026,59,76,0.7763157894736842,5,15,0.3333333333333333,0.4900766703176342,0.502083110778763,0.6712328767123288,11.59375,0,0,0,0,0,0.0,0.0,0.0,10.8125,5.84375,1.25,11.15625,0.4744744744744745,0.4867206842223723,0.9375,-0.5,0.28125,0.4375,1,10,22,0.3125,N,7,EA,2103,2269,-166,75.0,182
ndiayas01w,3,DET,0,F-C,0,32,32,776,275,162,39,17,12,58,65,8.59375,5.0625,1.21875,0.53125,0.375,24.25,1.8125,126,270,0.4666666666666667,23,39,0.5897435897435898,0,2,0.0,0.4447938144329897,0.4788271346984259,0.6724137931034483,8.96875,0,0,0,0,0,0.0,0.0,0.0,11.75,5.34375,1.53125,11.59375,0.4574780058651026,0.502083110778763,-3.15625,-0.28125,-0.3125,-2.625,2,9,23,0.28125,N,8,EA,2114,2266,-152,75.0,182
ndiayas01w,4,DET,0,F-C,0,11,2,70,20,14,1,3,1,9,3,1.8181818181818181,1.2727272727272727,0.09090909090909091,0.2727272727272727,0.09090909090909091,6.363636363636363,0.8181818181818182,10,21,0.47619047619047616,0,2,0.0,0,0,0.0,0.4411428571428571,0.4570383912248629,0.1111111111111111,1.5454545454545454,1,2,1,0,1,0.5,0.0,0.5,8.59375,5.0625,1.21875,8.96875,0.4666666666666667,0.4788271346984259,-6.775568181818182,-3.7897727272727275,-1.1278409090909092,-7.423295454545455,3,25,9,0.7352941176470589,Y,1,EA,2553,2395,158,75.0,182
ndiayas01w,5,IND,0,F-C,0,10,0,74,12,11,4,1,3,8,7,1.2,1.1,0.4,0.1,0.3,7.4,0.8,5,19,0.2631578947368421,2,4,0.5,0,0,0.0,0.3886486486486487,0.2890173410404624,0.5,0.7,0,0,0,0,0,0.0,0.0,0.0,1.8181818181818181,1.2727272727272727,0.09090909090909091,1.5454545454545454,0.47619047619047616,0.4570383912248629,-0.6181818181818182,-0.17272727272727262,0.3090909090909091,-0.8454545454545455,4,15,19,0.4411764705882353,N,6,EA,2198,2245,-47,75.0,182
ndiayas01w,7,HOU,0,F-C,0,11,3,127,35,30,8,1,1,10,14,3.1818181818181817,2.727272727272727,0.7272727272727273,0.09090909090909091,0.09090909090909091,11.545454545454545,0.9090909090909091,16,35,0.45714285714285713,3,6,0.5,0,0,0.0,0.3751181102362205,0.46493092454835283,0.8,3.909090909090909,0,0,0,0,0,0.0,0.0,0.0,1.2,1.1,0.4,0.7,0.2631578947368421,0.2890173410404624,1.9818181818181817,1.627272727272727,0.32727272727272727,3.209090909090909,5,18,16,0.5294117647058824,Y,3,WE,2507,2449,58,75.0,182
ndiayas01w,8,SEA,0,F-C,0,4,0,58,10,7,0,1,1,5,6,2.5,1.75,0.0,0.25,0.25,14.5,1.25,5,14,0.35714285714285715,0,0,0.0,0,1,0.0,0.3275862068965517,0.35714285714285715,0.0,1.25,1,1,0,0,0,0.0,0.0,0.0,3.1818181818181817,2.727272727272727,0.7272727272727273,3.909090909090909,0.45714285714285713,0.46493092454835283,-0.6818181818181817,-0.9772727272727271,-0.7272727272727273,-2.659090909090909,6,17,17,0.5,Y,4,WE,2734,2647,87,75.0,182
ndongem01w,7,LAS,0,C,0,17,0,111,20,26,3,7,8,6,23,1.1764705882352942,1.5294117647058822,0.17647058823529413,0.4117647058823529,0.47058823529411764,6.529411764705882,0.35294117647058826,7,27,0.25925925925925924,6,13,0.46153846153846156,0,0,0.0,0.3488288288288288,0.3056234718826406,0.5,1.8235294117647058,0,0,0,0,0,0.0,0.0,0.0,,,,,,,,,,,0,25,9,0.7352941176470589,Y,1,WE,2575,2476,99,74.0,170
nemcoev01w,1,CLE,0,F,0,14,14,443,185,41,23,15,8,27,29,13.214285714285714,2.9285714285714284,1.6428571428571428,1.0714285714285714,0.5714285714285714,31.642857142857142,1.9285714285714286,67,164,0.40853658536585363,22,24,0.9166666666666666,29,71,0.4084507042253521,0.45498871331828444,0.529903758020165,0.8518518518518519,10.428571428571429,0,0,0,0,0,0.0,0.0,0.0,,,,,,,,,,,0,17,15,0.53125,Y,2,EA,2185,2122,63,74.0,178
nemcoev01w,2,CLE,0,F,0,8,2,113,34,10,8,2,5,6,9,4.25,1.25,1.0,0.25,0.625,14.125,0.75,13,38,0.34210526315789475,5,8,0.625,3,15,0.2,0.42053097345132745,0.40944123314065506,1.3333333333333333,3.125,0,0,0,0,0,0.0,0.0,0.0,13.214285714285714,2.9285714285714284,1.6428571428571428,10.428571428571429,0.40853658536585363,0.529903758020165,-8.964285714285714,-1.6785714285714284,-0.6428571428571428,-7.303571428571429,1,22,10,0.6875,Y,1,EA,2004,1788,216,74.0,178
nevescl01w,1,DET,0,G,0,30,20,636,179,35,59,31,1,55,30,5.966666666666667,1.1666666666666667,1.9666666666666666,1.0333333333333334,0.03333333333333333,21.2,1.8333333333333333,63,166,0.3795180722891566,25,30,0.8333333333333334,28,92,0.30434782608695654,0.3682389937106918,0.4994419642857143,1.0727272727272728,4.733333333333333,0,0,0,0,0,0.0,0.0,0.0,,,,,,,,,,,0,14,18,0.4375,N,5,EA,2331,2426,-95,68.0,136
nevescl01w,2,DET,0,G,0,22,15,407,95,29,34,21,0,28,21,4.318181818181818,1.3181818181818181,1.5454545454545454,0.9545454545454546,0.0,18.5,1.2727272727272727,34,94,0.3617021276595745,8,8,1.0,19,52,0.36538461538461536,0.3084029484029484,0.4870795734208368,1.2142857142857142,4.136363636363637,0,0,0,0,0,0.0,0.0,0.0,5.966666666666667,1.1666666666666667,1.9666666666666666,4.733333333333333,0.3795180722891566,0.4994419642857143,-1.6484848484848484,0.15151515151515138,-0.42121212121212115,-0.5969696969696967,1,10,22,0.3125,N,7,EA,2103,2269,-166,68.0,136
nevescl01w,3,MIA,0,G,0,20,0,194,37,7,25,8,0,13,18,1.85,0.35,1.25,0.4,0.0,9.7,0.65,11,31,0.3548387096774194,11,16,0.6875,4,21,0.19047619047619047,0.26309278350515464,0.48633017875920087,1.9230769230769231,1.95,0,0,0,0,0,0.0,0.0,0.0,4.318181818181818,1.3181818181818181,1.5454545454545454,4.136363636363637,0.3617021276595745,0.4870795734208368,-2.4681818181818183,-0.9681818181818181,-0.2954545454545454,-2.1863636363636365,2,15,17,0.46875,N,6,EA,2046,2088,-42,68.0,136
newtoch01w,6,SAC,0,G,0,34,34,715,148,66,55,24,9,37,102,4.352941176470588,1.9411764705882353,1.6176470588235294,0.7058823529411765,0.2647058823529412,21.029411764705884,1.088235294117647,60,149,0.40268456375838924,22,36,0.6111111111111112,6,25,0.24,0.2822937062937063,0.4489201650084931,1.4864864864864864,4.764705882352941,1,8,46,14,8,5.75,1.75,1.0,,,,,,,,,,,0,25,9,0.7352941176470589,Y,1,WE,2329,2093,236,71.0,154
newtoch01w,7,CHI,0,G,0,27,11,648,176,71,58,36,7,40,69,6.518518518518518,2.6296296296296298,2.1481481481481484,1.3333333333333333,0.25925925925925924,24.0,1.4814814814814814,52,155,0.33548387096774196,59,80,0.7375,13,49,0.2653061224489796,0.3552469135802469,0.46267087276551,1.45,6.814814814814815,0,0,0,0,0,0.0,0.0,0.0,4.352941176470588,1.9411764705882353,1.6176470588235294,4.764705882352941,0.40268456375838924,0.4489201650084931,2.1655773420479303,0.6884531590413945,0.5305010893246189,2.0501089324618738,1,5,29,0.14705882352941177,N,7,EA,2322,2687,-365,71.0,154
newtoch01w,8,SAC,0,G,0,34,34,696,219,62,46,31,6,42,96,6.4411764705882355,1.8235294117647058,1.3529411764705883,0.9117647058823529,0.17647058823529413,20.470588235294116,1.2352941176470589,74,197,0.3756345177664975,60,78,0.7692307692307693,11,33,0.3333333333333333,0.39270114942528733,0.473370223067612,1.0952380952380953,5.323529411764706,1,3,9,7,3,3.0,2.3333333333333335,1.0,6.518518518518518,2.6296296296296298,2.1481481481481484,6.814814814814815,0.33548387096774196,0.46267087276551,-0.07734204793028265,-0.8061002178649239,-0.79520697167756,-1.4912854030501093,2,19,15,0.5588235294117647,Y,3,WE,2527,2480,47,71.0,154
newtoch01w,9,SAC,0,G,0,26,0,393,117,35,28,30,1,25,56,4.5,1.3461538461538463,1.0769230769230769,1.1538461538461537,0.038461538461538464,15.115384615384615,0.9615384615384616,38,95,0.4,39,51,0.7647058823529411,2,7,0.2857142857142857,0.36244274809160304,0.49812670299727524,1.12,4.5,1,3,13,2,3,4.333333333333333,0.6666666666666666,1.0,6.4411764705882355,1.8235294117647058,1.3529411764705883,5.323529411764706,0.3756345177664975,0.473370223067612,-1.9411764705882355,-0.4773755656108596,-0.27601809954751144,-0.8235294117647056,3,18,16,0.5294117647058824,Y,4,WE,2545,2571,-26,71.0,154
newtoch01w,10,SAC,0,G,0,23,0,336,68,30,39,18,3,16,31,2.9565217391304346,1.3043478260869565,1.6956521739130435,0.782608695652174,0.13043478260869565,14.608695652173912,0.6956521739130435,26,70,0.37142857142857144,12,18,0.6666666666666666,4,12,0.3333333333333333,0.2795238095238095,0.43634496919917864,2.4375,4.0,0,0,0,0,0,0.0,0.0,0.0,4.5,1.3461538461538463,1.0769230769230769,4.5,0.4,0.49812670299727524,-1.5434782608695654,-0.041806020066889715,0.6187290969899666,-0.5,4,12,22,0.35294117647058826,N,6,WE,2610,2690,-80,71.0,154
ngarsch01w,7,NYL,0,C,0,15,0,92,27,18,5,5,2,8,10,1.8,1.2,0.3333333333333333,0.3333333333333333,0.13333333333333333,6.133333333333334,0.5333333333333333,8,29,0.27586206896551724,11,25,0.44,0,2,0.0,0.5217391304347826,0.3375,0.625,0.9333333333333333,0,0,0,0,0,0.0,0.0,0.0,,,,,,,,,,,0,11,23,0.3235294117647059,N,5,EA,2372,2656,-284,75.0,168
ngoyibe01w,3,NYL,0,C,0,7,0,12,6,5,0,0,2,0,2,0.8571428571428571,0.7142857142857143,0.0,0.0,0.2857142857142857,1.7142857142857142,0.0,3,5,0.6,0,0,0.0,0,0,0.0,0.4166666666666667,0.6,0.0,1.5714285714285714,1,3,8,3,0,2.6666666666666665,1.0,0.0,,,,,,,,,,,0,18,14,0.5625,Y,1,EA,2089,2015,74,76.0,195
ngoyibe01w,6,SAS,0,C,0,26,0,251,111,61,5,5,2,25,45,4.269230769230769,2.3461538461538463,0.19230769230769232,0.19230769230769232,0.07692307692307693,9.653846153846153,0.9615384615384616,46,81,0.5679012345679012,19,26,0.7307692307692307,0,0,0.0,0.4678884462151394,0.6003894418000866,0.2,4.5,0,0,0,0,0,0.0,0.0,0.0,0.8571428571428571,0.7142857142857143,0.0,1.5714285714285714,0.6,0.6,3.412087912087912,1.6318681318681318,0.19230769230769232,2.928571428571429,1,7,27,0.20588235294117646,N,7,WE,2141,2401,-260,76.0,195
ngoyibe01w,7,CHI,0,C,0,30,23,627,302,170,28,14,7,60,89,10.066666666666666,5.666666666666667,0.9333333333333333,0.4666666666666667,0.23333333333333334,20.9,2.0,122,231,0.5281385281385281,58,98,0.5918367346938775,0,0,0.0,0.5328867623604466,0.5508536407412812,0.4666666666666667,10.4,0,0,0,0,0,0.0,0.0,0.0,4.269230769230769,2.3461538461538463,0.19230769230769232,4.5,0.5679012345679012,0.6003894418000866,5.797435897435897,3.3205128205128207,0.7410256410256411,5.9,2,5,29,0.14705882352941177,N,7,EA,2322,2687,-365,76.0,195
ngoyibe01w,9,IND,0,C,0,31,1,226,83,53,7,6,7,31,45,2.6774193548387095,1.7096774193548387,0.22580645161290322,0.1935483870967742,0.22580645161290322,7.290322580645161,1.0,30,63,0.47619047619047616,23,32,0.71875,0,0,0.0,0.4782300884955752,0.5384016606123508,0.22580645161290322,2.6774193548387095,1,1,0,1,0,0.0,1.0,0.0,10.066666666666666,5.666666666666667,0.9333333333333333,10.4,0.5281385281385281,0.5508536407412812,-7.3892473118279565,-3.956989247311828,-0.7075268817204301,-7.72258064516129,3,17,17,0.5,Y,4,EA,2473,2457,16,76.0,195
nieuwma01w,6,LAS,0,C,0,7,0,16,4,2,0,0,0,2,5,0.5714285714285714,0.2857142857142857,0.0,0.0,0.0,2.2857142857142856,0.2857142857142857,2,3,0.6666666666666666,0,0,0.0,0,0,0.0,0.3125,0.6666666666666666,0.0,0.42857142857142855,0,0,0,0,0,0.0,0.0,0.0,,,,,,,,,,,0,17,17,0.5,Y,4,WE,2326,2345,-19,77.0,180
nnamach01w,9,ATL,0,G,0,12,0,84,16,12,2,5,0,4,11,1.3333333333333333,1.0,0.16666666666666666,0.4166666666666667,0.0,7.0,0.3333333333333333,6,26,0.23076923076923078,2,3,0.6666666666666666,2,11,0.18181818181818182,0.3728571428571429,0.29282576866764276,0.5,0.8333333333333334,0,0,0,0,0,0.0,0.0,0.0,,,,,,,,,,,0,4,30,0.11764705882352941,N,7,EA,2534,2879,-345,72.0,156
nolande01w,2,DET,0,G-F,0,27,0,545,192,53,30,17,6,35,43,7.111111111111111,1.962962962962963,1.1111111111111112,0.6296296296296297,0.2222222222222222,20.185185185185187,1.2962962962962963,64,194,0.32989690721649484,43,53,0.8113207547169812,21,73,0.2876712328767123,0.4629724770642202,0.4417448923246825,0.8571428571428571,4.555555555555555,0,0,0,0,0,0.0,0.0,0.0,,,,,,,,,,,0,10,22,0.3125,N,7,EA,2103,2269,-166,69.0,147
nolande01w,3,DET,0,G-F,0,32,32,804,277,87,62,27,12,61,74,8.65625,2.71875,1.9375,0.84375,0.375,25.125,1.90625,103,248,0.4153225806451613,29,36,0.8055555555555556,42,114,0.3684210526315789,0.4040298507462686,0.5249393571861735,1.0163934426229508,7.875,0,0,0,0,0,0.0,0.0,0.0,7.111111111111111,1.962962962962963,1.1111111111111112,4.555555555555555,0.32989690721649484,0.4417448923246825,1.5451388888888893,0.755787037037037,0.8263888888888888,3.3194444444444446,1,9,23,0.28125,N,8,EA,2114,2266,-152,69.0,147
nolande01w,4,DET,0,G-F,0,32,32,954,396,107,83,41,14,69,65,12.375,3.34375,2.59375,1.28125,0.4375,29.8125,2.15625,136,312,0.4358974358974359,76,96,0.7916666666666666,48,114,0.42105263157894735,0.4436477987421384,0.5589430894308943,1.2028985507246377,11.75,1,8,124,29,21,15.5,3.625,2.625,8.65625,2.71875,1.9375,7.875,0.4153225806451613,0.5249393571861735,3.71875,0.625,0.65625,3.875,2,25,9,0.7352941176470589,Y,1,EA,2553,2395,158,69.0,147
nolande01w,5,DET,0,G-F,0,34,34,1138,464,134,112,66,12,90,75,13.647058823529411,3.9411764705882355,3.2941176470588234,1.9411764705882353,0.35294117647058826,33.470588235294116,2.6470588235294117,166,435,0.3816091954022989,99,124,0.7983870967741935,33,114,0.2894736842105263,0.5092794376098417,0.4738949260560503,1.2444444444444445,11.882352941176471,1,3,54,14,7,18.0,4.666666666666667,2.3333333333333335,12.375,3.34375,2.59375,11.75,0.4358974358974359,0.5589430894308943,1.2720588235294112,0.5974264705882355,0.7003676470588234,0.132352941176471,3,17,17,0.5,Y,3,EA,2366,2381,-15,69.0,147
nolande01w,6,DET,0,G-F,0,33,33,1213,524,156,121,55,14,100,64,15.878787878787879,4.7272727272727275,3.6666666666666665,1.6666666666666667,0.42424242424242425,36.75757575757576,3.0303030303030303,184,462,0.39826839826839827,128,160,0.8,28,90,0.3111111111111111,0.5213520197856554,0.49211119459053343,1.21,13.93939393939394,1,2,37,8,7,18.5,4.0,3.5,13.647058823529411,3.9411764705882355,3.2941176470588234,11.882352941176471,0.3816091954022989,0.4738949260560503,2.2317290552584677,0.786096256684492,0.37254901960784315,2.0570409982174684,4,16,18,0.47058823529411764,Y,4,EA,2247,2287,-40,69.0,147
nolande01w,7,DET,0,G-F,0,34,34,1088,468,153,124,47,11,86,79,13.764705882352942,4.5,3.6470588235294117,1.3823529411764706,0.3235294117647059,32.0,2.5294117647058822,172,425,0.4047058823529412,85,100,0.85,39,113,0.34513274336283184,0.5101102941176471,0.4989339019189765,1.441860465116279,13.205882352941176,1,10,178,41,39,17.8,4.1,3.9,15.878787878787879,4.7272727272727275,3.6666666666666665,13.93939393939394,0.39826839826839827,0.49211119459053343,-2.114081996434937,-0.22727272727272751,-0.019607843137254832,-0.7335115864527637,5,23,11,0.6764705882352942,Y,2,EA,2527,2384,143,69.0,147
nolande01w,8,DET,0,G-F,0,34,34,1175,553,148,132,49,12,82,69,16.264705882352942,4.352941176470588,3.8823529411764706,1.4411764705882353,0.35294117647058826,34.55882352941177,2.411764705882353,221,480,0.46041666666666664,65,79,0.8227848101265823,46,117,0.39316239316239315,0.5078808510638297,0.5371435231952755,1.6097560975609757,15.852941176470589,1,11,208,69,45,18.90909090909091,6.2727272727272725,4.090909090909091,13.764705882352942,4.5,3.6470588235294117,13.205882352941176,0.4047058823529412,0.4989339019189765,2.5,-0.14705882352941213,0.23529411764705888,2.647058823529413,6,24,10,0.7058823529411765,Y,1,EA,2697,2540,157,69.0,147
nolande01w,9,DET,0,G-F,0,34,34,1144,538,133,150,42,10,73,68,15.823529411764707,3.911764705882353,4.411764705882353,1.2352941176470589,0.29411764705882354,33.64705882352941,2.1470588235294117,216,465,0.4645161290322581,63,73,0.863013698630137,43,115,0.3739130434782609,0.49835664335664337,0.5411168329578372,2.0547945205479454,15.911764705882353,1,9,158,41,26,17.555555555555557,4.555555555555555,2.888888888888889,16.264705882352942,4.352941176470588,3.8823529411764706,15.852941176470589,0.46041666666666664,0.5371435231952755,-0.4411764705882355,-0.44117647058823506,0.5294117647058827,0.0588235294117645,7,22,12,0.6470588235294118,Y,1,EA,2672,2522,150,69.0,147
nolande01w,10,DET,0,G-F,0,33,33,1113,559,141,116,44,10,73,91,16.939393939393938,4.2727272727272725,3.515151515151515,1.3333333333333333,0.30303030303030304,33.72727272727273,2.212121212121212,214,525,0.4076190476190476,91,116,0.7844827586206896,40,123,0.3252032520325203,0.5831446540880503,0.4852093604610791,1.5890410958904109,13.969696969696969,1,5,108,8,16,21.6,1.6,3.2,15.823529411764707,3.911764705882353,4.411764705882353,15.911764705882353,0.4645161290322581,0.5411168329578372,1.1158645276292312,0.3609625668449197,-0.8966131907308381,-1.9420677361853844,8,18,16,0.5294117647058824,Y,3,EA,2652,2644,8,69.0,147
nygaava01w,1,POR,0,F,0,32,28,843,253,121,30,17,5,38,98,7.90625,3.78125,0.9375,0.53125,0.15625,26.34375,1.1875,91,209,0.4354066985645933,41,54,0.7592592592592593,30,90,0.3333333333333333,0.3211862396204033,0.5434782608695652,0.7894736842105263,8.03125,0,0,0,0,0,0.0,0.0,0.0,,,,,,,,,,,0,10,22,0.3125,N,7,WE,2155,2303,-148,73.0,166
nygaava01w,2,POR,0,F,0,31,0,259,76,35,10,6,2,14,48,2.4516129032258065,1.1290322580645162,0.3225806451612903,0.1935483870967742,0.06451612903225806,8.35483870967742,0.45161290322580644,28,72,0.3888888888888889,1,3,0.3333333333333333,19,49,0.3877551020408163,0.33714285714285713,0.5182760501909438,0.7142857142857143,2.225806451612903,0,0,0,0,0,0.0,0.0,0.0,7.90625,3.78125,0.9375,8.03125,0.4354066985645933,0.5434782608695652,-5.454637096774194,-2.652217741935484,-0.6149193548387097,-5.805443548387097,1,11,21,0.34375,N,7,WE,2088,2202,-114,73.0,166
nygaava01w,3,MIA,0,F,0,29,22,443,120,67,9,11,1,13,49,4.137931034482759,2.310344827586207,0.3103448275862069,0.3793103448275862,0.034482758620689655,15.275862068965518,0.4482758620689655,43,101,0.42574257425742573,10,13,0.7692307692307693,24,64,0.375,0.27024830699774266,0.5622188905547226,0.6923076923076923,4.620689655172414,0,0,0,0,0,0.0,0.0,0.0,2.4516129032258065,1.1290322580645162,0.3225806451612903,2.225806451612903,0.3888888888888889,0.5182760501909438,1.6863181312569524,1.1813125695216906,-0.012235817575083408,2.3948832035595107,2,15,17,0.46875,N,6,EA,2046,2088,-42,73.0,166
nygaava01w,4,LAS,0,F,0,11,3,168,41,19,5,3,0,4,22,3.727272727272727,1.7272727272727273,0.45454545454545453,0.2727272727272727,0.0,15.272727272727273,0.36363636363636365,16,36,0.4444444444444444,3,4,0.75,6,17,0.35294117647058826,0.24857142857142855,0.5429025423728814,1.25,3.909090909090909,1,5,8,5,0,1.6,1.0,0.0,4.137931034482759,2.310344827586207,0.3103448275862069,4.620689655172414,0.42574257425742573,0.5622188905547226,-0.4106583072100318,-0.5830721003134796,0.14420062695924762,-0.7115987460815045,3,24,10,0.7058823529411765,Y,1,WE,2499,2432,67,73.0,166
ogayu01w,9,PHO,0,G,0,23,0,180,56,17,14,7,0,22,13,2.4347826086956523,0.7391304347826086,0.6086956521739131,0.30434782608695654,0.0,7.826086956521739,0.9565217391304348,20,57,0.3508771929824561,16,17,0.9411764705882353,0,10,0.0,0.48044444444444445,0.43424317617866004,0.6363636363636364,1.4782608695652173,0,0,0,0,0,0.0,0.0,0.0,,,,,,,,,,,0,16,18,0.47058823529411764,N,6,WE,3010,3009,1,66.0,140
ohldeni01w,5,MIN,0,F-C,0,34,34,1018,397,194,60,16,45,74,103,11.676470588235293,5.705882352941177,1.7647058823529411,0.47058823529411764,1.3235294117647058,29.941176470588236,2.176470588235294,136,308,0.44155844155844154,125,177,0.7062146892655368,0,2,0.0,0.45174852652259334,0.514408624442832,0.8108108108108109,12.176470588235293,1,2,28,10,9,14.0,5.0,4.5,,,,,,,,,,,0,18,16,0.5294117647058824,Y,3,WE,2165,2190,-25,77.0,190
ohldeni01w,6,MIN,0,F-C,0,34,34,1038,382,194,78,21,22,84,92,11.235294117647058,5.705882352941177,2.2941176470588234,0.6176470588235294,0.6470588235294118,30.529411764705884,2.4705882352941178,133,292,0.4554794520547945,116,142,0.8169014084507042,0,2,0.0,0.4224277456647399,0.5388174227036786,0.9285714285714286,12.588235294117647,0,0,0,0,0,0.0,0.0,0.0,11.676470588235293,5.705882352941177,1.7647058823529411,12.176470588235293,0.44155844155844154,0.514408624442832,-0.4411764705882355,0.0,0.5294117647058822,0.41176470588235325,1,14,20,0.4117647058823529,N,6,WE,2211,2288,-77,77.0,190
ohldeni01w,7,MIN,0,F-C,0,34,34,870,327,190,54,20,25,74,99,9.617647058823529,5.588235294117647,1.588235294117647,0.5882352941176471,0.7352941176470589,25.58823529411765,2.176470588235294,120,265,0.4528301886792453,87,131,0.6641221374045801,0,1,0.0,0.45590804597701146,0.5067567567567568,0.7297297297297297,10.382352941176471,0,0,0,0,0,0.0,0.0,0.0,11.235294117647058,5.705882352941177,2.2941176470588234,12.588235294117647,0.4554794520547945,0.5388174227036786,-1.617647058823529,-0.11764705882352988,-0.7058823529411764,-2.2058823529411757,2,10,24,0.29411764705882354,N,7,WE,2523,2735,-212,77.0,190
ohldeni01w,8,MIN,0,F-C,0,34,34,922,392,208,56,17,20,82,127,11.529411764705882,6.117647058823529,1.6470588235294117,0.5,0.5882352941176471,27.11764705882353,2.411764705882353,128,342,0.3742690058479532,136,161,0.84472049689441,0,0,0.0,0.5367028199566161,0.47476019765526595,0.6829268292682927,10.941176470588236,0,0,0,0,0,0.0,0.0,0.0,9.617647058823529,5.588235294117647,1.588235294117647,10.382352941176471,0.4528301886792453,0.5067567567567568,1.9117647058823533,0.5294117647058822,0.05882352941176472,0.5588235294117645,3,10,24,0.29411764705882354,N,6,WE,2636,2752,-116,77.0,190
ohldeni01w,9,MIN,0,F-C,0,34,34,559,197,112,45,10,22,50,88,5.794117647058823,3.2941176470588234,1.3235294117647058,0.29411764705882354,0.6470588235294118,16.441176470588236,1.4705882352941178,73,161,0.453416149068323,51,65,0.7846153846153846,0,0,0.0,0.4286225402504472,0.5195147679324895,0.9,6.882352941176471,0,0,0,0,0,0.0,0.0,0.0,11.529411764705882,6.117647058823529,1.6470588235294117,10.941176470588236,0.3742690058479532,0.47476019765526595,-5.735294117647059,-2.8235294117647056,-0.32352941176470584,-4.0588235294117645,4,16,18,0.47058823529411764,N,7,WE,2767,2721,46,77.0,190
ohldeni01w,10,PHO,0,F-C,0,21,0,311,109,59,6,5,20,29,55,5.190476190476191,2.8095238095238093,0.2857142857142857,0.23809523809523808,0.9523809523809523,14.80952380952381,1.380952380952381,38,71,0.5352112676056338,33,46,0.717391304347826,0,0,0.0,0.38662379421221865,0.5973257343270496,0.20689655172413793,5.904761904761905,1,11,29,30,4,2.6363636363636362,2.727272727272727,0.36363636363636365,5.794117647058823,3.2941176470588234,1.3235294117647058,6.882352941176471,0.453416149068323,0.5195147679324895,-0.6036414565826327,-0.48459383753501406,-1.03781512605042,-0.9775910364145659,5,23,11,0.6764705882352942,Y,1,WE,3156,3031,125,77.0,190
oneilkr01w,9,SEA,0,G-F,0,11,0,31,0,3,1,0,0,1,4,0.0,0.2727272727272727,0.09090909090909091,0.0,0.0,2.8181818181818183,0.09090909090909091,0,4,0.0,0,0,0.0,0,2,0.0,0.16129032258064516,0.0,1.0,-0.09090909090909091,0,0,0,0,0,0.0,0.0,0.0,,,,,,,,,,,0,22,12,0.6470588235294118,Y,2,WE,2493,2406,87,73.0,158
osipoir01w,7,DET,0,C,0,2,0,12,2,1,0,0,0,1,1,1.0,0.5,0.0,0.0,0.0,6.0,0.5,0,0,0.0,2,2,1.0,0,0,0.0,0.15666666666666665,1.1363636363636365,0.0,1.0,1,9,21,9,11,2.3333333333333335,1.0,1.2222222222222223,,,,,,,,,,,0,23,11,0.6764705882352942,Y,2,EA,2527,2384,143,77.0,190
owenhe01w,1,WAS,0,F,0,11,0,60,2,9,2,0,0,3,12,0.18181818181818182,0.8181818181818182,0.18181818181818182,0.0,0.0,5.454545454545454,0.2727272727272727,1,4,0.25,0,0,0.0,0,0,0.0,0.11666666666666667,0.25,0.6666666666666666,0.6363636363636364,0,0,0,0,0,0.0,0.0,0.0,,,,,,,,,,,0,14,18,0.4375,Y,4,EA,2176,2221,-45,77.0,212
owenssh01w,1,MIA,0,C,0,31,16,605,131,97,21,11,26,54,95,4.225806451612903,3.129032258064516,0.6774193548387096,0.3548387096774194,0.8387096774193549,19.516129032258064,1.7419354838709677,51,131,0.3893129770992366,29,54,0.5370370370370371,0,0,0.0,0.3450578512396694,0.4232359782889636,0.3888888888888889,4.096774193548387,0,0,0,0,0,0.0,0.0,0.0,,,,,,,,,,,0,13,19,0.40625,N,6,EA,1831,2001,-170,74.0,175
owenssh01w,3,CHA,0,C,0,2,0,6,0,2,0,0,0,0,0,0.0,1.0,0.0,0.0,0.0,3.0,0.0,0,0,0.0,0,0,0.0,0,0,0.0,0.0,0.0,0.0,1.0,0,0,0,0,0,0.0,0.0,0.0,4.225806451612903,3.129032258064516,0.6774193548387096,4.096774193548387,0.3893129770992366,0.4232359782889636,-4.225806451612903,-2.129032258064516,-0.6774193548387096,-3.096774193548387,1,18,14,0.5625,Y,2,EA,2241,2133,108,74.0,175
pageda01w,9,CON,0,F,0,3,0,12,6,6,0,0,0,2,3,2.0,2.0,0.0,0.0,0.0,4.0,0.6666666666666666,3,5,0.6,0,0,0.0,0,0,0.0,0.5833333333333334,0.6,0.0,2.6666666666666665,0,0,0,0,0,0.0,0.0,0.0,,,,,,,,,,,0,21,13,0.6176470588235294,Y,2,EA,2690,2541,149,74.0,179
pagemu01w,1,WAS,0,F,0,32,32,1046,314,208,64,23,32,63,103,9.8125,6.5,2.0,0.71875,1.0,32.6875,1.96875,131,222,0.5900900900900901,52,92,0.5652173913043478,0,0,0.0,0.3111663479923518,0.5981408107284364,1.0158730158730158,13.96875,1,2,11,6,1,5.5,3.0,0.5,,,,,,,,,,,0,14,18,0.4375,Y,4,EA,2176,2221,-45,74.0,160
pagemu01w,2,WAS,0,F,0,32,32,989,225,177,55,30,36,60,88,7.03125,5.53125,1.71875,0.9375,1.125,30.90625,1.875,100,231,0.4329004329004329,21,36,0.5833333333333334,4,17,0.23529411764705882,0.310252780586451,0.4557608167233836,0.9166666666666666,9.90625,0,0,0,0,0,0.0,0.0,0.0,9.8125,6.5,2.0,13.96875,0.5900900900900901,0.5981408107284364,-2.78125,-0.96875,-0.28125,-4.0625,1,10,22,0.3125,N,8,EA,1928,2075,-147,74.0,160
pagemu01w,3,WAS,0,F,0,32,15,750,208,155,37,14,15,45,79,6.5,4.84375,1.15625,0.4375,0.46875,23.4375,1.40625,88,195,0.4512820512820513,30,53,0.5660377358490566,2,4,0.5,0.3510933333333333,0.47636496885305973,0.8222222222222222,7.9375,1,5,48,22,4,9.6,4.4,0.8,7.03125,5.53125,1.71875,9.90625,0.4329004329004329,0.4557608167233836,-0.53125,-0.6875,-0.5625,-1.96875,2,17,15,0.53125,Y,3,EA,2135,2116,19,74.0,160
pagemu01w,4,WAS,0,F,0,34,34,850,213,152,35,18,24,41,101,6.264705882352941,4.470588235294118,1.0294117647058822,0.5294117647058824,0.7058823529411765,25.0,1.2058823529411764,83,220,0.37727272727272726,42,56,0.75,5,12,0.4166666666666667,0.3360470588235294,0.4353335513407456,0.8536585365853658,7.352941176470588,0,0,0,0,0,0.0,0.0,0.0,6.5,4.84375,1.15625,7.9375,0.4512820512820513,0.47636496885305973,-0.23529411764705888,-0.37316176470588225,-0.12683823529411775,-0.5845588235294121,3,9,25,0.2647058823529412,N,7,EA,2330,2498,-168,74.0,160
pagemu01w,5,WAS,0,F,0,33,19,809,184,140,36,25,16,30,85,5.575757575757576,4.242424242424242,1.0909090909090908,0.7575757575757576,0.48484848484848486,24.515151515151516,0.9090909090909091,81,175,0.46285714285714286,22,40,0.55,0,3,0.0,0.27515451174289246,0.47767393561786087,1.2,7.848484848484849,1,3,11,14,4,3.6666666666666665,4.666666666666667,1.3333333333333333,6.264705882352941,4.470588235294118,1.0294117647058822,7.352941176470588,0.37727272727272726,0.4353335513407456,-0.688948306595365,-0.22816399286987554,0.06149732620320858,0.49554367201426075,4,17,17,0.5,Y,4,EA,2325,2384,-59,74.0,160
pagemu01w,6,WAS,0,F,0,34,4,589,108,83,25,15,9,23,56,3.176470588235294,2.4411764705882355,0.7352941176470589,0.4411764705882353,0.2647058823529412,17.323529411764707,0.6764705882352942,47,119,0.3949579831932773,8,8,1.0,6,22,0.2727272727272727,0.24706281833616295,0.4407443682664055,1.0869565217391304,4.264705882352941,0,0,0,0,0,0.0,0.0,0.0,5.575757575757576,4.242424242424242,1.0909090909090908,7.848484848484849,0.46285714285714286,0.47767393561786087,-2.399286987522282,-1.8012477718360067,-0.35561497326203195,-3.5837789661319075,5,16,18,0.47058823529411764,N,5,EA,2263,2305,-42,74.0,160
pagemu01w,7,LAS,0,F,0,34,4,690,167,121,33,17,9,30,63,4.911764705882353,3.5588235294117645,0.9705882352941176,0.5,0.2647058823529412,20.294117647058822,0.8823529411764706,66,140,0.4714285714285714,35,46,0.7608695652173914,0,3,0.0,0.27571014492753626,0.5210933599600599,1.1,6.823529411764706,1,5,28,23,3,5.6,4.6,0.6,3.176470588235294,2.4411764705882355,0.7352941176470589,4.264705882352941,0.3949579831932773,0.4407443682664055,1.7352941176470593,1.117647058823529,0.23529411764705876,2.5588235294117645,6,25,9,0.7352941176470589,Y,1,WE,2575,2476,99,74.0,160
pagemu01w,8,LAS,0,F,0,34,8,627,163,111,45,14,9,25,68,4.794117647058823,3.264705882352941,1.3235294117647058,0.4117647058823529,0.2647058823529412,18.441176470588236,0.7352941176470589,71,170,0.4176470588235294,19,24,0.7916666666666666,2,10,0.2,0.3278468899521531,0.45137350465219317,1.8,6.264705882352941,0,0,0,0,0,0.0,0.0,0.0,4.911764705882353,3.5588235294117645,0.9705882352941176,6.823529411764706,0.4714285714285714,0.5210933599600599,-0.11764705882352988,-0.2941176470588234,0.3529411764705882,-0.5588235294117645,7,10,24,0.29411764705882354,N,7,WE,2533,2708,-175,74.0,160
pagemu01w,9,LAS,0,F,0,27,1,243,42,35,14,5,1,11,33,1.5555555555555556,1.2962962962962963,0.5185185185185185,0.18518518518518517,0.037037037037037035,9.0,0.4074074074074074,16,49,0.32653061224489793,8,12,0.6666666666666666,2,8,0.25,0.268641975308642,0.3868828297715549,1.2727272727272727,1.8148148148148149,1,5,1,0,1,0.2,0.0,0.2,4.794117647058823,3.264705882352941,1.3235294117647058,6.264705882352941,0.4176470588235294,0.45137350465219317,-3.238562091503268,-1.9684095860566448,-0.8050108932461874,-4.449891067538126,8,20,14,0.5882352941176471,Y,3,WE,2598,2523,75,74.0,160
paigeyo01w,6,IND,0,G,0,13,0,78,16,9,13,2,0,6,1,1.2307692307692308,0.6923076923076923,1.0,0.15384615384615385,0.0,6.0,0.46153846153846156,6,22,0.2727272727272727,3,4,0.75,1,5,0.2,0.38153846153846155,0.33670033670033667,2.1666666666666665,1.3076923076923077,0,0,0,0,0,0.0,0.0,0.0,,,,,,,,,,,0,21,13,0.6176470588235294,Y,2,EA,2170,2133,37,66.0,147
paliesa01w,7,DET,0,G,0,11,0,51,12,4,6,1,1,10,9,1.0909090909090908,0.36363636363636365,0.5454545454545454,0.09090909090909091,0.09090909090909091,4.636363636363637,0.9090909090909091,5,25,0.2,0,0,0.0,2,5,0.4,0.6862745098039216,0.24,0.6,-0.5454545454545454,0,0,0,0,0,0.0,0.0,0.0,,,,,,,,,,,0,23,11,0.6764705882352942,Y,2,EA,2527,2384,143,67.0,159
palmewe01w,1,DET,0,F,0,32,30,914,441,219,39,20,10,65,112,13.78125,6.84375,1.21875,0.625,0.3125,28.5625,2.03125,167,373,0.4477211796246649,95,135,0.7037037037037037,12,48,0.25,0.5442013129102844,0.5099444958371878,0.6,13.0625,0,0,0,0,0,0.0,0.0,0.0,,,,,,,,,,,0,14,18,0.4375,N,5,EA,2331,2426,-95,74.0,165
palmewe01w,2,DET,0,F,0,22,22,651,233,154,23,23,4,48,64,10.590909090909092,7.0,1.0454545454545454,1.0454545454545454,0.18181818181818182,29.59090909090909,2.1818181818181817,91,215,0.4232558139534884,40,59,0.6779661016949152,11,33,0.3333333333333333,0.4438709677419355,0.48348273572377154,0.4791666666666667,11.181818181818182,0,0,0,0,0,0.0,0.0,0.0,13.78125,6.84375,1.21875,13.0625,0.4477211796246649,0.5099444958371878,-3.1903409090909083,0.15625,-0.17329545454545459,-1.8806818181818183,1,10,22,0.3125,N,7,EA,2103,2269,-166,74.0,165
palmewe01w,3,DET,1,F,0,16,16,464,184,96,20,13,2,34,44,11.5,6.0,1.25,0.8125,0.125,29.0,2.125,65,153,0.42483660130718953,35,53,0.660377358490566,19,60,0.31666666666666665,0.45327586206896553,0.5217785843920145,0.5882352941176471,10.9375,0,0,0,0,0,0.0,0.0,0.0,10.590909090909092,7.0,1.0454545454545454,11.181818181818182,0.4232558139534884,0.48348273572377154,0.9090909090909083,-1.0,0.20454545454545459,-0.24431818181818166,2,9,23,0.28125,N,8,EA,2114,2266,-152,74.0,165
palmewe01w,3,ORL,2,F,0,16,16,501,180,93,21,22,6,23,46,11.25,5.8125,1.3125,1.375,0.375,31.3125,1.4375,65,148,0.4391891891891892,27,39,0.6923076923076923,23,60,0.38333333333333336,0.3755688622754491,0.5449261322354081,0.9130434782608695,12.75,0,0,0,0,0,0.0,0.0,0.0,11.5,6.0,1.25,10.9375,0.42483660130718953,0.5217785843920145,-0.25,-0.1875,0.0625,1.8125,3,16,16,0.5,N,5,EA,2254,2255,-1,74.0,165
palmewe01w,4,CON,0,F,0,32,1,433,149,106,16,11,3,35,62,4.65625,3.3125,0.5,0.34375,0.09375,13.53125,1.09375,58,147,0.3945578231292517,23,28,0.8214285714285714,10,46,0.21739130434782608,0.4487759815242494,0.467612352498117,0.45714285714285713,4.875,1,4,29,12,3,7.25,3.0,0.75,11.25,5.8125,1.3125,12.75,0.4391891891891892,0.5449261322354081,-6.59375,-2.5,-0.8125,-7.875,4,18,16,0.5294117647058824,Y,3,EA,2384,2409,-25,74.0,165
palmewe01w,5,CON,0,F,0,33,33,786,297,182,30,23,5,40,77,9.0,5.515151515151516,0.9090909090909091,0.696969696969697,0.15151515151515152,23.818181818181817,1.2121212121212122,108,253,0.4268774703557312,68,85,0.8,13,41,0.3170731707317073,0.4203562340966921,0.5113636363636364,0.75,10.151515151515152,1,8,44,35,1,5.5,4.375,0.125,4.65625,3.3125,0.5,4.875,0.3945578231292517,0.467612352498117,4.34375,2.2026515151515156,0.40909090909090906,5.276515151515152,5,18,16,0.5294117647058824,Y,1,EA,2335,2304,31,74.0,165
palmewe01w,6,SAS,0,F,0,34,29,882,326,193,33,20,7,42,74,9.588235294117647,5.676470588235294,0.9705882352941176,0.5882352941176471,0.20588235294117646,25.941176470588236,1.2352941176470589,125,242,0.5165289256198347,52,70,0.7428571428571429,24,56,0.42857142857142855,0.3569160997732426,0.5975073313782991,0.7857142857142857,11.823529411764707,0,0,0,0,0,0.0,0.0,0.0,9.0,5.515151515151516,0.9090909090909091,10.151515151515152,0.4268774703557312,0.5113636363636364,0.5882352941176467,0.1613190730837788,0.06149732620320858,1.6720142602495542,6,7,27,0.20588235294117646,N,7,WE,2141,2401,-260,74.0,165
palmewe01w,7,SEA,0,F,0,5,2,120,47,38,3,5,3,10,17,9.4,7.6,0.6,1.0,0.6,24.0,2.0,16,33,0.48484848484848486,14,19,0.7368421052631579,1,3,0.3333333333333333,0.428,0.5681818181818182,0.3,12.8,0,0,0,0,0,0.0,0.0,0.0,9.588235294117647,5.676470588235294,0.9705882352941176,11.823529411764707,0.5165289256198347,0.5975073313782991,-0.1882352941176464,1.9235294117647053,-0.37058823529411766,0.9764705882352942,7,18,16,0.5294117647058824,Y,4,WE,2644,2575,69,74.0,165
palmewe01w,8,SEA,0,F,0,34,3,474,156,145,17,15,7,36,75,4.588235294117647,4.264705882352941,0.5,0.4411764705882353,0.20588235294117646,13.941176470588236,1.0588235294117647,55,132,0.4166666666666667,43,55,0.7818181818181819,3,21,0.14285714285714285,0.4054852320675105,0.49935979513444306,0.4722222222222222,6.323529411764706,1,2,17,8,0,8.5,4.0,0.0,9.4,7.6,0.6,12.8,0.48484848484848486,0.5681818181818182,-4.811764705882354,-3.3352941176470585,-0.09999999999999998,-6.476470588235295,8,17,17,0.5,Y,4,WE,2734,2647,87,74.0,165
parisco01w,10,SAC,0,C,0,33,6,442,160,134,22,11,10,20,48,4.848484848484849,4.0606060606060606,0.6666666666666666,0.3333333333333333,0.30303030303030304,13.393939393939394,0.6060606060606061,68,132,0.5151515151515151,24,33,0.7272727272727273,0,1,0.0,0.37674208144796384,0.5460005460005459,1.1,7.393939393939394,0,0,0,0,0,0.0,0.0,0.0,,,,,,,,,,,0,12,22,0.35294117647058826,N,6,WE,2610,2690,-80,76.0,250
parkeca01w,9,LAS,0,F,1,33,33,1109,610,313,113,42,75,93,91,18.484848484848484,9.484848484848484,3.4242424242424243,1.2727272727272727,2.272727272727273,33.60606060606061,2.8181818181818183,231,442,0.5226244343891403,137,187,0.732620320855615,11,26,0.4230769230769231,0.556609558160505,0.5817502098115511,1.2150537634408602,24.21212121212121,1,6,90,59,23,15.0,9.833333333333334,3.8333333333333335,,,,,,,,,,,0,20,14,0.5882352941176471,Y,3,WE,2598,2523,75,76.0,175
parkeca01w,10,LAS,0,F,0,25,24,815,328,244,64,15,53,55,53,13.12,9.76,2.56,0.6,2.12,32.6,2.2,131,270,0.48518518518518516,61,80,0.7625,5,24,0.20833333333333334,0.44196319018404906,0.5373525557011796,1.1636363636363636,19.64,1,6,108,64,10,18.0,10.666666666666666,1.6666666666666667,18.484848484848484,9.484848484848484,3.4242424242424243,24.21212121212121,0.5226244343891403,0.5817502098115511,-5.364848484848485,0.27515151515151537,-0.8642424242424243,-4.5721212121212105,1,18,16,0.5294117647058824,Y,3,WE,2533,2498,35,76.0,175
pascafl01w,9,SEA,0,C,0,3,0,9,0,1,0,0,0,1,1,0.0,0.3333333333333333,0.0,0.0,0.0,3.0,0.3333333333333333,0,1,0.0,0,0,0.0,0,0,0.0,0.2222222222222222,0.0,0.0,-0.3333333333333333,0,0,0,0,0,0.0,0.0,0.0,,,,,,,,,,,0,22,12,0.6470588235294118,Y,2,WE,2493,2406,87,76.0,187
pavlimi01w,2,UTA,0,F-C,0,10,0,21,1,6,1,0,2,1,0,0.1,0.6,0.1,0.0,0.2,2.1,0.1,0,2,0.0,1,2,0.5,0,0,0.0,0.18476190476190477,0.1736111111111111,1.0,0.6,1,1,0,0,0,0.0,0.0,0.0,,,,,,,,,,,0,19,13,0.59375,Y,3,WE,2207,2192,15,75.0,175
pavlimi01w,4,PHO,0,F-C,0,8,0,29,6,4,1,1,0,2,1,0.75,0.5,0.125,0.125,0.0,3.625,0.25,3,7,0.42857142857142855,0,0,0.0,0,0,0.0,0.3103448275862069,0.42857142857142855,0.5,0.75,0,0,0,0,0,0.0,0.0,0.0,0.1,0.6,0.1,0.6,0.0,0.1736111111111111,0.65,-0.09999999999999998,0.024999999999999994,0.15000000000000002,1,8,26,0.23529411764705882,N,7,WE,2097,2270,-173,75.0,175
payeka01w,1,MIN,0,G,0,28,12,408,56,30,38,8,6,28,49,2.0,1.0714285714285714,1.3571428571428572,0.2857142857142857,0.21428571428571427,14.571428571428571,1.0,19,58,0.3275862068965517,6,9,0.6666666666666666,12,41,0.2926829268292683,0.2204901960784314,0.45190445448676564,1.3571428571428572,2.4285714285714284,0,0,0,0,0,0.0,0.0,0.0,,,,,,,,,,,0,15,17,0.46875,N,6,WE,2193,2188,5,68.0,150
payeka01w,2,MIN,0,G,0,32,16,652,91,61,97,21,0,46,55,2.84375,1.90625,3.03125,0.65625,0.0,20.375,1.4375,30,78,0.38461538461538464,11,16,0.6875,20,56,0.35714285714285715,0.20098159509202457,0.5350423330197553,2.108695652173913,5.34375,0,0,0,0,0,0.0,0.0,0.0,2.0,1.0714285714285714,1.3571428571428572,2.4285714285714284,0.3275862068965517,0.45190445448676564,0.84375,0.8348214285714286,1.6741071428571428,2.9151785714285716,1,12,20,0.375,N,6,WE,2077,2156,-79,68.0,150
payeka01w,3,SEA,0,G,0,19,0,114,21,7,5,3,0,8,18,1.105263157894737,0.3684210526315789,0.2631578947368421,0.15789473684210525,0.0,6.0,0.42105263157894735,7,19,0.3684210526315789,1,2,0.5,6,16,0.375,0.24456140350877192,0.5281690140845071,0.625,0.7894736842105263,0,0,0,0,0,0.0,0.0,0.0,2.84375,1.90625,3.03125,5.34375,0.38461538461538464,0.5350423330197553,-1.738486842105263,-1.537828947368421,-2.768092105263158,-4.5542763157894735,2,17,15,0.53125,Y,4,WE,2188,2103,85,68.0,150
penicti01w,1,SAC,0,G,0,30,30,936,208,89,236,70,6,71,71,6.933333333333334,2.966666666666667,7.866666666666666,2.3333333333333335,0.2,31.2,2.3666666666666667,68,185,0.3675675675675676,62,107,0.5794392523364486,10,50,0.2,0.3238034188034188,0.448121337469838,3.323943661971831,12.533333333333333,1,2,16,7,14,8.0,3.5,7.0,,,,,,,,,,,0,21,11,0.65625,Y,3,WE,2343,2176,167,71.0,145
penicti01w,2,SAC,0,G,0,23,22,744,144,86,172,40,8,64,58,6.260869565217392,3.739130434782609,7.478260869565218,1.7391304347826086,0.34782608695652173,32.34782608695652,2.782608695652174,42,124,0.3387096774193548,49,64,0.765625,11,42,0.2619047619047619,0.29053763440860214,0.47318611987381703,2.6875,12.565217391304348,1,5,31,19,33,6.2,3.8,6.6,6.933333333333334,2.966666666666667,7.866666666666666,12.533333333333333,0.3675675675675676,0.448121337469838,-0.672463768115942,0.7724637681159421,-0.3884057971014485,0.03188405797101446,1,20,12,0.625,Y,2,WE,2294,2139,155,71.0,145
penicti01w,3,SAC,0,G,0,24,24,853,203,102,192,64,1,69,49,8.458333333333334,4.25,8.0,2.6666666666666665,0.041666666666666664,35.541666666666664,2.875,60,159,0.37735849056603776,75,103,0.7281553398058253,8,32,0.25,0.32042203985932005,0.4967697729052467,2.782608695652174,15.25,0,0,0,0,0,0.0,0.0,0.0,6.260869565217392,3.739130434782609,7.478260869565218,12.565217391304348,0.3387096774193548,0.47318611987381703,2.1974637681159424,0.5108695652173911,0.5217391304347823,2.6847826086956523,2,14,18,0.4375,N,6,WE,2166,2294,-128,71.0,145
penicti01w,4,SAC,0,G,0,34,34,1089,183,119,229,61,1,81,76,5.382352941176471,3.5,6.735294117647059,1.7941176470588236,0.029411764705882353,32.029411764705884,2.3823529411764706,62,205,0.3024390243902439,44,76,0.5789473684210527,15,60,0.25,0.29333333333333333,0.3837443381982889,2.8271604938271606,9.911764705882353,1,6,25,14,18,4.166666666666667,2.3333333333333335,3.0,8.458333333333334,4.25,8.0,15.25,0.37735849056603776,0.4967697729052467,-3.075980392156863,-0.75,-1.2647058823529411,-5.338235294117647,3,19,15,0.5588235294117647,Y,3,WE,2299,2216,83,71.0,145
penicti01w,5,SAC,0,G,0,33,32,970,199,102,163,64,2,72,64,6.03030303030303,3.090909090909091,4.9393939393939394,1.9393939393939394,0.06060606060606061,29.393939393939394,2.1818181818181817,63,178,0.3539325842696629,50,70,0.7142857142857143,23,68,0.3382352941176471,0.28948453608247426,0.4765325670498084,2.263888888888889,9.787878787878787,1,6,25,20,32,4.166666666666667,3.3333333333333335,5.333333333333333,5.382352941176471,3.5,6.735294117647059,9.911764705882353,0.3024390243902439,0.3837443381982889,0.6479500891265593,-0.40909090909090917,-1.7959001782531194,-0.12388591800356608,4,18,16,0.5294117647058824,Y,4,WE,2312,2241,71,71.0,145
penicti01w,6,SAC,0,G,0,34,33,927,195,97,149,48,6,67,64,5.735294117647059,2.8529411764705883,4.382352941176471,1.411764705882353,0.17647058823529413,27.264705882352942,1.9705882352941178,54,172,0.313953488372093,79,100,0.79,8,41,0.1951219512195122,0.30528586839266453,0.4513888888888889,2.2238805970149254,8.5,1,6,32,24,31,5.333333333333333,4.0,5.166666666666667,6.03030303030303,3.090909090909091,4.9393939393939394,9.787878787878787,0.3539325842696629,0.4765325670498084,-0.2950089126559714,-0.23796791443850251,-0.5570409982174684,-1.2878787878787872,5,25,9,0.7352941176470589,Y,1,WE,2329,2093,236,71.0,145
penicti01w,7,SAC,0,G,0,34,34,846,183,91,116,58,2,67,56,5.382352941176471,2.676470588235294,3.411764705882353,1.7058823529411764,0.058823529411764705,24.88235294117647,1.9705882352941178,58,171,0.3391812865497076,61,77,0.7922077922077922,6,31,0.1935483870967742,0.32137115839243496,0.4466028894962905,1.7313432835820894,7.470588235294118,1,9,45,21,34,5.0,2.3333333333333335,3.7777777777777777,5.735294117647059,2.8529411764705883,4.382352941176471,8.5,0.313953488372093,0.4513888888888889,-0.35294117647058787,-0.17647058823529438,-0.9705882352941182,-1.0294117647058822,6,21,13,0.6176470588235294,Y,2,WE,2537,2404,133,71.0,145
penicti01w,8,SAC,0,G,0,32,32,757,181,83,144,49,1,60,59,5.65625,2.59375,4.5,1.53125,0.03125,23.65625,1.875,59,188,0.31382978723404253,60,73,0.821917808219178,3,14,0.21428571428571427,0.37003963011889035,0.41113937852080684,2.4,8.0,1,3,18,7,15,6.0,2.3333333333333335,5.0,5.382352941176471,2.676470588235294,3.411764705882353,7.470588235294118,0.3391812865497076,0.4466028894962905,0.273897058823529,-0.08272058823529393,1.0882352941176472,0.5294117647058822,7,19,15,0.5588235294117647,Y,3,WE,2527,2480,47,71.0,145
penicti01w,9,SAC,0,G,0,33,33,856,284,99,172,67,4,87,80,8.606060606060606,3.0,5.212121212121212,2.0303030303030303,0.12121212121212122,25.939393939393938,2.6363636363636362,83,222,0.3738738738738739,110,136,0.8088235294117647,8,28,0.2857142857142857,0.4308878504672898,0.503831961396537,1.9770114942528736,11.333333333333334,1,3,41,12,19,13.666666666666666,4.0,6.333333333333333,5.65625,2.59375,4.5,8.0,0.31382978723404253,0.41113937852080684,2.9498106060606055,0.40625,0.7121212121212119,3.333333333333334,8,18,16,0.5294117647058824,Y,4,WE,2545,2571,-26,71.0,145
penicti01w,10,SAC,0,G,0,30,28,724,148,81,155,30,4,64,45,4.933333333333334,2.7,5.166666666666667,1.0,0.13333333333333333,24.133333333333333,2.1333333333333333,45,139,0.3237410071942446,57,70,0.8142857142857143,1,9,0.1111111111111111,0.3229281767955801,0.43580683156654887,2.421875,8.233333333333333,0,0,0,0,0,0.0,0.0,0.0,8.606060606060606,3.0,5.212121212121212,11.333333333333334,0.3738738738738739,0.503831961396537,-3.672727272727272,-0.2999999999999998,-0.04545454545454497,-3.1000000000000014,9,12,22,0.35294117647058826,N,6,WE,2610,2690,-80,71.0,145
pennjo01w,4,WAS,0,F,0,30,0,288,86,52,16,15,1,20,28,2.8666666666666667,1.7333333333333334,0.5333333333333333,0.5,0.03333333333333333,9.6,0.6666666666666666,31,78,0.3974358974358974,22,33,0.6666666666666666,2,13,0.15384615384615385,0.39069444444444446,0.46476437527021186,0.8,3.066666666666667,0,0,0,0,0,0.0,0.0,0.0,,,,,,,,,,,0,9,25,0.2647058823529412,N,7,EA,2330,2498,-168,72.0,160
pennjo01w,5,SAS,0,F,0,1,0,3,4,1,0,0,0,0,0,4.0,1.0,0.0,0.0,0.0,3.0,0.0,2,2,1.0,0,0,0.0,0,0,0.0,0.6666666666666666,1.0,0.0,5.0,0,0,0,0,0,0.0,0.0,0.0,2.8666666666666667,1.7333333333333334,0.5333333333333333,3.066666666666667,0.3974358974358974,0.46476437527021186,1.1333333333333333,-0.7333333333333334,-0.5333333333333333,1.9333333333333331,1,9,25,0.2647058823529412,N,7,WE,2191,2364,-173,72.0,160
perkiji01w,5,CHA,0,G,0,4,0,17,3,3,1,3,0,1,2,0.75,0.75,0.25,0.75,0.0,4.25,0.25,0,5,0.0,3,4,0.75,0,0,0.0,0.45647058823529413,0.22189349112426035,1.0,0.75,0,0,0,0,0,0.0,0.0,0.0,,,,,,,,,,,0,16,18,0.47058823529411764,N,5,EA,2092,2168,-76,68.0,155
perkiji01w,6,CHA,0,G,0,30,11,464,150,44,32,29,9,32,45,5.0,1.4666666666666666,1.0666666666666667,0.9666666666666667,0.3,15.466666666666667,1.0666666666666667,64,151,0.423841059602649,19,30,0.6333333333333333,3,9,0.3333333333333333,0.4228448275862069,0.4567600487210719,1.0,4.466666666666667,0,0,0,0,0,0.0,0.0,0.0,0.75,0.75,0.25,0.75,0.0,0.22189349112426035,4.25,0.7166666666666666,0.8166666666666667,3.716666666666667,1,6,28,0.17647058823529413,N,6,EA,2095,2335,-240,68.0,155
perkiji01w,7,CHI,0,G,0,30,27,841,282,107,97,43,13,56,72,9.4,3.566666666666667,3.2333333333333334,1.4333333333333333,0.43333333333333335,28.033333333333335,1.8666666666666667,105,299,0.3511705685618729,54,67,0.8059701492537313,18,65,0.27692307692307694,0.4571700356718193,0.42924987822698485,1.7321428571428572,9.3,0,0,0,0,0,0.0,0.0,0.0,5.0,1.4666666666666666,1.0666666666666667,4.466666666666667,0.423841059602649,0.4567600487210719,4.4,2.1000000000000005,2.166666666666667,4.833333333333334,2,5,29,0.14705882352941177,N,7,EA,2322,2687,-365,68.0,155
perkiji01w,8,CHI,0,G,0,33,5,762,386,110,75,50,7,51,65,11.696969696969697,3.3333333333333335,2.272727272727273,1.5151515151515151,0.21212121212121213,23.09090909090909,1.5454545454545454,153,330,0.4636363636363636,41,53,0.7735849056603774,39,90,0.43333333333333335,0.5306036745406824,0.546247028189743,1.4705882352941178,11.757575757575758,0,0,0,0,0,0.0,0.0,0.0,9.4,3.566666666666667,3.2333333333333334,9.3,0.3511705685618729,0.42924987822698485,2.296969696969697,-0.2333333333333334,-0.9606060606060605,2.457575757575757,3,14,20,0.4117647058823529,N,6,EA,2525,2611,-86,68.0,155
perkiji01w,9,CHI,0,G,0,34,34,1083,577,137,96,64,10,61,76,16.970588235294116,4.029411764705882,2.823529411764706,1.8823529411764706,0.29411764705882354,31.852941176470587,1.7941176470588236,213,488,0.4364754098360656,106,119,0.8907563025210085,45,124,0.3629032258064516,0.5552723915050785,0.5339033237101192,1.5737704918032787,15.735294117647058,0,0,0,0,0,0.0,0.0,0.0,11.696969696969697,3.3333333333333335,2.272727272727273,11.757575757575758,0.4636363636363636,0.546247028189743,5.273618538324419,0.6960784313725488,0.5508021390374331,3.9777183600713,4,12,22,0.35294117647058826,N,5,EA,2472,2510,-38,68.0,155
perkiji01w,10,CHI,0,G,0,34,34,931,450,116,100,73,6,55,78,13.235294117647058,3.411764705882353,2.9411764705882355,2.1470588235294117,0.17647058823529413,27.38235294117647,1.6176470588235294,158,379,0.41688654353562005,104,123,0.8455284552845529,30,78,0.38461538461538464,0.5242964554242749,0.5194865164388622,1.8181818181818181,13.235294117647058,0,0,0,0,0,0.0,0.0,0.0,16.970588235294116,4.029411764705882,2.823529411764706,15.735294117647058,0.4364754098360656,0.5339033237101192,-3.735294117647058,-0.6176470588235294,0.11764705882352944,-2.5,5,16,18,0.47058823529411764,N,5,EA,2573,2693,-120,68.0,155
pettibr01w,1,PHO,0,G,0,32,6,583,189,60,46,31,4,39,62,5.90625,1.875,1.4375,0.96875,0.125,18.21875,1.21875,60,168,0.35714285714285715,49,61,0.8032786885245902,20,75,0.26666666666666666,0.4010977701543739,0.4850133442824882,1.1794871794871795,5.34375,1,2,21,5,6,10.5,2.5,3.0,,,,,,,,,,,0,20,12,0.625,Y,4,WE,2243,2102,141,69.0,150
pettibr01w,2,PHO,0,G,0,32,1,497,172,60,50,28,4,38,47,5.375,1.875,1.5625,0.875,0.125,15.53125,1.1875,53,159,0.3333333333333333,46,56,0.8214285714285714,20,63,0.31746031746031744,0.4459557344064386,0.468307558266173,1.3157894736842106,5.0,0,0,0,0,0,0.0,0.0,0.0,5.90625,1.875,1.4375,5.34375,0.35714285714285715,0.4850133442824882,-0.53125,0.0,0.125,-0.34375,1,13,19,0.40625,N,5,WE,2064,2169,-105,69.0,150
pettibr01w,3,IND,0,G,0,32,0,375,113,39,17,8,0,24,22,3.53125,1.21875,0.53125,0.25,0.0,11.71875,0.75,38,107,0.35514018691588783,28,39,0.717948717948718,9,43,0.20930232558139536,0.39509333333333335,0.45505798969072164,0.7083333333333334,2.28125,1,3,16,9,2,5.333333333333333,3.0,0.6666666666666666,5.375,1.875,1.5625,5.0,0.3333333333333333,0.468307558266173,-1.84375,-0.65625,-1.03125,-2.71875,2,16,16,0.5,Y,4,EA,2097,2129,-32,69.0,150
pettibr01w,4,IND,0,G,0,31,0,148,49,19,8,4,1,8,17,1.5806451612903225,0.6129032258064516,0.25806451612903225,0.12903225806451613,0.03225806451612903,4.774193548387097,0.25806451612903225,15,52,0.28846153846153844,13,17,0.7647058823529411,6,27,0.2222222222222222,0.45594594594594595,0.4119031607262945,1.0,1.032258064516129,0,0,0,0,0,0.0,0.0,0.0,3.53125,1.21875,0.53125,2.28125,0.35514018691588783,0.45505798969072164,-1.9506048387096775,-0.6058467741935484,-0.27318548387096775,-1.248991935483871,3,16,18,0.47058823529411764,N,5,EA,2337,2321,16,69.0,150
pettibr01w,7,PHO,0,G,0,11,0,67,14,9,10,3,0,2,11,1.2727272727272727,0.8181818181818182,0.9090909090909091,0.2727272727272727,0.0,6.090909090909091,0.18181818181818182,5,19,0.2631578947368421,3,6,0.5,1,8,0.125,0.3528358208955224,0.3234750462107209,5.0,1.5454545454545454,0,0,0,0,0,0.0,0.0,0.0,1.5806451612903225,0.6129032258064516,0.25806451612903225,1.032258064516129,0.28846153846153844,0.4119031607262945,-0.3079178885630498,0.2052785923753666,0.6510263929618768,0.5131964809384164,4,18,16,0.5294117647058824,N,5,WE,2960,2879,81,69.0,150
philler01w,7,CON,0,G,0,34,13,615,182,73,80,29,2,38,38,5.352941176470588,2.1470588235294117,2.3529411764705883,0.8529411764705882,0.058823529411764705,18.08823529411765,1.1176470588235294,57,145,0.3931034482758621,44,50,0.88,24,70,0.34285714285714286,0.3333333333333333,0.5449101796407185,2.1052631578947367,6.882352941176471,1,5,33,7,7,6.6,1.4,1.4,,,,,,,,,,,0,26,8,0.7647058823529411,Y,1,EA,2683,2417,266,67.0,162
philler01w,9,CON,0,G,0,8,0,86,41,17,3,4,1,6,7,5.125,2.125,0.375,0.5,0.125,10.75,0.75,13,28,0.4642857142857143,9,11,0.8181818181818182,6,12,0.5,0.4516279069767442,0.6242387332521315,0.5,5.375,1,3,9,2,5,3.0,0.6666666666666666,1.6666666666666667,5.352941176470588,2.1470588235294117,2.3529411764705883,6.882352941176471,0.3931034482758621,0.5449101796407185,-0.22794117647058787,-0.022058823529411686,-1.9779411764705883,-1.507352941176471,1,21,13,0.6176470588235294,Y,2,EA,2690,2541,149,67.0,162
philler01w,10,CON,0,G,0,32,18,740,258,103,66,43,3,43,52,8.0625,3.21875,2.0625,1.34375,0.09375,23.125,1.34375,86,225,0.38222222222222224,52,64,0.8125,34,116,0.29310344827586204,0.40021621621621617,0.5095591720650972,1.5348837209302326,8.71875,0,0,0,0,0,0.0,0.0,0.0,5.125,2.125,0.375,5.375,0.4642857142857143,0.6242387332521315,2.9375,1.09375,1.6875,3.34375,2,16,18,0.47058823529411764,N,6,EA,2651,2654,-3,67.0,162
phillta01w,1,NYL,0,F-C,0,31,30,978,427,247,28,59,21,85,110,13.774193548387096,7.967741935483871,0.9032258064516129,1.903225806451613,0.6774193548387096,31.548387096774192,2.7419354838709675,170,364,0.46703296703296704,85,130,0.6538461538461539,2,8,0.25,0.5175869120654396,0.5068850902184235,0.32941176470588235,14.774193548387096,1,7,114,53,8,16.285714285714285,7.571428571428571,1.1428571428571428,,,,,,,,,,,0,20,12,0.625,Y,1,EA,2148,2035,113,74.0,200
phillta01w,2,NYL,0,F-C,0,32,32,1049,489,257,34,48,17,84,110,15.28125,8.03125,1.0625,1.5,0.53125,32.78125,2.625,208,410,0.5073170731707317,73,125,0.584,0,4,0.0,0.5233555767397522,0.5258064516129032,0.40476190476190477,15.84375,1,6,68,49,10,11.333333333333334,8.166666666666666,1.6666666666666667,13.774193548387096,7.967741935483871,0.9032258064516129,14.774193548387096,0.46703296703296704,0.5068850902184235,1.507056451612904,0.063508064516129,0.15927419354838712,1.069556451612904,1,21,11,0.65625,Y,2,EA,2162,2082,80,74.0,200
phillta01w,3,NYL,0,F-C,0,32,31,1009,451,223,41,58,14,93,113,14.09375,6.96875,1.28125,1.8125,0.4375,31.53125,2.90625,183,373,0.4906166219839142,85,126,0.6746031746031746,0,2,0.0,0.516788899900892,0.5263280739426758,0.44086021505376344,14.46875,1,8,115,47,10,14.375,5.875,1.25,15.28125,8.03125,1.0625,15.84375,0.5073170731707317,0.5258064516129032,-1.1875,-1.0625,0.21875,-1.375,2,18,14,0.5625,Y,1,EA,2089,2015,74,74.0,200
phillta01w,4,NYL,0,F-C,0,33,32,1033,372,280,56,56,28,92,118,11.272727272727273,8.484848484848484,1.696969696969697,1.696969696969697,0.8484848484848485,31.303030303030305,2.787878787878788,142,358,0.39664804469273746,87,134,0.6492537313432836,1,5,0.2,0.4927008712487899,0.4460859554873369,0.6086956521739131,13.242424242424242,0,0,0,0,0,0.0,0.0,0.0,14.09375,6.96875,1.28125,14.46875,0.4906166219839142,0.5263280739426758,-2.8210227272727266,1.5160984848484844,0.415719696969697,-1.2263257575757578,3,16,18,0.47058823529411764,N,6,EA,2243,2256,-13,74.0,200
phillta01w,5,NYL,0,F-C,0,13,13,311,87,70,16,14,10,33,41,6.6923076923076925,5.384615384615385,1.2307692307692308,1.0769230769230769,0.7692307692307693,23.923076923076923,2.5384615384615383,33,95,0.3473684210526316,21,46,0.45652173913043476,0,0,0.0,0.4766559485530547,0.37747309961818815,0.48484848484848486,5.923076923076923,0,0,0,0,0,0.0,0.0,0.0,11.272727272727273,8.484848484848484,1.696969696969697,13.242424242424242,0.39664804469273746,0.4460859554873369,-4.580419580419581,-3.1002331002330994,-0.4662004662004662,-7.319347319347319,4,18,16,0.5294117647058824,Y,2,EA,2252,2297,-45,74.0,200
phillta01w,6,HOU,0,F-C,0,32,1,366,111,79,14,11,8,30,56,3.46875,2.46875,0.4375,0.34375,0.25,11.4375,0.9375,40,94,0.425531914893617,31,48,0.6458333333333334,0,0,0.0,0.3965027322404372,0.4821056289089645,0.4666666666666667,3.8125,1,5,13,9,1,2.6,1.8,0.2,6.6923076923076925,5.384615384615385,1.2307692307692308,5.923076923076923,0.3473684210526316,0.37747309961818815,-3.2235576923076925,-2.915865384615385,-0.7932692307692308,-2.1105769230769234,5,19,15,0.5588235294117647,Y,3,WE,2309,2263,46,74.0,200
phillta01w,7,HOU,0,F-C,0,21,2,222,59,47,4,9,5,23,37,2.8095238095238093,2.238095238095238,0.19047619047619047,0.42857142857142855,0.23809523809523808,10.571428571428571,1.0952380952380953,20,52,0.38461538461538464,19,29,0.6551724137931034,0,0,0.0,0.39531531531531533,0.4555281037677578,0.17391304347826086,2.8095238095238093,0,0,0,0,0,0.0,0.0,0.0,3.46875,2.46875,0.4375,3.8125,0.425531914893617,0.4821056289089645,-0.6592261904761907,-0.23065476190476186,-0.24702380952380953,-1.0029761904761907,6,18,16,0.5294117647058824,Y,3,WE,2507,2449,58,74.0,200
phillta01w,8,HOU,0,F-C,0,7,0,35,10,5,1,3,0,5,9,1.4285714285714286,0.7142857142857143,0.14285714285714285,0.42857142857142855,0.0,5.0,0.7142857142857143,3,10,0.3,4,4,1.0,0,0,0.0,0.4788571428571428,0.4251700680272109,0.2,1.0,0,0,0,0,0,0.0,0.0,0.0,2.8095238095238093,2.238095238095238,0.19047619047619047,2.8095238095238093,0.38461538461538464,0.4555281037677578,-1.3809523809523807,-1.5238095238095237,-0.047619047619047616,-1.8095238095238093,7,13,21,0.38235294117647056,N,5,WE,2510,2628,-118,74.0,200
pierspl01w,4,PHO,0,F-C,0,33,5,602,198,80,22,19,13,42,87,6.0,2.4242424242424243,0.6666666666666666,0.5757575757575758,0.3939393939393939,18.242424242424242,1.2727272727272727,67,177,0.3785310734463277,64,101,0.6336633663366337,0,2,0.0,0.4376079734219269,0.44707369942196534,0.5238095238095238,4.333333333333333,0,0,0,0,0,0.0,0.0,0.0,,,,,,,,,,,0,8,26,0.23529411764705882,N,7,WE,2097,2270,-173,74.0,181
pierspl01w,5,PHO,0,F-C,0,31,25,803,290,131,26,26,17,49,102,9.35483870967742,4.225806451612903,0.8387096774193549,0.8387096774193549,0.5483870967741935,25.903225806451612,1.5806451612903225,112,253,0.4426877470355731,66,109,0.6055045871559633,0,3,0.0,0.4358156911581569,0.4817916002126529,0.5306122448979592,8.290322580645162,0,0,0,0,0,0.0,0.0,0.0,6.0,2.4242424242424243,0.6666666666666666,4.333333333333333,0.3785310734463277,0.44707369942196534,3.35483870967742,1.8015640273704787,0.17204301075268824,3.956989247311829,1,17,17,0.5,N,5,WE,2300,2235,65,74.0,181
pierspl01w,6,DET,2,F-C,0,23,0,444,178,62,21,14,6,42,54,7.739130434782608,2.6956521739130435,0.9130434782608695,0.6086956521739131,0.2608695652173913,19.304347826086957,1.826086956521739,55,126,0.4365079365079365,67,96,0.6979166666666666,1,1,1.0,0.4735135135135135,0.5290061816452686,0.5,6.043478260869565,1,2,4,6,0,2.0,3.0,0.0,9.35483870967742,4.225806451612903,0.8387096774193549,8.290322580645162,0.4426877470355731,0.4817916002126529,-1.6157082748948115,-1.5301542776998596,0.07433380084151464,-2.2468443197755965,2,16,18,0.47058823529411764,Y,4,EA,2247,2287,-40,74.0,181
pierspl01w,6,PHO,1,F-C,0,12,11,318,92,59,13,10,13,32,39,7.666666666666667,4.916666666666667,1.0833333333333333,0.8333333333333334,1.0833333333333333,26.5,2.6666666666666665,36,105,0.34285714285714286,20,29,0.6896551724137931,0,1,0.0,0.47094339622641507,0.390625,0.40625,6.416666666666667,0,0,0,0,0,0.0,0.0,0.0,7.739130434782608,2.6956521739130435,0.9130434782608695,6.043478260869565,0.4365079365079365,0.5290061816452686,-0.07246376811594146,2.2210144927536235,0.17028985507246375,0.37318840579710155,3,16,18,0.47058823529411764,N,5,WE,2361,2354,7,74.0,181
pierspl01w,7,DET,0,F-C,0,34,0,565,220,132,24,18,14,37,84,6.470588235294118,3.8823529411764706,0.7058823529411765,0.5294117647058824,0.4117647058823529,16.61764705882353,1.088235294117647,82,180,0.45555555555555555,56,80,0.7,0,3,0.0,0.4463716814159292,0.5111524163568774,0.6486486486486487,7.323529411764706,1,10,88,54,17,8.8,5.4,1.7,7.666666666666667,4.916666666666667,1.0833333333333333,6.416666666666667,0.34285714285714286,0.390625,-1.1960784313725492,-1.0343137254901964,-0.37745098039215674,0.9068627450980387,4,23,11,0.6764705882352942,Y,2,EA,2527,2384,143,74.0,181
pierspl01w,8,DET,0,F-C,0,34,0,858,396,197,59,26,29,79,110,11.647058823529411,5.794117647058823,1.7352941176470589,0.7647058823529411,0.8529411764705882,25.235294117647058,2.323529411764706,149,312,0.4775641025641026,98,130,0.7538461538461538,0,5,0.0,0.5223776223776224,0.5362946912242688,0.7468354430379747,12.735294117647058,1,11,123,79,18,11.181818181818182,7.181818181818182,1.6363636363636365,6.470588235294118,3.8823529411764706,0.7058823529411765,7.323529411764706,0.45555555555555555,0.5111524163568774,5.1764705882352935,1.9117647058823528,1.0294117647058822,5.411764705882352,5,24,10,0.7058823529411765,Y,1,EA,2697,2540,157,74.0,181
pierspl01w,9,DET,0,F-C,0,28,0,649,332,136,63,24,34,48,99,11.857142857142858,4.857142857142857,2.25,0.8571428571428571,1.2142857142857142,23.178571428571427,1.7142857142857142,122,267,0.45692883895131087,88,117,0.7521367521367521,0,2,0.0,0.5646841294298922,0.5212258226576236,1.3125,13.107142857142858,1,6,47,18,10,7.833333333333333,3.0,1.6666666666666667,11.647058823529411,5.794117647058823,1.7352941176470589,12.735294117647058,0.4775641025641026,0.5362946912242688,0.2100840336134464,-0.9369747899159666,0.5147058823529411,0.37184873949579966,6,22,12,0.6470588235294118,Y,1,EA,2672,2522,150,74.0,181
pierspl01w,10,DET,0,F-C,0,1,0,5,0,0,0,1,1,0,2,0.0,0.0,0.0,1.0,1.0,5.0,0.0,0,2,0.0,0,0,0.0,0,0,0.0,0.4,0.0,0.0,0.0,0,0,0,0,0,0.0,0.0,0.0,11.857142857142858,4.857142857142857,2.25,13.107142857142858,0.45692883895131087,0.5212258226576236,-11.857142857142858,-4.857142857142857,-2.25,-13.107142857142858,7,18,16,0.5294117647058824,Y,3,EA,2652,2644,8,74.0,181
pondeca01w,7,PHO,0,G,0,32,32,1067,624,107,98,37,4,45,84,19.5,3.34375,3.0625,1.15625,0.125,33.34375,1.40625,219,495,0.44242424242424244,139,163,0.852760736196319,47,126,0.373015873015873,0.5733083411433927,0.5505364201016375,2.1777777777777776,16.40625,0,0,0,0,0,0.0,0.0,0.0,,,,,,,,,,,0,18,16,0.5294117647058824,N,5,WE,2960,2879,81,69.0,160
pondeca01w,8,PHO,0,G,0,31,31,966,532,112,123,29,8,69,59,17.161290322580644,3.6129032258064515,3.967741935483871,0.9354838709677419,0.25806451612903225,31.161290322580644,2.225806451612903,193,448,0.43080357142857145,110,135,0.8148148148148148,36,108,0.3333333333333333,0.5966873706004141,0.5242412297989751,1.7826086956521738,14.67741935483871,1,9,215,43,52,23.88888888888889,4.777777777777778,5.777777777777778,19.5,3.34375,3.0625,16.40625,0.44242424242424244,0.5505364201016375,-2.338709677419356,0.2691532258064515,0.905241935483871,-1.72883064516129,1,23,11,0.6764705882352942,Y,1,WE,3025,2904,121,69.0,160
pondeca01w,9,PHO,0,G,0,32,32,1002,679,119,135,38,5,93,82,21.21875,3.71875,4.21875,1.1875,0.15625,31.3125,2.90625,234,567,0.4126984126984127,170,201,0.845771144278607,41,131,0.31297709923664124,0.7469461077844312,0.5179726595874526,1.4516129032258065,16.21875,0,0,0,0,0,0.0,0.0,0.0,17.161290322580644,3.6129032258064515,3.967741935483871,14.67741935483871,0.43080357142857145,0.5242412297989751,4.057459677419356,0.10584677419354849,0.251008064516129,1.54133064516129,2,16,18,0.47058823529411764,N,6,WE,3010,3009,1,69.0,160
pondeca01w,10,PHO,0,G,0,34,34,1075,648,144,171,31,12,86,99,19.058823529411764,4.235294117647059,5.029411764705882,0.9117647058823529,0.35294117647058826,31.61764705882353,2.5294117647058822,236,513,0.4600389863547758,133,151,0.8807947019867549,43,120,0.35833333333333334,0.6190139534883722,0.5591605688250725,1.9883720930232558,18.38235294117647,1,11,200,40,39,18.181818181818183,3.6363636363636362,3.5454545454545454,21.21875,3.71875,4.21875,16.21875,0.4126984126984127,0.5179726595874526,-2.1599264705882355,0.5165441176470589,0.8106617647058822,2.163602941176471,3,23,11,0.6764705882352942,Y,1,WE,3156,3031,125,69.0,160
potthan01w,1,MIN,0,F,0,3,0,8,0,2,1,0,0,0,3,0.0,0.6666666666666666,0.3333333333333333,0.0,0.0,2.6666666666666665,0.0,0,2,0.0,0,0,0.0,0,1,0.0,0.25,0.0,1.0,0.3333333333333333,0,0,0,0,0,0.0,0.0,0.0,,,,,,,,,,,0,15,17,0.46875,N,6,WE,2193,2188,5,73.0,191
powelel01w,1,ORL,0,G,0,20,1,347,72,50,42,12,1,30,21,3.6,2.5,2.1,0.6,0.05,17.35,1.5,26,66,0.3939393939393939,17,22,0.7727272727272727,3,9,0.3333333333333333,0.3045533141210375,0.4756871035940803,1.4,5.1,0,0,0,0,0,0.0,0.0,0.0,,,,,,,,,,,0,16,16,0.5,Y,3,EA,2208,2233,-25,68.0,150
powelel01w,2,ORL,0,G,0,32,32,1055,357,98,98,49,7,79,64,11.15625,3.0625,3.0625,1.53125,0.21875,32.96875,2.46875,119,296,0.40202702702702703,80,106,0.7547169811320755,39,102,0.38235294117647056,0.39965876777251186,0.5209549381274807,1.240506329113924,10.21875,0,0,0,0,0,0.0,0.0,0.0,3.6,2.5,2.1,5.1,0.3939393939393939,0.4756871035940803,7.55625,0.5625,0.9624999999999999,5.11875,1,13,19,0.40625,N,5,EA,2140,2205,-65,68.0,150
powelel01w,3,DET,2,G,0,15,13,397,148,63,60,23,8,41,19,9.866666666666667,4.2,4.0,1.5333333333333334,0.5333333333333333,26.466666666666665,2.7333333333333334,54,121,0.4462809917355372,34,40,0.85,6,22,0.2727272727272727,0.45239294710327455,0.5339105339105339,1.4634146341463414,12.533333333333333,0,0,0,0,0,0.0,0.0,0.0,11.15625,3.0625,3.0625,10.21875,0.40202702702702703,0.5209549381274807,-1.2895833333333329,1.1375000000000002,0.9375,2.314583333333333,2,9,23,0.28125,N,8,EA,2114,2266,-152,68.0,150
powelel01w,3,ORL,1,G,0,15,1,308,88,32,30,20,4,30,31,5.866666666666666,2.1333333333333333,2.0,1.3333333333333333,0.26666666666666666,20.533333333333335,2.0,35,99,0.35353535353535354,16,26,0.6153846153846154,2,11,0.18181818181818182,0.455974025974026,0.39840637450199207,1.0,4.666666666666667,0,0,0,0,0,0.0,0.0,0.0,9.866666666666667,4.2,4.0,12.533333333333333,0.4462809917355372,0.5339105339105339,-4.000000000000001,-2.066666666666667,-2.0,-7.866666666666666,3,16,16,0.5,N,5,EA,2254,2255,-1,68.0,150
powelel01w,4,DET,0,G,0,33,33,938,296,106,129,45,9,79,65,8.969696969696969,3.212121212121212,3.909090909090909,1.3636363636363635,0.2727272727272727,28.424242424242426,2.393939393939394,105,233,0.45064377682403434,79,106,0.7452830188679245,7,20,0.35,0.3823454157782516,0.5292518952939493,1.6329113924050633,10.636363636363637,1,8,41,30,38,5.125,3.75,4.75,5.866666666666666,2.1333333333333333,2.0,4.666666666666667,0.35353535353535354,0.39840637450199207,3.1030303030303026,1.0787878787878786,1.9090909090909092,5.96969696969697,4,25,9,0.7352941176470589,Y,1,EA,2553,2395,158,68.0,150
powelel01w,5,DET,0,G,0,30,26,760,133,84,134,36,8,61,67,4.433333333333334,2.8,4.466666666666667,1.2,0.26666666666666666,25.333333333333332,2.033333333333333,52,138,0.37681159420289856,29,50,0.58,0,0,0.0,0.29078947368421054,0.415625,2.19672131147541,7.566666666666666,1,3,23,6,21,7.666666666666667,2.0,7.0,8.969696969696969,3.212121212121212,3.909090909090909,10.636363636363637,0.45064377682403434,0.5292518952939493,-4.536363636363635,-0.4121212121212121,0.5575757575757576,-3.0696969696969703,5,17,17,0.5,Y,3,EA,2366,2381,-15,68.0,150
powelel01w,6,DET,0,G,0,29,21,671,163,80,77,29,4,51,62,5.620689655172414,2.7586206896551726,2.6551724137931036,1.0,0.13793103448275862,23.137931034482758,1.7586206896551724,62,142,0.43661971830985913,39,65,0.6,0,2,0.0,0.3302533532041729,0.477725674091442,1.5098039215686274,6.758620689655173,1,2,0,7,5,0.0,3.5,2.5,4.433333333333334,2.8,4.466666666666667,7.566666666666666,0.37681159420289856,0.415625,1.1873563218390801,-0.041379310344827225,-1.8114942528735631,-0.8080459770114938,6,16,18,0.47058823529411764,Y,4,EA,2247,2287,-40,68.0,150
powelel01w,7,CHI,1,G,0,14,3,251,69,25,37,13,3,26,26,4.928571428571429,1.7857142857142858,2.642857142857143,0.9285714285714286,0.21428571428571427,17.928571428571427,1.8571428571428572,26,60,0.43333333333333335,17,24,0.7083333333333334,0,3,0.0,0.3847011952191235,0.4889455782312925,1.4230769230769231,5.714285714285714,0,0,0,0,0,0.0,0.0,0.0,5.620689655172414,2.7586206896551726,2.6551724137931036,6.758620689655173,0.43661971830985913,0.477725674091442,-0.6921182266009849,-0.9729064039408868,-0.012315270935960854,-1.0443349753694582,7,5,29,0.14705882352941177,N,7,EA,2322,2687,-365,68.0,150
powelel01w,7,DET,2,G,0,11,0,120,14,13,15,3,0,9,9,1.2727272727272727,1.1818181818181819,1.3636363636363635,0.2727272727272727,0.0,10.909090909090908,0.8181818181818182,3,16,0.1875,8,14,0.5714285714285714,0,2,0.0,0.25966666666666666,0.315884476534296,1.6666666666666667,1.5454545454545454,0,0,0,0,0,0.0,0.0,0.0,4.928571428571429,1.7857142857142858,2.642857142857143,5.714285714285714,0.43333333333333335,0.4889455782312925,-3.6558441558441563,-0.6038961038961039,-1.2792207792207793,-4.1688311688311686,8,23,11,0.6764705882352942,Y,2,EA,2527,2384,143,68.0,150
powelel01w,8,DET,0,G,0,32,12,323,60,34,44,12,2,29,33,1.875,1.0625,1.375,0.375,0.0625,10.09375,0.90625,22,54,0.4074074074074074,16,23,0.6956521739130435,0,0,0.0,0.28829721362229105,0.46787273861509665,1.5172413793103448,2.625,1,11,10,11,12,0.9090909090909091,1.0,1.0909090909090908,1.2727272727272727,1.1818181818181819,1.3636363636363635,1.5454545454545454,0.1875,0.315884476534296,0.6022727272727273,-0.11931818181818188,0.011363636363636465,1.0795454545454546,9,24,10,0.7058823529411765,Y,1,EA,2697,2540,157,68.0,150
powelel01w,9,DET,0,G,0,16,16,313,58,50,35,6,1,18,21,3.625,3.125,2.1875,0.375,0.0625,19.5625,1.125,24,49,0.4897959183673469,9,12,0.75,1,2,0.5,0.23092651757188498,0.5342667649226234,1.9444444444444444,6.5,1,9,29,21,18,3.2222222222222223,2.3333333333333335,2.0,1.875,1.0625,1.375,2.625,0.4074074074074074,0.46787273861509665,1.75,2.0625,0.8125,3.875,10,22,12,0.6470588235294118,Y,1,EA,2672,2522,150,68.0,150
powelni01w,5,CHA,0,F,0,31,0,384,132,71,16,15,4,22,37,4.258064516129032,2.2903225806451615,0.5161290322580645,0.4838709677419355,0.12903225806451613,12.387096774193548,0.7096774193548387,50,121,0.4132231404958678,8,10,0.8,24,58,0.41379310344827586,0.38385416666666666,0.5263157894736842,0.7272727272727273,4.612903225806452,0,0,0,0,0,0.0,0.0,0.0,,,,,,,,,,,0,16,18,0.47058823529411764,N,5,EA,2092,2168,-76,74.0,175
powelni01w,6,SAC,0,F,0,34,34,988,364,124,62,39,16,44,83,10.705882352941176,3.6470588235294117,1.8235294117647058,1.1470588235294117,0.47058823529411764,29.058823529411764,1.2941176470588236,120,317,0.3785488958990536,58,72,0.8055555555555556,66,159,0.41509433962264153,0.3974493927125506,0.5219685671676035,1.4090909090909092,10.294117647058824,1,8,88,20,15,11.0,2.5,1.875,4.258064516129032,2.2903225806451615,0.5161290322580645,4.612903225806452,0.4132231404958678,0.5263157894736842,6.447817836812144,1.3567362428842502,1.3074003795066413,5.681214421252372,1,25,9,0.7352941176470589,Y,1,WE,2329,2093,236,74.0,175
powelni01w,7,SAC,0,F,0,34,34,886,327,131,61,42,15,47,82,9.617647058823529,3.8529411764705883,1.7941176470588236,1.2352941176470589,0.4411764705882353,26.058823529411764,1.3823529411764706,116,309,0.37540453074433655,40,49,0.8163265306122449,55,156,0.3525641025641026,0.42613995485327316,0.49461519845111324,1.297872340425532,9.617647058823529,1,9,106,41,14,11.777777777777779,4.555555555555555,1.5555555555555556,10.705882352941176,3.6470588235294117,1.8235294117647058,10.294117647058824,0.3785488958990536,0.5219685671676035,-1.0882352941176467,0.20588235294117663,-0.02941176470588225,-0.6764705882352953,2,21,13,0.6176470588235294,Y,2,WE,2537,2404,133,74.0,175
powelni01w,8,SAC,0,F,0,34,34,986,436,191,58,48,12,64,63,12.823529411764707,5.617647058823529,1.7058823529411764,1.411764705882353,0.35294117647058826,29.0,1.8823529411764706,147,391,0.37595907928388744,80,83,0.963855421686747,62,163,0.3803680981595092,0.49849898580121704,0.5099176646706587,0.90625,12.764705882352942,1,3,46,17,5,15.333333333333334,5.666666666666667,1.6666666666666667,9.617647058823529,3.8529411764705883,1.7941176470588236,9.617647058823529,0.37540453074433655,0.49461519845111324,3.2058823529411775,1.7647058823529407,-0.08823529411764719,3.147058823529413,3,19,15,0.5588235294117647,Y,3,WE,2527,2480,47,74.0,175
powelni01w,9,SAC,0,F,0,34,33,944,463,150,46,40,6,62,78,13.617647058823529,4.411764705882353,1.3529411764705883,1.1764705882352942,0.17647058823529413,27.764705882352942,1.8235294117647058,161,437,0.3684210526315789,63,75,0.84,78,190,0.4105263157894737,0.5635593220338984,0.4925531914893617,0.7419354838709677,10.441176470588236,1,3,54,18,8,18.0,6.0,2.6666666666666665,12.823529411764707,5.617647058823529,1.7058823529411764,12.764705882352942,0.37595907928388744,0.5099176646706587,0.7941176470588225,-1.2058823529411757,-0.3529411764705881,-2.3235294117647065,4,18,16,0.5294117647058824,Y,4,WE,2545,2571,-26,74.0,175
powelni01w,10,SAC,0,F,0,34,34,1035,567,200,77,49,8,84,62,16.676470588235293,5.882352941176471,2.264705882352941,1.4411764705882353,0.23529411764705882,30.441176470588236,2.4705882352941178,198,476,0.41596638655462187,94,96,0.9791666666666666,77,212,0.3632075471698113,0.5818743961352657,0.5470438406915714,0.9166666666666666,15.794117647058824,0,0,0,0,0,0.0,0.0,0.0,13.617647058823529,4.411764705882353,1.3529411764705883,10.441176470588236,0.3684210526315789,0.4925531914893617,3.0588235294117645,1.4705882352941178,0.9117647058823528,5.352941176470589,5,12,22,0.35294117647058826,N,6,WE,2610,2690,-80,74.0,175
pricear01w,8,CHI,0,G-F,0,34,34,893,269,204,99,40,7,59,67,7.911764705882353,6.0,2.911764705882353,1.1764705882352942,0.20588235294117646,26.264705882352942,1.7352941176470589,95,232,0.40948275862068967,78,151,0.5165562913907285,1,3,0.3333333333333333,0.4002687569988802,0.45067685296877097,1.6779661016949152,10.294117647058824,0,0,0,0,0,0.0,0.0,0.0,,,,,,,,,,,0,14,20,0.4117647058823529,N,6,EA,2525,2611,-86,69.0,133
pricear01w,9,CHI,0,G-F,0,34,11,763,235,125,59,36,12,50,79,6.911764705882353,3.676470588235294,1.7352941176470589,1.0588235294117647,0.35294117647058826,22.441176470588236,1.4705882352941178,85,194,0.4381443298969072,65,125,0.52,0,1,0.0,0.3918741808650065,0.4718875502008032,1.18,7.294117647058823,0,0,0,0,0,0.0,0.0,0.0,7.911764705882353,6.0,2.911764705882353,10.294117647058824,0.40948275862068967,0.45067685296877097,-1.0,-2.323529411764706,-1.176470588235294,-3.000000000000001,1,12,22,0.35294117647058826,N,5,EA,2472,2510,-38,69.0,133
pricear01w,10,ATL,2,G-F,0,11,0,98,16,16,4,3,2,9,12,1.4545454545454546,1.4545454545454546,0.36363636363636365,0.2727272727272727,0.18181818181818182,8.909090909090908,0.8181818181818182,5,14,0.35714285714285715,6,10,0.6,0,0,0.0,0.27959183673469384,0.4347826086956522,0.4444444444444444,1.7272727272727273,1,2,10,6,4,5.0,3.0,2.0,6.911764705882353,3.676470588235294,1.7352941176470589,7.294117647058823,0.4381443298969072,0.4718875502008032,-5.457219251336898,-2.2219251336898393,-1.3716577540106951,-5.566844919786096,2,18,16,0.5294117647058824,Y,2,EA,2861,2797,64,69.0,133
pricear01w,10,CHI,1,G-F,0,22,0,324,77,59,26,12,1,18,32,3.5,2.6818181818181817,1.1818181818181819,0.5454545454545454,0.045454545454545456,14.727272727272727,0.8181818181818182,27,70,0.38571428571428573,23,40,0.575,0,0,0.0,0.3259259259259259,0.4394977168949772,1.4444444444444444,4.409090909090909,0,0,0,0,0,0.0,0.0,0.0,1.4545454545454546,1.4545454545454546,0.36363636363636365,1.7272727272727273,0.35714285714285715,0.4347826086956522,2.0454545454545454,1.227272727272727,0.8181818181818182,2.6818181818181817,3,16,18,0.47058823529411764,N,5,EA,2573,2693,-120,69.0,133
pridely01w,1,POR,0,F-G,0,32,1,462,114,61,40,16,9,33,59,3.5625,1.90625,1.25,0.5,0.28125,14.4375,1.03125,41,118,0.3474576271186441,29,42,0.6904761904761905,3,9,0.3333333333333333,0.3668398268398268,0.4176436107854631,1.2121212121212122,3.65625,0,0,0,0,0,0.0,0.0,0.0,,,,,,,,,,,0,10,22,0.3125,N,7,WE,2155,2303,-148,74.0,180
pridely01w,2,MIN,0,F-G,0,32,14,713,170,146,28,28,20,46,77,5.3125,4.5625,0.875,0.875,0.625,22.28125,1.4375,68,174,0.39080459770114945,33,55,0.6,1,4,0.25,0.34249649368863955,0.42885973763874874,0.6086956521739131,6.8125,0,0,0,0,0,0.0,0.0,0.0,3.5625,1.90625,1.25,3.65625,0.3474576271186441,0.4176436107854631,1.75,2.65625,-0.375,3.15625,1,12,20,0.375,N,6,WE,2077,2156,-79,74.0,180
pridely01w,3,MIN,0,F-G,0,31,15,589,123,103,43,25,25,47,73,3.967741935483871,3.3225806451612905,1.3870967741935485,0.8064516129032258,0.8064516129032258,19.0,1.5161290322580645,57,148,0.38513513513513514,8,17,0.47058823529411764,1,10,0.1,0.3437691001697793,0.39554926678672503,0.9148936170212766,5.548387096774194,0,0,0,0,0,0.0,0.0,0.0,5.3125,4.5625,0.875,6.8125,0.39080459770114945,0.42885973763874874,-1.344758064516129,-1.2399193548387095,0.5120967741935485,-1.264112903225806,2,10,22,0.3125,N,8,WE,2003,2104,-101,74.0,180
pridely01w,4,LAS,2,F-G,0,4,0,28,1,6,0,0,0,3,9,0.25,1.5,0.0,0.0,0.0,7.0,0.75,0,5,0.0,1,4,0.25,0,0,0.0,0.3485714285714286,0.07396449704142012,0.0,-1.0,1,6,5,9,1,0.8333333333333334,1.5,0.16666666666666666,3.967741935483871,3.3225806451612905,1.3870967741935485,5.548387096774194,0.38513513513513514,0.39554926678672503,-3.717741935483871,-1.8225806451612905,-1.3870967741935485,-6.548387096774194,3,24,10,0.7058823529411765,Y,1,WE,2499,2432,67,74.0,180
pridely01w,4,MIN,1,F-G,0,13,0,66,17,17,1,3,1,8,11,1.3076923076923077,1.3076923076923077,0.07692307692307693,0.23076923076923078,0.07692307692307693,5.076923076923077,0.6153846153846154,7,14,0.5,3,4,0.75,0,0,0.0,0.36,0.5393401015228426,0.125,1.7692307692307692,0,0,0,0,0,0.0,0.0,0.0,0.25,1.5,0.0,-1.0,0.0,0.07396449704142012,1.0576923076923077,-0.1923076923076923,0.07692307692307693,2.769230769230769,4,18,16,0.5294117647058824,Y,4,WE,2380,2370,10,74.0,180
pringla01w,9,PHO,0,F-C,0,29,7,377,128,102,9,10,44,27,71,4.413793103448276,3.5172413793103448,0.3103448275862069,0.3448275862068966,1.5172413793103448,13.0,0.9310344827586207,43,96,0.4479166666666667,42,51,0.8235294117647058,0,0,0.0,0.38578249336870024,0.5403579871664979,0.3333333333333333,7.0344827586206895,0,0,0,0,0,0.0,0.0,0.0,,,,,,,,,,,0,16,18,0.47058823529411764,N,6,WE,3010,3009,1,75.0,162
pringla01w,10,MIN,0,F-C,0,17,0,159,37,37,8,3,14,14,22,2.176470588235294,2.176470588235294,0.47058823529411764,0.17647058823529413,0.8235294117647058,9.352941176470589,0.8235294117647058,13,30,0.43333333333333335,11,15,0.7333333333333333,0,0,0.0,0.3182389937106918,0.505464480874317,0.5714285714285714,3.764705882352941,0,0,0,0,0,0.0,0.0,0.0,4.413793103448276,3.5172413793103448,0.3103448275862069,7.0344827586206895,0.4479166666666667,0.5403579871664979,-2.237322515212982,-1.3407707910750508,0.16024340770791073,-3.2697768762677484,1,14,20,0.4117647058823529,N,5,WE,2731,2827,-96,75.0,162
queenbr01w,7,CON,0,F,0,4,0,10,2,0,0,0,0,1,0,0.5,0.0,0.0,0.0,0.0,2.5,0.25,0,1,0.0,2,2,1.0,0,0,0.0,0.288,0.5319148936170213,0.0,0.0,0,0,0,0,0,0.0,0.0,0.0,,,,,,,,,,,0,26,8,0.7647058823529411,Y,1,EA,2683,2417,266,74.0,185
queenbr01w,9,CHI,0,F,0,8,0,36,2,4,2,0,0,5,5,0.25,0.5,0.25,0.0,0.0,4.5,0.625,1,8,0.125,0,0,0.0,0,2,0.0,0.3611111111111111,0.125,0.4,-0.5,0,0,0,0,0,0.0,0.0,0.0,0.5,0.0,0.0,0.0,0.0,0.5319148936170213,-0.25,0.5,0.25,-0.5,1,12,22,0.35294117647058826,N,5,EA,2472,2510,-38,74.0,185
quiglal01w,9,PHO,0,G,0,14,0,100,29,11,4,6,1,6,9,2.0714285714285716,0.7857142857142857,0.2857142857142857,0.42857142857142855,0.07142857142857142,7.142857142857143,0.42857142857142855,13,39,0.3333333333333333,1,2,0.5,2,11,0.18181818181818182,0.45880000000000004,0.3635907723169508,0.6666666666666666,1.2857142857142858,0,0,0,0,0,0.0,0.0,0.0,,,,,,,,,,,0,16,18,0.47058823529411764,N,6,WE,3010,3009,1,70.0,140
quiglal01w,10,PHO,0,G,0,6,0,32,10,5,1,0,0,5,6,1.6666666666666667,0.8333333333333334,0.16666666666666666,0.0,0.0,5.333333333333333,0.8333333333333334,3,8,0.375,2,2,1.0,2,4,0.5,0.43375,0.563063063063063,0.2,1.0,0,0,0,0,0,0.0,0.0,0.0,2.0714285714285716,0.7857142857142857,0.2857142857142857,1.2857142857142858,0.3333333333333333,0.3635907723169508,-0.4047619047619049,0.04761904761904767,-0.11904761904761904,-0.2857142857142858,1,23,11,0.6764705882352942,Y,1,WE,3156,3031,125,70.0,140
quinnno01w,8,MIN,0,G,0,34,19,670,96,89,148,29,13,67,40,2.823529411764706,2.6176470588235294,4.352941176470588,0.8529411764705882,0.38235294117647056,19.705882352941178,1.9705882352941178,37,124,0.29838709677419356,15,24,0.625,7,38,0.18421052631578946,0.3008358208955224,0.356718192627824,2.208955223880597,6.235294117647059,0,0,0,0,0,0.0,0.0,0.0,,,,,,,,,,,0,10,24,0.29411764705882354,N,6,WE,2636,2752,-116,72.0,175
quinnno01w,9,MIN,0,G,0,32,25,533,116,69,81,21,2,46,33,3.625,2.15625,2.53125,0.65625,0.0625,16.65625,1.4375,47,118,0.3983050847457627,12,18,0.6666666666666666,10,32,0.3125,0.32255159474671674,0.46060991105463783,1.7608695652173914,5.1875,0,0,0,0,0,0.0,0.0,0.0,2.823529411764706,2.6176470588235294,4.352941176470588,6.235294117647059,0.29838709677419356,0.356718192627824,0.8014705882352939,-0.46139705882352944,-1.8216911764705879,-1.0477941176470589,1,16,18,0.47058823529411764,N,7,WE,2767,2721,46,72.0,175
quinnno01w,10,LAS,0,G,0,34,9,929,284,122,118,40,11,51,59,8.352941176470589,3.588235294117647,3.4705882352941178,1.1764705882352942,0.3235294117647059,27.323529411764707,1.5,115,244,0.4713114754098361,30,37,0.8108108108108109,24,77,0.3116883116883117,0.33506996770721204,0.545566313201168,2.3137254901960786,11.411764705882353,1,6,29,19,23,4.833333333333333,3.1666666666666665,3.8333333333333335,3.625,2.15625,2.53125,5.1875,0.3983050847457627,0.46060991105463783,4.727941176470589,1.4319852941176472,0.9393382352941178,6.224264705882353,2,18,16,0.5294117647058824,Y,3,WE,2533,2498,35,72.0,175
quinnte01w,1,IND,0,F,0,17,0,118,15,16,15,4,0,10,12,0.8823529411764706,0.9411764705882353,0.8823529411764706,0.23529411764705882,0.0,6.9411764705882355,0.5882352941176471,6,14,0.42857142857142855,3,5,0.6,0,0,0.0,0.22203389830508474,0.46296296296296297,1.5,1.7647058823529411,0,0,0,0,0,0.0,0.0,0.0,,,,,,,,,,,0,9,23,0.28125,N,7,EA,2213,2290,-77,76.0,165
radunha01w,2,NYL,0,C,0,4,0,9,4,4,0,0,1,2,3,1.0,1.0,0.0,0.0,0.25,2.25,0.5,1,2,0.5,2,2,1.0,0,0,0.0,0.5422222222222222,0.6944444444444444,0.0,1.5,0,0,0,0,0,0.0,0.0,0.0,,,,,,,,,,,0,21,11,0.65625,Y,2,EA,2162,2082,80,75.0,187
raglafe01w,3,SEA,0,G,0,31,3,432,141,48,23,27,1,29,44,4.548387096774194,1.5483870967741935,0.7419354838709677,0.8709677419354839,0.03225806451612903,13.935483870967742,0.9354838709677419,48,125,0.384,23,28,0.8214285714285714,22,55,0.4,0.385,0.5133993591610836,0.7931034482758621,4.161290322580645,1,2,7,6,1,3.5,3.0,0.5,,,,,,,,,,,0,17,15,0.53125,Y,4,WE,2188,2103,85,67.0,133
raglafe01w,4,PHO,0,G,0,3,0,39,5,2,2,2,0,3,4,1.6666666666666667,0.6666666666666666,0.6666666666666666,0.6666666666666666,0.0,13.0,1.0,1,12,0.08333333333333333,2,2,1.0,1,5,0.2,0.4071794871794872,0.19409937888198756,0.6666666666666666,-1.0,0,0,0,0,0,0.0,0.0,0.0,4.548387096774194,1.5483870967741935,0.7419354838709677,4.161290322580645,0.384,0.5133993591610836,-2.881720430107527,-0.8817204301075269,-0.07526881720430112,-5.161290322580645,1,8,26,0.23529411764705882,N,7,WE,2097,2270,-173,67.0,133
raglafe01w,5,HOU,0,G,0,34,10,517,118,67,38,25,3,32,48,3.4705882352941178,1.9705882352941178,1.1176470588235294,0.7352941176470589,0.08823529411764706,15.205882352941176,0.9411764705882353,44,120,0.36666666666666664,11,13,0.8461538461538461,19,49,0.3877551020408163,0.3050676982591876,0.4692968501431753,1.1875,4.147058823529412,0,0,0,0,0,0.0,0.0,0.0,1.6666666666666667,0.6666666666666666,0.6666666666666666,-1.0,0.08333333333333333,0.19409937888198756,1.803921568627451,1.3039215686274512,0.4509803921568628,5.147058823529412,2,13,21,0.38235294117647056,N,6,WE,2177,2211,-34,67.0,133
raglafe01w,6,HOU,0,G,0,4,0,9,0,0,1,0,0,0,3,0.0,0.0,0.25,0.0,0.0,2.25,0.0,0,1,0.0,0,0,0.0,0,0,0.0,0.1111111111111111,0.0,1.0,0.0,0,0,0,0,0,0.0,0.0,0.0,3.4705882352941178,1.9705882352941178,1.1176470588235294,4.147058823529412,0.36666666666666664,0.4692968501431753,-3.4705882352941178,-1.9705882352941178,-0.8676470588235294,-4.147058823529412,3,19,15,0.5588235294117647,Y,3,WE,2309,2263,46,67.0,133
randase01w,2,SEA,0,G,0,32,30,884,300,105,44,29,4,73,45,9.375,3.28125,1.375,0.90625,0.125,27.625,2.28125,117,315,0.37142857142857144,66,100,0.66,0,4,0.0,0.48868778280542985,0.4178272980501393,0.6027397260273972,5.53125,0,0,0,0,0,0.0,0.0,0.0,,,,,,,,,,,0,10,22,0.3125,N,8,WE,1921,2048,-127,69.0,164
randase01w,3,SEA,1,G,0,21,16,458,134,68,29,20,1,36,33,6.380952380952381,3.238095238095238,1.380952380952381,0.9523809523809523,0.047619047619047616,21.80952380952381,1.7142857142857142,47,133,0.3533834586466165,36,51,0.7058823529411765,4,19,0.21052631578947367,0.41799126637554584,0.4310344827586207,0.8055555555555556,5.476190476190476,0,0,0,0,0,0.0,0.0,0.0,9.375,3.28125,1.375,5.53125,0.37142857142857144,0.4178272980501393,-2.9940476190476186,-0.04315476190476186,0.005952380952380931,-0.055059523809523725,1,17,15,0.53125,Y,4,WE,2188,2103,85,69.0,164
randase01w,3,UTA,2,G,0,8,0,135,58,21,8,4,1,10,16,7.25,2.625,1.0,0.5,0.125,16.875,1.25,18,40,0.45,22,29,0.7586206896551724,0,2,0.0,0.46488888888888885,0.5496588324488249,0.8,6.625,1,5,20,12,5,4.0,2.4,1.0,6.380952380952381,3.238095238095238,1.380952380952381,5.476190476190476,0.3533834586466165,0.4310344827586207,0.8690476190476186,-0.6130952380952381,-0.38095238095238093,1.1488095238095237,2,20,12,0.625,Y,3,WE,2418,2344,74,69.0,164
randase01w,4,SAS,0,G,0,33,1,339,88,53,23,11,0,44,41,2.6666666666666665,1.606060606060606,0.696969696969697,0.3333333333333333,0.0,10.272727272727273,1.3333333333333333,32,90,0.35555555555555557,24,45,0.5333333333333333,0,1,0.0,0.4536873156342183,0.40072859744990896,0.5227272727272727,1.5757575757575757,0,0,0,0,0,0.0,0.0,0.0,7.25,2.625,1.0,6.625,0.45,0.5496588324488249,-4.583333333333334,-1.018939393939394,-0.303030303030303,-5.049242424242424,3,12,22,0.35294117647058826,N,6,WE,2215,2427,-212,69.0,164
randase01w,5,SAS,0,G,0,29,8,462,136,60,20,22,4,28,41,4.689655172413793,2.0689655172413794,0.6896551724137931,0.7586206896551724,0.13793103448275862,15.931034482758621,0.9655172413793104,53,143,0.3706293706293706,30,48,0.625,0,5,0.0,0.41584415584415585,0.4143309773336583,0.7142857142857143,3.6551724137931036,0,0,0,0,0,0.0,0.0,0.0,2.6666666666666665,1.606060606060606,0.696969696969697,1.5757575757575757,0.35555555555555557,0.40072859744990896,2.022988505747126,0.4629049111807735,-0.007314524555903867,2.079414838035528,4,9,25,0.2647058823529412,N,7,WE,2191,2364,-173,69.0,164
rasmukr01w,1,MIA,2,F,0,25,7,454,126,96,27,24,14,29,47,5.04,3.84,1.08,0.96,0.56,18.16,1.16,35,100,0.35,54,64,0.84375,2,7,0.2857142857142857,0.34616740088105724,0.4915730337078652,0.9310344827586207,7.32,0,0,0,0,0,0.0,0.0,0.0,,,,,,,,,,,0,13,19,0.40625,N,6,EA,1831,2001,-170,76.0,174
rasmukr01w,1,UTA,1,F,0,1,0,9,0,2,1,1,0,1,2,0.0,2.0,1.0,1.0,0.0,9.0,1.0,0,0,0.0,0,0,0.0,0,0,0.0,0.1111111111111111,0.0,1.0,3.0,0,0,0,0,0,0.0,0.0,0.0,5.04,3.84,1.08,7.32,0.35,0.4915730337078652,-5.04,-1.8399999999999999,-0.08000000000000007,-4.32,1,18,14,0.5625,N,5,WE,2413,2407,6,76.0,174
rasmukr01w,2,MIA,0,F,0,28,3,416,75,88,16,11,14,31,48,2.6785714285714284,3.142857142857143,0.5714285714285714,0.39285714285714285,0.5,14.857142857142858,1.1071428571428572,31,86,0.36046511627906974,12,16,0.75,1,4,0.25,0.29817307692307693,0.4030524505588994,0.5161290322580645,4.071428571428571,1,3,1,6,0,0.3333333333333333,2.0,0.0,0.0,2.0,1.0,3.0,0.0,0.0,2.6785714285714284,1.1428571428571428,-0.4285714285714286,1.0714285714285712,2,20,12,0.625,Y,3,EA,1957,1898,59,76.0,174
rasmukr01w,3,MIA,0,F,0,31,5,674,170,117,41,18,16,37,63,5.483870967741935,3.774193548387097,1.3225806451612903,0.5806451612903226,0.5161290322580645,21.741935483870968,1.1935483870967742,64,116,0.5517241379310345,39,46,0.8478260869565217,3,7,0.42857142857142855,0.2570326409495549,0.6238990017615972,1.1081081081081081,8.580645161290322,0,0,0,0,0,0.0,0.0,0.0,2.6785714285714284,3.142857142857143,0.5714285714285714,4.071428571428571,0.36046511627906974,0.4030524505588994,2.8052995391705067,0.6313364055299542,0.7511520737327189,4.509216589861751,3,15,17,0.46875,N,6,EA,2046,2088,-42,76.0,174
rasmukr01w,4,IND,0,F,0,33,25,814,226,115,64,24,15,48,65,6.848484848484849,3.484848484848485,1.9393939393939394,0.7272727272727273,0.45454545454545453,24.666666666666668,1.4545454545454546,94,200,0.47,31,39,0.7948717948717948,7,15,0.4666666666666667,0.3257493857493857,0.5203536562902928,1.3333333333333333,8.545454545454545,0,0,0,0,0,0.0,0.0,0.0,5.483870967741935,3.774193548387097,1.3225806451612903,8.580645161290322,0.5517241379310345,0.6238990017615972,1.3646138807429136,-0.2893450635386121,0.6168132942326492,-0.035190615835777095,4,16,18,0.47058823529411764,N,5,EA,2337,2321,16,76.0,174
rasmukr01w,5,IND,0,F,0,33,4,692,152,113,47,21,14,35,51,4.606060606060606,3.4242424242424243,1.4242424242424243,0.6363636363636364,0.42424242424242425,20.96969696969697,1.0606060606060606,56,135,0.4148148148148148,30,38,0.7894736842105263,10,27,0.37037037037037035,0.2698265895953757,0.5009227524387029,1.3428571428571427,6.818181818181818,0,0,0,0,0,0.0,0.0,0.0,6.848484848484849,3.484848484848485,1.9393939393939394,8.545454545454545,0.47,0.5203536562902928,-2.242424242424242,-0.06060606060606055,-0.5151515151515151,-1.7272727272727266,5,15,19,0.4411764705882353,N,6,EA,2198,2245,-47,76.0,174
rasmukr01w,6,CHA,2,F,0,3,0,29,6,5,2,1,0,1,8,2.0,1.6666666666666667,0.6666666666666666,0.3333333333333333,0.0,9.666666666666666,0.3333333333333333,2,4,0.5,0,0,0.0,2,3,0.6666666666666666,0.1724137931034483,0.75,2.0,3.6666666666666665,0,0,0,0,0,0.0,0.0,0.0,4.606060606060606,3.4242424242424243,1.4242424242424243,6.818181818181818,0.4148148148148148,0.5009227524387029,-2.6060606060606064,-1.7575757575757576,-0.7575757575757577,-3.151515151515152,6,6,28,0.17647058823529413,N,6,EA,2095,2335,-240,76.0,174
rasmukr01w,6,HOU,1,F,0,24,19,522,121,76,22,13,16,19,56,5.041666666666667,3.1666666666666665,0.9166666666666666,0.5416666666666666,0.6666666666666666,21.75,0.7916666666666666,47,98,0.47959183673469385,22,30,0.7333333333333333,5,15,0.3333333333333333,0.24942528735632183,0.5440647482014388,1.1578947368421053,7.083333333333333,0,0,0,0,0,0.0,0.0,0.0,2.0,1.6666666666666667,0.6666666666666666,3.6666666666666665,0.5,0.75,3.041666666666667,1.4999999999999998,0.25,3.4166666666666665,7,19,15,0.5588235294117647,Y,3,WE,2309,2263,46,76.0,174
rasmukr01w,7,PHO,0,F,0,34,32,908,146,208,72,28,27,33,98,4.294117647058823,6.117647058823529,2.1176470588235294,0.8235294117647058,0.7941176470588235,26.705882352941178,0.9705882352941176,64,125,0.512,12,20,0.6,6,14,0.42857142857142855,0.18370044052863438,0.5455904334828101,2.1818181818181817,11.147058823529411,0,0,0,0,0,0.0,0.0,0.0,5.041666666666667,3.1666666666666665,0.9166666666666666,7.083333333333333,0.47959183673469385,0.5440647482014388,-0.7475490196078436,2.9509803921568625,1.200980392156863,4.063725490196078,8,18,16,0.5294117647058824,N,5,WE,2960,2879,81,76.0,174
rasmukr01w,8,CON,0,F,0,33,3,522,114,91,29,11,5,35,54,3.4545454545454546,2.757575757575758,0.8787878787878788,0.3333333333333333,0.15151515151515152,15.818181818181818,1.0606060606060606,41,99,0.41414141414141414,17,21,0.8095238095238095,15,27,0.5555555555555556,0.27440613026819927,0.5266075388026608,0.8285714285714286,4.636363636363637,1,2,12,4,2,6.0,2.0,1.0,4.294117647058823,6.117647058823529,2.1176470588235294,11.147058823529411,0.512,0.5455904334828101,-0.8395721925133688,-3.360071301247771,-1.2388591800356505,-6.5106951871657746,9,18,16,0.5294117647058824,Y,3,EA,2675,2593,82,76.0,174
rasmukr01w,9,MIN,0,F,0,31,0,393,79,85,27,12,6,19,48,2.5483870967741935,2.7419354838709675,0.8709677419354839,0.3870967741935484,0.1935483870967742,12.67741935483871,0.6129032258064516,27,72,0.375,17,23,0.7391304347826086,8,23,0.34782608695652173,0.25730279898218833,0.4810034096444228,1.4210526315789473,4.483870967741935,0,0,0,0,0,0.0,0.0,0.0,3.4545454545454546,2.757575757575758,0.8787878787878788,4.636363636363637,0.41414141414141414,0.5266075388026608,-0.9061583577712611,-0.015640273704790264,-0.00782013685239491,-0.15249266862170163,10,16,18,0.47058823529411764,N,7,WE,2767,2721,46,76.0,174
raymost01w,8,CHI,0,G,0,20,0,180,61,14,27,4,0,18,11,3.05,0.7,1.35,0.2,0.0,9.0,0.9,20,61,0.32786885245901637,7,13,0.5384615384615384,14,44,0.3181818181818182,0.4706666666666667,0.45713429256594723,1.5,2.05,0,0,0,0,0,0.0,0.0,0.0,,,,,,,,,,,0,14,20,0.4117647058823529,N,6,EA,2525,2611,-86,65.0,139
reddja01w,1,SEA,0,F,0,26,8,387,140,45,16,19,1,35,53,5.384615384615385,1.7307692307692308,0.6153846153846154,0.7307692307692307,0.038461538461538464,14.884615384615385,1.3461538461538463,49,125,0.392,24,34,0.7058823529411765,18,52,0.34615384615384615,0.45209302325581396,0.5001428979708488,0.45714285714285713,3.8461538461538463,0,0,0,0,0,0.0,0.0,0.0,,,,,,,,,,,0,6,26,0.1875,N,8,WE,1822,2171,-349,73.0,164
reddja01w,2,SEA,0,F,0,32,6,659,231,82,48,17,3,48,101,7.21875,2.5625,1.5,0.53125,0.09375,20.59375,1.5,82,216,0.37962962962962965,45,66,0.6818181818181818,22,77,0.2857142857142857,0.4446737481031866,0.47135161606268366,1.0,5.5625,0,0,0,0,0,0.0,0.0,0.0,5.384615384615385,1.7307692307692308,0.6153846153846154,3.8461538461538463,0.392,0.5001428979708488,1.834134615384615,0.8317307692307692,0.8846153846153846,1.7163461538461537,1,10,22,0.3125,N,8,WE,1921,2048,-127,73.0,164
reddja01w,3,SEA,0,F,0,10,0,112,52,13,7,2,0,7,17,5.2,1.3,0.7,0.2,0.0,11.2,0.7,17,34,0.5,9,12,0.75,9,18,0.5,0.4132142857142857,0.6619144602851323,1.0,4.7,0,0,0,0,0,0.0,0.0,0.0,7.21875,2.5625,1.5,5.5625,0.37962962962962965,0.47135161606268366,-2.01875,-1.2625,-0.8,-0.8624999999999998,2,17,15,0.53125,Y,4,WE,2188,2103,85,73.0,164
reedbr01w,1,PHO,0,F,0,32,30,1090,608,187,86,66,21,90,52,19.0,5.84375,2.6875,2.0625,0.65625,34.0625,2.8125,231,456,0.506578947368421,128,142,0.9014084507042254,18,43,0.4186046511627907,0.5582385321100918,0.5863292701743558,0.9555555555555556,19.96875,1,2,28,7,8,14.0,3.5,4.0,,,,,,,,,,,0,20,12,0.625,Y,4,WE,2243,2102,141,73.0,168
reedbr01w,2,PHO,0,F,0,1,0,13,3,3,0,0,0,0,0,3.0,3.0,0.0,0.0,0.0,13.0,0.0,1,8,0.125,1,1,1.0,0,0,0.0,0.6492307692307692,0.17772511848341233,0.0,-1.0,0,0,0,0,0,0.0,0.0,0.0,19.0,5.84375,2.6875,19.96875,0.506578947368421,0.5863292701743558,-16.0,-2.84375,-2.6875,-20.96875,1,13,19,0.40625,N,5,WE,2064,2169,-105,73.0,168
reedbr01w,3,PHO,0,F,0,5,4,85,38,4,4,2,3,8,8,7.6,0.8,0.8,0.4,0.6,17.0,1.6,15,41,0.36585365853658536,8,11,0.7272727272727273,0,5,0.0,0.6334117647058823,0.4144851657940663,0.5,2.8,0,0,0,0,0,0.0,0.0,0.0,3.0,3.0,0.0,-1.0,0.125,0.17772511848341233,4.6,-2.2,0.8,3.8,2,11,21,0.34375,N,7,WE,2091,2291,-200,73.0,168
reidtr01w,1,CHA,0,F,0,29,17,620,211,100,29,14,9,51,47,7.275862068965517,3.4482758620689653,1.0,0.4827586206896552,0.3103448275862069,21.379310344827587,1.7586206896551724,86,180,0.4777777777777778,39,72,0.5416666666666666,0,2,0.0,0.4236774193548387,0.49839380196523053,0.5686274509803921,6.379310344827586,0,0,0,0,0,0.0,0.0,0.0,,,,,,,,,,,0,8,24,0.25,N,8,EA,2186,2429,-243,71.0,150
reidtr01w,2,MIA,0,F,0,21,2,278,80,37,13,15,5,25,28,3.8095238095238093,1.7619047619047619,0.6190476190476191,0.7142857142857143,0.23809523809523808,13.238095238095237,1.1904761904761905,32,63,0.5079365079365079,16,26,0.6153846153846154,0,0,0.0,0.35769784172661867,0.537345513164965,0.52,4.0,1,3,4,5,1,1.3333333333333333,1.6666666666666667,0.3333333333333333,7.275862068965517,3.4482758620689653,1.0,6.379310344827586,0.4777777777777778,0.49839380196523053,-3.4663382594417076,-1.6863711001642034,-0.38095238095238093,-2.3793103448275863,1,20,12,0.625,Y,3,EA,1957,1898,59,71.0,150
reidtr01w,3,PHO,0,F,0,24,12,421,113,77,14,22,2,36,29,4.708333333333333,3.2083333333333335,0.5833333333333334,0.9166666666666666,0.08333333333333333,17.541666666666668,1.5,48,117,0.41025641025641024,17,28,0.6071428571428571,0,1,0.0,0.39268408551068884,0.4369007114135478,0.3888888888888889,4.666666666666667,0,0,0,0,0,0.0,0.0,0.0,3.8095238095238093,1.7619047619047619,0.6190476190476191,4.0,0.5079365079365079,0.537345513164965,0.8988095238095237,1.4464285714285716,-0.0357142857142857,0.666666666666667,2,11,21,0.34375,N,7,WE,2091,2291,-200,71.0,150
reidtr01w,4,PHO,0,F,0,2,0,12,2,1,1,2,0,1,4,1.0,0.5,0.5,1.0,0.0,6.0,0.5,1,3,0.3333333333333333,0,0,0.0,0,0,0.0,0.3333333333333333,0.3333333333333333,1.0,1.5,0,0,0,0,0,0.0,0.0,0.0,4.708333333333333,3.2083333333333335,0.5833333333333334,4.666666666666667,0.41025641025641024,0.4369007114135478,-3.708333333333333,-2.7083333333333335,-0.08333333333333337,-3.166666666666667,3,8,26,0.23529411764705882,N,7,WE,2097,2270,-173,71.0,150
rileyru01w,2,MIA,0,C,0,32,20,799,218,130,26,25,46,63,107,6.8125,4.0625,0.8125,0.78125,1.4375,24.96875,1.96875,77,162,0.47530864197530864,64,83,0.7710843373493976,0,0,0.0,0.3273091364205256,0.5490630666935321,0.4126984126984127,8.6875,1,3,24,16,3,8.0,5.333333333333333,1.0,,,,,,,,,,,0,20,12,0.625,Y,3,EA,1957,1898,59,77.0,198
rileyru01w,3,MIA,0,C,0,26,8,519,148,90,25,11,41,49,87,5.6923076923076925,3.4615384615384617,0.9615384615384616,0.4230769230769231,1.5769230769230769,19.96153846153846,1.8846153846153846,60,129,0.46511627906976744,28,46,0.6086956521739131,0,0,0.0,0.3819653179190752,0.4958456177968373,0.5102040816326531,6.884615384615385,0,0,0,0,0,0.0,0.0,0.0,6.8125,4.0625,0.8125,8.6875,0.47530864197530864,0.5490630666935321,-1.1201923076923075,-0.6009615384615383,0.14903846153846156,-1.802884615384615,1,15,17,0.46875,N,6,EA,2046,2088,-42,77.0,198
rileyru01w,4,DET,0,C,0,34,34,995,327,201,64,25,58,82,128,9.617647058823529,5.911764705882353,1.8823529411764706,0.7352941176470589,1.7058823529411764,29.264705882352942,2.411764705882353,115,231,0.49783549783549785,97,127,0.7637795275590551,0,0,0.0,0.3707336683417085,0.5699247071946458,0.7804878048780488,13.147058823529411,1,8,103,49,20,12.875,6.125,2.5,5.6923076923076925,3.4615384615384617,0.9615384615384616,6.884615384615385,0.46511627906976744,0.4958456177968373,3.9253393665158365,2.4502262443438916,0.920814479638009,6.262443438914026,2,25,9,0.7352941176470589,Y,1,EA,2553,2395,158,77.0,198
rileyru01w,5,DET,0,C,0,34,34,1037,378,199,50,31,53,82,121,11.117647058823529,5.852941176470588,1.4705882352941178,0.9117647058823529,1.5588235294117647,30.5,2.411764705882353,153,343,0.446064139941691,71,87,0.8160919540229885,1,2,0.5,0.4467502410800385,0.4956986991187579,0.6097560975609756,12.441176470588236,1,3,29,15,9,9.666666666666666,5.0,3.0,9.617647058823529,5.911764705882353,1.8823529411764706,13.147058823529411,0.49783549783549785,0.5699247071946458,1.5,-0.058823529411765385,-0.4117647058823528,-0.7058823529411757,3,17,17,0.5,Y,3,EA,2366,2381,-15,77.0,198
rileyru01w,6,DET,0,C,0,33,33,855,251,156,39,23,46,68,131,7.606060606060606,4.7272727272727275,1.1818181818181819,0.696969696969697,1.393939393939394,25.90909090909091,2.0606060606060606,100,267,0.37453183520599254,48,60,0.8,3,12,0.25,0.4226900584795321,0.4277436946148603,0.5735294117647058,8.121212121212121,1,2,17,11,0,8.5,5.5,0.0,11.117647058823529,5.852941176470588,1.4705882352941178,12.441176470588236,0.446064139941691,0.4956986991187579,-3.5115864527629226,-1.1256684491978604,-0.2887700534759359,-4.319964349376114,4,16,18,0.47058823529411764,Y,4,EA,2247,2287,-40,77.0,198
rileyru01w,7,DET,0,C,0,34,34,875,249,165,52,18,49,54,110,7.323529411764706,4.852941176470588,1.5294117647058822,0.5294117647058824,1.4411764705882353,25.735294117647058,1.588235294117647,115,252,0.45634920634920634,16,18,0.8888888888888888,3,9,0.3333333333333333,0.3587657142857143,0.47899353647276083,0.9629629629629629,10.0,1,10,44,32,5,4.4,3.2,0.5,7.606060606060606,4.7272727272727275,1.1818181818181819,8.121212121212121,0.37453183520599254,0.4277436946148603,-0.2825311942959008,0.12566844919786035,0.34759358288770037,1.878787878787879,5,23,11,0.6764705882352942,Y,2,EA,2527,2384,143,77.0,198
rileyru01w,8,SAS,0,C,0,30,29,773,176,148,37,27,59,69,114,5.866666666666666,4.933333333333334,1.2333333333333334,0.9,1.9666666666666666,25.766666666666666,2.3,72,194,0.3711340206185567,27,29,0.9310344827586207,5,27,0.18518518518518517,0.35673997412677877,0.42561423873089577,0.5362318840579711,8.466666666666667,1,5,30,25,11,6.0,5.0,2.2,7.323529411764706,4.852941176470588,1.5294117647058822,10.0,0.45634920634920634,0.47899353647276083,-1.4568627450980394,0.0803921568627457,-0.29607843137254886,-1.5333333333333332,6,20,14,0.5882352941176471,Y,2,WE,2517,2484,33,77.0,198
rileyru01w,9,SAS,0,C,0,30,3,580,153,108,31,14,41,52,101,5.1,3.6,1.0333333333333334,0.4666666666666667,1.3666666666666667,19.333333333333332,1.7333333333333334,63,145,0.43448275862068964,18,21,0.8571428571428571,9,28,0.32142857142857145,0.35558620689655174,0.4959802904564315,0.5961538461538461,7.0,1,9,18,19,10,2.0,2.111111111111111,1.1111111111111112,5.866666666666666,4.933333333333334,1.2333333333333334,8.466666666666667,0.3711340206185567,0.42561423873089577,-0.7666666666666666,-1.3333333333333335,-0.19999999999999996,-1.4666666666666668,7,24,10,0.7058823529411765,Y,1,WE,2546,2418,128,77.0,198
rileyru01w,10,SAS,0,C,0,31,17,650,163,140,28,14,45,35,90,5.258064516129032,4.516129032258065,0.9032258064516129,0.45161290322580644,1.4516129032258065,20.967741935483872,1.1290322580645162,68,147,0.46258503401360546,23,26,0.8846153846153846,4,18,0.2222222222222222,0.2976,0.5143903054784146,0.8,8.806451612903226,1,3,12,7,1,4.0,2.3333333333333335,0.3333333333333333,5.1,3.6,1.0333333333333334,7.0,0.43448275862068964,0.4959802904564315,0.15806451612903238,0.9161290322580649,-0.13010752688172056,1.806451612903226,8,15,19,0.4411764705882353,Y,4,WE,2615,2661,-46,77.0,198
rizzoje01w,1,HOU,0,G,0,32,2,437,60,36,44,15,2,26,38,1.875,1.125,1.375,0.46875,0.0625,13.65625,0.8125,21,55,0.38181818181818183,6,9,0.6666666666666666,12,39,0.3076923076923077,0.19441647597254005,0.508819538670285,1.6923076923076923,2.9375,1,1,0,0,0,0.0,0.0,0.0,,,,,,,,,,,0,27,5,0.84375,Y,2,WE,2475,2066,409,66.0,146
rizzoje01w,2,CLE,0,G,0,32,0,476,119,30,51,25,2,41,30,3.71875,0.9375,1.59375,0.78125,0.0625,14.875,1.28125,42,110,0.38181818181818183,7,11,0.6363636363636364,28,73,0.3835616438356164,0.3273949579831933,0.5181121560431905,1.2439024390243902,3.5625,1,3,6,3,7,2.0,1.0,2.3333333333333335,1.875,1.125,1.375,2.9375,0.38181818181818183,0.508819538670285,1.84375,-0.1875,0.21875,0.625,1,22,10,0.6875,Y,1,EA,2004,1788,216,66.0,146
rizzoje01w,3,CLE,0,G,0,26,25,695,178,70,85,23,3,45,53,6.846153846153846,2.6923076923076925,3.269230769230769,0.8846153846153846,0.11538461538461539,26.73076923076923,1.7307692307692308,54,135,0.4,32,40,0.8,38,99,0.3838383838383838,0.28431654676258994,0.5832241153342071,1.8888888888888888,8.653846153846153,0,0,0,0,0,0.0,0.0,0.0,3.71875,0.9375,1.59375,3.5625,0.38181818181818183,0.5181121560431905,3.127403846153846,1.7548076923076925,1.6754807692307692,5.091346153846153,2,10,22,0.3125,N,7,EA,2071,2140,-69,66.0,146
rizzoje01w,4,CLE,0,G,0,33,0,525,59,42,65,14,0,35,22,1.7878787878787878,1.2727272727272727,1.9696969696969697,0.42424242424242425,0.0,15.909090909090908,1.0606060606060606,20,72,0.2777777777777778,9,16,0.5625,10,51,0.19607843137254902,0.21721904761904762,0.3732287449392712,1.8571428571428572,2.606060606060606,1,3,12,2,8,4.0,0.6666666666666666,2.6666666666666665,6.846153846153846,2.6923076923076925,3.269230769230769,8.653846153846153,0.4,0.5832241153342071,-5.058275058275058,-1.4195804195804198,-1.2995337995337994,-6.047785547785548,3,17,17,0.5,Y,4,EA,2229,2210,19,66.0,146
robinas01w,5,PHO,0,C,0,19,0,130,17,13,2,8,10,4,22,0.8947368421052632,0.6842105263157895,0.10526315789473684,0.42105263157894735,0.5263157894736842,6.842105263157895,0.21052631578947367,7,14,0.5,3,7,0.42857142857142855,0,1,0.0,0.16215384615384615,0.4976580796252928,0.5,1.8421052631578947,0,0,0,0,0,0.0,0.0,0.0,,,,,,,,,,,0,17,17,0.5,N,5,WE,2300,2235,65,76.0,180
robinas01w,6,PHO,0,C,0,34,15,659,103,118,31,20,34,38,108,3.0294117647058822,3.4705882352941178,0.9117647058823529,0.5882352941176471,1.0,19.38235294117647,1.1176470588235294,42,129,0.32558139534883723,19,38,0.5,0,1,0.0,0.27878603945371777,0.3534175130387044,0.8157894736842105,4.764705882352941,0,0,0,0,0,0.0,0.0,0.0,0.8947368421052632,0.6842105263157895,0.10526315789473684,1.8421052631578947,0.5,0.4976580796252928,2.134674922600619,2.7863777089783284,0.8065015479876161,2.9226006191950464,1,16,18,0.47058823529411764,N,5,WE,2361,2354,7,76.0,180
robinas01w,7,CHI,1,C,0,12,5,124,21,34,6,2,8,10,19,1.75,2.8333333333333335,0.5,0.16666666666666666,0.6666666666666666,10.333333333333334,0.8333333333333334,9,29,0.3103448275862069,2,6,0.3333333333333333,1,1,1.0,0.33580645161290323,0.33185840707964603,0.6,3.0833333333333335,0,0,0,0,0,0.0,0.0,0.0,3.0294117647058822,3.4705882352941178,0.9117647058823529,4.764705882352941,0.32558139534883723,0.3534175130387044,-1.2794117647058822,-0.6372549019607843,-0.4117647058823529,-1.6813725490196076,2,5,29,0.14705882352941177,N,7,EA,2322,2687,-365,76.0,180
robinas01w,7,SEA,2,C,0,17,0,197,21,44,7,6,8,12,34,1.2352941176470589,2.588235294117647,0.4117647058823529,0.35294117647058826,0.47058823529411764,11.588235294117647,0.7058823529411765,9,25,0.36,3,10,0.3,0,1,0.0,0.21015228426395938,0.35714285714285715,0.5833333333333334,3.0,1,2,0,0,0,0.0,0.0,0.0,1.75,2.8333333333333335,0.5,3.0833333333333335,0.3103448275862069,0.33185840707964603,-0.5147058823529411,-0.2450980392156863,-0.08823529411764708,-0.08333333333333348,3,18,16,0.5294117647058824,Y,4,WE,2644,2575,69,76.0,180
robinas01w,8,SEA,0,C,0,33,5,409,48,100,14,16,25,26,57,1.4545454545454546,3.0303030303030303,0.42424242424242425,0.48484848484848486,0.7575757575757576,12.393939393939394,0.7878787878787878,22,63,0.3492063492063492,4,15,0.26666666666666666,0,1,0.0,0.2337408312958435,0.3448275862068966,0.5384615384615384,3.787878787878788,1,2,8,16,6,4.0,8.0,3.0,1.2352941176470589,2.588235294117647,0.4117647058823529,3.0,0.36,0.35714285714285715,0.2192513368983957,0.4420677361853831,0.012477718360071333,0.7878787878787881,4,17,17,0.5,Y,4,WE,2734,2647,87,76.0,180
robinas01w,9,SEA,0,C,0,33,1,329,29,72,12,12,20,28,62,0.8787878787878788,2.1818181818181817,0.36363636363636365,0.36363636363636365,0.6060606060606061,9.969696969696969,0.8484848484848485,13,43,0.3023255813953488,3,10,0.3,0,0,0.0,0.2291793313069909,0.3059071729957806,0.42857142857142855,2.4242424242424243,1,3,7,12,2,2.3333333333333335,4.0,0.6666666666666666,1.4545454545454546,3.0303030303030303,0.42424242424242425,3.787878787878788,0.3492063492063492,0.3448275862068966,-0.5757575757575758,-0.8484848484848486,-0.06060606060606061,-1.3636363636363638,5,22,12,0.6470588235294118,Y,2,WE,2493,2406,87,76.0,180
robinas01w,10,SEA,0,C,0,26,2,167,12,24,2,2,13,10,31,0.46153846153846156,0.9230769230769231,0.07692307692307693,0.07692307692307693,0.5,6.423076923076923,0.38461538461538464,5,25,0.2,2,4,0.5,0,1,0.0,0.22011976047904194,0.22421524663677128,0.2,0.8076923076923077,1,3,0,1,0,0.0,0.3333333333333333,0.0,0.8787878787878788,2.1818181818181817,0.36363636363636365,2.4242424242424243,0.3023255813953488,0.3059071729957806,-0.4172494172494172,-1.2587412587412585,-0.2867132867132867,-1.6165501165501166,6,20,14,0.5882352941176471,Y,2,WE,2544,2476,68,76.0,180
robincr01w,1,NYL,0,F-G,0,27,14,722,238,68,48,23,10,33,74,8.814814814814815,2.5185185185185186,1.7777777777777777,0.8518518518518519,0.37037037037037035,26.74074074074074,1.2222222222222223,86,201,0.42786069651741293,30,33,0.9090909090909091,36,102,0.35294117647058826,0.34421052631578947,0.5521529324424647,1.4545454545454546,8.74074074074074,1,7,46,20,5,6.571428571428571,2.857142857142857,0.7142857142857143,,,,,,,,,,,0,20,12,0.625,Y,1,EA,2148,2035,113,71.0,155
robincr01w,2,NYL,0,F-G,0,32,32,980,342,92,83,32,8,28,86,10.6875,2.875,2.59375,1.0,0.25,30.625,0.875,123,267,0.4606741573033708,26,29,0.896551724137931,70,168,0.4166666666666667,0.3140408163265306,0.6112382041750072,2.9642857142857144,11.9375,1,6,69,23,8,11.5,3.8333333333333335,1.3333333333333333,8.814814814814815,2.5185185185185186,1.7777777777777777,8.74074074074074,0.42786069651741293,0.5521529324424647,1.8726851851851851,0.3564814814814814,0.8159722222222223,3.1967592592592595,1,21,11,0.65625,Y,2,EA,2162,2082,80,71.0,155
robincr01w,3,NYL,0,F-G,0,32,32,1068,378,92,81,48,12,52,101,11.8125,2.875,2.53125,1.5,0.375,33.375,1.625,126,302,0.41721854304635764,59,72,0.8194444444444444,67,181,0.3701657458563536,0.361123595505618,0.5664109326300647,1.5576923076923077,11.5625,1,8,67,24,14,8.375,3.0,1.75,10.6875,2.875,2.59375,11.9375,0.4606741573033708,0.6112382041750072,1.125,0.0,-0.0625,-0.375,2,18,14,0.5625,Y,1,EA,2089,2015,74,71.0,155
robincr01w,4,NYL,0,F-G,0,33,33,1078,395,70,63,40,13,43,94,11.969696969696969,2.121212121212121,1.9090909090909092,1.2121212121212122,0.3939393939393939,32.666666666666664,1.303030303030303,143,326,0.4386503067484663,47,56,0.8392857142857143,62,168,0.36904761904761907,0.3651576994434137,0.5632557608943646,1.4651162790697674,10.484848484848484,0,0,0,0,0,0.0,0.0,0.0,11.8125,2.875,2.53125,11.5625,0.41721854304635764,0.5664109326300647,0.15719696969696884,-0.7537878787878789,-0.6221590909090908,-1.0776515151515156,3,16,18,0.47058823529411764,N,6,EA,2243,2256,-13,71.0,155
robincr01w,5,NYL,0,F-G,0,28,27,890,339,83,58,24,8,33,77,12.107142857142858,2.9642857142857144,2.0714285714285716,0.8571428571428571,0.2857142857142857,31.785714285714285,1.1785714285714286,122,279,0.43727598566308246,40,43,0.9302325581395349,55,144,0.3819444444444444,0.37182022471910114,0.5689446831364124,1.7575757575757576,11.392857142857142,1,5,75,16,13,15.0,3.2,2.6,11.969696969696969,2.121212121212121,1.9090909090909092,10.484848484848484,0.4386503067484663,0.5632557608943646,0.13744588744588881,0.8430735930735933,0.16233766233766245,0.9080086580086579,4,18,16,0.5294117647058824,Y,2,EA,2252,2297,-45,71.0,155
robincr01w,6,NYL,0,F-G,0,32,31,969,234,100,58,21,5,38,86,7.3125,3.125,1.8125,0.65625,0.15625,30.28125,1.1875,85,224,0.3794642857142857,30,38,0.7894736842105263,34,107,0.3177570093457944,0.28763673890608876,0.4860418743768694,1.5263157894736843,7.28125,1,2,7,8,4,3.5,4.0,2.0,12.107142857142858,2.9642857142857144,2.0714285714285716,11.392857142857142,0.43727598566308246,0.5689446831364124,-4.794642857142858,0.1607142857142856,-0.2589285714285716,-4.111607142857142,5,18,16,0.5294117647058824,Y,3,EA,2316,2285,31,71.0,155
robincr01w,7,WAS,0,F-G,0,27,27,727,199,70,49,33,0,27,83,7.37037037037037,2.5925925925925926,1.8148148148148149,1.2222222222222223,0.0,26.925925925925927,1.0,74,184,0.40217391304347827,25,31,0.8064516129032258,26,92,0.2826086956521739,0.3089958734525447,0.5034405990690144,1.8148148148148149,7.703703703703703,1,2,8,4,9,4.0,2.0,4.5,7.3125,3.125,1.8125,7.28125,0.3794642857142857,0.4860418743768694,0.05787037037037024,-0.5324074074074074,0.0023148148148148806,0.4224537037037033,6,18,16,0.5294117647058824,Y,4,EA,2747,2657,90,71.0,155
robincr01w,8,WAS,0,F-G,0,2,1,34,2,2,2,2,1,1,4,1.0,1.0,1.0,1.0,0.5,17.0,0.5,1,6,0.16666666666666666,0,0,0.0,0,2,0.0,0.20588235294117646,0.16666666666666666,2.0,1.5,0,0,0,0,0,0.0,0.0,0.0,7.37037037037037,2.5925925925925926,1.8148148148148149,7.703703703703703,0.40217391304347827,0.5034405990690144,-6.37037037037037,-1.5925925925925926,-0.8148148148148149,-6.203703703703703,7,16,18,0.47058823529411764,N,5,EA,2585,2639,-54,71.0,155
robinre01w,1,WAS,0,G,0,2,0,5,4,0,0,1,0,1,3,2.0,0.0,0.0,0.5,0.0,2.5,0.5,0,1,0.0,4,4,1.0,0,1,0.0,0.752,0.7246376811594204,0.0,1.5,0,0,0,0,0,0.0,0.0,0.0,,,,,,,,,,,0,14,18,0.4375,Y,4,EA,2176,2221,-45,71.0,166
rolanja01w,1,ORL,0,G-F,0,21,0,173,33,17,8,6,0,19,16,1.5714285714285714,0.8095238095238095,0.38095238095238093,0.2857142857142857,0.0,8.238095238095237,0.9047619047619048,13,37,0.35135135135135137,4,8,0.5,3,10,0.3,0.34404624277456647,0.4072063178677196,0.42105263157894735,0.8095238095238095,1,3,2,4,1,0.6666666666666666,1.3333333333333333,0.3333333333333333,,,,,,,,,,,0,16,16,0.5,Y,3,EA,2208,2233,-25,73.0,167
rossad01w,9,SAS,0,G,0,4,0,7,2,1,0,0,0,0,2,0.5,0.25,0.0,0.0,0.0,1.75,0.0,0,2,0.0,2,2,1.0,0,0,0.0,0.4114285714285714,0.3472222222222222,0.0,0.25,1,2,0,0,1,0.0,0.0,0.5,,,,,,,,,,,0,24,10,0.7058823529411765,Y,1,WE,2546,2418,128,68.0,142
rushle01w,9,CHI,0,F,0,2,0,12,3,0,0,0,0,2,4,1.5,0.0,0.0,0.0,0.0,6.0,1.0,0,2,0.0,3,4,0.75,0,1,0.0,0.48,0.398936170212766,0.0,-1.0,0,0,0,0,0,0.0,0.0,0.0,,,,,,,,,,,0,12,22,0.35294117647058826,N,5,EA,2472,2510,-38,73.0,175
salesny01w,1,ORL,0,G-F,0,32,32,995,430,139,69,47,12,67,92,13.4375,4.34375,2.15625,1.46875,0.375,31.09375,2.09375,170,383,0.44386422976501305,43,62,0.6935483870967742,47,119,0.3949579831932773,0.47967839195979894,0.524032368138832,1.0298507462686568,12.4375,1,3,33,9,4,11.0,3.0,1.3333333333333333,,,,,,,,,,,0,16,16,0.5,Y,3,EA,2208,2233,-25,72.0,184
salesny01w,2,ORL,0,G-F,0,32,31,1039,433,172,58,70,6,72,109,13.53125,5.375,1.8125,2.1875,0.1875,32.46875,2.25,166,379,0.43799472295514513,58,74,0.7837837837837838,43,137,0.31386861313868614,0.46540904716073145,0.5260472349110701,0.8055555555555556,13.6875,0,0,0,0,0,0.0,0.0,0.0,13.4375,4.34375,2.15625,12.4375,0.44386422976501305,0.524032368138832,0.09375,1.03125,-0.34375,1.25,1,13,19,0.40625,N,5,EA,2140,2205,-65,72.0,184
salesny01w,3,ORL,0,G-F,0,32,32,1042,431,120,60,60,7,71,97,13.46875,3.75,1.875,1.875,0.21875,32.5625,2.21875,155,376,0.4122340425531915,84,106,0.7924528301886793,37,115,0.3217391304347826,0.47374280230326293,0.5098902138936211,0.8450704225352113,11.375,0,0,0,0,0,0.0,0.0,0.0,13.53125,5.375,1.8125,13.6875,0.43799472295514513,0.5260472349110701,-0.0625,-1.625,0.0625,-2.3125,2,16,16,0.5,N,5,EA,2254,2255,-1,72.0,184
salesny01w,4,CON,0,G-F,0,34,34,1106,548,145,92,46,13,73,107,16.11764705882353,4.264705882352941,2.7058823529411766,1.3529411764705883,0.38235294117647056,32.529411764705884,2.1470588235294117,194,468,0.41452991452991456,116,144,0.8055555555555556,44,114,0.38596491228070173,0.5464376130198915,0.5156579343571214,1.2602739726027397,13.794117647058824,1,4,47,13,9,11.75,3.25,2.25,13.46875,3.75,1.875,11.375,0.4122340425531915,0.5098902138936211,2.648897058823529,0.5147058823529411,0.8308823529411766,2.4191176470588243,3,18,16,0.5294117647058824,Y,3,EA,2384,2409,-25,72.0,184
salesny01w,5,CON,0,G-F,0,34,34,1096,517,135,97,75,8,76,98,15.205882352941176,3.9705882352941178,2.8529411764705883,2.2058823529411766,0.23529411764705882,32.23529411764706,2.235294117647059,210,486,0.43209876543209874,56,77,0.7272727272727273,41,129,0.3178294573643411,0.5436861313868613,0.49723013003000693,1.2763157894736843,13.5,1,8,118,43,11,14.75,5.375,1.375,16.11764705882353,4.264705882352941,2.7058823529411766,13.794117647058824,0.41452991452991456,0.5156579343571214,-0.9117647058823533,-0.2941176470588234,0.1470588235294117,-0.29411764705882426,4,18,16,0.5294117647058824,Y,1,EA,2335,2304,31,72.0,184
salesny01w,6,CON,0,G-F,0,34,34,1074,532,124,74,61,10,64,96,15.647058823529411,3.6470588235294117,2.176470588235294,1.7941176470588236,0.29411764705882354,31.58823529411765,1.8823529411764706,201,482,0.4170124481327801,81,108,0.75,49,116,0.4224137931034483,0.5526256983240223,0.5023417434657803,1.15625,12.617647058823529,1,8,115,32,19,14.375,4.0,2.375,15.205882352941176,3.9705882352941178,2.8529411764705883,13.5,0.43209876543209874,0.49723013003000693,0.4411764705882355,-0.32352941176470607,-0.6764705882352944,-0.882352941176471,5,26,8,0.7647058823529411,Y,1,EA,2474,2244,230,72.0,184
salesny01w,7,CON,0,G-F,0,22,20,609,286,82,60,26,6,29,43,13.0,3.727272727272727,2.727272727272727,1.1818181818181819,0.2727272727272727,27.681818181818183,1.3181818181818181,109,254,0.42913385826771655,36,50,0.72,32,80,0.4,0.5008210180623974,0.5181159420289855,2.0689655172413794,12.363636363636363,1,5,25,30,17,5.0,6.0,3.4,15.647058823529411,3.6470588235294117,2.176470588235294,12.617647058823529,0.4170124481327801,0.5023417434657803,-2.6470588235294112,0.08021390374331538,0.5508021390374331,-0.2540106951871657,6,26,8,0.7647058823529411,Y,1,EA,2683,2417,266,72.0,184
salesny01w,8,CON,0,G-F,0,26,25,762,341,105,82,36,11,57,59,13.115384615384615,4.038461538461538,3.1538461538461537,1.3846153846153846,0.4230769230769231,29.307692307692307,2.1923076923076925,123,314,0.39171974522292996,72,82,0.8780487804878049,23,71,0.323943661971831,0.5342257217847769,0.48703153564899454,1.4385964912280702,12.192307692307692,1,3,37,15,6,12.333333333333334,5.0,2.0,13.0,3.727272727272727,2.727272727272727,12.363636363636363,0.42913385826771655,0.5181159420289855,0.11538461538461497,0.31118881118881125,0.4265734265734267,-0.1713286713286717,7,18,16,0.5294117647058824,Y,3,EA,2675,2593,82,72.0,184
sampsch01w,1,SEA,0,G,0,21,6,280,76,40,11,18,6,14,37,3.619047619047619,1.9047619047619047,0.5238095238095238,0.8571428571428571,0.2857142857142857,13.333333333333334,0.6666666666666666,21,46,0.45652173913043476,25,28,0.8928571428571429,9,23,0.391304347826087,0.2582857142857143,0.6515775034293553,0.7857142857142857,5.190476190476191,0,0,0,0,0,0.0,0.0,0.0,,,,,,,,,,,0,6,26,0.1875,N,8,WE,1822,2171,-349,71.0,175
samsh01w,1,MIA,0,F-G,0,31,27,904,396,132,66,35,5,74,67,12.774193548387096,4.258064516129032,2.129032258064516,1.1290322580645162,0.16129032258064516,29.161290322580644,2.3870967741935485,147,380,0.3868421052631579,67,100,0.67,35,120,0.2916666666666667,0.5508849557522124,0.4669811320754717,0.8918918918918919,9.483870967741936,0,0,0,0,0,0.0,0.0,0.0,,,,,,,,,,,0,13,19,0.40625,N,6,EA,1831,2001,-170,72.0,160
samsh01w,2,MIA,0,F-G,0,32,32,1100,444,137,88,55,8,87,67,13.875,4.28125,2.75,1.71875,0.25,34.375,2.71875,180,417,0.4316546762589928,57,76,0.75,27,98,0.2755102040816326,0.48858181818181823,0.49285143415327237,1.0114942528735633,12.15625,1,3,31,10,4,10.333333333333334,3.3333333333333335,1.3333333333333333,12.774193548387096,4.258064516129032,2.129032258064516,9.483870967741936,0.3868421052631579,0.4669811320754717,1.100806451612904,0.02318548387096797,0.620967741935484,2.672379032258064,1,20,12,0.625,Y,3,EA,1957,1898,59,72.0,160
samsh01w,3,MIA,0,F-G,0,32,32,1073,463,155,83,69,6,71,83,14.46875,4.84375,2.59375,2.15625,0.1875,33.53125,2.21875,191,440,0.4340909090909091,55,89,0.6179775280898876,26,76,0.34210526315789475,0.512730661696179,0.48313715669087565,1.1690140845070423,13.1875,0,0,0,0,0,0.0,0.0,0.0,13.875,4.28125,2.75,12.15625,0.4316546762589928,0.49285143415327237,0.59375,0.5625,-0.15625,1.03125,2,15,17,0.46875,N,6,EA,2046,2088,-42,72.0,160
samsh01w,4,MIN,0,F-G,0,34,28,953,374,142,88,38,6,48,70,11.0,4.176470588235294,2.588235294117647,1.1176470588235294,0.17647058823529413,28.029411764705884,1.411764705882353,138,360,0.38333333333333336,74,105,0.7047619047619048,24,73,0.3287671232876712,0.47660020986358864,0.46036435253569674,1.8333333333333333,10.205882352941176,1,3,26,16,8,8.666666666666666,5.333333333333333,2.6666666666666665,14.46875,4.84375,2.59375,13.1875,0.4340909090909091,0.48313715669087565,-3.46875,-0.6672794117647056,-0.0055147058823528106,-2.9816176470588243,3,18,16,0.5294117647058824,Y,4,WE,2380,2370,10,72.0,160
samsh01w,5,SEA,0,F-G,0,34,32,1018,310,139,82,53,6,63,108,9.117647058823529,4.088235294117647,2.411764705882353,1.5588235294117647,0.17647058823529413,29.941176470588236,1.8529411764705883,117,284,0.4119718309859155,65,76,0.8552631578947368,11,42,0.2619047619047619,0.373713163064833,0.48828125,1.3015873015873016,10.264705882352942,1,8,59,44,28,7.375,5.5,3.5,11.0,4.176470588235294,2.588235294117647,10.205882352941176,0.38333333333333336,0.46036435253569674,-1.882352941176471,-0.08823529411764763,-0.17647058823529438,0.05882352941176627,4,20,14,0.5882352941176471,Y,2,WE,2437,2264,173,72.0,160
samsh01w,6,CHA,0,F-G,0,34,33,1075,387,145,91,44,2,100,87,11.382352941176471,4.264705882352941,2.676470588235294,1.2941176470588236,0.058823529411764705,31.61764705882353,2.9411764705882355,146,377,0.38726790450928383,77,108,0.7129629629629629,18,56,0.32142857142857145,0.4879255813953488,0.4558089135965326,0.91,9.029411764705882,0,0,0,0,0,0.0,0.0,0.0,9.117647058823529,4.088235294117647,2.411764705882353,10.264705882352942,0.4119718309859155,0.48828125,2.264705882352942,0.17647058823529438,0.2647058823529411,-1.2352941176470598,5,6,28,0.17647058823529413,N,6,EA,2095,2335,-240,72.0,160
samsh01w,7,CHA,0,F-G,0,34,34,990,359,172,90,55,3,73,78,10.558823529411764,5.0588235294117645,2.6470588235294117,1.6176470588235294,0.08823529411764706,29.11764705882353,2.1470588235294117,137,343,0.39941690962099125,64,102,0.6274509803921569,21,78,0.2692307692307692,0.4655353535353535,0.46277199133752706,1.2328767123287672,10.647058823529411,0,0,0,0,0,0.0,0.0,0.0,11.382352941176471,4.264705882352941,2.676470588235294,9.029411764705882,0.38726790450928383,0.4558089135965326,-0.8235294117647065,0.7941176470588234,-0.02941176470588225,1.617647058823529,6,11,23,0.3235294117647059,N,6,EA,2456,2571,-115,72.0,160
samsh01w,8,IND,0,F-G,0,33,4,591,164,97,42,29,6,39,58,4.96969696969697,2.9393939393939394,1.2727272727272727,0.8787878787878788,0.18181818181818182,17.90909090909091,1.1818181818181819,63,186,0.3387096774193548,29,42,0.6904761904761905,9,33,0.2727272727272727,0.41197969543147206,0.4010172143974961,1.0769230769230769,4.9393939393939394,1,6,48,32,13,8.0,5.333333333333333,2.1666666666666665,10.558823529411764,5.0588235294117645,2.6470588235294117,10.647058823529411,0.39941690962099125,0.46277199133752706,-5.589126559714795,-2.119429590017825,-1.374331550802139,-5.707664884135472,7,21,13,0.6176470588235294,Y,2,EA,2480,2370,110,72.0,160
samsh01w,9,DET,0,F-G,0,32,15,478,92,91,38,19,3,31,36,2.875,2.84375,1.1875,0.59375,0.09375,14.9375,0.96875,34,110,0.3090909090909091,18,26,0.6923076923076923,6,21,0.2857142857142857,0.31891213389121337,0.3787878787878788,1.2258064516129032,4.0,1,6,6,3,0,1.0,0.5,0.0,4.96969696969697,2.9393939393939394,1.2727272727272727,4.9393939393939394,0.3387096774193548,0.4010172143974961,-2.0946969696969697,-0.09564393939393945,-0.08522727272727271,-0.9393939393939394,8,22,12,0.6470588235294118,Y,1,EA,2672,2522,150,72.0,160
sanchis01w,5,DET,0,G,0,10,0,62,22,5,3,2,0,11,6,2.2,0.5,0.3,0.2,0.0,6.2,1.1,6,14,0.42857142857142855,8,11,0.7272727272727273,2,5,0.4,0.48129032258064514,0.583864118895966,0.2727272727272727,1.0,0,0,0,0,0,0.0,0.0,0.0,,,,,,,,,,,0,17,17,0.5,Y,3,EA,2366,2381,-15,70.0,152
sandeam01w,8,DET,0,G,0,6,0,9,2,2,0,0,0,2,3,0.3333333333333333,0.3333333333333333,0.0,0.0,0.0,1.5,0.3333333333333333,0,2,0.0,2,4,0.5,0,0,0.0,0.64,0.26595744680851063,0.0,-0.3333333333333333,0,0,0,0,0,0.0,0.0,0.0,,,,,,,,,,,0,24,10,0.7058823529411765,Y,1,EA,2697,2540,157,71.0,156
sanfona01w,4,WAS,0,F-C,0,17,0,134,49,26,1,3,2,14,35,2.8823529411764706,1.5294117647058822,0.058823529411764705,0.17647058823529413,0.11764705882352941,7.882352941176471,0.8235294117647058,20,40,0.5,9,20,0.45,0,0,0.0,0.4686567164179104,0.5020491803278688,0.07142857142857142,2.1176470588235294,0,0,0,0,0,0.0,0.0,0.0,,,,,,,,,,,0,9,25,0.2647058823529412,N,7,EA,2330,2498,-168,76.0,200
sanfona01w,5,WAS,0,F-C,0,31,29,653,169,154,18,18,16,37,99,5.451612903225806,4.967741935483871,0.5806451612903226,0.5806451612903226,0.5161290322580645,21.06451612903226,1.1935483870967742,63,126,0.5,43,75,0.5733333333333334,0,0,0.0,0.3001531393568147,0.5314465408805031,0.4864864864864865,7.838709677419355,1,3,13,19,0,4.333333333333333,6.333333333333333,0.0,2.8823529411764706,1.5294117647058822,0.058823529411764705,2.1176470588235294,0.5,0.5020491803278688,2.5692599620493355,3.4383301707779887,0.5218216318785579,5.721062618595825,1,17,17,0.5,Y,4,EA,2325,2384,-59,76.0,200
sanfona01w,6,WAS,0,F-C,0,27,0,293,88,45,6,10,11,17,50,3.259259259259259,1.6666666666666667,0.2222222222222222,0.37037037037037035,0.4074074074074074,10.851851851851851,0.6296296296296297,29,60,0.48333333333333334,30,62,0.4838709677419355,0,0,0.0,0.3559044368600683,0.5041246562786434,0.35294117647058826,2.962962962962963,0,0,0,0,0,0.0,0.0,0.0,5.451612903225806,4.967741935483871,0.5806451612903226,7.838709677419355,0.5,0.5314465408805031,-2.192353643966547,-3.301075268817204,-0.3584229390681004,-4.875746714456392,2,16,18,0.47058823529411764,N,5,EA,2263,2305,-42,76.0,200
sanfona01w,7,WAS,0,F-C,0,34,19,885,301,203,36,28,21,72,118,8.852941176470589,5.970588235294118,1.0588235294117647,0.8235294117647058,0.6176470588235294,26.029411764705884,2.1176470588235294,112,216,0.5185185185185185,77,125,0.616,0,0,0.0,0.38757062146892657,0.5553505535055351,0.5,10.735294117647058,1,2,13,16,1,6.5,8.0,0.5,3.259259259259259,1.6666666666666667,0.2222222222222222,2.962962962962963,0.48333333333333334,0.5041246562786434,5.593681917211329,4.303921568627451,0.8366013071895425,7.772331154684095,3,18,16,0.5294117647058824,Y,4,EA,2747,2657,90,76.0,200
sanfona01w,8,WAS,0,F-C,0,34,31,994,375,242,23,27,28,88,141,11.029411764705882,7.117647058823529,0.6764705882352942,0.7941176470588235,0.8235294117647058,29.235294117647058,2.588235294117647,123,232,0.5301724137931034,129,194,0.6649484536082474,0,0,0.0,0.4078068410462777,0.5908116964960928,0.26136363636363635,12.735294117647058,0,0,0,0,0,0.0,0.0,0.0,8.852941176470589,5.970588235294118,1.0588235294117647,10.735294117647058,0.5185185185185185,0.5553505535055351,2.1764705882352935,1.1470588235294112,-0.38235294117647056,2.0,4,16,18,0.47058823529411764,N,5,EA,2585,2639,-54,76.0,200
sanfona01w,9,WAS,0,F-C,0,34,28,795,229,193,40,21,11,83,138,6.735294117647059,5.676470588235294,1.1764705882352942,0.6176470588235294,0.3235294117647059,23.38235294117647,2.4411764705882355,90,199,0.45226130653266333,49,123,0.3983739837398374,0,0,0.0,0.4227924528301887,0.45235461441213654,0.4819277108433735,6.705882352941177,0,0,0,0,0,0.0,0.0,0.0,11.029411764705882,7.117647058823529,0.6764705882352942,12.735294117647058,0.5301724137931034,0.5908116964960928,-4.294117647058823,-1.4411764705882346,0.5,-6.029411764705881,5,10,24,0.29411764705882354,N,6,EA,2368,2601,-233,76.0,200
sanfona01w,10,WAS,0,F-C,0,34,13,663,213,147,22,26,14,73,109,6.264705882352941,4.323529411764706,0.6470588235294118,0.7647058823529411,0.4117647058823529,19.5,2.1470588235294117,77,164,0.4695121951219512,59,102,0.5784313725490197,0,0,0.0,0.42515837104072396,0.5098621217924167,0.3013698630136986,6.4411764705882355,1,2,10,5,3,5.0,2.5,1.5,6.735294117647059,5.676470588235294,1.1764705882352942,6.705882352941177,0.45226130653266333,0.45235461441213654,-0.47058823529411775,-1.3529411764705888,-0.5294117647058824,-0.2647058823529411,6,16,18,0.47058823529411764,Y,4,EA,2585,2622,-37,76.0,200
sanniol01w,9,DET,0,C,0,31,9,325,106,64,6,11,7,40,59,3.4193548387096775,2.064516129032258,0.1935483870967742,0.3548387096774194,0.22580645161290322,10.483870967741936,1.2903225806451613,41,82,0.5,24,37,0.6486486486486487,0,1,0.0,0.4254769230769231,0.5392755392755393,0.15,3.225806451612903,1,9,16,16,3,1.7777777777777777,1.7777777777777777,0.3333333333333333,,,,,,,,,,,0,22,12,0.6470588235294118,Y,1,EA,2672,2522,150,74.0,0
sanniol01w,10,DET,0,C,0,31,1,298,119,57,16,11,5,30,56,3.838709677419355,1.8387096774193548,0.5161290322580645,0.3548387096774194,0.16129032258064516,9.612903225806452,0.967741935483871,47,98,0.47959183673469385,25,36,0.6944444444444444,0,0,0.0,0.48268456375838925,0.5226633872101194,0.5333333333333333,3.7419354838709675,1,3,10,3,0,3.3333333333333335,1.0,0.0,3.4193548387096775,2.064516129032258,0.1935483870967742,3.225806451612903,0.5,0.5392755392755393,0.4193548387096775,-0.22580645161290325,0.3225806451612903,0.5161290322580645,1,18,16,0.5294117647058824,Y,3,EA,2652,2644,8,74.0,0
santoal01w,1,IND,0,C,0,3,0,11,3,3,0,0,0,2,3,1.0,1.0,0.0,0.0,0.0,3.6666666666666665,0.6666666666666666,1,1,1.0,1,6,0.16666666666666666,0,0,0.0,0.5127272727272728,0.41208791208791207,0.0,-0.3333333333333333,0,0,0,0,0,0.0,0.0,0.0,,,,,,,,,,,0,9,23,0.28125,N,7,EA,2213,2290,-77,77.0,181
santoal01w,2,SEA,0,C,0,10,1,62,13,16,0,0,0,3,12,1.3,1.6,0.0,0.0,0.0,6.2,0.3,4,14,0.2857142857142857,5,11,0.45454545454545453,0,0,0.0,0.352258064516129,0.34501061571125263,0.0,1.0,0,0,0,0,0,0.0,0.0,0.0,1.0,1.0,0.0,-0.3333333333333333,1.0,0.41208791208791207,0.30000000000000004,0.6000000000000001,0.0,1.3333333333333333,1,10,22,0.3125,N,8,WE,1921,2048,-127,77.0,181
santoke01w,2,DET,0,F,0,14,0,153,52,27,5,3,3,12,23,3.7142857142857144,1.9285714285714286,0.35714285714285715,0.21428571428571427,0.21428571428571427,10.928571428571429,0.8571428571428571,20,42,0.47619047619047616,12,18,0.6666666666666666,0,1,0.0,0.4047058823529412,0.5208333333333334,0.4166666666666667,3.5714285714285716,0,0,0,0,0,0.0,0.0,0.0,,,,,,,,,,,0,10,22,0.3125,N,7,EA,2103,2269,-166,75.0,188
santoke01w,3,DET,0,F,0,12,0,169,44,32,7,3,9,14,20,3.6666666666666665,2.6666666666666665,0.5833333333333334,0.25,0.75,14.083333333333334,1.1666666666666667,16,42,0.38095238095238093,12,20,0.6,0,0,0.0,0.3834319526627219,0.4330708661417323,0.5,3.9166666666666665,0,0,0,0,0,0.0,0.0,0.0,3.7142857142857144,1.9285714285714286,0.35714285714285715,3.5714285714285716,0.47619047619047616,0.5208333333333334,-0.047619047619047894,0.7380952380952379,0.22619047619047622,0.3452380952380949,1,9,23,0.28125,N,8,EA,2114,2266,-152,75.0,188
santoke01w,9,SEA,0,F,0,22,1,134,47,28,5,4,2,10,26,2.1363636363636362,1.2727272727272727,0.22727272727272727,0.18181818181818182,0.09090909090909091,6.090909090909091,0.45454545454545453,16,41,0.3902439024390244,15,23,0.6521739130434783,0,0,0.0,0.4561194029850746,0.4597026604068858,0.5,1.9545454545454546,1,2,2,0,0,1.0,0.0,0.0,3.6666666666666665,2.6666666666666665,0.5833333333333334,3.9166666666666665,0.38095238095238093,0.4330708661417323,-1.5303030303030303,-1.3939393939393938,-0.3560606060606061,-1.962121212121212,2,22,12,0.6470588235294118,Y,2,WE,2493,2406,87,75.0,188
sarenra01w,1,PHO,0,C,0,20,0,142,64,30,8,0,1,17,30,3.2,1.5,0.4,0.0,0.05,7.1,0.85,23,44,0.5227272727272727,17,27,0.6296296296296297,1,1,1.0,0.5132394366197183,0.5726556907659269,0.47058823529411764,2.75,0,0,0,0,0,0.0,0.0,0.0,,,,,,,,,,,0,20,12,0.625,Y,4,WE,2243,2102,141,78.0,222
sauerpa01w,1,LAS,0,C,0,12,0,66,20,16,3,2,1,6,10,1.6666666666666667,1.3333333333333333,0.25,0.16666666666666666,0.08333333333333333,5.5,0.5,8,14,0.5714285714285714,4,5,0.8,0,0,0.0,0.33636363636363636,0.617283950617284,0.5,2.4166666666666665,1,1,0,1,0,0.0,1.0,0.0,,,,,,,,,,,0,28,4,0.875,Y,1,WE,2417,2169,248,76.0,203
sauerpa01w,2,CLE,0,C,0,2,0,4,2,2,0,0,1,1,1,1.0,1.0,0.0,0.0,0.5,2.0,0.5,1,3,0.3333333333333333,0,0,0.0,0,0,0.0,1.0,0.3333333333333333,0.0,1.0,1,1,2,1,0,2.0,1.0,0.0,1.6666666666666667,1.3333333333333333,0.25,2.4166666666666665,0.5714285714285714,0.617283950617284,-0.6666666666666667,-0.33333333333333326,-0.25,-1.4166666666666665,1,22,10,0.6875,Y,1,EA,2004,1788,216,76.0,203
sauerpa01w,3,CLE,0,C,0,1,0,7,0,2,0,1,0,1,0,0.0,2.0,0.0,1.0,0.0,7.0,1.0,0,3,0.0,0,0,0.0,0,0,0.0,0.5714285714285714,0.0,0.0,-1.0,0,0,0,0,0,0.0,0.0,0.0,1.0,1.0,0.0,1.0,0.3333333333333333,0.3333333333333333,-1.0,1.0,0.0,-2.0,2,10,22,0.3125,N,7,EA,2071,2140,-69,76.0,203
saundja01w,2,PHO,0,F,0,28,6,253,68,40,7,10,8,14,28,2.4285714285714284,1.4285714285714286,0.25,0.35714285714285715,0.2857142857142857,9.035714285714286,0.5,25,77,0.3246753246753247,17,25,0.68,1,3,0.3333333333333333,0.4031620553359684,0.38636363636363635,0.5,2.107142857142857,0,0,0,0,0,0.0,0.0,0.0,,,,,,,,,,,0,13,19,0.40625,N,5,WE,2064,2169,-105,71.0,145
saundja01w,3,PHO,0,F,0,27,1,302,99,38,23,9,4,20,23,3.6666666666666665,1.4074074074074074,0.8518518518518519,0.3333333333333333,0.14814814814814814,11.185185185185185,0.7407407407407407,39,103,0.3786407766990291,21,32,0.65625,0,4,0.0,0.45390728476821185,0.42278783737615305,1.15,2.888888888888889,0,0,0,0,0,0.0,0.0,0.0,2.4285714285714284,1.4285714285714286,0.25,2.107142857142857,0.3246753246753247,0.38636363636363635,1.2380952380952381,-0.021164021164021163,0.6018518518518519,0.7817460317460316,1,11,21,0.34375,N,7,WE,2091,2291,-200,71.0,145
saureau01w,2,WAS,0,G,0,25,3,455,76,42,43,24,4,41,39,3.04,1.68,1.72,0.96,0.16,18.2,1.64,33,111,0.2972972972972973,7,24,0.2916666666666667,3,26,0.11538461538461539,0.35727472527472526,0.31260282987824944,1.048780487804878,2.12,0,0,0,0,0,0.0,0.0,0.0,,,,,,,,,,,0,10,22,0.3125,N,8,EA,1928,2075,-147,70.0,163
saureau01w,3,WAS,0,G,0,15,2,165,24,11,18,8,2,15,12,1.6,0.7333333333333333,1.2,0.5333333333333333,0.13333333333333333,11.0,1.0,10,24,0.4166666666666667,3,5,0.6,1,5,0.2,0.24969696969696972,0.4580152671755725,1.2,2.1333333333333333,0,0,0,0,0,0.0,0.0,0.0,3.04,1.68,1.72,2.12,0.2972972972972973,0.31260282987824944,-1.44,-0.9466666666666667,-0.52,0.013333333333333197,1,17,15,0.53125,Y,3,EA,2135,2116,19,70.0,163
schumke01w,2,IND,0,C,0,28,5,380,112,70,10,5,29,21,41,4.0,2.5,0.35714285714285715,0.17857142857142858,1.0357142857142858,13.571428571428571,0.75,46,93,0.4946236559139785,17,20,0.85,3,5,0.6,0.3231578947368421,0.550098231827112,0.47619047619047616,5.535714285714286,0,0,0,0,0,0.0,0.0,0.0,,,,,,,,,,,0,10,22,0.3125,N,6,EA,2153,2249,-96,77.0,183
schumke01w,3,IND,0,C,0,31,1,352,108,59,13,7,23,21,49,3.4838709677419355,1.903225806451613,0.41935483870967744,0.22580645161290322,0.7419354838709677,11.35483870967742,0.6774193548387096,45,89,0.5056179775280899,18,26,0.6923076923076923,0,1,0.0,0.345,0.5376344086021505,0.6190476190476191,4.419354838709677,1,3,32,9,3,10.666666666666666,3.0,1.0,4.0,2.5,0.35714285714285715,5.535714285714286,0.4946236559139785,0.550098231827112,-0.5161290322580645,-0.596774193548387,0.062211981566820285,-1.1163594470046085,1,16,16,0.5,Y,4,EA,2097,2129,-32,77.0,183
schumke01w,4,IND,0,C,0,34,1,480,189,99,20,7,24,32,63,5.5588235294117645,2.911764705882353,0.5882352941176471,0.20588235294117646,0.7058823529411765,14.117647058823529,0.9411764705882353,81,169,0.47928994082840237,23,27,0.8518518518518519,4,9,0.4444444444444444,0.4435,0.5224458204334366,0.625,6.323529411764706,0,0,0,0,0,0.0,0.0,0.0,3.4838709677419355,1.903225806451613,0.41935483870967744,4.419354838709677,0.5056179775280899,0.5376344086021505,2.074952561669829,1.0085388994307398,0.16888045540796964,1.9041745730550286,2,16,18,0.47058823529411764,N,5,EA,2337,2321,16,77.0,183
schumke01w,5,IND,0,C,0,32,7,601,224,104,25,10,31,52,67,7.0,3.25,0.78125,0.3125,0.96875,18.78125,1.625,92,196,0.46938775510204084,35,45,0.7777777777777778,5,13,0.38461538461538464,0.44559068219633946,0.5189990732159406,0.4807692307692308,7.125,0,0,0,0,0,0.0,0.0,0.0,5.5588235294117645,2.911764705882353,0.5882352941176471,6.323529411764706,0.47928994082840237,0.5224458204334366,1.4411764705882355,0.3382352941176472,0.19301470588235292,0.8014705882352944,3,15,19,0.4411764705882353,N,6,EA,2198,2245,-47,77.0,183
schumke01w,6,IND,0,C,0,34,14,516,135,68,14,10,24,33,59,3.9705882352941178,2.0,0.4117647058823529,0.29411764705882354,0.7058823529411765,15.176470588235293,0.9705882352941176,58,138,0.42028985507246375,17,21,0.8095238095238095,2,11,0.18181818181818182,0.34930232558139535,0.45843520782396086,0.42424242424242425,3.9411764705882355,1,4,20,8,2,5.0,2.0,0.5,7.0,3.25,0.78125,7.125,0.46938775510204084,0.5189990732159406,-3.0294117647058822,-1.25,-0.3694852941176471,-3.1838235294117645,4,21,13,0.6176470588235294,Y,2,EA,2170,2133,37,77.0,183
schumke01w,7,NYL,0,C,0,21,21,539,163,116,23,3,25,35,68,7.761904761904762,5.523809523809524,1.0952380952380953,0.14285714285714285,1.1904761904761905,25.666666666666668,1.6666666666666667,58,141,0.41134751773049644,45,63,0.7142857142857143,2,8,0.25,0.37795918367346937,0.4830488383119962,0.6571428571428571,9.238095238095237,0,0,0,0,0,0.0,0.0,0.0,3.9705882352941178,2.0,0.4117647058823529,3.9411764705882355,0.42028985507246375,0.45843520782396086,3.791316526610644,3.5238095238095237,0.6834733893557424,5.296918767507002,5,11,23,0.3235294117647059,N,5,EA,2372,2656,-284,77.0,183
schumke01w,8,PHO,0,C,0,34,0,543,151,147,12,17,25,34,66,4.4411764705882355,4.323529411764706,0.35294117647058826,0.5,0.7352941176470589,15.970588235294118,1.0,57,125,0.456,34,46,0.7391304347826086,3,7,0.42857142857142855,0.33009208103130755,0.519829248141008,0.35294117647058826,7.0,1,9,11,29,3,1.2222222222222223,3.2222222222222223,0.3333333333333333,7.761904761904762,5.523809523809524,1.0952380952380953,9.238095238095237,0.41134751773049644,0.4830488383119962,-3.3207282913165264,-1.200280112044818,-0.742296918767507,-2.2380952380952372,6,23,11,0.6764705882352942,Y,1,WE,3025,2904,121,77.0,183
schumke01w,9,DET,0,C,0,7,0,89,14,20,5,2,3,8,13,2.0,2.857142857142857,0.7142857142857143,0.2857142857142857,0.42857142857142855,12.714285714285714,1.1428571428571428,6,16,0.375,2,2,1.0,0,2,0.0,0.2795505617977528,0.4146919431279621,0.625,3.7142857142857144,1,8,14,24,3,1.75,3.0,0.375,4.4411764705882355,4.323529411764706,0.35294117647058826,7.0,0.456,0.519829248141008,-2.4411764705882355,-1.4663865546218484,0.36134453781512604,-3.2857142857142856,7,22,12,0.6470588235294118,Y,1,EA,2672,2522,150,77.0,183
schumke01w,10,DET,0,C,0,1,0,10,0,0,0,0,1,0,2,0.0,0.0,0.0,0.0,1.0,10.0,0.0,0,0,0.0,0,0,0.0,0,0,0.0,0.0,0.0,0.0,1.0,0,0,0,0,0,0.0,0.0,0.0,2.0,2.857142857142857,0.7142857142857143,3.7142857142857144,0.375,0.4146919431279621,-2.0,-2.857142857142857,-0.7142857142857143,-2.7142857142857144,8,18,16,0.5294117647058824,Y,3,EA,2652,2644,8,77.0,183
schwege01w,2,MIN,0,G-F,0,24,8,423,87,50,34,11,6,17,34,3.625,2.0833333333333335,1.4166666666666667,0.4583333333333333,0.25,17.625,0.7083333333333334,33,103,0.32038834951456313,13,17,0.7647058823529411,8,43,0.18604651162790697,0.301371158392435,0.3937364228819696,2.0,4.041666666666667,0,0,0,0,0,0.0,0.0,0.0,,,,,,,,,,,0,12,20,0.375,N,6,WE,2077,2156,-79,72.0,160
schwege01w,3,MIN,0,G-F,0,30,9,509,124,51,37,15,5,27,47,4.133333333333334,1.7,1.2333333333333334,0.5,0.16666666666666666,16.966666666666665,0.9,42,87,0.4827586206896552,26,30,0.8666666666666667,14,33,0.42424242424242425,0.24990176817288803,0.6187624750499002,1.3703703703703705,5.2,0,0,0,0,0,0.0,0.0,0.0,3.625,2.0833333333333335,1.4166666666666667,4.041666666666667,0.32038834951456313,0.3937364228819696,0.5083333333333337,-0.3833333333333335,-0.18333333333333335,1.1583333333333332,1,10,22,0.3125,N,8,WE,2003,2104,-101,72.0,160
schwege01w,4,MIN,0,G-F,0,16,0,118,15,18,7,3,1,8,6,0.9375,1.125,0.4375,0.1875,0.0625,7.375,0.5,6,17,0.35294117647058826,0,0,0.0,3,9,0.3333333333333333,0.211864406779661,0.4411764705882353,0.875,1.5625,0,0,0,0,0,0.0,0.0,0.0,4.133333333333334,1.7,1.2333333333333334,5.2,0.4827586206896552,0.6187624750499002,-3.1958333333333337,-0.575,-0.7958333333333334,-3.6375,2,18,16,0.5294117647058824,Y,4,WE,2380,2370,10,72.0,160
scottol01w,1,DET,0,C,0,28,0,369,100,80,28,12,10,45,83,3.5714285714285716,2.857142857142857,1.0,0.42857142857142855,0.35714285714285715,13.178571428571429,1.6071428571428572,37,89,0.4157303370786517,26,40,0.65,0,2,0.0,0.410840108401084,0.46904315196998125,0.6222222222222222,4.25,0,0,0,0,0,0.0,0.0,0.0,,,,,,,,,,,0,14,18,0.4375,N,5,EA,2331,2426,-95,74.0,175
scottol01w,2,IND,0,C,0,32,30,775,280,161,40,22,12,72,108,8.75,5.03125,1.25,0.6875,0.375,24.21875,2.25,99,217,0.45622119815668205,82,111,0.7387387387387387,0,2,0.0,0.4359225806451613,0.5266325609389105,0.5555555555555556,9.25,0,0,0,0,0,0.0,0.0,0.0,3.5714285714285716,2.857142857142857,1.0,4.25,0.4157303370786517,0.46904315196998125,5.178571428571429,2.174107142857143,0.25,5.0,1,10,22,0.3125,N,6,EA,2153,2249,-96,74.0,175
scottol01w,3,IND,0,C,0,31,31,975,292,211,52,38,13,69,127,9.419354838709678,6.806451612903226,1.6774193548387097,1.2258064516129032,0.41935483870967744,31.451612903225808,2.225806451612903,113,232,0.4870689655172414,66,82,0.8048780487804879,0,4,0.0,0.3457230769230769,0.5446135481945689,0.7536231884057971,12.96774193548387,1,3,21,24,5,7.0,8.0,1.6666666666666667,8.75,5.03125,1.25,9.25,0.45622119815668205,0.5266325609389105,0.6693548387096779,1.775201612903226,0.42741935483870974,3.71774193548387,2,16,16,0.5,Y,4,EA,2097,2129,-32,74.0,175
scottol01w,5,CHA,0,C,0,34,0,398,73,65,10,9,13,36,78,2.1470588235294117,1.911764705882353,0.29411764705882354,0.2647058823529412,0.38235294117647056,11.705882352941176,1.0588235294117647,27,67,0.40298507462686567,19,32,0.59375,0,1,0.0,0.29417085427135675,0.4501726689689196,0.2777777777777778,2.3823529411764706,0,0,0,0,0,0.0,0.0,0.0,9.419354838709678,6.806451612903226,1.6774193548387097,12.96774193548387,0.4870689655172414,0.5446135481945689,-7.272296015180267,-4.894686907020873,-1.3833017077798861,-10.585388994307399,3,16,18,0.47058823529411764,N,5,EA,2092,2168,-76,74.0,175
scottol01w,6,SAC,0,C,0,18,0,170,38,33,5,4,2,22,27,2.111111111111111,1.8333333333333333,0.2777777777777778,0.2222222222222222,0.1111111111111111,9.444444444444445,1.2222222222222223,14,39,0.358974358974359,10,20,0.5,0,0,0.0,0.41058823529411764,0.397489539748954,0.22727272727272727,1.3888888888888888,1,7,9,7,5,1.2857142857142858,1.0,0.7142857142857143,2.1470588235294117,1.911764705882353,0.29411764705882354,2.3823529411764706,0.40298507462686567,0.4501726689689196,-0.035947712418300526,-0.07843137254901977,-0.01633986928104575,-0.9934640522875817,4,25,9,0.7352941176470589,Y,1,WE,2329,2093,236,74.0,175
scottol01w,7,IND,0,C,0,21,0,159,50,33,7,7,2,15,29,2.380952380952381,1.5714285714285714,0.3333333333333333,0.3333333333333333,0.09523809523809523,7.571428571428571,0.7142857142857143,23,53,0.4339622641509434,4,8,0.5,0,1,0.0,0.449811320754717,0.44232130219391363,0.4666666666666667,2.380952380952381,1,2,10,5,0,5.0,2.5,0.0,2.111111111111111,1.8333333333333333,0.2777777777777778,1.3888888888888888,0.358974358974359,0.397489539748954,0.26984126984126977,-0.26190476190476186,0.055555555555555525,0.9920634920634921,5,21,13,0.6176470588235294,Y,3,EA,2435,2316,119,74.0,175
scottol01w,8,PHO,0,C,0,8,0,32,8,4,2,3,1,3,6,1.0,0.5,0.25,0.375,0.125,4.0,0.375,1,7,0.14285714285714285,6,8,0.75,0,0,0.0,0.4225,0.3802281368821293,0.6666666666666666,0.875,1,1,0,0,0,0.0,0.0,0.0,2.380952380952381,1.5714285714285714,0.3333333333333333,2.380952380952381,0.4339622641509434,0.44232130219391363,-1.380952380952381,-1.0714285714285714,-0.08333333333333331,-1.505952380952381,6,23,11,0.6764705882352942,Y,1,WE,3025,2904,121,74.0,175
scottol01w,9,PHO,0,C,0,6,0,69,16,19,3,1,6,6,23,2.6666666666666665,3.1666666666666665,0.5,0.16666666666666666,1.0,11.5,1.0,8,22,0.36363636363636365,0,0,0.0,0,0,0.0,0.4057971014492754,0.36363636363636365,0.5,4.166666666666667,0,0,0,0,0,0.0,0.0,0.0,1.0,0.5,0.25,0.875,0.14285714285714285,0.3802281368821293,1.6666666666666665,2.6666666666666665,0.25,3.291666666666667,7,16,18,0.47058823529411764,N,6,WE,3010,3009,1,74.0,175
shakiel01w,1,HOU,0,F-C,0,14,0,150,57,31,4,5,2,7,12,4.071428571428571,2.2142857142857144,0.2857142857142857,0.35714285714285715,0.14285714285714285,10.714285714285714,0.5,13,30,0.43333333333333335,29,33,0.8787878787878788,2,12,0.16666666666666666,0.34346666666666664,0.6401617250673856,0.5714285714285714,5.071428571428571,0,0,0,0,0,0.0,0.0,0.0,,,,,,,,,,,0,27,5,0.84375,Y,2,WE,2475,2066,409,75.0,190
shakiel01w,2,HOU,0,F-C,0,26,2,203,38,35,9,6,2,9,11,1.4615384615384615,1.3461538461538463,0.34615384615384615,0.23076923076923078,0.07692307692307693,7.8076923076923075,0.34615384615384615,12,38,0.3157894736842105,14,23,0.6086956521739131,0,7,0.0,0.28137931034482755,0.3948462177888612,1.0,1.7692307692307692,1,1,0,0,0,0.0,0.0,0.0,4.071428571428571,2.2142857142857144,0.2857142857142857,5.071428571428571,0.43333333333333335,0.6401617250673856,-2.6098901098901095,-0.8681318681318682,0.06043956043956045,-3.302197802197802,1,19,13,0.59375,Y,4,WE,2047,1994,53,75.0,190
shakiel01w,3,CHA,0,F-C,0,1,0,5,1,1,0,1,0,0,0,1.0,1.0,0.0,1.0,0.0,5.0,0.0,0,0,0.0,1,2,0.5,0,0,0.0,0.176,0.5681818181818182,0.0,2.0,0,0,0,0,0,0.0,0.0,0.0,1.4615384615384615,1.3461538461538463,0.34615384615384615,1.7692307692307692,0.3157894736842105,0.3948462177888612,-0.46153846153846145,-0.34615384615384626,-0.34615384615384615,0.23076923076923084,2,18,14,0.5625,Y,2,EA,2241,2133,108,75.0,190
sharpkb01w,4,NYL,0,G,0,30,0,398,94,32,37,14,0,26,15,3.1333333333333333,1.0666666666666667,1.2333333333333334,0.4666666666666667,0.0,13.266666666666667,0.8666666666666667,28,71,0.39436619718309857,31,39,0.7948717948717948,7,24,0.2916666666666667,0.2868341708542714,0.5331215970961888,1.4230769230769231,3.3333333333333335,0,0,0,0,0,0.0,0.0,0.0,,,,,,,,,,,0,16,18,0.47058823529411764,N,6,EA,2243,2256,-13,69.0,145
sharpkb01w,5,NYL,0,G,0,30,0,240,29,21,33,6,1,20,7,0.9666666666666667,0.7,1.1,0.2,0.03333333333333333,8.0,0.6666666666666666,9,37,0.24324324324324326,11,12,0.9166666666666666,0,12,0.0,0.2595,0.3429517502365184,1.65,1.3666666666666667,1,5,5,1,5,1.0,0.2,1.0,3.1333333333333333,1.0666666666666667,1.2333333333333334,3.3333333333333335,0.39436619718309857,0.5331215970961888,-2.1666666666666665,-0.3666666666666667,-0.1333333333333333,-1.9666666666666668,1,18,16,0.5294117647058824,Y,2,EA,2252,2297,-45,69.0,145
sharpkb01w,7,IND,0,G,0,23,0,155,22,9,23,7,0,8,3,0.9565217391304348,0.391304347826087,1.0,0.30434782608695654,0.0,6.739130434782608,0.34782608695652173,8,35,0.22857142857142856,3,3,1.0,3,15,0.2,0.28593548387096773,0.30286343612334804,2.875,1.1304347826086956,0,0,0,0,0,0.0,0.0,0.0,0.9666666666666667,0.7,1.1,1.3666666666666667,0.24324324324324326,0.3429517502365184,-0.010144927536231862,-0.308695652173913,-0.10000000000000009,-0.23623188405797113,2,21,13,0.6176470588235294,Y,3,EA,2435,2316,119,69.0,145
sharpkb01w,8,IND,0,G,0,34,0,454,109,32,49,13,0,26,17,3.2058823529411766,0.9411764705882353,1.4411764705882353,0.38235294117647056,0.0,13.352941176470589,0.7647058823529411,40,97,0.41237113402061853,21,29,0.7241379310344828,8,28,0.2857142857142857,0.29903083700440525,0.49653790087463556,1.8846153846153846,3.2941176470588234,1,6,7,5,3,1.1666666666666667,0.8333333333333334,0.5,0.9565217391304348,0.391304347826087,1.0,1.1304347826086956,0.22857142857142856,0.30286343612334804,2.249360613810742,0.5498721227621484,0.4411764705882353,2.163682864450128,3,21,13,0.6176470588235294,Y,2,EA,2480,2370,110,69.0,145
sharpkb01w,9,CHI,0,G,0,34,6,598,106,45,49,14,0,31,27,3.1176470588235294,1.3235294117647058,1.4411764705882353,0.4117647058823529,0.0,17.58823529411765,0.9117647058823529,39,90,0.43333333333333335,19,29,0.6551724137931034,9,28,0.32142857142857145,0.22367892976588627,0.5157648890618918,1.5806451612903225,3.588235294117647,0,0,0,0,0,0.0,0.0,0.0,3.2058823529411766,0.9411764705882353,1.4411764705882353,3.2941176470588234,0.41237113402061853,0.49653790087463556,-0.08823529411764719,0.38235294117647056,0.0,0.2941176470588238,4,12,22,0.35294117647058826,N,5,EA,2472,2510,-38,69.0,145
sharpkb01w,10,CHI,0,G,0,27,0,325,70,20,25,8,2,23,15,2.5925925925925926,0.7407407407407407,0.9259259259259259,0.2962962962962963,0.07407407407407407,12.037037037037036,0.8518518518518519,23,57,0.40350877192982454,18,19,0.9473684210526315,6,17,0.35294117647058826,0.27187692307692307,0.5354957160342717,1.0869565217391304,2.4814814814814814,0,0,0,0,0,0.0,0.0,0.0,3.1176470588235294,1.3235294117647058,1.4411764705882353,3.588235294117647,0.43333333333333335,0.5157648890618918,-0.5250544662309369,-0.5827886710239651,-0.5152505446623094,-1.1067538126361658,5,16,18,0.47058823529411764,N,5,EA,2573,2693,-120,69.0,145
shielas01w,8,HOU,0,G,0,26,0,304,137,33,20,10,1,44,25,5.269230769230769,1.2692307692307692,0.7692307692307693,0.38461538461538464,0.038461538461538464,11.692307692307692,1.6923076923076923,38,138,0.2753623188405797,54,73,0.7397260273972602,7,18,0.3888888888888889,0.7043421052631579,0.40265694803668,0.45454545454545453,1.4615384615384615,0,0,0,0,0,0.0,0.0,0.0,,,,,,,,,,,0,13,21,0.38235294117647056,N,5,WE,2510,2628,-118,70.0,155
shielas01w,9,DET,2,G,0,7,0,44,22,3,2,1,0,6,3,3.142857142857143,0.42857142857142855,0.2857142857142857,0.14285714285714285,0.0,6.285714285714286,0.8571428571428571,8,22,0.36363636363636365,3,4,0.75,3,9,0.3333333333333333,0.6763636363636364,0.4629629629629629,0.3333333333333333,1.0,1,3,2,0,1,0.6666666666666666,0.0,0.3333333333333333,5.269230769230769,1.2692307692307692,0.7692307692307693,1.4615384615384615,0.2753623188405797,0.40265694803668,-2.1263736263736264,-0.8406593406593406,-0.4835164835164836,-0.46153846153846145,1,22,12,0.6470588235294118,Y,1,EA,2672,2522,150,70.0,155
shielas01w,9,HOU,1,G,0,3,0,12,2,0,1,1,0,1,3,0.6666666666666666,0.0,0.3333333333333333,0.3333333333333333,0.0,4.0,0.3333333333333333,0,7,0.0,2,4,0.5,0,2,0.0,0.8133333333333334,0.11415525114155252,1.0,-2.0,0,0,0,0,0,0.0,0.0,0.0,3.142857142857143,0.42857142857142855,0.2857142857142857,1.0,0.36363636363636365,0.4629629629629629,-2.4761904761904763,-0.42857142857142855,0.047619047619047616,-3.0,2,17,17,0.5,N,5,WE,2561,2606,-45,70.0,155
slaisma01w,1,DET,0,G,0,3,0,7,4,1,0,1,0,0,0,1.3333333333333333,0.3333333333333333,0.0,0.3333333333333333,0.0,2.3333333333333335,0.0,0,2,0.0,4,4,1.0,0,1,0.0,0.5371428571428571,0.5319148936170213,0.0,1.3333333333333333,0,0,0,0,0,0.0,0.0,0.0,,,,,,,,,,,0,14,18,0.4375,N,5,EA,2331,2426,-95,68.0,173
slauggw01w,5,MIN,0,F,0,3,0,7,2,1,0,0,1,0,0,0.6666666666666666,0.3333333333333333,0.0,0.0,0.3333333333333333,2.3333333333333335,0.0,0,1,0.0,2,2,1.0,0,0,0.0,0.26857142857142857,0.5319148936170213,0.0,1.0,0,0,0,0,0,0.0,0.0,0.0,,,,,,,,,,,0,18,16,0.5294117647058824,Y,3,WE,2165,2190,-25,75.0,181
slavtge01w,4,PHO,0,G,0,2,0,12,0,0,1,0,0,1,2,0.0,0.0,0.5,0.0,0.0,6.0,0.5,0,2,0.0,0,0,0.0,0,2,0.0,0.25,0.0,1.0,-1.0,0,0,0,0,0,0.0,0.0,0.0,,,,,,,,,,,0,8,26,0.23529411764705882,N,7,WE,2097,2270,-173,73.0,160
smithai01w,4,WAS,0,F,0,31,2,422,104,65,10,11,9,26,44,3.3548387096774195,2.096774193548387,0.3225806451612903,0.3548387096774194,0.2903225806451613,13.612903225806452,0.8387096774193549,41,120,0.3416666666666667,17,34,0.5,5,34,0.14705882352941177,0.3814218009478673,0.3852993479549496,0.38461538461538464,2.4838709677419355,0,0,0,0,0,0.0,0.0,0.0,,,,,,,,,,,0,9,25,0.2647058823529412,N,7,EA,2330,2498,-168,74.0,173
smithai01w,5,WAS,0,F,0,29,3,403,115,69,15,17,12,21,38,3.9655172413793105,2.3793103448275863,0.5172413793103449,0.5862068965517241,0.41379310344827586,13.89655172413793,0.7241379310344828,42,103,0.4077669902912621,22,34,0.6470588235294118,9,16,0.5625,0.34481389578163774,0.4874533740250932,0.7142857142857143,4.620689655172414,1,3,15,8,1,5.0,2.6666666666666665,0.3333333333333333,3.3548387096774195,2.096774193548387,0.3225806451612903,2.4838709677419355,0.3416666666666667,0.3852993479549496,0.610678531701891,0.2825361512791993,0.19466073414905455,2.136818687430478,1,17,17,0.5,Y,4,EA,2325,2384,-59,74.0,173
smithbr01w,9,PHO,0,F-C,0,10,0,134,41,36,9,2,3,9,29,4.1,3.6,0.9,0.2,0.3,13.4,0.9,16,28,0.5714285714285714,9,13,0.6923076923076923,0,0,0.0,0.3188059701492537,0.6079478054567022,1.0,6.6,0,0,0,0,0,0.0,0.0,0.0,,,,,,,,,,,0,16,18,0.47058823529411764,N,6,WE,3010,3009,1,75.0,195
smithbr01w,10,PHO,0,F-C,0,21,0,144,21,35,3,2,3,7,30,1.0,1.6666666666666667,0.14285714285714285,0.09523809523809523,0.14285714285714285,6.857142857142857,0.3333333333333333,7,15,0.4666666666666667,7,8,0.875,0,0,0.0,0.17722222222222223,0.5669546436285098,0.42857142857142855,2.2857142857142856,1,1,4,0,0,4.0,0.0,0.0,4.1,3.6,0.9,6.6,0.5714285714285714,0.6079478054567022,-3.0999999999999996,-1.9333333333333333,-0.7571428571428571,-4.314285714285714,1,23,11,0.6764705882352942,Y,1,WE,3156,3031,125,75.0,195
smithch02w,1,CHA,0,F,0,30,7,659,156,106,55,15,17,48,88,5.2,3.533333333333333,1.8333333333333333,0.5,0.5666666666666667,21.966666666666665,1.6,56,159,0.3522012578616352,20,25,0.8,24,76,0.3157894736842105,0.330804248861912,0.4588235294117647,1.1458333333333333,6.433333333333334,0,0,0,0,0,0.0,0.0,0.0,,,,,,,,,,,0,8,24,0.25,N,8,EA,2186,2429,-243,70.0,145
smithch02w,2,CHA,0,F,0,30,24,678,171,101,50,16,13,41,73,5.7,3.3666666666666667,1.6666666666666667,0.5333333333333333,0.43333333333333335,22.6,1.3666666666666667,57,146,0.3904109589041096,47,64,0.734375,10,32,0.3125,0.31734513274336285,0.4909278824069821,1.2195121951219512,6.8,1,8,47,32,14,5.875,4.0,1.75,5.2,3.533333333333333,1.8333333333333333,6.433333333333334,0.3522012578616352,0.4588235294117647,0.5,-0.16666666666666652,-0.16666666666666652,0.36666666666666625,1,18,14,0.5625,Y,4,EA,2055,2009,46,70.0,145
smithch02w,3,CHA,0,F,0,32,32,890,256,121,53,21,17,60,113,8.0,3.78125,1.65625,0.65625,0.53125,27.8125,1.875,91,222,0.4099099099099099,40,54,0.7407407407407407,34,91,0.37362637362637363,0.3435505617977528,0.5208333333333334,0.8833333333333333,8.21875,1,2,12,7,0,6.0,3.5,0.0,5.7,3.3666666666666667,1.6666666666666667,6.8,0.3904109589041096,0.4909278824069821,2.3,0.4145833333333333,-0.01041666666666674,1.4187500000000002,2,18,14,0.5625,Y,2,EA,2241,2133,108,70.0,145
smithch02w,4,CHA,0,F,0,27,9,443,95,60,18,10,2,24,54,3.5185185185185186,2.2222222222222223,0.6666666666666666,0.37037037037037035,0.07407407407407407,16.40740740740741,0.8888888888888888,31,98,0.3163265306122449,24,36,0.6666666666666666,9,32,0.28125,0.31115124153498874,0.41725228390723823,0.75,3.037037037037037,1,2,2,1,1,1.0,0.5,0.5,8.0,3.78125,1.65625,8.21875,0.4099099099099099,0.5208333333333334,-4.481481481481481,-1.5590277777777777,-0.9895833333333334,-5.181712962962963,3,18,16,0.5294117647058824,Y,2,EA,2217,2195,22,70.0,145
smithch02w,5,CHA,0,F,0,34,34,977,280,139,40,18,13,55,109,8.235294117647058,4.088235294117647,1.1764705882352942,0.5294117647058824,0.38235294117647056,28.735294117647058,1.6176470588235294,99,206,0.48058252427184467,53,73,0.726027397260274,29,58,0.5,0.3000204708290686,0.5879388543591466,0.7272727272727273,9.058823529411764,0,0,0,0,0,0.0,0.0,0.0,3.5185185185185186,2.2222222222222223,0.6666666666666666,3.037037037037037,0.3163265306122449,0.41725228390723823,4.716775599128539,1.8660130718954244,0.5098039215686275,6.021786492374727,4,16,18,0.47058823529411764,N,5,EA,2092,2168,-76,70.0,145
smithch02w,6,WAS,0,F,0,34,34,1036,246,128,71,22,11,46,93,7.235294117647059,3.764705882352941,2.088235294117647,0.6470588235294118,0.3235294117647059,30.470588235294116,1.3529411764705883,87,190,0.45789473684210524,30,46,0.6521739130434783,42,100,0.42,0.24733590733590735,0.5850456621004566,1.5434782608695652,9.205882352941176,0,0,0,0,0,0.0,0.0,0.0,8.235294117647058,4.088235294117647,1.1764705882352942,9.058823529411764,0.48058252427184467,0.5879388543591466,-0.9999999999999991,-0.3235294117647056,0.911764705882353,0.14705882352941124,5,16,18,0.47058823529411764,N,5,EA,2263,2305,-42,70.0,145
smithch02w,7,IND,0,F,0,18,2,173,35,24,7,3,1,13,21,1.9444444444444444,1.3333333333333333,0.3888888888888889,0.16666666666666666,0.05555555555555555,9.61111111111111,0.7222222222222222,12,39,0.3076923076923077,3,4,0.75,8,22,0.36363636363636365,0.3107514450867052,0.42934249263984303,0.5384615384615384,1.6111111111111112,1,1,0,0,0,0.0,0.0,0.0,7.235294117647059,3.764705882352941,2.088235294117647,9.205882352941176,0.45789473684210524,0.5850456621004566,-5.290849673202614,-2.431372549019608,-1.6993464052287583,-7.594771241830065,6,21,13,0.6176470588235294,Y,3,EA,2435,2316,119,70.0,145
smithch03w,1,SEA,0,G,0,32,3,516,52,47,53,16,3,32,52,1.625,1.46875,1.65625,0.5,0.09375,16.125,1.0,16,56,0.2857142857142857,10,18,0.5555555555555556,10,32,0.3125,0.18589147286821706,0.4067584480600751,1.65625,2.84375,0,0,0,0,0,0.0,0.0,0.0,,,,,,,,,,,0,6,26,0.1875,N,8,WE,1822,2171,-349,72.0,148
smithch03w,2,SEA,0,G,0,32,8,589,58,55,39,17,1,26,52,1.8125,1.71875,1.21875,0.53125,0.03125,18.40625,0.8125,17,63,0.2698412698412698,13,21,0.6190476190476191,11,38,0.2894736842105263,0.16679117147707978,0.4014396456256922,1.5,2.8125,0,0,0,0,0,0.0,0.0,0.0,1.625,1.46875,1.65625,2.84375,0.2857142857142857,0.4067584480600751,0.1875,0.25,-0.4375,-0.03125,1,10,22,0.3125,N,8,WE,1921,2048,-127,72.0,148
smithch03w,4,PHO,0,G,0,4,0,17,0,4,1,0,0,0,2,0.0,1.0,0.25,0.0,0.0,4.25,0.0,0,2,0.0,0,0,0.0,0,2,0.0,0.11764705882352941,0.0,1.0,0.75,0,0,0,0,0,0.0,0.0,0.0,1.8125,1.71875,1.21875,2.8125,0.2698412698412698,0.4014396456256922,-1.8125,-0.71875,-0.96875,-2.0625,2,8,26,0.23529411764705882,N,7,WE,2097,2270,-173,72.0,148
smithcr01w,7,PHO,0,G,0,23,0,197,60,22,22,17,0,18,24,2.608695652173913,0.9565217391304348,0.9565217391304348,0.7391304347826086,0.0,8.565217391304348,0.782608695652174,21,47,0.44680851063829785,11,12,0.9166666666666666,7,19,0.3684210526315789,0.356751269035533,0.5738332058148431,1.2222222222222223,3.3043478260869565,0,0,0,0,0,0.0,0.0,0.0,,,,,,,,,,,0,18,16,0.5294117647058824,N,5,WE,2960,2879,81,66.0,121
smithcr01w,8,HOU,0,G,0,27,23,683,170,53,72,34,3,56,50,6.296296296296297,1.962962962962963,2.6666666666666665,1.2592592592592593,0.1111111111111111,25.296296296296298,2.074074074074074,62,156,0.3974358974358974,19,21,0.9047619047619048,27,70,0.38571428571428573,0.32392386530014644,0.51440329218107,1.2857142857142858,6.666666666666667,0,0,0,0,0,0.0,0.0,0.0,2.608695652173913,0.9565217391304348,0.9565217391304348,3.3043478260869565,0.44680851063829785,0.5738332058148431,3.6876006441223836,1.0064412238325282,1.7101449275362317,3.3623188405797104,1,13,21,0.38235294117647056,N,5,WE,2510,2628,-118,66.0,121
smithcr01w,9,MIN,1,G,0,1,0,0,0,0,0,0,0,0,0,0.0,0.0,0.0,0.0,0.0,0.0,0.0,0,0,0.0,0,0,0.0,0,0,0.0,0.0,0.0,0.0,0.0,0,0,0,0,0,0.0,0.0,0.0,6.296296296296297,1.962962962962963,2.6666666666666665,6.666666666666667,0.3974358974358974,0.51440329218107,-6.296296296296297,-1.962962962962963,-2.6666666666666665,-6.666666666666667,2,16,18,0.47058823529411764,N,7,WE,2767,2721,46,66.0,121
smithcr01w,9,WAS,2,G,0,28,4,392,121,28,25,14,2,34,43,4.321428571428571,1.0,0.8928571428571429,0.5,0.07142857142857142,14.0,1.2142857142857142,39,110,0.35454545454545455,29,36,0.8055555555555556,14,38,0.3684210526315789,0.40775510204081633,0.4807692307692308,0.7352941176470589,2.7857142857142856,0,0,0,0,0,0.0,0.0,0.0,0.0,0.0,0.0,0.0,0.0,0.0,4.321428571428571,1.0,0.8928571428571429,2.7857142857142856,3,10,24,0.29411764705882354,N,6,EA,2368,2601,-233,66.0,121
smithje01w,6,NYL,0,C,0,2,0,7,0,0,0,0,0,0,0,0.0,0.0,0.0,0.0,0.0,3.5,0.0,0,1,0.0,0,0,0.0,0,0,0.0,0.14285714285714285,0.0,0.0,-0.5,0,0,0,0,0,0.0,0.0,0.0,,,,,,,,,,,0,18,16,0.5294117647058824,Y,3,EA,2316,2285,31,75.0,198
smithka01w,1,MIN,0,G-F,0,32,32,1193,646,93,90,44,7,76,71,20.1875,2.90625,2.8125,1.375,0.21875,37.28125,2.375,203,482,0.4211618257261411,152,175,0.8685714285714285,88,232,0.3793103448275862,0.5322715842414082,0.5778175313059034,1.1842105263157894,15.6875,0,0,0,0,0,0.0,0.0,0.0,,,,,,,,,,,0,15,17,0.46875,N,6,WE,2193,2188,5,71.0,174
smithka01w,2,MIN,0,G-F,0,32,32,1234,739,122,70,23,5,87,94,23.09375,3.8125,2.1875,0.71875,0.15625,38.5625,2.71875,204,519,0.3930635838150289,246,275,0.8945454545454545,85,240,0.3541666666666667,0.5891410048622366,0.57734375,0.8045977011494253,16.5,0,0,0,0,0,0.0,0.0,0.0,20.1875,2.90625,2.8125,15.6875,0.4211618257261411,0.5778175313059034,2.90625,0.90625,-0.625,0.8125,1,12,20,0.375,N,6,WE,2077,2156,-79,71.0,174
smithka01w,3,MIN,0,G-F,0,31,31,1138,512,92,79,32,7,70,87,16.516129032258064,2.967741935483871,2.5483870967741935,1.032258064516129,0.22580645161290322,36.70967741935484,2.2580645161290325,162,401,0.40399002493765584,126,153,0.8235294117647058,62,188,0.32978723404255317,0.47304042179261857,0.5466347796378545,1.1285714285714286,12.451612903225806,0,0,0,0,0,0.0,0.0,0.0,23.09375,3.8125,2.1875,16.5,0.3930635838150289,0.57734375,-6.577620967741936,-0.844758064516129,0.3608870967741935,-4.048387096774194,2,10,22,0.3125,N,8,WE,2003,2104,-101,71.0,174
smithka01w,4,MIN,0,G-F,0,34,34,1185,620,138,84,25,6,67,112,18.235294117647058,4.0588235294117645,2.4705882352941178,0.7352941176470589,0.17647058823529413,34.85294117647059,1.9705882352941178,208,455,0.45714285714285713,126,143,0.8811188811188811,78,200,0.39,0.4936033755274261,0.5985480383070745,1.2537313432835822,15.941176470588236,1,3,52,13,9,17.333333333333332,4.333333333333333,3.0,16.516129032258064,2.967741935483871,2.5483870967741935,12.451612903225806,0.40399002493765584,0.5466347796378545,1.719165085388994,1.0910815939278935,-0.07779886148007575,3.4895635673624295,3,18,16,0.5294117647058824,Y,4,WE,2380,2370,10,71.0,174
smithka01w,5,MIN,0,G-F,0,23,23,800,432,84,52,23,6,51,63,18.782608695652176,3.652173913043478,2.260869565217391,1.0,0.2608695652173913,34.78260869565217,2.217391304347826,137,318,0.4308176100628931,98,109,0.8990825688073395,60,139,0.4316546762589928,0.5212,0.5902284402666959,1.0196078431372548,15.391304347826088,0,0,0,0,0,0.0,0.0,0.0,18.235294117647058,4.0588235294117645,2.4705882352941178,15.941176470588236,0.45714285714285713,0.5985480383070745,0.5473145780051176,-0.40664961636828645,-0.20971867007672662,-0.5498721227621477,4,18,16,0.5294117647058824,Y,3,WE,2165,2190,-25,71.0,174
smithka01w,6,DET,2,G-F,0,13,9,394,124,28,26,5,3,17,27,9.538461538461538,2.1538461538461537,2.0,0.38461538461538464,0.23076923076923078,30.307692307692307,1.3076923076923077,40,107,0.37383177570093457,26,34,0.7647058823529411,18,55,0.32727272727272727,0.35269035532994925,0.5083633978353558,1.5294117647058822,7.230769230769231,1,2,21,6,1,10.5,3.0,0.5,18.782608695652176,3.652173913043478,2.260869565217391,15.391304347826088,0.4308176100628931,0.5902284402666959,-9.244147157190637,-1.4983277591973243,-0.26086956521739113,-8.160535117056856,5,16,18,0.47058823529411764,Y,4,EA,2247,2287,-40,71.0,174
smithka01w,6,MIN,1,G-F,0,23,23,766,306,55,61,25,2,54,46,13.304347826086957,2.391304347826087,2.652173913043478,1.0869565217391304,0.08695652173913043,33.30434782608695,2.347826086956522,100,261,0.3831417624521073,71,90,0.7888888888888889,35,104,0.33653846153846156,0.4629242819843342,0.5089820359281437,1.1296296296296295,9.347826086956522,0,0,0,0,0,0.0,0.0,0.0,9.538461538461538,2.1538461538461537,2.0,7.230769230769231,0.37383177570093457,0.5083633978353558,3.7658862876254187,0.23745819397993317,0.652173913043478,2.1170568561872907,6,14,20,0.4117647058823529,N,6,WE,2211,2288,-77,71.0,174
smithka01w,7,DET,0,G-F,0,34,34,1137,398,92,112,25,4,65,78,11.705882352941176,2.7058823529411766,3.2941176470588234,0.7352941176470589,0.11764705882352941,33.44117647058823,1.911764705882353,123,302,0.40728476821192056,93,102,0.9117647058823529,59,161,0.36645962732919257,0.36225153913808267,0.5736854243542435,1.7230769230769232,11.117647058823529,1,10,147,25,40,14.7,2.5,4.0,13.304347826086957,2.391304347826087,2.652173913043478,9.347826086956522,0.3831417624521073,0.5089820359281437,-1.5984654731457812,0.3145780051150897,0.6419437340153453,1.7698209718670075,7,23,11,0.6764705882352942,Y,2,EA,2527,2384,143,71.0,174
smithka01w,8,DET,0,G-F,0,34,34,1166,450,128,124,42,3,59,81,13.235294117647058,3.764705882352941,3.6470588235294117,1.2352941176470589,0.08823529411764706,34.294117647058826,1.7352941176470589,128,355,0.36056338028169016,133,157,0.8471337579617835,61,196,0.3112244897959184,0.41430531732418524,0.5305602716468591,2.1016949152542375,12.852941176470589,1,11,134,35,40,12.181818181818182,3.1818181818181817,3.6363636363636362,11.705882352941176,2.7058823529411766,3.2941176470588234,11.117647058823529,0.40728476821192056,0.5736854243542435,1.5294117647058822,1.0588235294117645,0.3529411764705883,1.7352941176470598,8,24,10,0.7058823529411765,Y,1,EA,2697,2540,157,71.0,174
smithka01w,9,DET,0,G-F,0,34,34,1152,500,94,137,32,3,80,70,14.705882352941176,2.764705882352941,4.029411764705882,0.9411764705882353,0.08823529411764706,33.88235294117647,2.3529411764705883,157,410,0.3829268292682927,110,124,0.8870967741935484,76,211,0.36018957345971564,0.4727083333333333,0.538143619769244,1.7125,12.323529411764707,1,9,138,36,22,15.333333333333334,4.0,2.4444444444444446,13.235294117647058,3.764705882352941,3.6470588235294117,12.852941176470589,0.36056338028169016,0.5305602716468591,1.4705882352941178,-1.0,0.38235294117647056,-0.5294117647058822,9,22,12,0.6470588235294118,Y,1,EA,2672,2522,150,71.0,174
smithka01w,10,DET,0,G-F,0,27,27,894,369,63,76,21,2,62,69,13.666666666666666,2.3333333333333335,2.814814814814815,0.7777777777777778,0.07407407407407407,33.111111111111114,2.2962962962962963,128,294,0.43537414965986393,56,61,0.9180327868852459,57,132,0.4318181818181818,0.4282326621923937,0.5750529859119811,1.2258064516129032,11.037037037037036,0,0,0,0,0,0.0,0.0,0.0,14.705882352941176,2.764705882352941,4.029411764705882,12.323529411764707,0.3829268292682927,0.538143619769244,-1.0392156862745097,-0.43137254901960764,-1.2145969498910674,-1.2864923747276702,10,18,16,0.5294117647058824,Y,3,EA,2652,2644,8,71.0,174
smithki01w,7,SAC,0,F,0,31,0,313,74,39,20,9,0,22,33,2.3870967741935485,1.2580645161290323,0.6451612903225806,0.2903225806451613,0.0,10.096774193548388,0.7096774193548387,28,84,0.3333333333333333,5,9,0.5555555555555556,13,32,0.40625,0.3513099041533546,0.42064574806730337,0.9090909090909091,1.935483870967742,1,5,4,2,0,0.8,0.4,0.0,,,,,,,,,,,0,21,13,0.6176470588235294,Y,2,WE,2537,2404,133,73.0,158
smithki01w,8,SAC,0,F,0,3,0,6,0,2,0,0,0,1,1,0.0,0.6666666666666666,0.0,0.0,0.0,2.0,0.3333333333333333,0,0,0.0,0,0,0.0,0,0,0.0,0.16666666666666666,0.0,0.0,0.3333333333333333,0,0,0,0,0,0.0,0.0,0.0,2.3870967741935485,1.2580645161290323,0.6451612903225806,1.935483870967742,0.3333333333333333,0.42064574806730337,-2.3870967741935485,-0.5913978494623656,-0.6451612903225806,-1.6021505376344087,1,19,15,0.5588235294117647,Y,3,WE,2527,2480,47,73.0,158
smithki01w,9,SAC,0,F,0,21,0,143,33,14,5,7,2,9,22,1.5714285714285714,0.6666666666666666,0.23809523809523808,0.3333333333333333,0.09523809523809523,6.809523809523809,0.42857142857142855,12,47,0.2553191489361702,8,12,0.6666666666666666,1,12,0.08333333333333333,0.42853146853146856,0.3156082631981637,0.5555555555555556,0.6190476190476191,0,0,0,0,0,0.0,0.0,0.0,0.0,0.6666666666666666,0.0,0.3333333333333333,0.0,0.0,1.5714285714285714,0.0,0.23809523809523808,0.28571428571428575,2,18,16,0.5294117647058824,Y,4,WE,2545,2571,-26,73.0,158
smithla01w,1,ORL,0,G,0,3,0,12,5,2,1,2,0,2,2,1.6666666666666667,0.6666666666666666,0.3333333333333333,0.6666666666666666,0.0,4.0,0.6666666666666666,2,3,0.6666666666666666,1,1,1.0,0,1,0.0,0.4533333333333333,0.7267441860465116,0.5,2.3333333333333335,1,1,0,0,0,0.0,0.0,0.0,,,,,,,,,,,0,16,16,0.5,Y,3,EA,2208,2233,-25,67.0,150
smithta01w,1,SAC,0,F-C,0,32,32,925,388,178,43,30,64,60,107,12.125,5.5625,1.34375,0.9375,2.0,28.90625,1.875,176,371,0.4743935309973046,36,46,0.782608695652174,0,0,0.0,0.487827027027027,0.4958593190880278,0.7166666666666667,13.6875,1,2,21,8,1,10.5,4.0,0.5,,,,,,,,,,,0,21,11,0.65625,Y,3,WE,2343,2176,167,76.0,160
smithta01w,2,SAC,0,F-C,0,32,32,912,358,179,41,34,55,66,106,11.1875,5.59375,1.28125,1.0625,1.71875,28.5,2.0625,148,352,0.42045454545454547,62,85,0.7294117647058823,0,2,0.0,0.49934210526315786,0.45968156137647664,0.6212121212121212,11.6875,1,5,55,24,8,11.0,4.8,1.6,12.125,5.5625,1.34375,13.6875,0.4743935309973046,0.4958593190880278,-0.9375,0.03125,-0.0625,-2.0,1,20,12,0.625,Y,2,WE,2294,2139,155,76.0,160
smithta01w,3,SAC,0,F-C,0,32,32,1063,469,188,40,27,46,59,126,14.65625,5.875,1.25,0.84375,1.4375,33.21875,1.84375,184,435,0.42298850574712643,86,101,0.8514851485148515,15,42,0.35714285714285715,0.5065286923800565,0.4891122976806274,0.6779661016949152,13.90625,0,0,0,0,0,0.0,0.0,0.0,11.1875,5.59375,1.28125,11.6875,0.42045454545454547,0.45968156137647664,3.46875,0.28125,-0.03125,2.21875,2,14,18,0.4375,N,6,WE,2166,2294,-128,76.0,160
smithta01w,4,SAC,0,F-C,0,34,34,986,430,187,52,43,32,56,103,12.647058823529411,5.5,1.5294117647058822,1.2647058823529411,0.9411764705882353,29.0,1.6470588235294117,188,427,0.44028103044496486,41,58,0.7068965517241379,13,49,0.2653061224489796,0.5157403651115618,0.47511712189516486,0.9285714285714286,12.705882352941176,1,6,77,46,11,12.833333333333334,7.666666666666667,1.8333333333333333,14.65625,5.875,1.25,13.90625,0.42298850574712643,0.4891122976806274,-2.0091911764705888,-0.375,0.27941176470588225,-1.2003676470588243,3,19,15,0.5588235294117647,Y,3,WE,2299,2216,83,76.0,160
smithta01w,5,SAC,0,F-C,0,34,33,908,380,138,50,38,25,53,86,11.176470588235293,4.0588235294117645,1.4705882352941178,1.1176470588235294,0.7352941176470589,26.705882352941178,1.5588235294117647,165,401,0.4114713216957606,45,56,0.8035714285714286,5,29,0.1724137931034483,0.527136563876652,0.44638661779907907,0.9433962264150944,9.735294117647058,1,6,95,31,8,15.833333333333334,5.166666666666667,1.3333333333333333,12.647058823529411,5.5,1.5294117647058822,12.705882352941176,0.44028103044496486,0.47511712189516486,-1.4705882352941178,-1.4411764705882355,-0.0588235294117645,-2.9705882352941178,4,18,16,0.5294117647058824,Y,4,WE,2312,2241,71,76.0,160
smithta01w,6,CHA,0,F-C,0,31,31,1063,421,162,41,51,32,84,105,13.580645161290322,5.225806451612903,1.3225806451612903,1.6451612903225807,1.032258064516129,34.29032258064516,2.7096774193548385,169,405,0.41728395061728396,83,104,0.7980769230769231,0,7,0.0,0.5030667920978363,0.4669890851007188,0.4880952380952381,11.806451612903226,0,0,0,0,0,0.0,0.0,0.0,11.176470588235293,4.0588235294117645,1.4705882352941178,9.735294117647058,0.4114713216957606,0.44638661779907907,2.4041745730550286,1.1669829222011385,-0.1480075901328275,2.071157495256168,5,6,28,0.17647058823529413,N,6,EA,2095,2335,-240,76.0,160
smithta01w,7,CHA,0,F-C,0,34,34,972,445,180,50,41,29,70,100,13.088235294117647,5.294117647058823,1.4705882352941178,1.2058823529411764,0.8529411764705882,28.58823529411765,2.0588235294117645,178,423,0.42080378250591016,58,78,0.7435897435897436,31,85,0.36470588235294116,0.5425102880658436,0.4865302195399283,0.7142857142857143,12.058823529411764,0,0,0,0,0,0.0,0.0,0.0,13.580645161290322,5.225806451612903,1.3225806451612903,11.806451612903226,0.41728395061728396,0.4669890851007188,-0.4924098671726753,0.06831119544592035,0.1480075901328275,0.2523719165085385,6,11,23,0.3235294117647059,N,6,EA,2456,2571,-115,76.0,160
smithta01w,8,PHO,0,F-C,0,34,34,1072,428,220,44,40,56,56,101,12.588235294117647,6.470588235294118,1.2941176470588236,1.1764705882352942,1.6470588235294117,31.529411764705884,1.6470588235294117,165,399,0.41353383458646614,78,99,0.7878787878787878,20,61,0.32786885245901637,0.46507462686567164,0.4835502530730296,0.7857142857142857,14.029411764705882,1,9,105,70,15,11.666666666666666,7.777777777777778,1.6666666666666667,13.088235294117647,5.294117647058823,1.4705882352941178,12.058823529411764,0.42080378250591016,0.4865302195399283,-0.5,1.1764705882352944,-0.17647058823529416,1.9705882352941178,7,23,11,0.6764705882352942,Y,1,WE,3025,2904,121,76.0,160
smithta01w,9,PHO,0,F-C,0,25,25,722,277,176,28,28,29,41,98,11.08,7.04,1.12,1.12,1.16,28.88,1.64,111,266,0.41729323308270677,39,45,0.8666666666666667,16,46,0.34782608695652173,0.45263157894736844,0.48460461861441567,0.6829268292682927,13.44,0,0,0,0,0,0.0,0.0,0.0,12.588235294117647,6.470588235294118,1.2941176470588236,14.029411764705882,0.41353383458646614,0.4835502530730296,-1.5082352941176467,0.5694117647058823,-0.1741176470588235,-0.5894117647058827,8,16,18,0.47058823529411764,N,6,WE,3010,3009,1,76.0,160
smithta01w,10,PHO,0,F-C,0,34,34,920,336,183,27,34,57,37,107,9.882352941176471,5.382352941176471,0.7941176470588235,1.0,1.6764705882352942,27.058823529411764,1.088235294117647,137,304,0.4506578947368421,20,23,0.8695652173913043,42,93,0.45161290322580644,0.38165217391304346,0.5348274544759964,0.7297297297297297,12.647058823529411,1,11,109,64,9,9.909090909090908,5.818181818181818,0.8181818181818182,11.08,7.04,1.12,13.44,0.41729323308270677,0.48460461861441567,-1.197647058823529,-1.657647058823529,-0.3258823529411766,-0.7929411764705883,9,23,11,0.6764705882352942,Y,1,WE,3156,3031,125,76.0,160
smithty01w,8,DET,0,F,0,1,0,7,1,2,0,1,0,0,0,1.0,2.0,0.0,1.0,0.0,7.0,0.0,0,2,0.0,1,2,0.5,0,0,0.0,0.4114285714285714,0.1736111111111111,0.0,1.0,1,1,0,0,0,0.0,0.0,0.0,,,,,,,,,,,0,24,10,0.7058823529411765,Y,1,EA,2697,2540,157,72.0,0
smithwa01w,9,DET,0,G,0,1,0,0,0,0,0,0,0,0,0,0.0,0.0,0.0,0.0,0.0,0.0,0.0,0,0,0.0,0,0,0.0,0,0,0.0,0.0,0.0,0.0,0.0,0,0,0,0,0,0.0,0.0,0.0,,,,,,,,,,,0,22,12,0.6470588235294118,Y,1,EA,2672,2522,150,71.0,175
snellbe01w,6,PHO,0,G,0,20,0,226,65,36,18,7,1,11,31,3.25,1.8,0.9,0.35,0.05,11.3,0.55,19,55,0.34545454545454546,16,18,0.8888888888888888,11,37,0.2972972972972973,0.3270796460176991,0.5165289256198347,1.6363636363636365,3.9,0,0,0,0,0,0.0,0.0,0.0,,,,,,,,,,,0,16,18,0.47058823529411764,N,5,WE,2361,2354,7,69.0,170
snellbe01w,7,PHO,0,G,0,30,0,250,100,39,19,15,3,17,28,3.3333333333333335,1.3,0.6333333333333333,0.5,0.1,8.333333333333334,0.5666666666666667,35,90,0.3888888888888889,10,10,1.0,20,63,0.31746031746031744,0.4456,0.5296610169491525,1.1176470588235294,3.466666666666667,0,0,0,0,0,0.0,0.0,0.0,3.25,1.8,0.9,3.9,0.34545454545454546,0.5165289256198347,0.08333333333333348,-0.5,-0.2666666666666667,-0.4333333333333331,1,18,16,0.5294117647058824,N,5,WE,2960,2879,81,69.0,170
snellbe01w,8,PHO,0,G,0,30,2,343,107,46,44,20,4,18,31,3.566666666666667,1.5333333333333334,1.4666666666666666,0.6666666666666666,0.13333333333333333,11.433333333333334,0.6,37,106,0.3490566037735849,7,11,0.6363636363636364,26,79,0.3291139240506329,0.3756268221574344,0.48267773367015515,2.4444444444444446,4.333333333333333,1,8,13,9,7,1.625,1.125,0.875,3.3333333333333335,1.3,0.6333333333333333,3.466666666666667,0.3888888888888889,0.5296610169491525,0.2333333333333334,0.2333333333333334,0.8333333333333333,0.8666666666666663,2,23,11,0.6764705882352942,Y,1,WE,3025,2904,121,69.0,170
snellbe01w,10,SAS,0,G,0,30,6,553,187,70,37,27,3,29,50,6.233333333333333,2.3333333333333335,1.2333333333333334,0.9,0.1,18.433333333333334,0.9666666666666667,61,182,0.33516483516483514,23,29,0.7931034482758621,42,137,0.30656934306569344,0.404629294755877,0.48007804477305405,1.2758620689655173,5.6,1,1,0,2,1,0.0,2.0,1.0,3.566666666666667,1.5333333333333334,1.4666666666666666,4.333333333333333,0.3490566037735849,0.48267773367015515,2.6666666666666665,0.8,-0.23333333333333317,1.2666666666666666,3,15,19,0.4411764705882353,Y,4,WE,2615,2661,-46,69.0,170
snowmi01w,3,HOU,0,C,0,32,2,480,125,119,13,12,26,22,59,3.90625,3.71875,0.40625,0.375,0.8125,15.0,0.6875,45,96,0.46875,34,57,0.5964912280701754,1,2,0.5,0.2980833333333333,0.5161876445325405,0.5909090909090909,6.21875,1,3,19,21,4,6.333333333333333,7.0,1.3333333333333333,,,,,,,,,,,0,24,8,0.75,Y,2,WE,2072,1892,180,77.0,158
snowmi01w,4,HOU,0,C,0,34,34,1025,314,263,42,35,62,68,120,9.235294117647058,7.735294117647059,1.2352941176470589,1.0294117647058822,1.8235294117647058,30.147058823529413,2.0,126,253,0.4980237154150198,62,85,0.7294117647058823,0,1,0.0,0.34965853658536583,0.540633608815427,0.6176470588235294,14.647058823529411,1,3,25,29,5,8.333333333333334,9.666666666666666,1.6666666666666667,3.90625,3.71875,0.40625,6.21875,0.46875,0.5161876445325405,5.329044117647058,4.016544117647059,0.8290441176470589,8.428308823529411,1,20,14,0.5882352941176471,Y,2,WE,2244,2142,102,77.0,158
snowmi01w,5,HOU,0,C,0,31,31,893,276,239,31,28,35,71,89,8.903225806451612,7.709677419354839,1.0,0.9032258064516129,1.1290322580645162,28.806451612903224,2.2903225806451615,104,229,0.45414847161572053,68,113,0.6017699115044248,0,0,0.0,0.39162374020156776,0.4951205510907003,0.43661971830985913,11.870967741935484,0,0,0,0,0,0.0,0.0,0.0,9.235294117647058,7.735294117647059,1.2352941176470589,14.647058823529411,0.4980237154150198,0.540633608815427,-0.3320683111954459,-0.025616698292219908,-0.23529411764705888,-2.7760910815939273,2,13,21,0.38235294117647056,N,6,WE,2177,2211,-34,77.0,158
snowmi01w,6,HOU,0,C,0,33,33,966,396,225,40,20,38,65,120,12.0,6.818181818181818,1.2121212121212122,0.6060606060606061,1.1515151515151516,29.272727272727273,1.9696969696969697,152,276,0.5507246376811594,92,130,0.7076923076923077,0,0,0.0,0.41221532091097307,0.5942376950780313,0.6153846153846154,14.909090909090908,1,5,52,27,4,10.4,5.4,0.8,8.903225806451612,7.709677419354839,1.0,11.870967741935484,0.45414847161572053,0.4951205510907003,3.096774193548388,-0.8914956011730206,0.21212121212121215,3.0381231671554243,3,19,15,0.5588235294117647,Y,3,WE,2309,2263,46,77.0,158
snowmi01w,7,HOU,0,C,0,34,34,995,442,269,47,33,38,88,121,13.0,7.911764705882353,1.3823529411764706,0.9705882352941176,1.1176470588235294,29.264705882352942,2.588235294117647,178,349,0.5100286532951289,86,129,0.6666666666666666,0,0,0.0,0.49624120603015076,0.5446569400630915,0.5340909090909091,15.5,1,2,31,12,4,15.5,6.0,2.0,12.0,6.818181818181818,1.2121212121212122,14.909090909090908,0.5507246376811594,0.5942376950780313,1.0,1.093582887700535,0.1702317290552584,0.5909090909090917,4,18,16,0.5294117647058824,Y,3,WE,2507,2449,58,77.0,158
snowmi01w,8,HOU,0,C,0,34,34,892,366,230,47,18,35,91,107,10.764705882352942,6.764705882352941,1.3823529411764706,0.5294117647058824,1.0294117647058822,26.235294117647058,2.676470588235294,140,284,0.49295774647887325,86,112,0.7678571428571429,0,0,0.0,0.4756502242152466,0.5490878540566491,0.5164835164835165,12.794117647058824,0,0,0,0,0,0.0,0.0,0.0,13.0,7.911764705882353,1.3823529411764706,15.5,0.5100286532951289,0.5446569400630915,-2.235294117647058,-1.1470588235294121,0.0,-2.7058823529411757,5,13,21,0.38235294117647056,N,5,WE,2510,2628,-118,77.0,158
snowmi01w,9,HOU,0,C,0,34,34,856,336,230,43,18,31,64,111,9.882352941176471,6.764705882352941,1.2647058823529411,0.5294117647058824,0.9117647058823529,25.176470588235293,1.8823529411764706,126,238,0.5294117647058824,83,119,0.6974789915966386,1,2,0.5,0.41397196261682245,0.5785920925747348,0.671875,13.117647058823529,0,0,0,0,0,0.0,0.0,0.0,10.764705882352942,6.764705882352941,1.3823529411764706,12.794117647058824,0.49295774647887325,0.5490878540566491,-0.882352941176471,0.0,-0.11764705882352944,0.32352941176470473,6,17,17,0.5,N,5,WE,2561,2606,-45,77.0,158
snowmi01w,10,ATL,0,C,0,34,2,503,185,145,17,15,17,39,73,5.4411764705882355,4.264705882352941,0.5,0.4411764705882353,0.5,14.794117647058824,1.1470588235294117,67,140,0.4785714285714286,51,67,0.7611940298507462,0,2,0.0,0.4144731610337972,0.5457871135237197,0.4358974358974359,7.382352941176471,1,2,9,8,1,4.5,4.0,0.5,9.882352941176471,6.764705882352941,1.2647058823529411,13.117647058823529,0.5294117647058824,0.5785920925747348,-4.4411764705882355,-2.5,-0.7647058823529411,-5.735294117647058,7,18,16,0.5294117647058824,Y,2,EA,2861,2797,64,77.0,158
spencsi01w,8,LAS,0,G,0,34,22,828,327,138,42,27,11,35,86,9.617647058823529,4.0588235294117645,1.2352941176470589,0.7941176470588235,0.3235294117647059,24.352941176470587,1.0294117647058822,118,300,0.3933333333333333,37,42,0.8809523809523809,54,123,0.43902439024390244,0.42690821256038647,0.5133760361718162,1.2,9.5,0,0,0,0,0,0.0,0.0,0.0,,,,,,,,,,,0,10,24,0.29411764705882354,N,7,WE,2533,2708,-175,75.0,183
spencsi01w,9,LAS,0,G,0,33,2,451,174,62,18,14,4,23,48,5.2727272727272725,1.878787878787879,0.5454545454545454,0.42424242424242425,0.12121212121212122,13.666666666666666,0.696969696969697,63,155,0.4064516129032258,17,18,0.9444444444444444,31,81,0.38271604938271603,0.41223946784922394,0.5340044193469188,0.782608695652174,4.7272727272727275,1,5,7,9,1,1.4,1.8,0.2,9.617647058823529,4.0588235294117645,1.2352941176470589,9.5,0.3933333333333333,0.5133760361718162,-4.3449197860962565,-2.1800356506238856,-0.6898395721925135,-4.7727272727272725,1,20,14,0.5882352941176471,Y,3,WE,2598,2523,75,75.0,183
spencsi01w,10,NYL,0,G,0,33,0,340,99,38,15,6,1,9,24,3.0,1.1515151515151516,0.45454545454545453,0.18181818181818182,0.030303030303030304,10.303030303030303,0.2727272727272727,34,88,0.38636363636363635,9,9,1.0,22,57,0.38596491228070173,0.2969411764705882,0.5382775119617226,1.6666666666666667,2.909090909090909,0,0,0,0,0,0.0,0.0,0.0,5.2727272727272725,1.878787878787879,0.5454545454545454,4.7272727272727275,0.4064516129032258,0.5340044193469188,-2.2727272727272725,-0.7272727272727273,-0.09090909090909088,-1.8181818181818183,2,13,21,0.38235294117647056,N,7,EA,2512,2535,-23,75.0,183
spornra01w,2,DET,0,F,0,23,1,265,41,52,11,7,4,13,16,1.7826086956521738,2.260869565217391,0.4782608695652174,0.30434782608695654,0.17391304347826086,11.521739130434783,0.5652173913043478,19,47,0.40425531914893614,3,9,0.3333333333333333,0,0,0.0,0.24135849056603773,0.402276295133438,0.8461538461538461,2.9565217391304346,0,0,0,0,0,0.0,0.0,0.0,,,,,,,,,,,0,10,22,0.3125,N,7,EA,2103,2269,-166,74.0,150
stafftr01w,2,HOU,0,F,0,30,4,365,113,85,16,12,2,26,42,3.7666666666666666,2.8333333333333335,0.5333333333333333,0.4,0.06666666666666667,12.166666666666666,0.8666666666666667,39,106,0.36792452830188677,35,52,0.6730769230769231,0,1,0.0,0.42432876712328765,0.4383923029174426,0.6153846153846154,3.933333333333333,1,2,4,3,1,2.0,1.5,0.5,,,,,,,,,,,0,19,13,0.59375,Y,4,WE,2047,1994,53,73.0,180
stafftr01w,3,MIA,0,F,0,6,0,38,8,6,2,1,0,6,5,1.3333333333333333,1.0,0.3333333333333333,0.16666666666666666,0.0,6.333333333333333,1.0,1,6,0.16666666666666666,6,8,0.75,0,0,0.0,0.40842105263157896,0.42016806722689076,0.3333333333333333,0.6666666666666666,0,0,0,0,0,0.0,0.0,0.0,3.7666666666666666,2.8333333333333335,0.5333333333333333,3.933333333333333,0.36792452830188677,0.4383923029174426,-2.4333333333333336,-1.8333333333333335,-0.2,-3.2666666666666666,1,15,17,0.46875,N,6,EA,2046,2088,-42,73.0,180
staleda01w,1,CHA,0,G,0,32,32,1099,282,77,190,37,1,91,80,8.8125,2.40625,5.9375,1.15625,0.03125,34.34375,2.84375,94,253,0.3715415019762846,65,74,0.8783783783783784,29,88,0.32954545454545453,0.342638762511374,0.4937666339823505,2.087912087912088,10.25,0,0,0,0,0,0.0,0.0,0.0,,,,,,,,,,,0,8,24,0.25,N,8,EA,2186,2429,-243,66.0,134
staleda01w,2,CHA,0,G,0,32,32,1152,298,71,179,52,1,100,54,9.3125,2.21875,5.59375,1.625,0.03125,36.0,3.125,107,281,0.3807829181494662,51,57,0.8947368421052632,33,89,0.3707865168539326,0.3525,0.4868008363826451,1.79,10.03125,1,8,94,18,35,11.75,2.25,4.375,8.8125,2.40625,5.9375,10.25,0.3715415019762846,0.4937666339823505,0.5,-0.1875,-0.34375,-0.21875,1,18,14,0.5625,Y,4,EA,2055,2009,46,66.0,134
staleda01w,3,CHA,0,G,0,32,32,1061,278,56,164,48,0,80,67,8.6875,1.75,5.125,1.5,0.0,33.15625,2.5,84,231,0.36363636363636365,77,101,0.7623762376237624,33,83,0.39759036144578314,0.33500471253534403,0.50464711007842,2.05,9.21875,1,2,17,5,10,8.5,2.5,5.0,9.3125,2.21875,5.59375,10.03125,0.3807829181494662,0.4868008363826451,-0.625,-0.46875,-0.46875,-0.8125,2,18,14,0.5625,Y,2,EA,2241,2133,108,66.0,134
staleda01w,4,CHA,0,G,0,34,34,1086,269,58,174,49,4,78,76,7.911764705882353,1.7058823529411764,5.117647058823529,1.4411764705882353,0.11764705882352941,31.941176470588236,2.2941176470588234,90,216,0.4166666666666667,61,73,0.8356164383561644,28,72,0.3888888888888889,0.3002946593001842,0.5420764146380783,2.230769230769231,9.941176470588236,1,2,18,5,7,9.0,2.5,3.5,8.6875,1.75,5.125,9.21875,0.36363636363636365,0.50464711007842,-0.7757352941176467,-0.044117647058823595,-0.007352941176471006,0.7224264705882355,3,18,16,0.5294117647058824,Y,2,EA,2217,2195,22,66.0,134
staleda01w,5,CHA,0,G,0,34,34,1143,302,58,171,43,2,74,83,8.882352941176471,1.7058823529411764,5.029411764705882,1.2647058823529411,0.058823529411764705,33.61764705882353,2.176470588235294,106,246,0.43089430894308944,66,87,0.7586206896551724,24,59,0.4067796610169492,0.31345581802274713,0.5311664556071479,2.310810810810811,10.029411764705882,0,0,0,0,0,0.0,0.0,0.0,7.911764705882353,1.7058823529411764,5.117647058823529,9.941176470588236,0.4166666666666667,0.5420764146380783,0.9705882352941178,0.0,-0.08823529411764675,0.08823529411764675,4,16,18,0.47058823529411764,N,5,EA,2092,2168,-76,66.0,134
staleda01w,6,CHA,1,G,0,23,23,684,146,53,121,30,0,42,47,6.3478260869565215,2.3043478260869565,5.260869565217392,1.3043478260869565,0.0,29.73913043478261,1.826086956521739,53,131,0.40458015267175573,23,30,0.7666666666666667,17,42,0.40476190476190477,0.2722222222222222,0.5062413314840499,2.880952380952381,9.695652173913043,0,0,0,0,0,0.0,0.0,0.0,8.882352941176471,1.7058823529411764,5.029411764705882,10.029411764705882,0.43089430894308944,0.5311664556071479,-2.5345268542199495,0.5984654731457801,0.23145780051150933,-0.33375959079283923,5,6,28,0.17647058823529413,N,6,EA,2095,2335,-240,66.0,134
staleda01w,6,HOU,2,G,0,10,3,221,33,17,28,6,1,12,23,3.3,1.7,2.8,0.6,0.1,22.1,1.2,10,28,0.35714285714285715,9,10,0.9,4,14,0.2857142857142857,0.2009049773755656,0.5092592592592593,2.3333333333333335,5.4,1,5,21,4,14,4.2,0.8,2.8,6.3478260869565215,2.3043478260869565,5.260869565217392,9.695652173913043,0.40458015267175573,0.5062413314840499,-3.0478260869565217,-0.6043478260869566,-2.4608695652173918,-4.295652173913043,6,19,15,0.5588235294117647,Y,3,WE,2309,2263,46,66.0,134
staleda01w,7,HOU,0,G,0,34,34,1018,250,75,133,35,5,76,50,7.352941176470588,2.2058823529411766,3.911764705882353,1.0294117647058822,0.14705882352941177,29.941176470588236,2.235294117647059,84,200,0.42,29,36,0.8055555555555556,53,124,0.4274193548387097,0.28667976424361497,0.5791326908821349,1.75,8.794117647058824,1,2,3,5,2,1.5,2.5,1.0,3.3,1.7,2.8,5.4,0.35714285714285715,0.5092592592592593,4.052941176470588,0.5058823529411767,1.111764705882353,3.394117647058824,7,18,16,0.5294117647058824,Y,3,WE,2507,2449,58,66.0,134
stansti01w,7,LAS,0,F-C,0,4,0,23,6,7,2,1,2,2,4,1.5,1.75,0.5,0.25,0.5,5.75,0.5,3,8,0.375,0,0,0.0,0,0,0.0,0.43478260869565216,0.375,1.0,2.75,1,2,0,1,1,0.0,0.5,0.5,,,,,,,,,,,0,25,9,0.7352941176470589,Y,1,WE,2575,2476,99,75.0,183
stansti01w,8,MIN,0,F-C,0,30,14,437,130,130,15,13,11,29,78,4.333333333333333,4.333333333333333,0.5,0.43333333333333335,0.36666666666666664,14.566666666666666,0.9666666666666667,55,120,0.4583333333333333,20,39,0.5128205128205128,0,0,0.0,0.3802288329519451,0.47389909594634005,0.5172413793103449,6.2,0,0,0,0,0,0.0,0.0,0.0,1.5,1.75,0.5,2.75,0.375,0.375,2.833333333333333,2.583333333333333,0.0,3.45,1,10,24,0.29411764705882354,N,6,WE,2636,2752,-116,75.0,183
starbka01w,1,UTA,0,G,0,29,0,340,117,33,30,13,11,29,32,4.0344827586206895,1.1379310344827587,1.0344827586206897,0.4482758620689655,0.3793103448275862,11.724137931034482,1.0,39,109,0.3577981651376147,34,42,0.8095238095238095,5,23,0.21739130434782608,0.46023529411764713,0.45889551302165044,1.0344827586206897,3.3448275862068964,0,0,0,0,0,0.0,0.0,0.0,,,,,,,,,,,0,18,14,0.5625,N,5,WE,2413,2407,6,73.0,153
starbka01w,2,UTA,0,G,0,23,7,310,109,30,21,8,1,15,30,4.739130434782608,1.3043478260869565,0.9130434782608695,0.34782608695652173,0.043478260869565216,13.478260869565217,0.6521739130434783,41,110,0.37272727272727274,22,27,0.8148148148148148,5,23,0.21739130434782608,0.4415483870967742,0.4471611421069905,1.4,3.4782608695652173,1,1,0,0,0,0.0,0.0,0.0,4.0344827586206895,1.1379310344827587,1.0344827586206897,3.3448275862068964,0.3577981651376147,0.45889551302165044,0.7046476761619189,0.16641679160419787,-0.12143928035982021,0.13343328335832094,1,19,13,0.59375,Y,3,WE,2207,2192,15,73.0,153
starbka01w,3,SEA,2,G,0,9,0,186,53,19,12,6,4,11,19,5.888888888888889,2.111111111111111,1.3333333333333333,0.6666666666666666,0.4444444444444444,20.666666666666668,1.2222222222222223,20,44,0.45454545454545453,8,9,0.8888888888888888,5,11,0.45454545454545453,0.316989247311828,0.5525437864887406,1.0909090909090908,6.444444444444445,1,2,5,3,1,2.5,1.5,0.5,4.739130434782608,1.3043478260869565,0.9130434782608695,3.4782608695652173,0.37272727272727274,0.4471611421069905,1.1497584541062809,0.8067632850241546,0.42028985507246375,2.9661835748792273,2,17,15,0.53125,Y,4,WE,2188,2103,85,73.0,153
starbka01w,3,UTA,1,G,0,15,0,88,26,7,7,9,4,2,16,1.7333333333333334,0.4666666666666667,0.4666666666666667,0.6,0.26666666666666666,5.866666666666666,0.13333333333333333,10,25,0.4,4,7,0.5714285714285714,2,8,0.25,0.3418181818181818,0.46296296296296297,3.5,2.2,0,0,0,0,0,0.0,0.0,0.0,5.888888888888889,2.111111111111111,1.3333333333333333,6.444444444444445,0.45454545454545453,0.5525437864887406,-4.155555555555556,-1.6444444444444444,-0.8666666666666666,-4.2444444444444445,3,20,12,0.625,Y,3,WE,2418,2344,74,73.0,153
starbka01w,5,IND,0,G,0,12,0,117,20,9,11,6,0,9,7,1.6666666666666667,0.75,0.9166666666666666,0.5,0.0,9.75,0.75,6,23,0.2608695652173913,5,6,0.8333333333333334,3,10,0.3,0.29606837606837605,0.39001560062402496,1.2222222222222223,1.5833333333333333,0,0,0,0,0,0.0,0.0,0.0,1.7333333333333334,0.4666666666666667,0.4666666666666667,2.2,0.4,0.46296296296296297,-0.06666666666666665,0.2833333333333333,0.44999999999999996,-0.6166666666666669,4,15,19,0.4411764705882353,N,6,EA,2198,2245,-47,73.0,153
stedika01w,1,SAC,0,F-G,0,29,0,309,91,39,14,11,10,17,22,3.1379310344827585,1.3448275862068966,0.4827586206896552,0.3793103448275862,0.3448275862068966,10.655172413793103,0.5862068965517241,36,95,0.37894736842105264,2,7,0.2857142857142857,17,53,0.32075471698113206,0.3724271844660194,0.4639070146818923,0.8235294117647058,2.896551724137931,1,2,0,1,1,0.0,0.5,0.5,,,,,,,,,,,0,21,11,0.65625,Y,3,WE,2343,2176,167,72.0,173
stedika01w,2,SEA,0,F-G,0,26,17,393,102,35,24,16,9,22,23,3.923076923076923,1.3461538461538463,0.9230769230769231,0.6153846153846154,0.34615384615384615,15.115384615384615,0.8461538461538461,35,94,0.3723404255319149,16,20,0.8,16,35,0.45714285714285713,0.31755725190839695,0.4961089494163424,1.0909090909090908,3.8846153846153846,0,0,0,0,0,0.0,0.0,0.0,3.1379310344827585,1.3448275862068966,0.4827586206896552,2.896551724137931,0.37894736842105264,0.4639070146818923,0.7851458885941645,0.0013262599469496816,0.44031830238726793,0.9880636604774535,1,10,22,0.3125,N,8,WE,1921,2048,-127,72.0,173
stepama01w,1,PHO,0,C,0,15,1,170,57,48,8,4,9,22,42,3.8,3.2,0.5333333333333333,0.26666666666666666,0.6,11.333333333333334,1.4666666666666666,24,54,0.4444444444444444,9,15,0.6,0,0,0.0,0.48588235294117643,0.47029702970297027,0.36363636363636365,4.533333333333333,0,0,0,0,0,0.0,0.0,0.0,,,,,,,,,,,0,20,12,0.625,Y,4,WE,2243,2102,141,80.0,187
stepama01w,2,PHO,0,C,0,32,31,815,334,201,41,43,64,50,110,10.4375,6.28125,1.28125,1.34375,2.0,25.46875,1.5625,143,282,0.5070921985815603,48,78,0.6153846153846154,0,2,0.0,0.4494723926380368,0.5279463834092059,0.82,14.5,0,0,0,0,0,0.0,0.0,0.0,3.8,3.2,0.5333333333333333,4.533333333333333,0.4444444444444444,0.47029702970297027,6.6375,3.08125,0.7479166666666667,9.966666666666667,1,13,19,0.40625,N,5,WE,2064,2169,-105,80.0,187
stepama01w,6,PHO,0,C,0,15,14,409,162,80,23,20,38,22,33,10.8,5.333333333333333,1.5333333333333334,1.3333333333333333,2.533333333333333,27.266666666666666,1.4666666666666666,68,144,0.4722222222222222,26,40,0.65,0,0,0.0,0.44889975550122246,0.5012376237623762,1.0454545454545454,14.066666666666666,0,0,0,0,0,0.0,0.0,0.0,10.4375,6.28125,1.28125,14.5,0.5070921985815603,0.5279463834092059,0.3625000000000007,-0.947916666666667,0.25208333333333344,-0.43333333333333357,2,16,18,0.47058823529411764,N,5,WE,2361,2354,7,80.0,187
stephst01w,5,DET,0,C,0,7,1,36,4,9,3,0,0,2,7,0.5714285714285714,1.2857142857142858,0.42857142857142855,0.0,0.0,5.142857142857143,0.2857142857142857,2,6,0.3333333333333333,0,2,0.0,0,0,0.0,0.24666666666666665,0.29069767441860467,1.5,1.1428571428571428,0,0,0,0,0,0.0,0.0,0.0,,,,,,,,,,,0,17,17,0.5,Y,3,EA,2366,2381,-15,76.0,205
stevema01w,5,SAS,0,F-C,0,29,0,259,38,35,5,6,4,11,32,1.3103448275862069,1.206896551724138,0.1724137931034483,0.20689655172413793,0.13793103448275862,8.931034482758621,0.3793103448275862,15,45,0.3333333333333333,7,8,0.875,1,1,1.0,0.22980694980694982,0.39159109645507006,0.45454545454545453,1.5862068965517242,0,0,0,0,0,0.0,0.0,0.0,,,,,,,,,,,0,9,25,0.2647058823529412,N,7,WE,2191,2364,-173,75.0,166
stevema01w,6,SEA,0,F-C,0,4,1,53,6,6,1,2,0,4,3,1.5,1.5,0.25,0.5,0.0,13.25,1.0,3,12,0.25,0,0,0.0,0,1,0.0,0.3018867924528302,0.25,0.25,0.5,0,0,0,0,0,0.0,0.0,0.0,1.3103448275862069,1.206896551724138,0.1724137931034483,1.5862068965517242,0.3333333333333333,0.39159109645507006,0.18965517241379315,0.2931034482758621,0.07758620689655171,-1.0862068965517242,1,20,14,0.5882352941176471,Y,2,WE,2498,2407,91,75.0,166
stevema01w,7,PHO,0,F-C,0,2,0,18,3,2,0,1,1,2,3,1.5,1.0,0.0,0.5,0.5,9.0,1.0,1,5,0.2,0,0,0.0,1,1,1.0,0.3888888888888889,0.3,0.0,0.5,0,0,0,0,0,0.0,0.0,0.0,1.5,1.5,0.25,0.5,0.25,0.25,0.0,-0.5,-0.25,0.0,2,18,16,0.5294117647058824,N,5,WE,2960,2879,81,75.0,166
stileja01w,2,POR,0,G,0,32,32,1023,478,77,55,24,3,68,75,14.9375,2.40625,1.71875,0.75,0.09375,31.96875,2.125,156,385,0.4051948051948052,116,149,0.7785234899328859,50,116,0.43103448275862066,0.5069012707722385,0.5304509943181818,0.8088235294117647,9.59375,0,0,0,0,0,0.0,0.0,0.0,,,,,,,,,,,0,11,21,0.34375,N,7,WE,2088,2202,-114,68.0,144
stileja01w,3,POR,0,G,0,21,3,382,125,18,20,4,0,21,38,5.9523809523809526,0.8571428571428571,0.9523809523809523,0.19047619047619047,0.0,18.19047619047619,1.0,43,135,0.31851851851851853,24,30,0.8,15,44,0.3409090909090909,0.44293193717277485,0.421727395411606,0.9523809523809523,2.2857142857142856,0,0,0,0,0,0.0,0.0,0.0,14.9375,2.40625,1.71875,9.59375,0.4051948051948052,0.5304509943181818,-8.985119047619047,-1.5491071428571428,-0.7663690476190477,-7.308035714285714,1,16,16,0.5,N,5,WE,2195,2227,-32,68.0,144
stinsan01w,1,CHA,0,G,0,32,32,1123,565,136,121,55,23,86,77,17.65625,4.25,3.78125,1.71875,0.71875,35.09375,2.6875,214,463,0.46220302375809935,99,134,0.7388059701492538,38,106,0.3584905660377358,0.5413713268032058,0.5412292129665108,1.4069767441860466,16.5625,0,0,0,0,0,0.0,0.0,0.0,,,,,,,,,,,0,8,24,0.25,N,8,EA,2186,2429,-243,70.0,158
stinsan01w,2,CHA,0,G,0,32,32,1006,450,137,88,43,19,70,59,14.0625,4.28125,2.75,1.34375,0.59375,31.4375,2.1875,179,370,0.4837837837837838,63,79,0.7974683544303798,29,65,0.4461538461538462,0.47192842942345925,0.5558849688704418,1.2571428571428571,14.375,1,8,96,49,26,12.0,6.125,3.25,17.65625,4.25,3.78125,16.5625,0.46220302375809935,0.5412292129665108,-3.59375,0.03125,-1.03125,-2.1875,1,18,14,0.5625,Y,4,EA,2055,2009,46,70.0,158
stinsan01w,3,CHA,0,G,0,32,32,950,411,177,91,37,9,52,56,12.84375,5.53125,2.84375,1.15625,0.28125,29.6875,1.625,159,349,0.45558739255014324,64,93,0.6881720430107527,29,70,0.4142857142857143,0.4651789473684211,0.5270311858842839,1.75,14.1875,1,2,30,11,9,15.0,5.5,4.5,14.0625,4.28125,2.75,14.375,0.4837837837837838,0.5558849688704418,-1.21875,1.25,0.09375,-0.1875,2,18,14,0.5625,Y,2,EA,2241,2133,108,70.0,158
stinsan01w,4,CHA,0,G,0,34,34,1000,377,140,97,48,5,75,70,11.088235294117647,4.117647058823529,2.8529411764705883,1.411764705882353,0.14705882352941177,29.41176470588235,2.2058823529411766,147,321,0.45794392523364486,60,79,0.759493670886076,23,75,0.30666666666666664,0.43076,0.5298515853384305,1.2933333333333332,11.735294117647058,1,2,36,9,7,18.0,4.5,3.5,12.84375,5.53125,2.84375,14.1875,0.45558739255014324,0.5270311858842839,-1.7555147058823533,-1.413602941176471,0.009191176470588314,-2.452205882352942,3,18,16,0.5294117647058824,Y,2,EA,2217,2195,22,70.0,158
stinsan01w,5,CHA,0,G,0,34,34,777,203,119,49,27,7,41,60,5.970588235294118,3.5,1.4411764705882353,0.7941176470588235,0.20588235294117646,22.852941176470587,1.2058823529411764,79,191,0.41361256544502617,34,44,0.7727272727272727,11,37,0.2972972972972973,0.3235006435006435,0.4825061798821068,1.1951219512195121,7.117647058823529,0,0,0,0,0,0.0,0.0,0.0,11.088235294117647,4.117647058823529,2.8529411764705883,11.735294117647058,0.45794392523364486,0.5298515853384305,-5.117647058823529,-0.617647058823529,-1.411764705882353,-4.617647058823529,4,16,18,0.47058823529411764,N,5,EA,2092,2168,-76,70.0,158
stinsan01w,6,DET,0,G,0,18,1,102,22,12,13,3,0,4,6,1.2222222222222223,0.6666666666666666,0.7222222222222222,0.16666666666666666,0.0,5.666666666666667,0.2222222222222222,8,23,0.34782608695652173,4,6,0.6666666666666666,2,10,0.2,0.29058823529411765,0.4290171606864274,3.25,1.6111111111111112,0,0,0,0,0,0.0,0.0,0.0,5.970588235294118,3.5,1.4411764705882353,7.117647058823529,0.41361256544502617,0.4825061798821068,-4.748366013071895,-2.8333333333333335,-0.7189542483660131,-5.506535947712418,5,16,18,0.47058823529411764,Y,4,EA,2247,2287,-40,70.0,158
stiresh01w,1,MIN,0,F,0,21,0,117,35,14,7,6,0,14,22,1.6666666666666667,0.6666666666666666,0.3333333333333333,0.2857142857142857,0.0,5.571428571428571,0.6666666666666666,13,29,0.4482758620689655,4,6,0.6666666666666666,5,10,0.5,0.39008547008547007,0.5530973451327433,0.5,1.4285714285714286,0,0,0,0,0,0.0,0.0,0.0,,,,,,,,,,,0,15,17,0.46875,N,6,WE,2193,2188,5,71.0,208
stiresh01w,2,MIN,0,F,0,18,5,201,51,27,14,8,4,19,26,2.8333333333333335,1.5,0.7777777777777778,0.4444444444444444,0.2222222222222222,11.166666666666666,1.0555555555555556,20,53,0.37735849056603776,5,7,0.7142857142857143,6,25,0.24,0.3735323383084577,0.45470756062767476,0.7368421052631579,2.7777777777777777,0,0,0,0,0,0.0,0.0,0.0,1.6666666666666667,0.6666666666666666,0.3333333333333333,1.4285714285714286,0.4482758620689655,0.5530973451327433,1.1666666666666667,0.8333333333333334,0.4444444444444445,1.349206349206349,1,12,20,0.375,N,6,WE,2077,2156,-79,71.0,208
stiresh01w,3,MIN,0,F,0,9,0,22,6,6,1,0,1,2,3,0.6666666666666666,0.6666666666666666,0.1111111111111111,0.0,0.1111111111111111,2.4444444444444446,0.2222222222222222,2,4,0.5,1,2,0.5,1,2,0.5,0.31272727272727274,0.6147540983606558,0.5,1.0,0,0,0,0,0,0.0,0.0,0.0,2.8333333333333335,1.5,0.7777777777777778,2.7777777777777777,0.37735849056603776,0.45470756062767476,-2.166666666666667,-0.8333333333333334,-0.6666666666666667,-1.7777777777777777,2,10,22,0.3125,N,8,WE,2003,2104,-101,71.0,208
stockta01w,2,WAS,0,F-C,0,3,0,11,3,2,0,0,0,0,3,1.0,0.6666666666666666,0.0,0.0,0.0,3.6666666666666665,0.0,1,3,0.3333333333333333,1,2,0.5,0,0,0.0,0.3527272727272727,0.3865979381443299,0.0,0.6666666666666666,0,0,0,0,0,0.0,0.0,0.0,,,,,,,,,,,0,10,22,0.3125,N,8,EA,1928,2075,-147,74.0,165
streiju01w,1,IND,0,F,0,27,6,424,121,71,44,16,23,32,67,4.481481481481482,2.6296296296296298,1.6296296296296295,0.5925925925925926,0.8518518518518519,15.703703703703704,1.1851851851851851,46,117,0.39316239316239315,27,35,0.7714285714285715,2,6,0.3333333333333333,0.3877358490566038,0.4569486404833837,1.375,6.074074074074074,0,0,0,0,0,0.0,0.0,0.0,,,,,,,,,,,0,9,23,0.28125,N,7,EA,2213,2290,-77,74.0,165
streiju01w,2,IND,0,F,0,27,26,707,246,139,52,37,19,52,81,9.11111111111111,5.148148148148148,1.9259259259259258,1.3703703703703705,0.7037037037037037,26.185185185185187,1.9259259259259258,99,207,0.4782608695652174,48,57,0.8421052631578947,0,9,0.0,0.4018104667609619,0.529989658738366,1.0,12.0,0,0,0,0,0,0.0,0.0,0.0,4.481481481481482,2.6296296296296298,1.6296296296296295,6.074074074074074,0.39316239316239315,0.4569486404833837,4.629629629629629,2.518518518518518,0.2962962962962963,5.925925925925926,1,10,22,0.3125,N,6,EA,2153,2249,-96,74.0,165
streiju01w,6,IND,0,F,0,34,20,686,186,101,32,29,11,36,75,5.470588235294118,2.9705882352941178,0.9411764705882353,0.8529411764705882,0.3235294117647059,20.176470588235293,1.0588235294117647,82,178,0.4606741573033708,19,27,0.7037037037037037,3,6,0.5,0.32927113702623906,0.48978302085527703,0.8888888888888888,6.4411764705882355,1,4,18,18,5,4.5,4.5,1.25,9.11111111111111,5.148148148148148,1.9259259259259258,12.0,0.4782608695652174,0.529989658738366,-3.640522875816993,-2.17755991285403,-0.9847494553376905,-5.5588235294117645,2,21,13,0.6176470588235294,Y,2,EA,2170,2133,37,74.0,165
strotan01w,7,PHO,0,G-F,0,8,0,39,16,5,2,1,2,0,3,2.0,0.625,0.25,0.125,0.25,4.875,0.0,6,14,0.42857142857142855,0,0,0.0,4,10,0.4,0.358974358974359,0.5714285714285714,2.0,2.25,0,0,0,0,0,0.0,0.0,0.0,,,,,,,,,,,0,18,16,0.5294117647058824,N,5,WE,2960,2879,81,75.0,166
strotan01w,8,IND,0,G-F,0,12,0,69,28,9,3,0,0,2,5,2.3333333333333335,0.75,0.25,0.0,0.0,5.75,0.16666666666666666,10,31,0.3225806451612903,2,2,1.0,6,15,0.4,0.49101449275362313,0.4391468005018821,1.5,1.4166666666666667,1,3,7,3,2,2.3333333333333335,1.0,0.6666666666666666,2.0,0.625,0.25,2.25,0.42857142857142855,0.5714285714285714,0.3333333333333335,0.125,0.0,-0.8333333333333333,1,21,13,0.6176470588235294,Y,2,EA,2480,2370,110,75.0,166
strotan01w,9,ATL,0,G-F,0,21,0,160,39,13,7,5,3,3,17,1.8571428571428572,0.6190476190476191,0.3333333333333333,0.23809523809523808,0.14285714285714285,7.619047619047619,0.14285714285714285,12,34,0.35294117647058826,8,12,0.6666666666666666,7,19,0.3684210526315789,0.26425,0.49643584521384926,2.3333333333333335,1.8095238095238095,0,0,0,0,0,0.0,0.0,0.0,2.3333333333333335,0.75,0.25,1.4166666666666667,0.3225806451612903,0.4391468005018821,-0.4761904761904763,-0.13095238095238093,0.08333333333333331,0.3928571428571428,2,4,30,0.11764705882352941,N,7,EA,2534,2879,-345,75.0,166
summela01w,6,CON,0,C,0,11,0,43,10,10,3,2,0,4,11,0.9090909090909091,0.9090909090909091,0.2727272727272727,0.18181818181818182,0.0,3.909090909090909,0.36363636363636365,3,9,0.3333333333333333,4,5,0.8,0,0,0.0,0.35348837209302325,0.44642857142857145,0.75,1.2727272727272727,1,2,0,0,0,0.0,0.0,0.0,,,,,,,,,,,0,26,8,0.7647058823529411,Y,1,EA,2474,2244,230,74.0,167
summela01w,7,CON,0,C,0,33,3,359,83,36,19,3,2,20,38,2.515151515151515,1.0909090909090908,0.5757575757575758,0.09090909090909091,0.06060606060606061,10.878787878787879,0.6060606060606061,32,74,0.43243243243243246,16,27,0.5925925925925926,3,15,0.2,0.29493036211699164,0.48323241732650213,0.95,2.121212121212121,1,2,2,1,0,1.0,0.5,0.0,0.9090909090909091,0.9090909090909091,0.2727272727272727,1.2727272727272727,0.3333333333333333,0.44642857142857145,1.606060606060606,0.18181818181818177,0.3030303030303031,0.8484848484848484,1,26,8,0.7647058823529411,Y,1,EA,2683,2417,266,74.0,167
sun-mju01w,4,SEA,0,C,0,17,0,118,30,10,1,5,0,5,13,1.7647058823529411,0.5882352941176471,0.058823529411764705,0.29411764705882354,0.0,6.9411764705882355,0.29411764705882354,13,32,0.40625,4,4,1.0,0,7,0.0,0.3284745762711864,0.4443127962085308,0.2,1.2941176470588236,0,0,0,0,0,0.0,0.0,0.0,,,,,,,,,,,0,18,16,0.5294117647058824,N,5,WE,2388,2274,114,73.0,168
suttota01w,2,CHA,0,C,0,29,21,602,196,129,11,21,39,40,84,6.758620689655173,4.448275862068965,0.3793103448275862,0.7241379310344828,1.3448275862068966,20.75862068965517,1.3793103448275863,72,147,0.4897959183673469,52,72,0.7222222222222222,0,0,0.0,0.3632558139534884,0.5484665323483322,0.275,9.0,1,8,60,26,4,7.5,3.25,0.5,,,,,,,,,,,0,18,14,0.5625,Y,4,EA,2055,2009,46,76.0,199
suttota01w,3,CHA,0,C,0,32,29,885,382,191,15,29,36,49,125,11.9375,5.96875,0.46875,0.90625,1.125,27.65625,1.53125,129,243,0.5308641975308642,124,174,0.7126436781609196,0,0,0.0,0.41645197740112994,0.5976968331455752,0.30612244897959184,13.75,1,2,15,12,0,7.5,6.0,0.0,6.758620689655173,4.448275862068965,0.3793103448275862,9.0,0.4897959183673469,0.5484665323483322,5.178879310344827,1.5204741379310347,0.08943965517241381,4.75,1,18,14,0.5625,Y,2,EA,2241,2133,108,76.0,199
suttota01w,4,CHA,0,C,0,34,33,864,286,201,15,19,50,59,132,8.411764705882353,5.911764705882353,0.4411764705882353,0.5588235294117647,1.4705882352941178,25.41176470588235,1.7352941176470589,98,233,0.4206008583690987,90,131,0.6870229007633588,0,0,0.0,0.4046759259259259,0.49201761629507296,0.2542372881355932,9.882352941176471,1,2,4,6,0,2.0,3.0,0.0,11.9375,5.96875,0.46875,13.75,0.5308641975308642,0.5976968331455752,-3.5257352941176467,-0.056985294117646745,-0.02757352941176472,-3.867647058823529,2,18,16,0.5294117647058824,Y,2,EA,2217,2195,22,76.0,199
suttota01w,5,CHA,0,C,0,34,34,970,325,211,15,31,71,71,111,9.558823529411764,6.205882352941177,0.4411764705882353,0.9117647058823529,2.088235294117647,28.529411764705884,2.088235294117647,106,224,0.4732142857142857,113,162,0.6975308641975309,0,0,0.0,0.3776082474226804,0.5503251151449472,0.2112676056338028,12.205882352941176,0,0,0,0,0,0.0,0.0,0.0,8.411764705882353,5.911764705882353,0.4411764705882353,9.882352941176471,0.4206008583690987,0.49201761629507296,1.1470588235294112,0.2941176470588234,0.0,2.3235294117647047,3,16,18,0.47058823529411764,N,5,EA,2092,2168,-76,76.0,199
suttota01w,6,CHA,0,C,0,34,33,887,318,179,14,30,37,69,138,9.352941176470589,5.264705882352941,0.4117647058823529,0.8823529411764706,1.088235294117647,26.08823529411765,2.0294117647058822,111,218,0.5091743119266054,96,141,0.6808510638297872,0,0,0.0,0.39350620067643743,0.5677760319954291,0.2028985507246377,10.5,0,0,0,0,0,0.0,0.0,0.0,9.558823529411764,6.205882352941177,0.4411764705882353,12.205882352941176,0.4732142857142857,0.5503251151449472,-0.20588235294117574,-0.9411764705882355,-0.02941176470588236,-1.7058823529411757,4,6,28,0.17647058823529413,N,6,EA,2095,2335,-240,76.0,199
suttota01w,7,CHA,0,C,0,30,30,800,335,176,20,26,55,71,105,11.166666666666666,5.866666666666666,0.6666666666666666,0.8666666666666667,1.8333333333333333,26.666666666666668,2.3666666666666667,118,242,0.48760330578512395,99,155,0.6387096774193548,0,0,0.0,0.4765,0.5399742101869761,0.28169014084507044,12.033333333333333,0,0,0,0,0,0.0,0.0,0.0,9.352941176470589,5.264705882352941,0.4117647058823529,10.5,0.5091743119266054,0.5677760319954291,1.8137254901960773,0.6019607843137251,0.2549019607843137,1.5333333333333332,5,11,23,0.3235294117647059,N,6,EA,2456,2571,-115,76.0,199
suttota01w,8,IND,0,C,0,34,33,860,409,184,30,35,47,85,115,12.029411764705882,5.411764705882353,0.8823529411764706,1.0294117647058822,1.3823529411764706,25.294117647058822,2.5,149,307,0.48534201954397393,111,155,0.7161290322580646,0,0,0.0,0.5351162790697674,0.545042643923241,0.35294117647058826,12.294117647058824,1,6,42,28,4,7.0,4.666666666666667,0.6666666666666666,11.166666666666666,5.866666666666666,0.6666666666666666,12.033333333333333,0.48760330578512395,0.5399742101869761,0.8627450980392162,-0.454901960784313,0.21568627450980393,0.26078431372549105,6,21,13,0.6176470588235294,Y,2,EA,2480,2370,110,76.0,199
suttota01w,9,IND,0,C,0,33,33,956,389,208,17,20,57,69,113,11.787878787878787,6.303030303030303,0.5151515151515151,0.6060606060606061,1.7272727272727273,28.96969696969697,2.090909090909091,143,289,0.49480968858131485,103,153,0.673202614379085,0,1,0.0,0.44489539748953977,0.5458576560395151,0.2463768115942029,12.909090909090908,1,3,44,16,1,14.666666666666666,5.333333333333333,0.3333333333333333,12.029411764705882,5.411764705882353,0.8823529411764706,12.294117647058824,0.48534201954397393,0.545042643923241,-0.24153297682709507,0.8912655971479495,-0.3672014260249554,0.614973262032084,7,17,17,0.5,Y,4,EA,2473,2457,16,76.0,199
suttota01w,10,IND,0,C,0,27,25,680,266,158,23,15,40,49,76,9.851851851851851,5.851851851851852,0.8518518518518519,0.5555555555555556,1.4814814814814814,25.185185185185187,1.8148148148148149,95,204,0.46568627450980393,76,102,0.7450980392156863,0,0,0.0,0.4380588235294118,0.5343940855030537,0.46938775510204084,11.777777777777779,1,10,143,56,5,14.3,5.6,0.5,11.787878787878787,6.303030303030303,0.5151515151515151,12.909090909090908,0.49480968858131485,0.5458576560395151,-1.936026936026936,-0.4511784511784507,0.3367003367003367,-1.1313131313131297,8,22,12,0.6470588235294118,Y,1,EA,2606,2501,105,76.0,199
swanike01w,9,CON,0,G,0,25,6,231,41,29,26,14,1,20,17,1.64,1.16,1.04,0.56,0.04,9.24,0.8,13,47,0.2765957446808511,8,10,0.8,7,30,0.23333333333333334,0.30909090909090914,0.39883268482490275,1.3,2.2,0,0,0,0,0,0.0,0.0,0.0,,,,,,,,,,,0,21,13,0.6176470588235294,Y,2,EA,2690,2541,149,67.0,144
swanike01w,10,PHO,0,G,0,33,0,388,93,53,54,15,3,46,34,2.8181818181818183,1.606060606060606,1.6363636363636365,0.45454545454545453,0.09090909090909091,11.757575757575758,1.393939393939394,33,88,0.375,16,18,0.8888888888888888,11,33,0.3333333333333333,0.3657731958762887,0.4847789824854045,1.173913043478261,3.484848484848485,1,9,20,9,13,2.2222222222222223,1.0,1.4444444444444444,1.64,1.16,1.04,2.2,0.2765957446808511,0.39883268482490275,1.1781818181818184,0.44606060606060605,0.5963636363636364,1.2848484848484847,1,23,11,0.6764705882352942,Y,1,WE,3156,3031,125,67.0,144
swoopsh01w,1,HOU,0,F-G,1,31,31,1090,643,195,119,87,33,82,67,20.741935483870968,6.290322580645161,3.838709677419355,2.806451612903226,1.064516129032258,35.16129032258065,2.6451612903225805,245,484,0.506198347107438,119,145,0.8206896551724138,34,91,0.37362637362637363,0.5777981651376146,0.5868930266520629,1.451219512195122,23.548387096774192,1,6,113,34,19,18.833333333333332,5.666666666666667,3.1666666666666665,,,,,,,,,,,0,27,5,0.84375,Y,2,WE,2475,2066,409,72.0,145
swoopsh01w,3,HOU,0,F-G,1,32,32,1154,592,158,107,88,23,87,50,18.5,4.9375,3.34375,2.75,0.71875,36.0625,2.71875,221,509,0.43418467583497056,127,154,0.8246753246753247,23,80,0.2875,0.5751819757365685,0.5132117345169568,1.2298850574712643,17.6875,1,3,73,22,17,24.333333333333332,7.333333333333333,5.666666666666667,20.741935483870968,6.290322580645161,3.838709677419355,23.548387096774192,0.506198347107438,0.5868930266520629,-2.241935483870968,-1.352822580645161,-0.494959677419355,-5.860887096774192,1,24,8,0.75,Y,2,WE,2072,1892,180,72.0,145
swoopsh01w,4,HOU,0,F-G,0,31,30,1084,484,143,121,77,26,73,48,15.612903225806452,4.612903225806452,3.903225806451613,2.4838709677419355,0.8387096774193549,34.96774193548387,2.3548387096774195,175,434,0.4032258064516129,110,124,0.8870967741935484,24,79,0.3037974683544304,0.5180442804428044,0.4953332241689864,1.6575342465753424,16.29032258064516,1,3,56,19,13,18.666666666666668,6.333333333333333,4.333333333333333,18.5,4.9375,3.34375,17.6875,0.43418467583497056,0.5132117345169568,-2.887096774193548,-0.32459677419354804,0.559475806451613,-1.3971774193548399,2,20,14,0.5882352941176471,Y,2,WE,2244,2142,102,72.0,145
swoopsh01w,5,HOU,0,F-G,0,31,31,1070,459,153,91,47,16,59,56,14.806451612903226,4.935483870967742,2.935483870967742,1.5161290322580645,0.5161290322580645,34.516129032258064,1.903225806451613,181,429,0.4219114219114219,77,90,0.8555555555555555,20,65,0.3076923076923077,0.49308411214953274,0.48975672215108834,1.5423728813559323,14.387096774193548,0,0,0,0,0,0.0,0.0,0.0,15.612903225806452,4.612903225806452,3.903225806451613,16.29032258064516,0.4032258064516129,0.4953332241689864,-0.806451612903226,0.32258064516129004,-0.967741935483871,-1.903225806451612,3,13,21,0.38235294117647056,N,6,WE,2177,2211,-34,72.0,145
swoopsh01w,6,HOU,0,F-G,1,33,33,1225,614,119,141,66,26,72,54,18.606060606060606,3.606060606060606,4.2727272727272725,2.0,0.7878787878787878,37.121212121212125,2.1818181818181817,217,486,0.44650205761316875,153,180,0.85,27,75,0.36,0.5201632653061224,0.5431705590941259,1.9583333333333333,18.12121212121212,1,5,92,28,19,18.4,5.6,3.8,14.806451612903226,4.935483870967742,2.935483870967742,14.387096774193548,0.4219114219114219,0.48975672215108834,3.7996089931573795,-1.329423264907136,1.3372434017595305,3.734115347018573,4,19,15,0.5588235294117647,Y,3,WE,2309,2263,46,72.0,145
swoopsh01w,7,HOU,0,F-G,0,31,31,1111,482,183,115,64,9,74,46,15.548387096774194,5.903225806451613,3.7096774193548385,2.064516129032258,0.2903225806451613,35.83870967741935,2.3870967741935485,180,436,0.41284403669724773,97,127,0.7637795275590551,25,90,0.2777777777777778,0.5093429342934294,0.48995690005692444,1.554054054054054,15.903225806451612,1,2,22,5,3,11.0,2.5,1.5,18.606060606060606,3.606060606060606,4.2727272727272725,18.12121212121212,0.44650205761316875,0.5431705590941259,-3.0576735092864116,2.297165200391007,-0.563049853372434,-2.217986314760509,5,18,16,0.5294117647058824,Y,3,WE,2507,2449,58,72.0,145
swoopsh01w,8,HOU,0,F-G,0,3,3,106,23,17,11,5,1,9,3,7.666666666666667,5.666666666666667,3.6666666666666665,1.6666666666666667,0.3333333333333333,35.333333333333336,3.0,9,25,0.36,4,4,1.0,1,7,0.14285714285714285,0.3373584905660378,0.429745889387145,1.2222222222222223,10.666666666666666,0,0,0,0,0,0.0,0.0,0.0,15.548387096774194,5.903225806451613,3.7096774193548385,15.903225806451612,0.41284403669724773,0.48995690005692444,-7.881720430107527,-0.23655913978494603,-0.043010752688172005,-5.236559139784946,6,13,21,0.38235294117647056,N,5,WE,2510,2628,-118,72.0,145
swoopsh01w,9,SEA,0,F-G,0,29,25,706,205,126,60,43,9,31,44,7.068965517241379,4.344827586206897,2.0689655172413794,1.4827586206896552,0.3103448275862069,24.344827586206897,1.0689655172413792,75,192,0.390625,41,59,0.6949152542372882,14,63,0.2222222222222222,0.35263456090651557,0.4702697742705083,1.935483870967742,9.551724137931034,1,3,26,10,3,8.666666666666666,3.3333333333333335,1.0,7.666666666666667,5.666666666666667,3.6666666666666665,10.666666666666666,0.36,0.429745889387145,-0.597701149425288,-1.3218390804597702,-1.597701149425287,-1.1149425287356323,7,22,12,0.6470588235294118,Y,2,WE,2493,2406,87,72.0,145
tateso01w,1,MIN,0,G,0,8,0,94,27,13,5,3,0,7,13,3.375,1.625,0.625,0.375,0.0,11.75,0.875,10,22,0.45454545454545453,1,2,0.5,6,11,0.5454545454545454,0.3178723404255319,0.5900349650349651,0.7142857142857143,3.5,0,0,0,0,0,0.0,0.0,0.0,,,,,,,,,,,0,15,17,0.46875,N,6,WE,2193,2188,5,66.0,157
tauradi01w,5,PHO,0,F-G,0,34,34,1130,578,149,132,43,25,90,117,17.0,4.382352941176471,3.8823529411764706,1.2647058823529411,0.7352941176470589,33.23529411764706,2.6470588235294117,209,503,0.415506958250497,98,129,0.7596899224806202,62,188,0.32978723404255317,0.5750088495575221,0.5162926968700872,1.4666666666666666,15.058823529411764,0,0,0,0,0,0.0,0.0,0.0,,,,,,,,,,,0,17,17,0.5,N,5,WE,2300,2235,65,72.0,172
tauradi01w,6,PHO,0,F-G,0,33,33,1089,527,138,150,38,28,112,111,15.969696969696969,4.181818181818182,4.545454545454546,1.1515151515151516,0.8484848484848485,33.0,3.393939393939394,175,427,0.4098360655737705,121,151,0.8013245033112583,56,179,0.3128491620111732,0.555959595959596,0.5340061608300908,1.3392857142857142,14.757575757575758,0,0,0,0,0,0.0,0.0,0.0,17.0,4.382352941176471,3.8823529411764706,15.058823529411764,0.415506958250497,0.5162926968700872,-1.0303030303030312,-0.20053475935828935,0.6631016042780753,-0.3012477718360067,1,16,18,0.47058823529411764,N,5,WE,2361,2354,7,72.0,172
tauradi01w,7,PHO,0,F-G,0,34,34,1152,860,122,139,42,27,79,100,25.294117647058822,3.588235294117647,4.088235294117647,1.2352941176470589,0.7941176470588235,33.88235294117647,2.323529411764706,298,660,0.45151515151515154,143,183,0.7814207650273224,121,305,0.39672131147540984,0.7113888888888888,0.5806730405660887,1.759493670886076,20.852941176470587,0,0,0,0,0,0.0,0.0,0.0,15.969696969696969,4.181818181818182,4.545454545454546,14.757575757575758,0.4098360655737705,0.5340061608300908,9.324420677361854,-0.5935828877005345,-0.4572192513368991,6.095365418894829,2,18,16,0.5294117647058824,N,5,WE,2960,2879,81,72.0,172
tauradi01w,8,PHO,0,F-G,0,32,32,1025,613,135,137,45,34,84,106,19.15625,4.21875,4.28125,1.40625,1.0625,32.03125,2.625,206,468,0.44017094017094016,106,127,0.8346456692913385,95,259,0.3667953667953668,0.5930536585365853,0.585057646789341,1.630952380952381,18.65625,1,9,179,39,27,19.88888888888889,4.333333333333333,3.0,25.294117647058822,3.588235294117647,4.088235294117647,20.852941176470587,0.45151515151515154,0.5806730405660887,-6.1378676470588225,0.6305147058823528,0.19301470588235325,-2.196691176470587,3,23,11,0.6764705882352942,Y,1,WE,3025,2904,121,72.0,172
tauradi01w,9,PHO,0,F-G,0,34,34,1083,820,172,121,46,46,83,125,24.11764705882353,5.0588235294117645,3.5588235294117645,1.3529411764705883,1.3529411764705883,31.852941176470587,2.4411764705882355,258,579,0.44559585492227977,215,247,0.8704453441295547,89,247,0.3603238866396761,0.7116158818097876,0.5962075383899488,1.4578313253012047,22.61764705882353,0,0,0,0,0,0.0,0.0,0.0,19.15625,4.21875,4.28125,18.65625,0.44017094017094016,0.585057646789341,4.961397058823529,0.8400735294117645,-0.7224264705882355,3.961397058823529,4,16,18,0.47058823529411764,N,6,WE,3010,3009,1,72.0,172
tauradi01w,10,PHO,0,F-G,1,31,31,976,631,178,109,36,43,82,95,20.35483870967742,5.741935483870968,3.5161290322580645,1.1612903225806452,1.3870967741935485,31.483870967741936,2.6451612903225805,200,434,0.4608294930875576,152,170,0.8941176470588236,79,194,0.4072164948453608,0.6053278688524589,0.6200864779874213,1.329268292682927,21.387096774193548,1,11,245,65,42,22.272727272727273,5.909090909090909,3.8181818181818183,24.11764705882353,5.0588235294117645,3.5588235294117645,22.61764705882353,0.44559585492227977,0.5962075383899488,-3.762808349146109,0.6831119544592035,-0.042694497153699995,-1.230550284629981,5,23,11,0.6764705882352942,Y,1,WE,3156,3031,125,72.0,172
tayloli01w,5,PHO,0,C,0,5,0,26,3,3,2,1,1,1,7,0.6,0.6,0.4,0.2,0.2,5.2,0.2,1,5,0.2,0,0,0.0,1,3,0.3333333333333333,0.23076923076923078,0.3,2.0,1.0,0,0,0,0,0,0.0,0.0,0.0,,,,,,,,,,,0,17,17,0.5,N,5,WE,2300,2235,65,80.0,200
taylope01w,2,CLE,0,F,0,32,0,561,230,112,44,35,11,38,46,7.1875,3.5,1.375,1.09375,0.34375,17.53125,1.1875,86,225,0.38222222222222224,36,46,0.782608695652174,22,73,0.3013698630136986,0.5048841354723708,0.4689283966726472,1.1578947368421053,7.65625,1,3,21,9,3,7.0,3.0,1.0,,,,,,,,,,,0,22,10,0.6875,Y,1,EA,2004,1788,216,73.0,168
taylope01w,3,CLE,0,F,0,30,26,908,391,158,68,37,11,58,66,13.033333333333333,5.266666666666667,2.2666666666666666,1.2333333333333334,0.36666666666666664,30.266666666666666,1.9333333333333333,133,320,0.415625,87,102,0.8529411764705882,38,111,0.34234234234234234,0.465726872246696,0.535792589344442,1.1724137931034482,13.5,0,0,0,0,0,0.0,0.0,0.0,7.1875,3.5,1.375,7.65625,0.38222222222222224,0.4689283966726472,5.845833333333333,1.7666666666666666,0.8916666666666666,5.84375,1,10,22,0.3125,N,7,EA,2071,2140,-69,73.0,168
taylope01w,4,CLE,0,F,0,34,33,898,398,148,80,38,10,60,53,11.705882352941176,4.352941176470588,2.3529411764705883,1.1176470588235294,0.29411764705882354,26.41176470588235,1.7647058823529411,143,340,0.42058823529411765,78,95,0.8210526315789474,34,99,0.3434343434343434,0.49198218262806237,0.5212152959664745,1.3333333333333333,11.764705882352942,1,3,45,13,3,15.0,4.333333333333333,1.0,13.033333333333333,5.266666666666667,2.2666666666666666,13.5,0.415625,0.535792589344442,-1.3274509803921575,-0.9137254901960787,0.0862745098039217,-1.735294117647058,2,17,17,0.5,Y,4,EA,2229,2210,19,73.0,168
taylope01w,5,PHO,0,F,0,33,33,1076,434,160,82,52,14,81,108,13.151515151515152,4.848484848484849,2.484848484848485,1.5757575757575757,0.42424242424242425,32.60606060606061,2.4545454545454546,150,310,0.4838709677419355,93,108,0.8611111111111112,41,96,0.4270833333333333,0.40754646840148695,0.6069590512418886,1.0123456790123457,14.727272727272727,0,0,0,0,0,0.0,0.0,0.0,11.705882352941176,4.352941176470588,2.3529411764705883,11.764705882352942,0.42058823529411765,0.5212152959664745,1.4456327985739765,0.49554367201426075,0.13190730837789655,2.9625668449197846,3,17,17,0.5,N,5,WE,2300,2235,65,73.0,168
taylope01w,6,PHO,0,F,0,29,29,852,382,120,94,38,11,77,86,13.172413793103448,4.137931034482759,3.2413793103448274,1.3103448275862069,0.3793103448275862,29.379310344827587,2.6551724137931036,121,261,0.46360153256704983,102,118,0.864406779661017,38,94,0.40425531914893614,0.45765258215962445,0.610379649750735,1.2207792207792207,14.206896551724139,0,0,0,0,0,0.0,0.0,0.0,13.151515151515152,4.848484848484849,2.484848484848485,14.727272727272727,0.4838709677419355,0.6069590512418886,0.02089864158829613,-0.7105538140020897,0.7565308254963425,-0.5203761755485878,4,16,18,0.47058823529411764,N,5,WE,2361,2354,7,73.0,168
taylope01w,7,PHO,0,F,0,20,8,536,277,113,51,29,9,29,57,13.85,5.65,2.55,1.45,0.45,26.8,1.45,98,220,0.44545454545454544,57,66,0.8636363636363636,24,65,0.36923076923076925,0.5187313432835821,0.5561355605525217,1.7586206896551724,15.95,0,0,0,0,0,0.0,0.0,0.0,13.172413793103448,4.137931034482759,3.2413793103448274,14.206896551724139,0.46360153256704983,0.610379649750735,0.6775862068965512,1.5120689655172415,-0.6913793103448276,1.7431034482758605,5,18,16,0.5294117647058824,N,5,WE,2960,2879,81,73.0,168
taylope01w,8,PHO,0,F,0,34,34,1010,605,214,98,51,22,77,120,17.794117647058822,6.294117647058823,2.8823529411764706,1.5,0.6470588235294118,29.705882352941178,2.264705882352941,198,397,0.4987405541561713,175,198,0.8838383838383839,34,90,0.37777777777777777,0.5555643564356436,0.6248450797322977,1.2727272727272727,20.323529411764707,1,9,174,71,34,19.333333333333332,7.888888888888889,3.7777777777777777,13.85,5.65,2.55,15.95,0.44545454545454544,0.5561355605525217,3.944117647058823,0.644117647058823,0.33235294117647074,4.373529411764707,6,23,11,0.6764705882352942,Y,1,WE,3025,2904,121,73.0,168
taylope01w,10,PHO,0,F,0,14,1,283,153,34,32,18,2,31,32,10.928571428571429,2.4285714285714284,2.2857142857142856,1.2857142857142858,0.14285714285714285,20.214285714285715,2.2142857142857144,50,108,0.46296296296296297,43,48,0.8958333333333334,10,25,0.4,0.5657950530035336,0.5924721189591078,1.032258064516129,10.357142857142858,1,11,157,38,37,14.272727272727273,3.4545454545454546,3.3636363636363638,17.794117647058822,6.294117647058823,2.8823529411764706,20.323529411764707,0.4987405541561713,0.6248450797322977,-6.865546218487394,-3.865546218487395,-0.596638655462185,-9.966386554621849,7,23,11,0.6764705882352942,Y,1,WE,3156,3031,125,73.0,168
teaslni01w,3,LAS,0,G,0,32,32,882,204,84,140,25,9,68,63,6.375,2.625,4.375,0.78125,0.28125,27.5625,2.125,67,166,0.4036144578313253,30,40,0.75,40,100,0.4,0.2852607709750567,0.5555555555555556,2.0588235294117645,8.90625,1,6,49,13,47,8.166666666666666,2.1666666666666665,7.833333333333333,,,,,,,,,,,0,25,7,0.78125,Y,1,WE,2452,2235,217,72.0,169
teaslni01w,4,LAS,0,G,0,34,34,1189,392,175,214,39,15,108,68,11.529411764705882,5.147058823529412,6.294117647058823,1.1470588235294117,0.4411764705882353,34.970588235294116,3.176470588235294,112,288,0.3888888888888889,98,112,0.875,70,165,0.42424242424242425,0.3744995794785534,0.5811195445920304,1.9814814814814814,15.794117647058824,1,9,70,40,71,7.777777777777778,4.444444444444445,7.888888888888889,6.375,2.625,4.375,8.90625,0.4036144578313253,0.5555555555555556,5.154411764705882,2.522058823529412,1.9191176470588234,6.887867647058824,1,24,10,0.7058823529411765,Y,1,WE,2499,2432,67,72.0,169
teaslni01w,5,LAS,0,G,0,34,34,1105,336,116,207,43,7,103,89,9.882352941176471,3.411764705882353,6.088235294117647,1.2647058823529411,0.20588235294117646,32.5,3.0294117647058822,108,278,0.38848920863309355,52,68,0.7647058823529411,68,165,0.4121212121212121,0.37187330316742084,0.5455962587685113,2.0097087378640777,12.352941176470589,1,3,19,3,16,6.333333333333333,1.0,5.333333333333333,11.529411764705882,5.147058823529412,6.294117647058823,15.794117647058824,0.3888888888888889,0.5811195445920304,-1.6470588235294112,-1.7352941176470593,-0.20588235294117663,-3.4411764705882355,2,25,9,0.7352941176470589,Y,1,WE,2495,2361,134,72.0,169
teaslni01w,6,LAS,0,G,0,19,19,551,141,53,70,23,4,47,38,7.421052631578948,2.789473684210526,3.6842105263157894,1.2105263157894737,0.21052631578947367,29.0,2.473684210526316,45,135,0.3333333333333333,22,26,0.8461538461538461,29,94,0.30851063829787234,0.35107078039927403,0.48142583993444416,1.4893617021276595,7.894736842105263,1,2,22,5,14,11.0,2.5,7.0,9.882352941176471,3.411764705882353,6.088235294117647,12.352941176470589,0.38848920863309355,0.5455962587685113,-2.461300309597523,-0.6222910216718267,-2.4040247678018574,-4.458204334365326,3,17,17,0.5,Y,4,WE,2326,2345,-19,72.0,169
teaslni01w,7,WAS,0,G,0,34,34,975,364,89,183,44,11,77,81,10.705882352941176,2.6176470588235294,5.382352941176471,1.2941176470588236,0.3235294117647059,28.676470588235293,2.264705882352941,118,318,0.3710691823899371,76,92,0.8260869565217391,52,151,0.3443708609271523,0.44664615384615386,0.5076991742914527,2.3766233766233764,11.705882352941176,1,2,20,10,8,10.0,5.0,4.0,7.421052631578948,2.789473684210526,3.6842105263157894,7.894736842105263,0.3333333333333333,0.48142583993444416,3.284829721362228,-0.17182662538699667,1.6981424148606816,3.811145510835913,4,18,16,0.5294117647058824,Y,4,EA,2747,2657,90,72.0,169
teaslni01w,8,WAS,0,G,0,33,33,746,172,73,109,23,6,62,80,5.212121212121212,2.212121212121212,3.303030303030303,0.696969696969697,0.18181818181818182,22.606060606060606,1.878787878787879,51,152,0.3355263157894737,42,45,0.9333333333333333,28,85,0.32941176470588235,0.3134048257372654,0.5005820721769499,1.7580645161290323,6.575757575757576,0,0,0,0,0,0.0,0.0,0.0,10.705882352941176,2.6176470588235294,5.382352941176471,11.705882352941176,0.3710691823899371,0.5076991742914527,-5.493761140819964,-0.4055258467023175,-2.079322638146168,-5.1301247771836,5,16,18,0.47058823529411764,N,5,EA,2585,2639,-54,72.0,169
teaslni01w,10,ATL,1,G,0,10,10,234,39,17,35,9,1,12,28,3.9,1.7,3.5,0.9,0.1,23.4,1.2,12,30,0.4,8,10,0.8,7,17,0.4117647058823529,0.19829059829059828,0.5668604651162791,2.9166666666666665,6.9,0,0,0,0,0,0.0,0.0,0.0,5.212121212121212,2.212121212121212,3.303030303030303,6.575757575757576,0.3355263157894737,0.5005820721769499,-1.312121212121212,-0.512121212121212,0.1969696969696968,0.3242424242424242,6,18,16,0.5294117647058824,Y,2,EA,2861,2797,64,72.0,169
teaslni01w,10,DET,2,G,0,11,7,222,42,14,24,6,4,16,16,3.8181818181818183,1.2727272727272727,2.1818181818181817,0.5454545454545454,0.36363636363636365,20.181818181818183,1.4545454545454546,15,39,0.38461538461538464,2,2,1.0,10,30,0.3333333333333333,0.25171171171171175,0.5265797392176529,1.5,4.545454545454546,1,5,24,1,9,4.8,0.2,1.8,3.9,1.7,3.5,6.9,0.4,0.5668604651162791,-0.08181818181818157,-0.42727272727272725,-1.3181818181818183,-2.3545454545454545,7,18,16,0.5294117647058824,Y,3,EA,2652,2644,8,72.0,169
teilaza01w,7,WAS,0,C,0,16,0,105,29,27,1,3,3,4,18,1.8125,1.6875,0.0625,0.1875,0.1875,6.5625,0.25,14,26,0.5384615384615384,1,2,0.5,0,0,0.0,0.2940952380952381,0.5394345238095238,0.25,2.875,1,2,0,0,0,0.0,0.0,0.0,,,,,,,,,,,0,18,16,0.5294117647058824,Y,4,EA,2747,2657,90,79.0,170
terryka01w,7,IND,0,C-F,0,10,0,53,23,14,0,0,3,8,14,2.3,1.4,0.0,0.0,0.3,5.3,0.8,11,19,0.5789473684210527,1,5,0.2,0,0,0.0,0.5509433962264151,0.5424528301886793,0.0,2.0,0,0,0,0,0,0.0,0.0,0.0,,,,,,,,,,,0,21,13,0.6176470588235294,Y,3,EA,2435,2316,119,75.0,183
terryka01w,8,IND,0,C-F,0,9,0,54,9,14,1,2,3,11,18,1.0,1.5555555555555556,0.1111111111111111,0.2222222222222222,0.3333333333333333,6.0,1.2222222222222223,3,12,0.25,3,4,0.75,0,0,0.0,0.4585185185185185,0.32703488372093026,0.09090909090909091,0.8888888888888888,0,0,0,0,0,0.0,0.0,0.0,2.3,1.4,0.0,2.0,0.5789473684210527,0.5424528301886793,-1.2999999999999998,0.15555555555555567,0.1111111111111111,-1.1111111111111112,1,21,13,0.6176470588235294,Y,2,EA,2480,2370,110,75.0,183
terryka01w,9,ATL,2,C-F,0,20,8,275,92,64,10,10,11,37,52,4.6,3.2,0.5,0.5,0.55,13.75,1.85,36,76,0.47368421052631576,20,33,0.6060606060606061,0,0,0.0,0.4637090909090909,0.5081749889527176,0.2702702702702703,4.85,0,0,0,0,0,0.0,0.0,0.0,1.0,1.5555555555555556,0.1111111111111111,0.8888888888888888,0.25,0.32703488372093026,3.5999999999999996,1.6444444444444446,0.3888888888888889,3.961111111111111,2,4,30,0.11764705882352941,N,7,EA,2534,2879,-345,75.0,183
terryka01w,9,IND,1,C-F,0,2,0,24,2,5,2,0,0,6,3,1.0,2.5,1.0,0.0,0.0,12.0,3.0,1,5,0.2,0,0,0.0,0,0,0.0,0.4583333333333333,0.2,0.3333333333333333,-0.5,0,0,0,0,0,0.0,0.0,0.0,4.6,3.2,0.5,4.85,0.47368421052631576,0.5081749889527176,-3.5999999999999996,-0.7000000000000002,0.5,-5.35,3,17,17,0.5,Y,4,EA,2473,2457,16,75.0,183
thomaca01w,8,CHI,0,F,0,17,0,122,43,28,3,1,4,7,22,2.5294117647058822,1.6470588235294117,0.17647058823529413,0.058823529411764705,0.23529411764705882,7.176470588235294,0.4117647058823529,15,38,0.39473684210526316,13,14,0.9285714285714286,0,1,0.0,0.4193442622950819,0.48686594202898553,0.42857142857142855,2.823529411764706,0,0,0,0,0,0.0,0.0,0.0,,,,,,,,,,,0,14,20,0.4117647058823529,N,6,EA,2525,2611,-86,75.0,200
thomach01w,5,LAS,0,C,0,31,8,547,165,120,23,18,14,27,80,5.32258064516129,3.870967741935484,0.7419354838709677,0.5806451612903226,0.45161290322580644,17.64516129032258,0.8709677419354839,66,143,0.46153846153846156,28,41,0.6829268292682927,5,11,0.45454545454545453,0.34376599634369287,0.5122950819672132,0.8518518518518519,7.193548387096774,1,3,24,23,2,8.0,7.666666666666667,0.6666666666666666,,,,,,,,,,,0,25,9,0.7352941176470589,Y,1,WE,2495,2361,134,75.0,185
thomach01w,6,LAS,0,C,0,32,0,520,122,104,17,11,19,25,102,3.8125,3.25,0.53125,0.34375,0.59375,16.25,0.78125,48,96,0.5,22,32,0.6875,4,12,0.3333333333333333,0.25976923076923075,0.5541424418604651,0.68,5.9375,1,2,8,2,2,4.0,1.0,1.0,5.32258064516129,3.870967741935484,0.7419354838709677,7.193548387096774,0.46153846153846156,0.5122950819672132,-1.51008064516129,-0.620967741935484,-0.21068548387096775,-1.256048387096774,1,17,17,0.5,Y,4,WE,2326,2345,-19,75.0,185
thomach01w,7,LAS,0,C,0,27,1,539,164,143,26,20,14,42,80,6.074074074074074,5.296296296296297,0.9629629629629629,0.7407407407407407,0.5185185185185185,19.962962962962962,1.5555555555555556,65,133,0.48872180451127817,30,47,0.6382978723404256,4,20,0.2,0.3630426716141002,0.5335762623633524,0.6190476190476191,8.88888888888889,1,5,30,16,4,6.0,3.2,0.8,3.8125,3.25,0.53125,5.9375,0.5,0.5541424418604651,2.2615740740740744,2.0462962962962967,0.4317129629629629,2.9513888888888893,2,25,9,0.7352941176470589,Y,1,WE,2575,2476,99,75.0,185
thomach01w,8,LAS,0,C,0,34,19,640,287,179,18,22,9,46,119,8.441176470588236,5.264705882352941,0.5294117647058824,0.6470588235294118,0.2647058823529412,18.823529411764707,1.3529411764705883,114,237,0.4810126582278481,53,70,0.7571428571428571,6,17,0.35294117647058826,0.49031250000000004,0.535847647498133,0.391304347826087,9.676470588235293,0,0,0,0,0,0.0,0.0,0.0,6.074074074074074,5.296296296296297,0.9629629629629629,8.88888888888889,0.48872180451127817,0.5335762623633524,2.367102396514161,-0.0315904139433556,-0.43355119825708055,0.7875816993464042,3,10,24,0.29411764705882354,N,7,WE,2533,2708,-175,75.0,185
thomach01w,9,LAS,0,C,0,20,0,159,29,40,6,2,8,8,33,1.45,2.0,0.3,0.1,0.4,7.95,0.4,12,34,0.35294117647058826,4,8,0.5,1,6,0.16666666666666666,0.28628930817610065,0.3864605543710021,0.75,2.55,0,0,0,0,0,0.0,0.0,0.0,8.441176470588236,5.264705882352941,0.5294117647058824,9.676470588235293,0.4810126582278481,0.535847647498133,-6.991176470588235,-3.264705882352941,-0.22941176470588237,-7.126470588235294,4,20,14,0.5882352941176471,Y,3,WE,2598,2523,75,75.0,185
thomach01w,10,MIN,0,C,0,11,0,66,3,15,3,3,5,6,15,0.2727272727272727,1.3636363636363635,0.2727272727272727,0.2727272727272727,0.45454545454545453,6.0,0.5454545454545454,1,21,0.047619047619047616,1,2,0.5,0,7,0.0,0.4224242424242424,0.06855575868372944,0.5,0.18181818181818182,0,0,0,0,0,0.0,0.0,0.0,1.45,2.0,0.3,2.55,0.35294117647058826,0.3864605543710021,-1.1772727272727272,-0.6363636363636365,-0.027272727272727282,-2.368181818181818,5,14,20,0.4117647058823529,N,5,WE,2731,2827,-96,75.0,185
thomala01w,4,CLE,0,F,0,32,25,852,345,164,37,28,13,42,62,10.78125,5.125,1.15625,0.875,0.40625,26.625,1.3125,137,296,0.46283783783783783,71,90,0.7888888888888889,0,6,0.0,0.4431924882629108,0.5140047675804529,0.8809523809523809,11.46875,1,3,41,23,4,13.666666666666666,7.666666666666667,1.3333333333333333,,,,,,,,,,,0,17,17,0.5,Y,4,EA,2229,2210,19,74.0,165
thomala01w,5,SAS,0,F,0,31,30,964,440,138,42,25,11,56,99,14.193548387096774,4.451612903225806,1.3548387096774193,0.8064516129032258,0.3548387096774194,31.096774193548388,1.8064516129032258,171,350,0.48857142857142855,95,113,0.8407079646017699,3,8,0.375,0.47273858921161827,0.5503852696887821,0.75,13.0,0,0,0,0,0,0.0,0.0,0.0,10.78125,5.125,1.15625,11.46875,0.46283783783783783,0.5140047675804529,3.412298387096774,-0.673387096774194,0.19858870967741926,1.53125,1,9,25,0.2647058823529412,N,7,WE,2191,2364,-173,74.0,165
thomala01w,6,SAS,0,F,0,21,12,505,185,68,22,7,8,33,42,8.80952380952381,3.238095238095238,1.0476190476190477,0.3333333333333333,0.38095238095238093,24.047619047619047,1.5714285714285714,69,161,0.42857142857142855,44,49,0.8979591836734694,3,7,0.42857142857142855,0.42685148514851484,0.5066827344434707,0.6666666666666666,7.619047619047619,0,0,0,0,0,0.0,0.0,0.0,14.193548387096774,4.451612903225806,1.3548387096774193,13.0,0.48857142857142855,0.5503852696887821,-5.384024577572964,-1.213517665130568,-0.3072196620583716,-5.380952380952381,2,7,27,0.20588235294117646,N,7,WE,2141,2401,-260,74.0,165
thomala01w,7,SAS,0,F,0,19,0,369,157,82,22,14,7,27,49,8.263157894736842,4.315789473684211,1.1578947368421053,0.7368421052631579,0.3684210526315789,19.42105263157895,1.4210526315789473,56,124,0.45161290322580644,45,59,0.7627118644067796,0,0,0.0,0.47956639566395665,0.5234729261136303,0.8148148148148148,9.105263157894736,0,0,0,0,0,0.0,0.0,0.0,8.80952380952381,3.238095238095238,1.0476190476190477,7.619047619047619,0.42857142857142855,0.5066827344434707,-0.5463659147869677,1.0776942355889725,0.11027568922305764,1.4862155388471177,3,13,21,0.38235294117647056,N,6,WE,2523,2603,-80,74.0,165
thomala01w,8,LAS,0,F,0,27,7,487,208,61,32,9,7,29,63,7.703703703703703,2.259259259259259,1.1851851851851851,0.3333333333333333,0.25925925925925924,18.037037037037038,1.0740740740740742,77,174,0.4425287356321839,38,46,0.8260869565217391,16,38,0.42105263157894735,0.4583983572895277,0.5354200988467874,1.103448275862069,6.777777777777778,0,0,0,0,0,0.0,0.0,0.0,8.263157894736842,4.315789473684211,1.1578947368421053,9.105263157894736,0.45161290322580644,0.5234729261136303,-0.5594541910331392,-2.0565302144249515,0.02729044834307981,-2.3274853801169586,4,10,24,0.29411764705882354,N,7,WE,2533,2708,-175,74.0,165
thomala01w,9,DET,1,F,0,7,0,40,8,5,1,1,1,2,3,1.1428571428571428,0.7142857142857143,0.14285714285714285,0.14285714285714285,0.14285714285714285,5.714285714285714,0.2857142857142857,4,15,0.26666666666666666,0,0,0.0,0,2,0.0,0.425,0.26666666666666666,0.5,0.42857142857142855,0,0,0,0,0,0.0,0.0,0.0,7.703703703703703,2.259259259259259,1.1851851851851851,6.777777777777778,0.4425287356321839,0.5354200988467874,-6.56084656084656,-1.5449735449735447,-1.0423280423280423,-6.349206349206349,5,22,12,0.6470588235294118,Y,1,EA,2672,2522,150,74.0,165
thomala01w,9,MIN,2,F,0,13,0,147,47,25,3,2,0,18,16,3.6153846153846154,1.9230769230769231,0.23076923076923078,0.15384615384615385,0.0,11.307692307692308,1.3846153846153846,19,38,0.5,4,9,0.4444444444444444,5,7,0.7142857142857143,0.40789115646258506,0.5600571973307912,0.16666666666666666,2.6923076923076925,0,0,0,0,0,0.0,0.0,0.0,1.1428571428571428,0.7142857142857143,0.14285714285714285,0.42857142857142855,0.26666666666666666,0.26666666666666666,2.4725274725274726,1.208791208791209,0.08791208791208793,2.263736263736264,6,16,18,0.47058823529411764,N,7,WE,2767,2721,46,74.0,165
thomast01w,1,POR,0,F,0,32,31,863,163,126,101,54,15,68,93,5.09375,3.9375,3.15625,1.6875,0.46875,26.96875,2.125,58,163,0.3558282208588957,44,74,0.5945945945945946,3,12,0.25,0.3053997682502897,0.4167518920024545,1.4852941176470589,8.0,0,0,0,0,0,0.0,0.0,0.0,,,,,,,,,,,0,10,22,0.3125,N,7,WE,2155,2303,-148,70.0,154
thomast01w,2,POR,0,F,0,32,1,413,59,70,41,30,10,40,57,1.84375,2.1875,1.28125,0.9375,0.3125,12.90625,1.25,22,60,0.36666666666666664,15,35,0.42857142857142855,0,7,0.0,0.2794188861985472,0.3912466843501326,1.025,3.5,0,0,0,0,0,0.0,0.0,0.0,5.09375,3.9375,3.15625,8.0,0.3558282208588957,0.4167518920024545,-3.25,-1.75,-1.875,-4.5,1,11,21,0.34375,N,7,WE,2088,2202,-114,70.0,154
thomast01w,3,POR,0,F,0,32,6,621,143,94,67,42,12,36,62,4.46875,2.9375,2.09375,1.3125,0.375,19.40625,1.125,51,148,0.34459459459459457,31,61,0.5081967213114754,10,39,0.2564102564102564,0.33951690821256036,0.40894532143674217,1.8611111111111112,6.09375,0,0,0,0,0,0.0,0.0,0.0,1.84375,2.1875,1.28125,3.5,0.36666666666666664,0.3912466843501326,2.625,0.75,0.8125,2.59375,2,16,16,0.5,N,5,WE,2195,2227,-32,70.0,154
thomast01w,4,DET,2,F,0,11,0,82,15,16,5,9,1,6,10,1.3636363636363635,1.4545454545454546,0.45454545454545453,0.8181818181818182,0.09090909090909091,7.454545454545454,0.5454545454545454,5,16,0.3125,4,11,0.36363636363636365,1,5,0.2,0.3273170731707317,0.3598848368522073,0.8333333333333334,2.0,1,4,0,3,0,0.0,0.75,0.0,4.46875,2.9375,2.09375,6.09375,0.34459459459459457,0.40894532143674217,-3.1051136363636367,-1.4829545454545454,-1.6392045454545454,-4.09375,3,25,9,0.7352941176470589,Y,1,EA,2553,2395,158,70.0,154
thomast01w,4,PHO,1,F,0,19,1,187,46,27,10,11,8,10,14,2.4210526315789473,1.4210526315789473,0.5263157894736842,0.5789473684210527,0.42105263157894735,9.842105263157896,0.5263157894736842,15,46,0.32608695652173914,10,16,0.625,6,22,0.2727272727272727,0.33711229946524063,0.4336349924585219,1.0,2.8947368421052633,0,0,0,0,0,0.0,0.0,0.0,1.3636363636363635,1.4545454545454546,0.45454545454545453,2.0,0.3125,0.3598848368522073,1.0574162679425838,-0.03349282296650724,0.07177033492822965,0.8947368421052633,4,8,26,0.23529411764705882,N,7,WE,2097,2270,-173,70.0,154
thomast01w,5,DET,0,F,0,1,0,1,0,0,0,0,0,0,0,0.0,0.0,0.0,0.0,0.0,1.0,0.0,0,0,0.0,0,0,0.0,0,0,0.0,0.0,0.0,0.0,0.0,1,3,3,1,0,1.0,0.3333333333333333,0.0,2.4210526315789473,1.4210526315789473,0.5263157894736842,2.8947368421052633,0.32608695652173914,0.4336349924585219,-2.4210526315789473,-1.4210526315789473,-0.5263157894736842,-2.8947368421052633,5,17,17,0.5,Y,3,EA,2366,2381,-15,70.0,154
thomast01w,6,DET,1,F,0,17,0,133,12,20,8,8,3,3,15,0.7058823529411765,1.1764705882352942,0.47058823529411764,0.47058823529411764,0.17647058823529413,7.823529411764706,0.17647058823529413,2,12,0.16666666666666666,8,20,0.4,0,1,0.0,0.17894736842105263,0.28846153846153844,2.6666666666666665,1.5294117647058822,0,0,0,0,0,0.0,0.0,0.0,0.0,0.0,0.0,0.0,0.0,0.0,0.7058823529411765,1.1764705882352942,0.47058823529411764,1.5294117647058822,6,16,18,0.47058823529411764,Y,4,EA,2247,2287,-40,70.0,154
thomast01w,6,MIN,2,F,0,1,0,3,0,2,0,0,0,0,0,0.0,2.0,0.0,0.0,0.0,3.0,0.0,0,2,0.0,0,0,0.0,0,0,0.0,0.6666666666666666,0.0,0.0,0.0,0,0,0,0,0,0.0,0.0,0.0,0.7058823529411765,1.1764705882352942,0.47058823529411764,1.5294117647058822,0.16666666666666666,0.28846153846153844,-0.7058823529411765,0.8235294117647058,-0.47058823529411764,-1.5294117647058822,7,14,20,0.4117647058823529,N,6,WE,2211,2288,-77,70.0,154
thompal01w,1,IND,0,F,0,31,26,792,310,157,41,24,4,53,85,10.0,5.064516129032258,1.3225806451612903,0.7741935483870968,0.12903225806451613,25.548387096774192,1.7096774193548387,131,255,0.5137254901960784,30,42,0.7142857142857143,18,40,0.45,0.41222222222222227,0.5667690507532543,0.7735849056603774,11.193548387096774,0,0,0,0,0,0.0,0.0,0.0,,,,,,,,,,,0,9,23,0.28125,N,7,EA,2213,2290,-77,73.0,180
thompal01w,2,IND,0,F,0,22,7,381,186,63,25,9,7,22,24,8.454545454545455,2.8636363636363638,1.1363636363636365,0.4090909090909091,0.3181818181818182,17.318181818181817,1.0,76,174,0.4367816091954023,17,23,0.7391304347826086,17,43,0.3953488372093023,0.540997375328084,0.5051053660656094,1.1363636363636365,7.454545454545454,0,0,0,0,0,0.0,0.0,0.0,10.0,5.064516129032258,1.3225806451612903,11.193548387096774,0.5137254901960784,0.5667690507532543,-1.545454545454545,-2.2008797653958942,-0.1862170087976538,-3.73900293255132,1,10,22,0.3125,N,6,EA,2153,2249,-96,73.0,180
thompal01w,3,IND,0,F,0,18,2,314,97,42,14,7,2,18,20,5.388888888888889,2.3333333333333335,0.7777777777777778,0.3888888888888889,0.1111111111111111,17.444444444444443,1.0,39,109,0.3577981651376147,12,17,0.7058823529411765,7,29,0.2413793103448276,0.4282802547770701,0.41638049450549447,0.7777777777777778,3.8333333333333335,1,1,2,0,0,2.0,0.0,0.0,8.454545454545455,2.8636363636363638,1.1363636363636365,7.454545454545454,0.4367816091954023,0.5051053660656094,-3.0656565656565657,-0.5303030303030303,-0.3585858585858587,-3.6212121212121207,2,16,16,0.5,Y,4,EA,2097,2129,-32,73.0,180
thompal01w,5,SEA,0,F,0,23,2,182,52,24,9,6,0,7,9,2.260869565217391,1.0434782608695652,0.391304347826087,0.2608695652173913,0.0,7.913043478260869,0.30434782608695654,24,54,0.4444444444444444,1,2,0.5,3,16,0.1875,0.34,0.4737609329446064,1.2857142857142858,2.3043478260869565,1,8,39,15,6,4.875,1.875,0.75,5.388888888888889,2.3333333333333335,0.7777777777777778,3.8333333333333335,0.3577981651376147,0.41638049450549447,-3.128019323671498,-1.2898550724637683,-0.3864734299516908,-1.528985507246377,3,20,14,0.5882352941176471,Y,2,WE,2437,2264,173,73.0,180
thompal01w,6,SEA,0,F,0,30,1,329,83,45,14,4,4,18,17,2.7666666666666666,1.5,0.4666666666666667,0.13333333333333333,0.13333333333333333,10.966666666666667,0.6,32,81,0.3950617283950617,12,16,0.75,7,22,0.3181818181818182,0.3223100303951368,0.47137664697864606,0.7777777777777778,2.6333333333333333,1,1,2,3,0,2.0,3.0,0.0,2.260869565217391,1.0434782608695652,0.391304347826087,2.3043478260869565,0.4444444444444444,0.4737609329446064,0.5057971014492755,0.4565217391304348,0.0753623188405797,0.32898550724637676,4,20,14,0.5882352941176471,Y,2,WE,2498,2407,91,73.0,180
thompti01w,1,HOU,0,F,0,32,32,1087,540,245,48,47,25,84,88,16.875,7.65625,1.5,1.46875,0.78125,33.96875,2.625,191,407,0.4692874692874693,103,123,0.8373983739837398,55,132,0.4166666666666667,0.5014903403863845,0.585530881332408,0.5714285714285714,18.28125,1,6,76,48,10,12.666666666666666,8.0,1.6666666666666667,,,,,,,,,,,0,27,5,0.84375,Y,2,WE,2475,2066,409,74.0,178
thompti01w,2,HOU,0,F,0,30,30,1102,579,233,58,29,22,87,74,19.3,7.766666666666667,1.9333333333333333,0.9666666666666667,0.7333333333333333,36.733333333333334,2.9,199,528,0.3768939393939394,137,163,0.8404907975460123,44,150,0.29333333333333333,0.6231578947368421,0.4827252717935036,0.6666666666666666,15.966666666666667,1,2,29,12,7,14.5,6.0,3.5,16.875,7.65625,1.5,18.28125,0.4692874692874693,0.585530881332408,2.4250000000000007,0.11041666666666661,0.43333333333333335,-2.314583333333333,1,19,13,0.59375,Y,4,WE,2047,1994,53,74.0,178
thompti01w,3,HOU,0,F,0,29,29,1052,485,217,62,25,20,92,76,16.724137931034484,7.482758620689655,2.1379310344827585,0.8620689655172413,0.6896551724137931,36.275862068965516,3.1724137931034484,176,408,0.43137254901960786,93,113,0.8230088495575221,40,108,0.37037037037037035,0.5225475285171103,0.5297998776544612,0.6739130434782609,16.03448275862069,1,3,43,24,4,14.333333333333334,8.0,1.3333333333333333,19.3,7.766666666666667,1.9333333333333333,15.966666666666667,0.3768939393939394,0.4827252717935036,-2.5758620689655167,-0.2839080459770118,0.2045977011494251,0.0678160919540236,2,24,8,0.75,Y,2,WE,2072,1892,180,74.0,178
thompti01w,4,HOU,0,F,0,28,28,974,472,165,47,18,23,69,65,16.857142857142858,5.892857142857143,1.6785714285714286,0.6428571428571429,0.8214285714285714,34.785714285714285,2.4642857142857144,176,426,0.4131455399061033,81,104,0.7788461538461539,39,114,0.34210526315789475,0.5551950718685832,0.5002543666270985,0.6811594202898551,13.678571428571429,1,3,45,14,5,15.0,4.666666666666667,1.6666666666666667,16.724137931034484,7.482758620689655,2.1379310344827585,16.03448275862069,0.43137254901960786,0.5297998776544612,0.13300492610837367,-1.5899014778325116,-0.45935960591132985,-2.3559113300492616,3,20,14,0.5882352941176471,Y,2,WE,2244,2142,102,74.0,178
thompti01w,5,HOU,0,F,0,26,26,943,520,157,48,22,23,70,68,20.0,6.038461538461538,1.8461538461538463,0.8461538461538461,0.8846153846153846,36.26923076923077,2.6923076923076925,180,448,0.4017857142857143,116,147,0.7891156462585034,44,108,0.4074074074074074,0.6179003181336162,0.5071389560739642,0.6857142857142857,15.423076923076923,0,0,0,0,0,0.0,0.0,0.0,16.857142857142858,5.892857142857143,1.6785714285714286,13.678571428571429,0.4131455399061033,0.5002543666270985,3.1428571428571423,0.1456043956043951,0.16758241758241765,1.7445054945054945,4,13,21,0.38235294117647056,N,6,WE,2177,2211,-34,74.0,178
thompti01w,6,HOU,0,F,0,15,15,439,152,57,22,12,4,32,32,10.133333333333333,3.8,1.4666666666666666,0.8,0.26666666666666666,29.266666666666666,2.1333333333333333,62,150,0.41333333333333333,16,21,0.7619047619047619,12,40,0.3,0.43562642369020504,0.4772670183371012,0.6875,8.133333333333333,1,5,69,28,6,13.8,5.6,1.2,20.0,6.038461538461538,1.8461538461538463,15.423076923076923,0.4017857142857143,0.5071389560739642,-9.866666666666667,-2.2384615384615385,-0.3794871794871797,-7.2897435897435905,5,19,15,0.5588235294117647,Y,3,WE,2309,2263,46,74.0,178
thompti01w,7,HOU,0,F,0,21,21,696,392,118,47,20,13,52,53,18.666666666666668,5.619047619047619,2.238095238095238,0.9523809523809523,0.6190476190476191,33.142857142857146,2.4761904761904763,139,304,0.45723684210526316,74,92,0.8043478260869565,40,96,0.4166666666666667,0.5696551724137932,0.568973525313516,0.9038461538461539,16.904761904761905,1,2,27,5,3,13.5,2.5,1.5,10.133333333333333,3.8,1.4666666666666666,8.133333333333333,0.41333333333333333,0.4772670183371012,8.533333333333335,1.8190476190476188,0.7714285714285716,8.771428571428572,6,18,16,0.5294117647058824,Y,3,WE,2507,2449,58,74.0,178
thompti01w,8,HOU,0,F,0,34,34,1234,639,229,94,29,23,112,62,18.794117647058822,6.735294117647059,2.764705882352941,0.8529411764705882,0.6764705882352942,36.294117647058826,3.2941176470588234,208,495,0.4202020202020202,171,205,0.8341463414634146,52,130,0.4,0.5649918962722853,0.5459671907040328,0.8392857142857143,17.08823529411765,0,0,0,0,0,0.0,0.0,0.0,18.666666666666668,5.619047619047619,2.238095238095238,16.904761904761905,0.45723684210526316,0.568973525313516,0.12745098039215463,1.1162464985994403,0.526610644257703,0.18347338935574342,7,13,21,0.38235294117647056,N,5,WE,2510,2628,-118,74.0,178
thompti01w,9,HOU,0,F,0,30,29,1074,542,208,64,33,20,112,74,18.066666666666666,6.933333333333334,2.1333333333333333,1.1,0.6666666666666666,35.8,3.7333333333333334,188,456,0.41228070175438597,110,128,0.859375,56,139,0.4028776978417266,0.5813035381750467,0.5289662710805746,0.5714285714285714,15.633333333333333,0,0,0,0,0,0.0,0.0,0.0,18.794117647058822,6.735294117647059,2.764705882352941,17.08823529411765,0.4202020202020202,0.5459671907040328,-0.727450980392156,0.1980392156862747,-0.6313725490196078,-1.4549019607843157,8,17,17,0.5,N,5,WE,2561,2606,-45,74.0,178
thompti01w,10,LAS,0,F,0,34,34,1182,441,199,78,26,24,94,71,12.970588235294118,5.852941176470588,2.2941176470588234,0.7647058823529411,0.7058823529411765,34.76470588235294,2.764705882352941,152,395,0.3848101265822785,85,98,0.8673469387755102,52,141,0.36879432624113473,0.4501861252115059,0.5032867707477403,0.8297872340425532,12.294117647058824,1,6,91,42,17,15.166666666666666,7.0,2.8333333333333335,18.066666666666666,6.933333333333334,2.1333333333333333,15.633333333333333,0.41228070175438597,0.5289662710805746,-5.096078431372549,-1.0803921568627457,0.16078431372549007,-3.3392156862745086,9,18,16,0.5294117647058824,Y,3,WE,2533,2498,35,74.0,178
thorbsh01w,7,MIN,0,G,0,22,0,141,16,18,19,4,2,14,11,0.7272727272727273,0.8181818181818182,0.8636363636363636,0.18181818181818182,0.09090909090909091,6.409090909090909,0.6363636363636364,5,27,0.18518518518518517,5,8,0.625,1,8,0.125,0.3157446808510638,0.2621231979030144,1.3571428571428572,0.9090909090909091,0,0,0,0,0,0.0,0.0,0.0,,,,,,,,,,,0,10,24,0.29411764705882354,N,7,WE,2523,2735,-212,69.0,149
thorbsh01w,8,SEA,0,G,0,2,0,8,2,1,0,0,0,2,0,1.0,0.5,0.0,0.0,0.0,4.0,1.0,1,2,0.5,0,0,0.0,0,0,0.0,0.5,0.5,0.0,0.0,0,0,0,0,0,0.0,0.0,0.0,0.7272727272727273,0.8181818181818182,0.8636363636363636,0.9090909090909091,0.18518518518518517,0.2621231979030144,0.2727272727272727,-0.31818181818181823,-0.8636363636363636,-0.9090909090909091,1,17,17,0.5,Y,4,WE,2734,2647,87,69.0,149
thorner01w,4,NYL,0,G,0,23,0,181,44,11,16,4,1,13,8,1.9130434782608696,0.4782608695652174,0.6956521739130435,0.17391304347826086,0.043478260869565216,7.869565217391305,0.5652173913043478,13,42,0.30952380952380953,10,10,1.0,8,33,0.24242424242424243,0.3281767955801105,0.47413793103448276,1.2307692307692308,1.4782608695652173,0,0,0,0,0,0.0,0.0,0.0,,,,,,,,,,,0,16,18,0.47058823529411764,N,6,EA,2243,2256,-13,70.0,150
thorner01w,5,NYL,0,G,0,17,1,156,34,8,8,4,1,9,5,2.0,0.47058823529411764,0.47058823529411764,0.23529411764705882,0.058823529411764705,9.176470588235293,0.5294117647058824,12,45,0.26666666666666666,1,2,0.5,9,31,0.2903225806451613,0.3517948717948718,0.37053182214472535,0.8888888888888888,0.7058823529411765,1,2,3,0,0,1.5,0.0,0.0,1.9130434782608696,0.4782608695652174,0.6956521739130435,1.4782608695652173,0.30952380952380953,0.47413793103448276,0.08695652173913038,-0.007672634271099765,-0.22506393861892582,-0.7723785166240408,1,18,16,0.5294117647058824,Y,2,EA,2252,2297,-45,70.0,150
thorner01w,6,NYL,0,G,0,21,0,203,56,14,13,4,0,7,12,2.6666666666666665,0.6666666666666666,0.6190476190476191,0.19047619047619047,0.0,9.666666666666666,0.3333333333333333,21,54,0.3888888888888889,4,4,1.0,10,29,0.3448275862068966,0.3091625615763547,0.5021520803443329,1.8571428571428572,2.238095238095238,1,2,2,0,0,1.0,0.0,0.0,2.0,0.47058823529411764,0.47058823529411764,0.7058823529411765,0.26666666666666666,0.37053182214472535,0.6666666666666665,0.196078431372549,0.14845938375350143,1.5322128851540615,2,18,16,0.5294117647058824,Y,3,EA,2316,2285,31,70.0,150
thorner01w,7,NYL,0,G,0,27,1,378,166,38,33,6,1,21,22,6.148148148148148,1.4074074074074074,1.2222222222222223,0.2222222222222222,0.037037037037037035,14.0,0.7777777777777778,55,132,0.4166666666666667,28,31,0.9032258064516129,28,65,0.4307692307692308,0.4408465608465608,0.5698983795660534,1.5714285714285714,5.296296296296297,0,0,0,0,0,0.0,0.0,0.0,2.6666666666666665,0.6666666666666666,0.6190476190476191,2.238095238095238,0.3888888888888889,0.5021520803443329,3.4814814814814814,0.7407407407407408,0.6031746031746033,3.0582010582010586,3,11,23,0.3235294117647059,N,5,EA,2372,2656,-284,70.0,150
thorner01w,8,NYL,0,G,0,29,29,883,281,87,73,25,1,48,40,9.689655172413794,3.0,2.5172413793103448,0.8620689655172413,0.034482758620689655,30.448275862068964,1.6551724137931034,104,245,0.42448979591836733,25,34,0.7352941176470589,48,123,0.3902439024390244,0.34876557191392976,0.5404677642714264,1.5208333333333333,9.275862068965518,1,3,13,9,6,4.333333333333333,3.0,2.0,6.148148148148148,1.4074074074074074,1.2222222222222223,5.296296296296297,0.4166666666666667,0.5698983795660534,3.5415070242656457,1.5925925925925926,1.2950191570881224,3.979565772669221,4,16,18,0.47058823529411764,Y,4,EA,2413,2501,-88,70.0,150
thorner01w,9,NYL,0,G,0,32,5,380,101,20,36,7,2,20,22,3.15625,0.625,1.125,0.21875,0.0625,11.875,0.625,36,106,0.33962264150943394,10,11,0.9090909090909091,19,71,0.2676056338028169,0.34431578947368424,0.4556116925297726,1.8,2.34375,1,6,24,2,6,4.0,0.3333333333333333,1.0,9.689655172413794,3.0,2.5172413793103448,9.275862068965518,0.42448979591836733,0.5404677642714264,-6.533405172413794,-2.375,-1.3922413793103448,-6.932112068965518,5,19,15,0.5588235294117647,Y,3,EA,2573,2538,35,70.0,150
thorner01w,10,CHI,0,G,0,34,0,577,211,53,53,20,0,31,32,6.205882352941177,1.5588235294117647,1.5588235294117647,0.5882352941176471,0.0,16.970588235294116,0.9117647058823529,72,170,0.4235294117647059,30,33,0.9090909090909091,37,92,0.40217391304347827,0.37351819757365684,0.5717537394320399,1.7096774193548387,6.029411764705882,0,0,0,0,0,0.0,0.0,0.0,3.15625,0.625,1.125,2.34375,0.33962264150943394,0.4556116925297726,3.0496323529411766,0.9338235294117647,0.4338235294117647,3.6856617647058822,6,16,18,0.47058823529411764,N,5,EA,2573,2693,-120,70.0,150
threaro01w,1,SEA,0,G,0,20,7,377,155,32,18,13,3,30,36,7.75,1.6,0.9,0.65,0.15,18.85,1.5,60,157,0.3821656050955414,23,35,0.6571428571428571,12,37,0.32432432432432434,0.536870026525199,0.4495359628770301,0.6,4.1,0,0,0,0,0,0.0,0.0,0.0,,,,,,,,,,,0,6,26,0.1875,N,8,WE,1822,2171,-349,67.0,150
tilliic01w,5,DET,0,C-F,0,31,1,287,83,39,13,9,8,23,23,2.6774193548387095,1.2580645161290323,0.41935483870967744,0.2903225806451613,0.25806451612903225,9.258064516129032,0.7419354838709677,35,74,0.47297297297297297,7,12,0.5833333333333334,6,18,0.3333333333333333,0.3563763066202091,0.5234611503531786,0.5652173913043478,2.7419354838709675,1,3,2,1,1,0.6666666666666666,0.3333333333333333,0.3333333333333333,,,,,,,,,,,0,17,17,0.5,Y,3,EA,2366,2381,-15,77.0,165
tilliic01w,7,NYL,0,C-F,0,25,0,256,86,55,11,10,4,22,46,3.44,2.2,0.44,0.4,0.16,10.24,0.88,32,89,0.3595505617977528,16,22,0.7272727272727273,6,29,0.20689655172413793,0.47140625,0.43575192541548435,0.5,3.24,0,0,0,0,0,0.0,0.0,0.0,2.6774193548387095,1.2580645161290323,0.41935483870967744,2.7419354838709675,0.47297297297297297,0.5234611503531786,0.7625806451612904,0.9419354838709679,0.020645161290322567,0.4980645161290327,1,11,23,0.3235294117647059,N,5,EA,2372,2656,-284,77.0,165
tilliic01w,8,DET,2,C-F,0,8,1,26,4,7,1,0,0,7,3,0.5,0.875,0.125,0.0,0.0,3.25,0.875,2,6,0.3333333333333333,0,0,0.0,0,2,0.0,0.5,0.3333333333333333,0.14285714285714285,0.125,0,0,0,0,0,0.0,0.0,0.0,3.44,2.2,0.44,3.24,0.3595505617977528,0.43575192541548435,-2.94,-1.3250000000000002,-0.315,-3.115,2,24,10,0.7058823529411765,Y,1,EA,2697,2540,157,77.0,165
tilliic01w,8,LAS,1,C-F,0,3,0,8,0,1,0,0,0,4,3,0.0,0.3333333333333333,0.0,0.0,0.0,2.6666666666666665,1.3333333333333333,0,2,0.0,0,0,0.0,0,0,0.0,0.75,0.0,0.0,-1.6666666666666667,0,0,0,0,0,0.0,0.0,0.0,0.5,0.875,0.125,0.125,0.3333333333333333,0.3333333333333333,-0.5,-0.5416666666666667,-0.125,-1.7916666666666667,3,10,24,0.29411764705882354,N,7,WE,2533,2708,-175,77.0,165
timmsmi01w,1,PHO,0,G,0,8,8,176,30,16,18,15,2,18,22,3.75,2.0,2.25,1.875,0.25,22.0,2.25,11,30,0.36666666666666664,4,4,1.0,4,17,0.23529411764705882,0.28272727272727277,0.4722921914357682,1.0,5.5,0,0,0,0,0,0.0,0.0,0.0,,,,,,,,,,,0,20,12,0.625,Y,4,WE,2243,2102,141,67.0,132
timmsmi01w,2,PHO,0,G,0,21,18,408,98,45,87,21,2,42,42,4.666666666666667,2.142857142857143,4.142857142857143,1.0,0.09523809523809523,19.428571428571427,2.0,38,110,0.34545454545454546,8,10,0.8,14,46,0.30434782608695654,0.38333333333333336,0.4283216783216783,2.0714285714285716,6.523809523809524,0,0,0,0,0,0.0,0.0,0.0,3.75,2.0,2.25,5.5,0.36666666666666664,0.4722921914357682,0.916666666666667,0.1428571428571428,1.8928571428571432,1.0238095238095237,1,13,19,0.40625,N,5,WE,2064,2169,-105,67.0,132
tolivkr01w,10,CHI,0,G,0,27,0,386,205,37,51,10,3,44,33,7.592592592592593,1.3703703703703705,1.8888888888888888,0.37037037037037035,0.1111111111111111,14.296296296296296,1.6296296296296295,72,159,0.4528301886792453,21,23,0.9130434782608695,40,90,0.4444444444444444,0.5521243523316063,0.6060785241248817,1.1590909090909092,6.407407407407407,0,0,0,0,0,0.0,0.0,0.0,,,,,,,,,,,0,16,18,0.47058823529411764,N,5,EA,2573,2693,-120,67.0,130
torniel01w,1,DET,0,F,0,32,32,869,330,110,82,29,13,68,73,10.3125,3.4375,2.5625,0.90625,0.40625,27.15625,2.125,122,241,0.5062240663900415,85,93,0.9139784946236559,1,8,0.125,0.4026697353279632,0.5852724177071509,1.2058823529411764,11.53125,0,0,0,0,0,0.0,0.0,0.0,,,,,,,,,,,0,14,18,0.4375,N,5,EA,2331,2426,-95,73.0,160
torniel01w,2,DET,0,F,0,32,32,777,307,77,56,19,14,59,59,9.59375,2.40625,1.75,0.59375,0.4375,24.28125,1.84375,111,249,0.4457831325301205,63,71,0.8873239436619719,22,49,0.4489795918367347,0.43660231660231663,0.5477447901798458,0.9491525423728814,8.375,0,0,0,0,0,0.0,0.0,0.0,10.3125,3.4375,2.5625,11.53125,0.5062240663900415,0.5852724177071509,-0.71875,-1.03125,-0.8125,-3.15625,1,10,22,0.3125,N,7,EA,2103,2269,-166,73.0,160
torrele01w,2,MIA,0,C,0,2,0,8,0,0,0,0,0,2,0,0.0,0.0,0.0,0.0,0.0,4.0,1.0,0,0,0.0,0,0,0.0,0,0,0.0,0.25,0.0,0.0,-1.0,1,2,2,2,0,1.0,1.0,0.0,,,,,,,,,,,0,20,12,0.625,Y,3,EA,1957,1898,59,75.0,171
traviti01w,1,CHA,0,G-F,0,32,12,574,173,81,26,31,4,32,74,5.40625,2.53125,0.8125,0.96875,0.125,17.9375,1.0,70,158,0.4430379746835443,21,28,0.75,12,25,0.48,0.3524738675958188,0.507867543447628,0.8125,5.875,0,0,0,0,0,0.0,0.0,0.0,,,,,,,,,,,0,8,24,0.25,N,8,EA,2186,2429,-243,71.0,145
tremich01w,1,IND,0,G,0,25,3,318,50,31,51,10,1,30,30,2.0,1.24,2.04,0.4,0.04,12.72,1.2,18,51,0.35294117647058826,10,16,0.625,4,9,0.4444444444444444,0.27685534591194966,0.430737422467264,1.7,2.96,0,0,0,0,0,0.0,0.0,0.0,,,,,,,,,,,0,9,23,0.28125,N,7,EA,2213,2290,-77,66.0,142
turneba01w,7,SEA,0,G-F,0,34,9,622,216,86,48,13,6,47,56,6.352941176470588,2.5294117647058822,1.411764705882353,0.38235294117647056,0.17647058823529413,18.294117647058822,1.3823529411764706,71,159,0.44654088050314467,64,77,0.8311688311688312,10,40,0.25,0.38565916398713823,0.5599336374948154,1.0212765957446808,6.5,1,3,7,8,5,2.3333333333333335,2.6666666666666665,1.6666666666666667,,,,,,,,,,,0,18,16,0.5294117647058824,Y,4,WE,2644,2575,69,72.0,172
turneba01w,8,HOU,0,G-F,0,22,2,263,92,42,20,8,4,21,25,4.181818181818182,1.9090909090909092,0.9090909090909091,0.36363636363636365,0.18181818181818182,11.954545454545455,0.9545454545454546,29,72,0.4027777777777778,27,41,0.6585365853658537,7,30,0.23333333333333334,0.4222053231939163,0.5108840515326522,0.9523809523809523,4.0,0,0,0,0,0,0.0,0.0,0.0,6.352941176470588,2.5294117647058822,1.411764705882353,6.5,0.44654088050314467,0.5599336374948154,-2.171122994652406,-0.6203208556149731,-0.502673796791444,-2.5,1,13,21,0.38235294117647056,N,5,WE,2510,2628,-118,72.0,172
turneba01w,9,CON,0,G-F,0,34,6,663,273,108,52,12,14,40,62,8.029411764705882,3.176470588235294,1.5294117647058822,0.35294117647058826,0.4117647058823529,19.5,1.1764705882352942,80,192,0.4166666666666667,69,89,0.7752808988764045,44,118,0.3728813559322034,0.40898944193061837,0.5905000865201592,1.3,8.441176470588236,1,3,16,10,1,5.333333333333333,3.3333333333333335,0.3333333333333333,4.181818181818182,1.9090909090909092,0.9090909090909091,4.0,0.4027777777777778,0.5108840515326522,3.8475935828877006,1.2673796791443848,0.6203208556149732,4.4411764705882355,2,21,13,0.6176470588235294,Y,2,EA,2690,2541,149,72.0,172
turneba01w,10,CON,0,G-F,0,7,0,144,28,15,14,5,0,4,12,4.0,2.142857142857143,2.0,0.7142857142857143,0.0,20.571428571428573,0.5714285714285714,8,39,0.20512820512820512,8,10,0.8,4,25,0.16,0.32916666666666666,0.3225806451612903,3.5,3.5714285714285716,0,0,0,0,0,0.0,0.0,0.0,8.029411764705882,3.176470588235294,1.5294117647058822,8.441176470588236,0.4166666666666667,0.5905000865201592,-4.029411764705882,-1.0336134453781511,0.47058823529411775,-4.869747899159664,3,16,18,0.47058823529411764,N,6,EA,2651,2654,-3,72.0,172
tuvicsl01w,2,PHO,0,C,0,30,0,325,54,63,17,16,17,28,49,1.8,2.1,0.5666666666666667,0.5333333333333333,0.5666666666666667,10.833333333333334,0.9333333333333333,13,42,0.30952380952380953,28,59,0.4745762711864407,0,0,0.0,0.29526153846153846,0.3972925250147145,0.6071428571428571,2.6333333333333333,0,0,0,0,0,0.0,0.0,0.0,,,,,,,,,,,0,13,19,0.40625,N,5,WE,2064,2169,-105,76.0,194
tuvicsl01w,3,PHO,0,C,0,26,1,320,86,63,11,9,9,31,53,3.3076923076923075,2.423076923076923,0.4230769230769231,0.34615384615384615,0.34615384615384615,12.307692307692308,1.1923076923076923,30,77,0.38961038961038963,25,32,0.78125,1,6,0.16666666666666666,0.3815,0.47211242863416775,0.3548387096774194,3.576923076923077,0,0,0,0,0,0.0,0.0,0.0,1.8,2.1,0.5666666666666667,2.6333333333333333,0.30952380952380953,0.3972925250147145,1.5076923076923074,0.3230769230769228,-0.14358974358974358,0.9435897435897438,1,11,21,0.34375,N,7,WE,2091,2291,-200,76.0,194
tuvicsl01w,4,PHO,0,C,0,17,14,365,127,67,12,10,15,32,61,7.470588235294118,3.9411764705882355,0.7058823529411765,0.5882352941176471,0.8823529411764706,21.470588235294116,1.8823529411764706,45,116,0.3879310344827586,37,46,0.8043478260869565,0,4,0.0,0.4609315068493151,0.46608925425719316,0.375,7.0,0,0,0,0,0,0.0,0.0,0.0,3.3076923076923075,2.423076923076923,0.4230769230769231,3.576923076923077,0.38961038961038963,0.47211242863416775,4.16289592760181,1.5180995475113126,0.28280542986425344,3.423076923076923,2,8,26,0.23529411764705882,N,7,WE,2097,2270,-173,76.0,194
tuvicsl01w,5,PHO,0,C,0,33,26,691,91,123,32,25,37,41,115,2.757575757575758,3.727272727272727,0.9696969696969697,0.7575757575757576,1.121212121212121,20.939393939393938,1.2424242424242424,37,99,0.37373737373737376,17,24,0.7083333333333334,0,1,0.0,0.21788712011577424,0.4152975538517707,0.7804878048780488,6.0,0,0,0,0,0,0.0,0.0,0.0,7.470588235294118,3.9411764705882355,0.7058823529411765,7.0,0.3879310344827586,0.46608925425719316,-4.71301247771836,-0.21390374331550843,0.2638146167557932,-1.0,3,17,17,0.5,N,5,WE,2300,2235,65,76.0,194
udokamf01w,4,HOU,0,F,0,25,3,251,80,51,4,4,2,21,38,3.2,2.04,0.16,0.16,0.08,10.04,0.84,32,64,0.5,16,23,0.6956521739130435,0,1,0.0,0.37896414342629486,0.5396654074473826,0.19047619047619047,3.24,1,1,1,1,0,1.0,1.0,0.0,,,,,,,,,,,0,20,14,0.5882352941176471,Y,2,WE,2244,2142,102,72.0,187
udokamf01w,5,LAS,0,F,0,3,0,19,1,3,0,0,0,1,5,0.3333333333333333,1.0,0.0,0.0,0.0,6.333333333333333,0.3333333333333333,0,2,0.0,1,4,0.25,0,0,0.0,0.25052631578947365,0.13297872340425532,0.0,-0.6666666666666666,0,0,0,0,0,0.0,0.0,0.0,3.2,2.04,0.16,3.24,0.5,0.5396654074473826,-2.8666666666666667,-1.04,-0.16,-3.9066666666666667,1,25,9,0.7352941176470589,Y,1,WE,2495,2361,134,72.0,187
ujhelpe01w,4,DET,0,F-C,0,14,0,68,4,12,3,0,1,10,8,0.2857142857142857,0.8571428571428571,0.21428571428571427,0.0,0.07142857142857142,4.857142857142857,0.7142857142857143,2,8,0.25,0,3,0.0,0,0,0.0,0.28411764705882353,0.2145922746781116,0.3,0.07142857142857142,0,0,0,0,0,0.0,0.0,0.0,,,,,,,,,,,0,25,9,0.7352941176470589,Y,1,EA,2553,2395,158,76.0,200
umoh-it01w,4,HOU,0,G,0,3,0,6,0,0,1,0,0,1,1,0.0,0.0,0.3333333333333333,0.0,0.0,2.0,0.3333333333333333,0,0,0.0,0,0,0.0,0,0,0.0,0.16666666666666666,0.0,1.0,0.0,0,0,0,0,0,0.0,0.0,0.0,,,,,,,,,,,0,20,14,0.5882352941176471,Y,2,WE,2244,2142,102,67.0,140
valdeam01w,1,HOU,0,F,0,22,0,171,57,21,13,8,4,13,21,2.590909090909091,0.9545454545454546,0.5909090909090909,0.36363636363636365,0.18181818181818182,7.7727272727272725,0.5909090909090909,20,60,0.3333333333333333,6,6,1.0,11,29,0.3793103448275862,0.4423391812865497,0.4549808429118774,1.0,2.272727272727273,1,3,9,4,0,3.0,1.3333333333333333,0.0,,,,,,,,,,,0,27,5,0.84375,Y,2,WE,2475,2066,409,73.0,160
vangomi01w,1,POR,0,C,0,28,1,199,69,42,5,3,4,30,37,2.4642857142857144,1.5,0.17857142857142858,0.10714285714285714,0.14285714285714285,7.107142857142857,1.0714285714285714,25,50,0.5,19,35,0.5428571428571428,0,0,0.0,0.4793969849246231,0.5275229357798165,0.16666666666666666,1.8571428571428572,0,0,0,0,0,0.0,0.0,0.0,,,,,,,,,,,0,10,22,0.3125,N,7,WE,2155,2303,-148,78.0,187
vangomi01w,2,MIN,0,C,0,22,8,243,41,34,12,3,6,18,36,1.8636363636363635,1.5454545454545454,0.5454545454545454,0.13636363636363635,0.2727272727272727,11.045454545454545,0.8181818181818182,15,40,0.375,11,20,0.55,0,1,0.0,0.2748971193415638,0.4200819672131148,0.6666666666666666,2.0,0,0,0,0,0,0.0,0.0,0.0,2.4642857142857144,1.5,0.17857142857142858,1.8571428571428572,0.5,0.5275229357798165,-0.6006493506493509,0.045454545454545414,0.3668831168831168,0.1428571428571428,1,12,20,0.375,N,6,WE,2077,2156,-79,78.0,187
vangomi01w,3,MIN,0,C,0,22,13,352,100,64,14,6,11,20,53,4.545454545454546,2.909090909090909,0.6363636363636364,0.2727272727272727,0.5,16.0,0.9090909090909091,41,90,0.45555555555555555,16,22,0.7272727272727273,2,7,0.2857142857142857,0.34,0.5016051364365971,0.7,5.454545454545454,0,0,0,0,0,0.0,0.0,0.0,1.8636363636363635,1.5454545454545454,0.5454545454545454,2.0,0.375,0.4200819672131148,2.6818181818181825,1.3636363636363638,0.09090909090909094,3.454545454545454,2,10,22,0.3125,N,8,WE,2003,2104,-101,78.0,187
vangomi01w,4,MIN,0,C,0,31,1,528,175,107,17,10,20,56,87,5.645161290322581,3.4516129032258065,0.5483870967741935,0.3225806451612903,0.6451612903225806,17.032258064516128,1.8064516129032258,70,162,0.43209876543209874,35,52,0.6730769230769231,0,1,0.0,0.4562121212121212,0.47327996538295114,0.30357142857142855,5.290322580645161,1,3,9,1,3,3.0,0.3333333333333333,1.0,4.545454545454546,2.909090909090909,0.6363636363636364,5.454545454545454,0.45555555555555555,0.5016051364365971,1.099706744868035,0.5425219941348973,-0.08797653958944285,-0.1642228739002931,3,18,16,0.5294117647058824,Y,4,WE,2380,2370,10,78.0,187
vangomi01w,5,MIN,0,C,0,8,0,66,22,13,1,0,1,7,8,2.75,1.625,0.125,0.0,0.125,8.25,0.875,9,19,0.47368421052631576,4,8,0.5,0,1,0.0,0.44727272727272727,0.48845470692717585,0.14285714285714285,2.0,0,0,0,0,0,0.0,0.0,0.0,5.645161290322581,3.4516129032258065,0.5483870967741935,5.290322580645161,0.43209876543209874,0.47327996538295114,-2.895161290322581,-1.8266129032258065,-0.4233870967741935,-3.290322580645161,4,18,16,0.5294117647058824,Y,3,WE,2165,2190,-25,78.0,187
vaughki01w,10,NYL,0,C,0,34,1,396,163,88,8,6,3,32,57,4.794117647058823,2.588235294117647,0.23529411764705882,0.17647058823529413,0.08823529411764706,11.647058823529411,0.9411764705882353,73,148,0.49324324324324326,17,34,0.5,0,2,0.0,0.49232323232323233,0.5001227295041728,0.25,4.235294117647059,0,0,0,0,0,0.0,0.0,0.0,,,,,,,,,,,0,13,21,0.38235294117647056,N,7,EA,2512,2535,-23,76.0,208
vaughkr01w,9,WAS,0,F,0,15,0,78,12,15,0,2,2,10,6,0.8,1.0,0.0,0.13333333333333333,0.13333333333333333,5.2,0.6666666666666666,3,19,0.15789473684210525,6,10,0.6,0,2,0.0,0.4282051282051282,0.25641025641025644,0.0,0.06666666666666667,0,0,0,0,0,0.0,0.0,0.0,,,,,,,,,,,0,10,24,0.29411764705882354,N,6,EA,2368,2601,-233,73.0,160
vealkr01w,2,PHO,0,G,0,29,14,658,116,60,125,33,4,82,58,4.0,2.0689655172413794,4.310344827586207,1.1379310344827587,0.13793103448275862,22.689655172413794,2.8275862068965516,35,125,0.28,32,42,0.7619047619047619,14,50,0.28,0.3426747720364742,0.40423752439364374,1.524390243902439,5.379310344827586,0,0,0,0,0,0.0,0.0,0.0,,,,,,,,,,,0,13,19,0.40625,N,5,WE,2064,2169,-105,70.0,150
vealkr01w,3,PHO,0,G,0,23,10,361,71,27,41,14,2,42,41,3.0869565217391304,1.173913043478261,1.7826086956521738,0.6086956521739131,0.08695652173913043,15.695652173913043,1.826086956521739,24,79,0.3037974683544304,10,13,0.7692307692307693,13,47,0.2765957446808511,0.35102493074792246,0.4190273843248348,0.9761904761904762,2.391304347826087,0,0,0,0,0,0.0,0.0,0.0,4.0,2.0689655172413794,4.310344827586207,5.379310344827586,0.28,0.40423752439364374,-0.9130434782608696,-0.8950524737631185,-2.5277361319340335,-2.9880059970014994,1,11,21,0.34375,N,7,WE,2091,2291,-200,70.0,150
vilipda01w,7,LAS,0,F-C,0,2,0,12,0,2,0,0,1,1,2,0.0,1.0,0.0,0.0,0.5,6.0,0.5,0,2,0.0,0,0,0.0,0,0,0.0,0.25,0.0,0.0,0.0,0,0,0,0,0,0.0,0.0,0.0,,,,,,,,,,,0,25,9,0.7352941176470589,Y,1,WE,2575,2476,99,76.0,207
vodicka01w,1,SEA,0,F-C,0,23,19,489,200,97,22,13,12,57,63,8.695652173913043,4.217391304347826,0.9565217391304348,0.5652173913043478,0.5217391304347826,21.26086956521739,2.4782608695652173,68,171,0.39766081871345027,60,78,0.7692307692307693,4,20,0.2,0.536441717791411,0.48704461328657705,0.38596491228070173,7.217391304347826,0,0,0,0,0,0.0,0.0,0.0,,,,,,,,,,,0,6,26,0.1875,N,8,WE,1822,2171,-349,76.0,190
vodicka01w,2,SEA,0,F-C,0,29,4,405,150,71,23,16,7,34,56,5.172413793103448,2.4482758620689653,0.7931034482758621,0.5517241379310345,0.2413793103448276,13.96551724137931,1.1724137931034482,51,122,0.4180327868852459,38,44,0.8636363636363636,10,25,0.4,0.4329876543209877,0.530560271646859,0.6764705882352942,5.379310344827586,0,0,0,0,0,0.0,0.0,0.0,8.695652173913043,4.217391304347826,0.9565217391304348,7.217391304347826,0.39766081871345027,0.48704461328657705,-3.5232383808095946,-1.7691154422788609,-0.1634182908545727,-1.8380809595202399,1,10,22,0.3125,N,8,WE,1921,2048,-127,76.0,190
vodicka01w,3,SEA,0,F-C,0,32,30,817,295,176,47,36,18,55,96,9.21875,5.5,1.46875,1.125,0.5625,25.53125,1.71875,114,245,0.46530612244897956,54,67,0.8059701492537313,13,38,0.34210526315789475,0.40328029375764995,0.5373797726610318,0.8545454545454545,11.65625,1,2,25,10,3,12.5,5.0,1.5,5.172413793103448,2.4482758620689653,0.7931034482758621,5.379310344827586,0.4180327868852459,0.530560271646859,4.046336206896552,3.0517241379310347,0.6756465517241379,6.276939655172414,2,17,15,0.53125,Y,4,WE,2188,2103,85,76.0,190
vodicka01w,4,SEA,0,F-C,0,28,27,709,284,143,31,20,21,53,101,10.142857142857142,5.107142857142857,1.1071428571428572,0.7142857142857143,0.75,25.321428571428573,1.8928571428571428,101,213,0.47417840375586856,82,101,0.8118811881188119,0,5,0.0,0.4378561354019746,0.5515848353014294,0.5849056603773585,11.25,0,0,0,0,0,0.0,0.0,0.0,9.21875,5.5,1.46875,11.65625,0.46530612244897956,0.5373797726610318,0.9241071428571423,-0.39285714285714324,-0.3616071428571428,-0.40625,3,18,16,0.5294117647058824,N,5,WE,2388,2274,114,76.0,190
vodicka01w,5,SEA,0,F-C,0,34,34,873,273,168,55,32,12,73,110,8.029411764705882,4.9411764705882355,1.6176470588235294,0.9411764705882353,0.35294117647058826,25.676470588235293,2.1470588235294117,94,241,0.3900414937759336,84,108,0.7777777777777778,1,2,0.5,0.4141122565864834,0.47310411756550674,0.7534246575342466,8.705882352941176,1,8,49,30,6,6.125,3.75,0.75,10.142857142857142,5.107142857142857,1.1071428571428572,11.25,0.47417840375586856,0.5515848353014294,-2.11344537815126,-0.16596638655462126,0.5105042016806722,-2.5441176470588243,4,20,14,0.5882352941176471,Y,2,WE,2437,2264,173,76.0,190
vodicka01w,6,PHO,0,F-C,0,28,25,821,305,196,63,28,22,58,86,10.892857142857142,7.0,2.25,1.0,0.7857142857142857,29.321428571428573,2.0714285714285716,127,257,0.49416342412451364,48,72,0.6666666666666666,3,7,0.42857142857142855,0.42226552984165655,0.5282665927670778,1.0862068965517242,14.357142857142858,0,0,0,0,0,0.0,0.0,0.0,8.029411764705882,4.9411764705882355,1.6176470588235294,8.705882352941176,0.3900414937759336,0.47310411756550674,2.86344537815126,2.0588235294117645,0.6323529411764706,5.651260504201682,5,16,18,0.47058823529411764,N,5,WE,2361,2354,7,76.0,190
vodicka01w,7,PHO,0,F-C,0,28,27,736,272,187,41,28,19,53,89,9.714285714285714,6.678571428571429,1.4642857142857142,1.0,0.6785714285714286,26.285714285714285,1.8928571428571428,111,250,0.444,50,65,0.7692307692307693,0,7,0.0,0.4505434782608696,0.4881550610193826,0.7735849056603774,12.142857142857142,0,0,0,0,0,0.0,0.0,0.0,10.892857142857142,7.0,2.25,14.357142857142858,0.49416342412451364,0.5282665927670778,-1.1785714285714288,-0.3214285714285712,-0.7857142857142858,-2.2142857142857153,6,18,16,0.5294117647058824,N,5,WE,2960,2879,81,76.0,190
vodopna01w,6,SEA,0,F,0,17,0,98,25,20,10,3,2,8,9,1.4705882352941178,1.1764705882352942,0.5882352941176471,0.17647058823529413,0.11764705882352941,5.764705882352941,0.47058823529411764,8,22,0.36363636363636365,8,12,0.6666666666666666,1,5,0.2,0.36,0.45821114369501464,1.25,2.0,1,1,0,0,0,0.0,0.0,0.0,,,,,,,,,,,0,20,14,0.5882352941176471,Y,2,WE,2498,2407,91,75.0,181
walkeas01w,10,SEA,0,F-C,0,13,0,90,23,23,4,2,2,7,20,1.7692307692307692,1.7692307692307692,0.3076923076923077,0.15384615384615385,0.15384615384615385,6.923076923076923,0.5384615384615384,7,28,0.25,8,10,0.8,1,6,0.16666666666666666,0.43777777777777777,0.3549382716049383,0.5714285714285714,1.8461538461538463,1,1,0,0,0,0.0,0.0,0.0,,,,,,,,,,,0,20,14,0.5882352941176471,Y,2,WE,2544,2476,68,73.0,200
walkeay01w,3,DET,0,F,0,32,0,548,162,118,17,12,34,29,56,5.0625,3.6875,0.53125,0.375,1.0625,17.125,0.90625,63,167,0.3772455089820359,34,49,0.6938775510204082,2,9,0.2222222222222222,0.397007299270073,0.4295714891811625,0.5862068965517241,6.09375,0,0,0,0,0,0.0,0.0,0.0,,,,,,,,,,,0,9,23,0.28125,N,8,EA,2114,2266,-152,75.0,142
walkeay01w,4,DET,0,F,0,34,1,271,56,71,10,10,11,19,33,1.6470588235294117,2.088235294117647,0.29411764705882354,0.29411764705882354,0.3235294117647059,7.970588235294118,0.5588235294117647,24,70,0.34285714285714286,8,21,0.38095238095238093,0,0,0.0,0.3625092250922509,0.35335689045936397,0.5263157894736842,2.3529411764705883,1,4,5,6,0,1.25,1.5,0.0,5.0625,3.6875,0.53125,6.09375,0.3772455089820359,0.4295714891811625,-3.4154411764705883,-1.5992647058823528,-0.23713235294117646,-3.7408088235294117,1,25,9,0.7352941176470589,Y,1,EA,2553,2395,158,75.0,142
walkeay01w,5,DET,0,F,0,18,1,148,18,26,6,1,4,5,13,1.0,1.4444444444444444,0.3333333333333333,0.05555555555555555,0.2222222222222222,8.222222222222221,0.2777777777777778,8,28,0.2857142857142857,2,6,0.3333333333333333,0,0,0.0,0.24081081081081082,0.29373368146214096,1.2,1.4444444444444444,1,2,0,0,1,0.0,0.0,0.5,1.6470588235294117,2.088235294117647,0.29411764705882354,2.3529411764705883,0.34285714285714286,0.35335689045936397,-0.6470588235294117,-0.6437908496732028,0.039215686274509776,-0.9084967320261439,2,17,17,0.5,Y,3,EA,2366,2381,-15,75.0,142
walkeay01w,6,CHA,2,F,0,9,0,92,12,18,6,2,2,3,11,1.3333333333333333,2.0,0.6666666666666666,0.2222222222222222,0.2222222222222222,10.222222222222221,0.3333333333333333,4,16,0.25,4,8,0.5,0,0,0.0,0.24478260869565216,0.3073770491803279,2.0,2.3333333333333335,0,0,0,0,0,0.0,0.0,0.0,1.0,1.4444444444444444,0.3333333333333333,1.4444444444444444,0.2857142857142857,0.29373368146214096,0.33333333333333326,0.5555555555555556,0.3333333333333333,0.8888888888888891,3,6,28,0.17647058823529413,N,6,EA,2095,2335,-240,75.0,142
walkeay01w,6,DET,1,F,0,12,11,241,59,47,13,6,10,16,15,4.916666666666667,3.9166666666666665,1.0833333333333333,0.5,0.8333333333333334,20.083333333333332,1.3333333333333333,25,52,0.4807692307692308,9,12,0.75,0,0,0.0,0.3040663900414938,0.515013966480447,0.8125,7.416666666666667,0,0,0,0,0,0.0,0.0,0.0,1.3333333333333333,2.0,0.6666666666666666,2.3333333333333335,0.25,0.3073770491803279,3.583333333333334,1.9166666666666665,0.41666666666666663,5.083333333333334,4,16,18,0.47058823529411764,Y,4,EA,2247,2287,-40,75.0,142
walkeay01w,7,CHA,0,F,0,25,0,181,46,31,3,10,10,4,31,1.84,1.24,0.12,0.4,0.4,7.24,0.16,17,37,0.4594594594594595,12,21,0.5714285714285714,0,0,0.0,0.27756906077348065,0.4974048442906574,0.75,2.68,0,0,0,0,0,0.0,0.0,0.0,4.916666666666667,3.9166666666666665,1.0833333333333333,7.416666666666667,0.4807692307692308,0.515013966480447,-3.076666666666667,-2.6766666666666667,-0.9633333333333333,-4.736666666666666,5,11,23,0.3235294117647059,N,6,EA,2456,2571,-115,75.0,142
walkeay01w,8,DET,0,F,0,2,1,43,7,6,1,1,2,6,8,3.5,3.0,0.5,0.5,1.0,21.5,3.0,3,7,0.42857142857142855,1,3,0.3333333333333333,0,0,0.0,0.3330232558139535,0.4206730769230769,0.16666666666666666,2.5,1,5,6,5,1,1.2,1.0,0.2,1.84,1.24,0.12,2.68,0.4594594594594595,0.4974048442906574,1.66,1.76,0.38,-0.18000000000000016,6,24,10,0.7058823529411765,Y,1,EA,2697,2540,157,75.0,142
walkede01w,1,POR,0,F,0,30,1,311,92,47,19,17,7,35,69,3.066666666666667,1.5666666666666667,0.6333333333333333,0.5666666666666667,0.23333333333333334,10.366666666666667,1.1666666666666667,35,88,0.3977272727272727,22,47,0.46808510638297873,0,2,0.0,0.4619935691318328,0.42326094957673904,0.5428571428571428,2.3,0,0,0,0,0,0.0,0.0,0.0,,,,,,,,,,,0,10,22,0.3125,N,7,WE,2155,2303,-148,75.0,168
walkede01w,2,POR,0,F,0,21,0,297,113,58,10,7,12,35,51,5.380952380952381,2.761904761904762,0.47619047619047616,0.3333333333333333,0.5714285714285714,14.142857142857142,1.6666666666666667,44,100,0.44,23,40,0.575,2,3,0.6666666666666666,0.5138047138047138,0.4804421768707483,0.2857142857142857,4.380952380952381,0,0,0,0,0,0.0,0.0,0.0,3.066666666666667,1.5666666666666667,0.6333333333333333,2.3,0.3977272727272727,0.42326094957673904,2.3142857142857145,1.1952380952380952,-0.15714285714285714,2.0809523809523816,1,11,21,0.34375,N,7,WE,2088,2202,-114,75.0,168
walkede01w,3,POR,0,F,0,31,29,848,339,154,51,26,33,90,97,10.935483870967742,4.967741935483871,1.6451612903225807,0.8387096774193549,1.064516129032258,27.35483870967742,2.903225806451613,139,287,0.4843205574912892,59,95,0.6210526315789474,2,12,0.16666666666666666,0.4938679245283019,0.5155109489051095,0.5666666666666667,10.612903225806452,0,0,0,0,0,0.0,0.0,0.0,5.380952380952381,2.761904761904762,0.47619047619047616,4.380952380952381,0.44,0.4804421768707483,5.554531490015361,2.205837173579109,1.1689708141321047,6.231950844854071,2,16,16,0.5,N,5,WE,2195,2227,-32,75.0,168
walkede01w,4,SAC,0,F,0,34,21,740,307,149,47,25,23,69,95,9.029411764705882,4.382352941176471,1.3823529411764706,0.7352941176470589,0.6764705882352942,21.764705882352942,2.0294117647058822,111,242,0.45867768595041325,83,143,0.5804195804195804,2,15,0.13333333333333333,0.5052972972972973,0.503410730683458,0.6811594202898551,8.558823529411764,1,6,59,27,10,9.833333333333334,4.5,1.6666666666666667,10.935483870967742,4.967741935483871,1.6451612903225807,10.612903225806452,0.4843205574912892,0.5155109489051095,-1.9060721062618597,-0.5853889943074,-0.2628083491461102,-2.0540796963946875,3,19,15,0.5588235294117647,Y,3,WE,2299,2216,83,75.0,168
walkede01w,5,SAC,0,F,0,34,34,884,284,143,86,26,13,86,109,8.352941176470589,4.205882352941177,2.5294117647058822,0.7647058823529411,0.38235294117647056,26.0,2.5294117647058822,111,267,0.4157303370786517,62,103,0.6019417475728155,0,10,0.0,0.4505882352941176,0.4546618852459017,1.0,7.911764705882353,1,6,71,20,14,11.833333333333334,3.3333333333333335,2.3333333333333335,9.029411764705882,4.382352941176471,1.3823529411764706,8.558823529411764,0.45867768595041325,0.503410730683458,-0.6764705882352935,-0.17647058823529438,1.1470588235294117,-0.6470588235294112,4,18,16,0.5294117647058824,Y,4,WE,2312,2241,71,75.0,168
walkede01w,6,SAC,0,F,0,22,19,598,311,117,48,28,13,69,66,14.136363636363637,5.318181818181818,2.1818181818181817,1.2727272727272727,0.5909090909090909,27.181818181818183,3.1363636363636362,125,234,0.5341880341880342,60,93,0.6451612903225806,1,1,1.0,0.5751170568561873,0.5656190891895824,0.6956521739130435,13.909090909090908,1,6,61,18,21,10.166666666666666,3.0,3.5,8.352941176470589,4.205882352941177,2.5294117647058822,7.911764705882353,0.4157303370786517,0.4546618852459017,5.783422459893048,1.1122994652406417,-0.3475935828877006,5.997326203208555,5,25,9,0.7352941176470589,Y,1,WE,2329,2093,236,75.0,168
walkede01w,7,SAC,0,F,0,23,8,438,213,92,32,15,7,36,53,9.26086956521739,4.0,1.391304347826087,0.6521739130434783,0.30434782608695654,19.043478260869566,1.565217391304348,79,181,0.43646408839779005,55,84,0.6547619047619048,0,0,0.0,0.5798173515981735,0.48862176546155256,0.8888888888888888,8.347826086956522,1,9,95,37,23,10.555555555555555,4.111111111111111,2.5555555555555554,14.136363636363637,5.318181818181818,2.1818181818181817,13.909090909090908,0.5341880341880342,0.5656190891895824,-4.875494071146246,-1.3181818181818183,-0.7905138339920947,-5.561264822134387,6,21,13,0.6176470588235294,Y,2,WE,2537,2404,133,75.0,168
walkede01w,8,SAC,0,F,0,5,5,105,44,25,6,3,3,15,11,8.8,5.0,1.2,0.6,0.6,21.0,3.0,17,42,0.40476190476190477,10,14,0.7142857142857143,0,0,0.0,0.6015238095238095,0.45681063122923593,0.4,7.4,0,0,0,0,0,0.0,0.0,0.0,9.26086956521739,4.0,1.391304347826087,8.347826086956522,0.43646408839779005,0.48862176546155256,-0.46086956521739,1.0,-0.19130434782608696,-0.9478260869565212,7,19,15,0.5588235294117647,Y,3,WE,2527,2480,47,75.0,168
walkede01w,9,SAC,0,F,0,7,0,52,11,6,1,5,0,10,10,1.5714285714285714,0.8571428571428571,0.14285714285714285,0.7142857142857143,0.0,7.428571428571429,1.4285714285714286,5,11,0.45454545454545453,1,2,0.5,0,0,0.0,0.42076923076923084,0.4629629629629629,0.1,0.8571428571428571,1,3,20,14,1,6.666666666666667,4.666666666666667,0.3333333333333333,8.8,5.0,1.2,7.4,0.40476190476190477,0.45681063122923593,-7.2285714285714295,-4.142857142857143,-1.0571428571428572,-6.542857142857144,8,18,16,0.5294117647058824,Y,4,WE,2545,2571,-26,75.0,168
walkede01w,10,SAC,0,F,0,34,30,821,291,157,65,27,16,92,112,8.558823529411764,4.617647058823529,1.911764705882353,0.7941176470588235,0.47058823529411764,24.147058823529413,2.7058823529411766,119,250,0.476,53,73,0.726027397260274,0,1,0.0,0.4556881851400731,0.5157379838366652,0.7065217391304348,9.205882352941176,0,0,0,0,0,0.0,0.0,0.0,1.5714285714285714,0.8571428571428571,0.14285714285714285,0.8571428571428571,0.45454545454545453,0.4629629629629629,6.987394957983193,3.760504201680672,1.7689075630252102,8.348739495798318,9,12,22,0.35294117647058826,N,6,WE,2610,2690,-80,75.0,168
walkema01w,9,HOU,0,C,0,2,0,11,0,7,1,0,1,4,3,0.0,3.5,0.5,0.0,0.5,5.5,2.0,0,4,0.0,0,2,0.0,0,0,0.0,0.8072727272727271,0.0,0.25,-0.5,0,0,0,0,0,0.0,0.0,0.0,,,,,,,,,,,0,17,17,0.5,N,5,WE,2561,2606,-45,75.0,253
walsema01w,2,SAC,0,F,0,4,0,8,4,2,0,0,0,2,2,1.0,0.5,0.0,0.0,0.0,2.0,0.5,1,2,0.5,2,2,1.0,0,0,0.0,0.61,0.6944444444444444,0.0,0.75,0,0,0,0,0,0.0,0.0,0.0,,,,,,,,,,,0,20,12,0.625,Y,2,WE,2294,2139,155,74.0,184
walsema01w,3,WAS,0,F,0,18,0,104,13,21,7,2,0,9,8,0.7222222222222222,1.1666666666666667,0.3888888888888889,0.1111111111111111,0.0,5.777777777777778,0.5,6,25,0.24,0,2,0.0,1,7,0.14285714285714285,0.33538461538461534,0.2511591962905719,0.7777777777777778,0.7222222222222222,1,1,0,0,1,0.0,0.0,1.0,1.0,0.5,0.0,0.75,0.5,0.6944444444444444,-0.2777777777777778,0.6666666666666667,0.3888888888888889,-0.02777777777777779,1,17,15,0.53125,Y,3,EA,2135,2116,19,74.0,184
washico01w,1,HOU,0,G,0,25,0,236,43,19,24,16,0,19,19,1.72,0.76,0.96,0.64,0.0,9.44,0.76,12,33,0.36363636363636365,16,20,0.8,3,15,0.2,0.2576271186440678,0.514354066985646,1.263157894736842,2.32,1,6,14,11,6,2.3333333333333335,1.8333333333333333,1.0,,,,,,,,,,,0,27,5,0.84375,Y,2,WE,2475,2066,409,66.0,138
washico01w,2,HOU,0,G,0,32,32,1013,169,118,122,69,9,57,63,5.28125,3.6875,3.8125,2.15625,0.28125,31.65625,1.78125,63,177,0.3559322033898305,14,22,0.6363636363636364,29,81,0.35802469135802467,0.24055281342546891,0.45264623955431754,2.1403508771929824,9.625,1,2,7,9,5,3.5,4.5,2.5,1.72,0.76,0.96,2.32,0.36363636363636365,0.514354066985646,3.5612500000000002,2.9275,2.8525,7.305,1,19,13,0.59375,Y,4,WE,2047,1994,53,66.0,138
washico01w,3,HOU,1,G,0,21,15,349,44,41,31,13,0,20,38,2.0952380952380953,1.9523809523809523,1.4761904761904763,0.6190476190476191,0.0,16.61904761904762,0.9523809523809523,17,50,0.34,2,2,1.0,8,21,0.38095238095238093,0.2030945558739255,0.4323899371069182,1.55,3.619047619047619,0,0,0,0,0,0.0,0.0,0.0,5.28125,3.6875,3.8125,9.625,0.3559322033898305,0.45264623955431754,-3.1860119047619047,-1.7351190476190477,-2.3363095238095237,-6.005952380952381,2,24,8,0.75,Y,2,WE,2072,1892,180,66.0,138
washico01w,3,IND,2,G,0,11,8,325,80,33,48,23,2,24,22,7.2727272727272725,3.0,4.363636363636363,2.090909090909091,0.18181818181818182,29.545454545454547,2.1818181818181817,26,70,0.37142857142857144,14,20,0.7,14,31,0.45161290322580644,0.3163076923076923,0.5076142131979695,2.0,10.181818181818182,1,3,25,6,14,8.333333333333334,2.0,4.666666666666667,2.0952380952380953,1.9523809523809523,1.4761904761904763,3.619047619047619,0.34,0.4323899371069182,5.177489177489177,1.0476190476190477,2.887445887445887,6.562770562770563,3,16,16,0.5,Y,4,EA,2097,2129,-32,66.0,138
washico01w,4,IND,0,G,0,20,10,348,63,29,48,14,2,30,32,3.15,1.45,2.4,0.7,0.1,17.4,1.5,19,67,0.2835820895522388,11,13,0.8461538461538461,14,48,0.2916666666666667,0.29517241379310344,0.43316831683168316,1.6,3.8,0,0,0,0,0,0.0,0.0,0.0,7.2727272727272725,3.0,4.363636363636363,10.181818181818182,0.37142857142857144,0.5076142131979695,-4.122727272727273,-1.55,-1.9636363636363634,-6.381818181818182,4,16,18,0.47058823529411764,N,5,EA,2337,2321,16,66.0,138
washito01w,1,WAS,0,F,0,19,0,103,26,14,5,2,0,4,4,1.368421052631579,0.7368421052631579,0.2631578947368421,0.10526315789473684,0.0,5.421052631578948,0.21052631578947367,8,29,0.27586206896551724,4,6,0.6666666666666666,6,14,0.42857142857142855,0.3460194174757282,0.4108723135271808,1.25,1.0526315789473684,1,1,0,0,0,0.0,0.0,0.0,,,,,,,,,,,0,14,18,0.4375,Y,4,EA,2176,2221,-45,71.0,160
washito01w,2,WAS,0,F,0,30,2,336,101,43,10,4,2,14,5,3.3666666666666667,1.4333333333333333,0.3333333333333333,0.13333333333333333,0.06666666666666667,11.2,0.4666666666666667,41,114,0.35964912280701755,9,11,0.8181818181818182,10,29,0.3448275862068966,0.39535714285714285,0.4249410972736452,0.7142857142857143,2.3666666666666667,0,0,0,0,0,0.0,0.0,0.0,1.368421052631579,0.7368421052631579,0.2631578947368421,1.0526315789473684,0.27586206896551724,0.4108723135271808,1.9982456140350877,0.6964912280701755,0.07017543859649122,1.3140350877192983,1,10,22,0.3125,N,8,EA,1928,2075,-147,71.0,160
washito01w,3,WAS,0,F,0,25,0,291,73,38,15,3,2,16,6,2.92,1.52,0.6,0.12,0.08,11.64,0.64,28,86,0.32558139534883723,11,13,0.8461538461538461,6,18,0.3333333333333333,0.3701718213058419,0.3979502834714348,0.9375,2.2,1,4,20,3,2,5.0,0.75,0.5,3.3666666666666667,1.4333333333333333,0.3333333333333333,2.3666666666666667,0.35964912280701755,0.4249410972736452,-0.44666666666666677,0.08666666666666667,0.26666666666666666,-0.16666666666666652,2,17,15,0.53125,Y,3,EA,2135,2116,19,71.0,160
washito01w,4,SEA,2,F,0,11,0,121,33,11,5,4,0,5,8,3.0,1.0,0.45454545454545453,0.36363636363636365,0.0,11.0,0.45454545454545453,13,33,0.3939393939393939,5,5,1.0,2,8,0.25,0.3322314049586777,0.46874999999999994,1.0,2.5454545454545454,0,0,0,0,0,0.0,0.0,0.0,2.92,1.52,0.6,2.2,0.32558139534883723,0.3979502834714348,0.08000000000000007,-0.52,-0.14545454545454545,0.34545454545454524,3,18,16,0.5294117647058824,N,5,WE,2388,2274,114,71.0,160
washito01w,4,WAS,1,F,0,13,0,101,20,10,3,1,0,5,4,1.5384615384615385,0.7692307692307693,0.23076923076923078,0.07692307692307693,0.0,7.769230769230769,0.38461538461538464,7,30,0.23333333333333334,2,2,1.0,4,12,0.3333333333333333,0.35524752475247523,0.3238341968911917,0.6,0.46153846153846156,0,0,0,0,0,0.0,0.0,0.0,3.0,1.0,0.45454545454545453,2.5454545454545454,0.3939393939393939,0.46874999999999994,-1.4615384615384615,-0.23076923076923073,-0.22377622377622375,-2.0839160839160837,4,9,25,0.2647058823529412,N,7,EA,2330,2498,-168,71.0,160
wautean01w,1,CLE,0,C,0,32,0,598,199,129,37,21,24,63,75,6.21875,4.03125,1.15625,0.65625,0.75,18.6875,1.96875,78,149,0.5234899328859061,43,58,0.7413793103448276,0,2,0.0,0.397190635451505,0.5701352280540912,0.5873015873015873,8.15625,1,6,28,18,5,4.666666666666667,3.0,0.8333333333333334,,,,,,,,,,,0,17,15,0.53125,Y,2,EA,2185,2122,63,76.0,193
wautean01w,2,CLE,0,C,0,24,14,622,234,114,35,17,13,50,55,9.75,4.75,1.4583333333333333,0.7083333333333334,0.5416666666666666,25.916666666666668,2.0833333333333335,87,153,0.5686274509803921,60,75,0.8,0,2,0.0,0.37942122186495175,0.6290322580645161,0.7,11.75,1,3,34,10,2,11.333333333333334,3.3333333333333335,0.6666666666666666,6.21875,4.03125,1.15625,8.15625,0.5234899328859061,0.5701352280540912,3.53125,0.71875,0.30208333333333326,3.59375,1,22,10,0.6875,Y,1,EA,2004,1788,216,76.0,193
wautean01w,3,CLE,0,C,0,28,25,802,314,140,39,16,21,59,74,11.214285714285714,5.0,1.3928571428571428,0.5714285714285714,0.75,28.642857142857142,2.107142857142857,120,217,0.5529953917050692,74,87,0.8505747126436781,0,1,0.0,0.39187032418952616,0.6150109683484801,0.6610169491525424,12.892857142857142,0,0,0,0,0,0.0,0.0,0.0,9.75,4.75,1.4583333333333333,11.75,0.5686274509803921,0.6290322580645161,1.4642857142857135,0.25,-0.06547619047619047,1.1428571428571423,2,10,22,0.3125,N,7,EA,2071,2140,-69,76.0,193
wautean01w,5,NYL,0,C,0,13,4,271,82,40,21,4,8,21,28,6.3076923076923075,3.076923076923077,1.6153846153846154,0.3076923076923077,0.6153846153846154,20.846153846153847,1.6153846153846154,29,66,0.4393939393939394,23,29,0.7931034482758621,1,3,0.3333333333333333,0.36811808118081185,0.5205688166582021,1.0,7.0,0,0,0,0,0,0.0,0.0,0.0,11.214285714285714,5.0,1.3928571428571428,12.892857142857142,0.5529953917050692,0.6150109683484801,-4.906593406593406,-1.923076923076923,0.22252747252747263,-5.892857142857142,3,18,16,0.5294117647058824,Y,2,EA,2252,2297,-45,76.0,193
wautean01w,6,NYL,0,C,0,28,28,879,383,184,41,18,23,71,91,13.678571428571429,6.571428571428571,1.4642857142857142,0.6428571428571429,0.8214285714285714,31.392857142857142,2.5357142857142856,151,279,0.5412186379928315,79,105,0.7523809523809524,2,2,1.0,0.4507394766780432,0.5888683886838869,0.5774647887323944,15.142857142857142,0,0,0,0,0,0.0,0.0,0.0,6.3076923076923075,3.076923076923077,1.6153846153846154,7.0,0.4393939393939394,0.5205688166582021,7.370879120879121,3.494505494505494,-0.15109890109890123,8.142857142857142,4,18,16,0.5294117647058824,Y,3,EA,2316,2285,31,76.0,193
wautean01w,9,SAS,0,C,0,32,31,980,471,239,56,36,38,70,75,14.71875,7.46875,1.75,1.125,1.1875,30.625,2.1875,195,366,0.5327868852459017,70,98,0.7142857142857143,11,31,0.3548387096774194,0.48889795918367346,0.5756257332811889,0.8,17.84375,1,9,121,52,14,13.444444444444445,5.777777777777778,1.5555555555555556,13.678571428571429,6.571428571428571,1.4642857142857142,15.142857142857142,0.5412186379928315,0.5888683886838869,1.0401785714285712,0.8973214285714288,0.2857142857142858,2.7008928571428577,5,24,10,0.7058823529411765,Y,1,WE,2546,2418,128,76.0,193
wautean01w,10,SAS,0,C,0,17,16,463,220,95,19,13,6,44,39,12.941176470588236,5.588235294117647,1.1176470588235294,0.7647058823529411,0.35294117647058826,27.235294117647058,2.588235294117647,92,168,0.5476190476190477,35,52,0.6730769230769231,1,6,0.16666666666666666,0.5073002159827213,0.5762782900251467,0.4318181818181818,12.705882352941176,1,3,32,23,10,10.666666666666666,7.666666666666667,3.3333333333333335,14.71875,7.46875,1.75,17.84375,0.5327868852459017,0.5756257332811889,-1.7775735294117645,-1.8805147058823533,-0.6323529411764706,-5.137867647058824,6,15,19,0.4411764705882353,Y,4,WE,2615,2661,-46,76.0,193
weathte01w,1,NYL,0,G,0,32,32,1078,205,109,205,65,5,86,85,6.40625,3.40625,6.40625,2.03125,0.15625,33.6875,2.6875,67,153,0.43790849673202614,60,81,0.7407407407407407,11,44,0.25,0.2547680890538033,0.5433630195080578,2.383720930232558,12.375,1,7,32,19,49,4.571428571428571,2.7142857142857144,7.0,,,,,,,,,,,0,20,12,0.625,Y,1,EA,2148,2035,113,68.0,161
weathte01w,2,NYL,0,G,0,32,32,974,207,118,203,55,4,81,83,6.46875,3.6875,6.34375,1.71875,0.125,30.4375,2.53125,72,167,0.4311377245508982,53,79,0.6708860759493671,10,26,0.38461538461538464,0.29030800821355235,0.5129857256145917,2.506172839506173,12.03125,1,6,23,22,28,3.8333333333333335,3.6666666666666665,4.666666666666667,6.40625,3.40625,6.40625,12.375,0.43790849673202614,0.5433630195080578,0.0625,0.28125,-0.0625,-0.34375,1,21,11,0.65625,Y,2,EA,2162,2082,80,68.0,161
weathte01w,3,NYL,0,G,0,32,32,954,108,86,181,42,3,78,88,3.375,2.6875,5.65625,1.3125,0.09375,29.8125,2.4375,39,114,0.34210526315789475,28,54,0.5185185185185185,2,20,0.1,0.2261635220125786,0.39198606271777003,2.3205128205128207,7.53125,1,8,53,35,53,6.625,4.375,6.625,6.46875,3.6875,6.34375,12.03125,0.4311377245508982,0.5129857256145917,-3.09375,-1.0,-0.6875,-4.5,2,18,14,0.5625,Y,1,EA,2089,2015,74,68.0,161
weathte01w,4,NYL,0,G,0,34,34,824,98,97,149,28,5,62,60,2.8823529411764706,2.8529411764705883,4.382352941176471,0.8235294117647058,0.14705882352941177,24.235294117647058,1.8235294117647058,37,96,0.3854166666666667,24,32,0.75,0,4,0.0,0.20883495145631065,0.44513081395348836,2.403225806451613,7.294117647058823,0,0,0,0,0,0.0,0.0,0.0,3.375,2.6875,5.65625,7.53125,0.34210526315789475,0.39198606271777003,-0.49264705882352944,0.1654411764705883,-1.273897058823529,-0.23713235294117663,3,16,18,0.47058823529411764,N,6,EA,2243,2256,-13,68.0,161
weathte01w,5,LAS,0,G,0,34,0,292,17,29,32,12,1,26,27,0.5,0.8529411764705882,0.9411764705882353,0.35294117647058826,0.029411764705882353,8.588235294117647,0.7647058823529411,8,25,0.32,0,0,0.0,1,3,0.3333333333333333,0.17465753424657535,0.34,1.2307692307692308,1.411764705882353,1,2,0,2,1,0.0,1.0,0.5,2.8823529411764706,2.8529411764705883,4.382352941176471,7.294117647058823,0.3854166666666667,0.44513081395348836,-2.3823529411764706,-2.0,-3.4411764705882355,-5.88235294117647,4,25,9,0.7352941176470589,Y,1,WE,2495,2361,134,68.0,161
webbum01w,1,MIA,0,G-F,0,13,5,195,43,14,14,7,4,23,29,3.3076923076923075,1.0769230769230769,1.0769230769230769,0.5384615384615384,0.3076923076923077,15.0,1.7692307692307692,10,40,0.25,21,25,0.84,2,8,0.25,0.37948717948717947,0.4215686274509804,0.6086956521739131,1.9230769230769231,0,0,0,0,0,0.0,0.0,0.0,,,,,,,,,,,0,13,19,0.40625,N,6,EA,1831,2001,-170,70.0,162
weberma01w,8,NYL,0,C,0,2,0,4,0,1,0,0,0,1,0,0.0,0.5,0.0,0.0,0.0,2.0,0.5,0,1,0.0,0,0,0.0,0,0,0.0,0.5,0.0,0.0,-0.5,0,0,0,0,0,0.0,0.0,0.0,,,,,,,,,,,0,16,18,0.47058823529411764,Y,4,EA,2413,2501,-88,77.0,200
weckeke01w,6,SAS,0,F,0,1,0,11,4,0,2,1,0,1,0,4.0,0.0,2.0,1.0,0.0,11.0,1.0,2,6,0.3333333333333333,0,0,0.0,0,3,0.0,0.6363636363636364,0.3333333333333333,2.0,2.0,0,0,0,0,0,0.0,0.0,0.0,,,,,,,,,,,0,7,27,0.20588235294117646,N,7,WE,2141,2401,-260,73.0,172
weckeke01w,7,SAS,0,F,0,34,11,578,190,84,47,11,3,32,42,5.588235294117647,2.4705882352941178,1.3823529411764706,0.3235294117647059,0.08823529411764706,17.0,0.9411764705882353,75,214,0.35046728971962615,21,27,0.7777777777777778,19,56,0.3392857142857143,0.446159169550173,0.4205772976801842,1.46875,4.647058823529412,0,0,0,0,0,0.0,0.0,0.0,4.0,0.0,2.0,2.0,0.3333333333333333,0.3333333333333333,1.5882352941176467,2.4705882352941178,-0.6176470588235294,2.647058823529412,1,13,21,0.38235294117647056,N,6,WE,2523,2603,-80,73.0,172
weckeke01w,8,SAS,0,F,0,14,1,73,16,8,4,3,1,3,7,1.1428571428571428,0.5714285714285714,0.2857142857142857,0.21428571428571427,0.07142857142857142,5.214285714285714,0.21428571428571427,6,20,0.3,4,6,0.6666666666666666,0,4,0.0,0.3512328767123288,0.35335689045936397,1.3333333333333333,0.9285714285714286,1,2,3,1,0,1.5,0.5,0.0,5.588235294117647,2.4705882352941178,1.3823529411764706,4.647058823529412,0.35046728971962615,0.4205772976801842,-4.445378151260504,-1.8991596638655464,-1.096638655462185,-3.7184873949579833,2,20,14,0.5882352941176471,Y,2,WE,2517,2484,33,73.0,172
weckeke01w,9,WAS,0,F,0,9,0,48,5,11,7,3,0,7,5,0.5555555555555556,1.2222222222222223,0.7777777777777778,0.3333333333333333,0.0,5.333333333333333,0.7777777777777778,2,17,0.11764705882352941,0,0,0.0,1,7,0.14285714285714285,0.5,0.14705882352941177,1.0,0.4444444444444444,0,0,0,0,0,0.0,0.0,0.0,1.1428571428571428,0.5714285714285714,0.2857142857142857,0.9285714285714286,0.3,0.35335689045936397,-0.5873015873015872,0.6507936507936509,0.4920634920634921,-0.4841269841269842,3,10,24,0.29411764705882354,N,6,EA,2368,2601,-233,73.0,172
whaleli01w,5,CON,0,G,0,31,30,946,275,90,148,39,0,94,72,8.870967741935484,2.903225806451613,4.774193548387097,1.2580645161290323,0.0,30.516129032258064,3.032258064516129,83,183,0.453551912568306,89,122,0.7295081967213115,20,57,0.3508771929824561,0.3495560253699789,0.5809531857360148,1.574468085106383,10.483870967741936,1,8,107,18,41,13.375,2.25,5.125,,,,,,,,,,,0,18,16,0.5294117647058824,Y,1,EA,2335,2304,31,68.0,150
whaleli01w,6,CON,0,G,0,34,34,1047,411,128,172,42,2,89,90,12.088235294117647,3.764705882352941,5.0588235294117645,1.2352941176470589,0.058823529411764705,30.794117647058822,2.6176470588235294,135,290,0.46551724137931033,125,156,0.8012820512820513,16,46,0.34782608695652173,0.42754536771728746,0.572997992415793,1.9325842696629214,14.117647058823529,1,7,78,24,23,11.142857142857142,3.4285714285714284,3.2857142857142856,8.870967741935484,2.903225806451613,4.774193548387097,10.483870967741936,0.453551912568306,0.5809531857360148,3.2172675521821628,0.8614800759013281,0.2846299810246675,3.633776091081593,1,26,8,0.7647058823529411,Y,1,EA,2474,2244,230,68.0,150
whaleli01w,7,CON,0,G,0,33,33,861,296,122,153,34,2,79,56,8.969696969696969,3.696969696969697,4.636363636363637,1.0303030303030303,0.06060606060606061,26.09090909090909,2.393939393939394,88,226,0.3893805309734513,112,124,0.9032258064516129,8,62,0.12903225806451613,0.4176074332171893,0.5275163957798689,1.9367088607594938,11.454545454545455,1,5,63,19,11,12.6,3.8,2.2,12.088235294117647,3.764705882352941,5.0588235294117645,14.117647058823529,0.46551724137931033,0.572997992415793,-3.118538324420678,-0.06773618538324433,-0.4224598930481278,-2.663101604278074,2,26,8,0.7647058823529411,Y,1,EA,2683,2417,266,68.0,150
whaleli01w,8,CON,0,G,0,34,34,1040,454,162,169,73,3,75,85,13.352941176470589,4.764705882352941,4.970588235294118,2.1470588235294117,0.08823529411764706,30.58823529411765,2.2058823529411766,156,333,0.46846846846846846,124,158,0.7848101265822784,18,86,0.20930232558139536,0.45915384615384613,0.5639471330617113,2.2533333333333334,16.91176470588235,1,3,40,21,15,13.333333333333334,7.0,5.0,8.969696969696969,3.696969696969697,4.636363636363637,11.454545454545455,0.3893805309734513,0.5275163957798689,4.38324420677362,1.0677361853832443,0.33422459893048106,5.4572192513368964,3,18,16,0.5294117647058824,Y,3,EA,2675,2593,82,68.0,150
whaleli01w,9,CON,0,G,0,31,31,908,435,174,166,45,1,58,87,14.03225806451613,5.612903225806452,5.354838709677419,1.4516129032258065,0.03225806451612903,29.29032258064516,1.8709677419354838,141,306,0.46078431372549017,126,157,0.802547770700637,27,80,0.3375,0.47696035242290746,0.5798762930574811,2.8620689655172415,18.29032258064516,1,3,40,14,12,13.333333333333334,4.666666666666667,4.0,13.352941176470589,4.764705882352941,4.970588235294118,16.91176470588235,0.46846846846846846,0.5639471330617113,0.6793168880455411,0.8481973434535108,0.3842504743833013,1.3785578747628087,4,21,13,0.6176470588235294,Y,2,EA,2690,2541,149,68.0,150
whaleli01w,10,CON,0,G,0,34,34,1000,419,156,156,43,5,63,87,12.323529411764707,4.588235294117647,4.588235294117647,1.2647058823529411,0.14705882352941177,29.41176470588235,1.8529411764705883,141,328,0.4298780487804878,115,129,0.8914728682170543,22,83,0.26506024096385544,0.44776,0.5444952697785632,2.4761904761904763,15.147058823529411,0,0,0,0,0,0.0,0.0,0.0,14.03225806451613,5.612903225806452,5.354838709677419,18.29032258064516,0.46078431372549017,0.5798762930574811,-1.7087286527514234,-1.0246679316888052,-0.7666034155597723,-3.143263757115749,5,16,18,0.47058823529411764,N,6,EA,2651,2654,-3,68.0,150
whitede01w,5,NYL,0,F,0,31,2,420,82,118,9,8,10,36,37,2.6451612903225805,3.806451612903226,0.2903225806451613,0.25806451612903225,0.3225806451612903,13.548387096774194,1.1612903225806452,37,68,0.5441176470588235,8,17,0.47058823529411764,0,0,0.0,0.26542857142857146,0.5431902490726019,0.25,4.870967741935484,1,5,2,6,1,0.4,1.2,0.2,,,,,,,,,,,0,18,16,0.5294117647058824,Y,2,EA,2252,2297,-45,71.0,180
whitede01w,6,NYL,0,F,0,13,0,90,16,22,0,4,3,3,15,1.2307692307692308,1.6923076923076923,0.0,0.3076923076923077,0.23076923076923078,6.923076923076923,0.23076923076923078,4,11,0.36363636363636365,8,12,0.6666666666666666,0,0,0.0,0.21422222222222223,0.49140049140049136,0.0,2.3846153846153846,0,0,0,0,0,0.0,0.0,0.0,2.6451612903225805,3.806451612903226,0.2903225806451613,4.870967741935484,0.5441176470588235,0.5431902490726019,-1.4143920595533497,-2.1141439205955335,-0.2903225806451613,-2.4863523573200994,1,18,16,0.5294117647058824,Y,3,EA,2316,2285,31,71.0,180
whiteer01w,9,HOU,0,G,0,34,2,426,121,47,47,23,3,48,60,3.5588235294117645,1.3823529411764706,1.3823529411764706,0.6764705882352942,0.08823529411764706,12.529411764705882,1.411764705882353,25,88,0.2840909090909091,70,78,0.8974358974358975,1,7,0.14285714285714285,0.39981220657276995,0.4946043165467626,0.9791666666666666,3.588235294117647,0,0,0,0,0,0.0,0.0,0.0,,,,,,,,,,,0,17,17,0.5,N,5,WE,2561,2606,-45,63.0,135
whiteer01w,10,IND,0,G,0,2,0,18,2,2,4,1,1,0,1,1.0,1.0,2.0,0.5,0.5,9.0,0.0,1,6,0.16666666666666666,0,0,0.0,0,3,0.0,0.3333333333333333,0.16666666666666666,4.0,2.5,0,0,0,0,0,0.0,0.0,0.0,3.5588235294117645,1.3823529411764706,1.3823529411764706,3.588235294117647,0.2840909090909091,0.4946043165467626,-2.5588235294117645,-0.38235294117647056,0.6176470588235294,-1.0882352941176472,1,22,12,0.6470588235294118,Y,1,EA,2606,2501,105,63.0,135
whiteta01w,6,IND,0,G,0,34,3,693,242,53,53,30,7,70,62,7.117647058823529,1.5588235294117647,1.5588235294117647,0.8823529411764706,0.20588235294117646,20.38235294117647,2.0588235294117645,85,254,0.3346456692913386,47,58,0.8103448275862069,25,81,0.30864197530864196,0.5043578643578643,0.4328849456210647,0.7571428571428571,3.9705882352941178,1,4,0,2,1,0.0,0.5,0.25,,,,,,,,,,,0,21,13,0.6176470588235294,Y,2,EA,2170,2133,37,67.0,154
whiteta01w,7,IND,0,G,0,34,0,745,302,82,52,27,9,51,66,8.882352941176471,2.411764705882353,1.5294117647058822,0.7941176470588235,0.2647058823529412,21.91176470588235,1.5,113,304,0.3717105263157895,57,76,0.75,19,88,0.2159090909090909,0.5213959731543624,0.4474869606448554,1.0196078431372548,6.205882352941177,1,2,9,3,2,4.5,1.5,1.0,7.117647058823529,1.5588235294117647,1.5588235294117647,3.9705882352941178,0.3346456692913386,0.4328849456210647,1.764705882352942,0.8529411764705881,-0.02941176470588247,2.235294117647059,1,21,13,0.6176470588235294,Y,3,EA,2435,2316,119,67.0,154
whiteta01w,8,IND,0,G,0,34,9,841,368,90,65,36,10,99,76,10.823529411764707,2.6470588235294117,1.911764705882353,1.0588235294117647,0.29411764705882354,24.735294117647058,2.911764705882353,136,352,0.38636363636363635,53,63,0.8412698412698413,43,127,0.33858267716535434,0.5692271105826398,0.48456757610871165,0.6565656565656566,7.176470588235294,1,5,9,9,10,1.8,1.8,2.0,8.882352941176471,2.411764705882353,1.5294117647058822,6.205882352941177,0.3717105263157895,0.4474869606448554,1.9411764705882355,0.23529411764705888,0.3823529411764708,0.9705882352941178,2,21,13,0.6176470588235294,Y,2,EA,2480,2370,110,67.0,154
whiteta01w,9,IND,0,G,0,33,22,894,328,101,80,43,14,85,88,9.93939393939394,3.0606060606060606,2.4242424242424243,1.303030303030303,0.42424242424242425,27.09090909090909,2.5757575757575757,119,325,0.36615384615384616,51,60,0.85,39,120,0.325,0.4881431767337807,0.466704610130905,0.9411764705882353,8.06060606060606,1,3,16,3,2,5.333333333333333,1.0,0.6666666666666666,10.823529411764707,2.6470588235294117,1.911764705882353,7.176470588235294,0.38636363636363635,0.48456757610871165,-0.8841354723707671,0.41354723707664887,0.5124777183600713,0.8841354723707662,3,17,17,0.5,Y,4,EA,2473,2457,16,67.0,154
whiteta01w,10,CON,0,G,0,30,15,659,285,82,66,35,9,37,73,9.5,2.7333333333333334,2.2,1.1666666666666667,0.3,21.966666666666665,1.2333333333333334,97,247,0.39271255060728744,42,50,0.84,49,130,0.3769230769230769,0.464339908952959,0.5297397769516728,1.7837837837837838,9.4,0,0,0,0,0,0.0,0.0,0.0,9.93939393939394,3.0606060606060606,2.4242424242424243,8.06060606060606,0.36615384615384616,0.466704610130905,-0.43939393939393945,-0.32727272727272716,-0.22424242424242413,1.3393939393939398,4,16,18,0.47058823529411764,N,6,EA,2651,2654,-3,67.0,154
whitiva01w,2,MIN,0,C-F,0,26,15,462,88,83,16,15,14,34,62,3.3846153846153846,3.1923076923076925,0.6153846153846154,0.5769230769230769,0.5384615384615384,17.76923076923077,1.3076923076923077,24,90,0.26666666666666666,40,54,0.7407407407407407,0,1,0.0,0.3198268398268398,0.38677918424753865,0.47058823529411764,3.923076923076923,0,0,0,0,0,0.0,0.0,0.0,,,,,,,,,,,0,12,20,0.375,N,6,WE,2077,2156,-79,74.0,199
whitiva01w,3,MIN,0,C-F,0,6,3,52,13,9,5,2,2,4,10,2.1666666666666665,1.5,0.8333333333333334,0.3333333333333333,0.3333333333333333,8.666666666666666,0.6666666666666666,4,13,0.3076923076923077,5,12,0.4166666666666667,0,0,0.0,0.4284615384615385,0.3555798687089715,1.25,1.8333333333333333,0,0,0,0,0,0.0,0.0,0.0,3.3846153846153846,3.1923076923076925,0.6153846153846154,3.923076923076923,0.26666666666666666,0.38677918424753865,-1.217948717948718,-1.6923076923076925,0.21794871794871795,-2.0897435897435894,1,10,22,0.3125,N,8,WE,2003,2104,-101,74.0,199
whitmta01w,1,NYL,0,F,0,32,16,689,277,105,20,17,17,53,102,8.65625,3.28125,0.625,0.53125,0.53125,21.53125,1.65625,109,253,0.4308300395256917,59,84,0.7023809523809523,0,3,0.0,0.4977648766328011,0.4776520899434405,0.37735849056603776,6.6875,1,7,81,27,6,11.571428571428571,3.857142857142857,0.8571428571428571,,,,,,,,,,,0,20,12,0.625,Y,1,EA,2148,2035,113,74.0,190
whitmta01w,2,NYL,0,F,0,32,29,752,226,97,19,17,10,33,70,7.0625,3.03125,0.59375,0.53125,0.3125,23.5,1.03125,96,222,0.43243243243243246,33,58,0.5689655172413793,1,2,0.5,0.373031914893617,0.45652876535229475,0.5757575757575758,5.78125,1,6,42,22,4,7.0,3.6666666666666665,0.6666666666666666,8.65625,3.28125,0.625,6.6875,0.4308300395256917,0.4776520899434405,-1.59375,-0.25,-0.03125,-0.90625,1,21,11,0.65625,Y,2,EA,2162,2082,80,74.0,190
whitmta01w,3,NYL,0,F,0,32,32,977,406,141,23,27,43,49,102,12.6875,4.40625,0.71875,0.84375,1.34375,30.53125,1.53125,148,310,0.4774193548387097,110,150,0.7333333333333333,0,1,0.0,0.43500511770726713,0.5398936170212766,0.46938775510204084,12.15625,1,8,129,36,10,16.125,4.5,1.25,7.0625,3.03125,0.59375,5.78125,0.43243243243243246,0.45652876535229475,5.625,1.375,0.125,6.375,2,18,14,0.5625,Y,1,EA,2089,2015,74,74.0,190
whitmta01w,4,NYL,0,F,0,33,29,823,271,122,25,35,22,57,100,8.212121212121213,3.696969696969697,0.7575757575757576,1.0606060606060606,0.6666666666666666,24.939393939393938,1.7272727272727273,110,242,0.45454545454545453,50,76,0.6578947368421053,1,3,0.3333333333333333,0.40393681652490887,0.49194016845774036,0.43859649122807015,7.878787878787879,0,0,0,0,0,0.0,0.0,0.0,12.6875,4.40625,0.71875,12.15625,0.4774193548387097,0.5398936170212766,-4.475378787878787,-0.7092803030303032,0.03882575757575757,-4.277462121212121,3,16,18,0.47058823529411764,N,6,EA,2243,2256,-13,74.0,190
whitmta01w,5,LAS,0,F,0,34,5,595,210,106,17,12,5,34,73,6.176470588235294,3.1176470588235294,0.5,0.35294117647058826,0.14705882352941177,17.5,1.0,77,173,0.44508670520231214,49,72,0.6805555555555556,7,16,0.4375,0.40114285714285713,0.5129958960328317,0.5,5.794117647058823,1,3,10,6,1,3.3333333333333335,2.0,0.3333333333333333,8.212121212121213,3.696969696969697,0.7575757575757576,7.878787878787879,0.45454545454545453,0.49194016845774036,-2.0356506238859184,-0.5793226381461674,-0.25757575757575757,-2.0846702317290555,4,25,9,0.7352941176470589,Y,1,WE,2495,2361,134,74.0,190
whitmta01w,6,LAS,0,F,0,34,34,917,327,143,42,33,14,57,110,9.617647058823529,4.205882352941177,1.2352941176470589,0.9705882352941176,0.4117647058823529,26.970588235294116,1.6764705882352942,115,265,0.4339622641509434,92,106,0.8679245283018868,5,19,0.2631578947368421,0.40200654307524536,0.5246438197920678,0.7368421052631579,9.941176470588236,1,2,18,3,1,9.0,1.5,0.5,6.176470588235294,3.1176470588235294,0.5,5.794117647058823,0.44508670520231214,0.5129958960328317,3.4411764705882346,1.0882352941176472,0.7352941176470589,4.147058823529412,5,17,17,0.5,Y,4,WE,2326,2345,-19,74.0,190
whitmta01w,7,IND,0,F,0,34,34,1057,528,165,61,46,12,94,91,15.529411764705882,4.852941176470588,1.7941176470588236,1.3529411764705883,0.35294117647058826,31.08823529411765,2.764705882352941,199,435,0.4574712643678161,115,140,0.8214285714285714,15,38,0.39473684210526316,0.5587511825922422,0.5316149818767619,0.648936170212766,13.441176470588236,1,2,53,13,2,26.5,6.5,1.0,9.617647058823529,4.205882352941177,1.2352941176470589,9.941176470588236,0.4339622641509434,0.5246438197920678,5.911764705882353,0.6470588235294112,0.5588235294117647,3.5,6,21,13,0.6176470588235294,Y,3,EA,2435,2316,119,74.0,190
whitmta01w,8,IND,0,F,0,34,25,880,370,170,51,20,11,84,86,10.882352941176471,5.0,1.5,0.5882352941176471,0.3235294117647059,25.88235294117647,2.4705882352941178,139,335,0.41492537313432837,71,93,0.7634408602150538,21,70,0.3,0.5226363636363637,0.49212598425196846,0.6071428571428571,9.411764705882353,1,6,99,32,16,16.5,5.333333333333333,2.6666666666666665,15.529411764705882,4.852941176470588,1.7941176470588236,13.441176470588236,0.4574712643678161,0.5316149818767619,-4.647058823529411,0.14705882352941213,-0.2941176470588236,-4.029411764705882,7,21,13,0.6176470588235294,Y,2,EA,2480,2370,110,74.0,190
whitmta01w,9,CON,0,F,0,34,33,911,429,161,47,20,13,68,95,12.617647058823529,4.735294117647059,1.3823529411764706,0.5882352941176471,0.38235294117647056,26.794117647058822,2.0,160,392,0.40816326530612246,75,96,0.78125,34,108,0.3148148148148148,0.5513062568605928,0.49396647015475315,0.6911764705882353,10.264705882352942,1,3,30,14,6,10.0,4.666666666666667,2.0,10.882352941176471,5.0,1.5,9.411764705882353,0.41492537313432837,0.49212598425196846,1.735294117647058,-0.2647058823529411,-0.11764705882352944,0.8529411764705888,8,21,13,0.6176470588235294,Y,2,EA,2690,2541,149,74.0,190
whitmta01w,10,CON,0,F,0,24,1,376,105,52,25,9,3,20,34,4.375,2.1666666666666665,1.0416666666666667,0.375,0.125,15.666666666666666,0.8333333333333334,37,127,0.29133858267716534,24,33,0.7272727272727273,7,23,0.30434782608695654,0.4295744680851064,0.3709723007348784,1.25,3.125,0,0,0,0,0,0.0,0.0,0.0,12.617647058823529,4.735294117647059,1.3823529411764706,10.264705882352942,0.40816326530612246,0.49396647015475315,-8.242647058823529,-2.5686274509803924,-0.3406862745098038,-7.139705882352942,9,16,18,0.47058823529411764,N,6,EA,2651,2654,-3,74.0,190
whittje01w,2,WAS,0,C,0,4,0,20,0,1,0,0,1,3,8,0.0,0.25,0.0,0.0,0.25,5.0,0.75,0,1,0.0,0,2,0.0,0,1,0.0,0.244,0.0,0.0,-1.0,0,0,0,0,0,0.0,0.0,0.0,,,,,,,,,,,0,10,22,0.3125,N,8,EA,1928,2075,-147,77.0,176
whittkh01w,9,IND,0,F,0,22,0,186,43,34,6,9,11,12,42,1.9545454545454546,1.5454545454545454,0.2727272727272727,0.4090909090909091,0.5,8.454545454545455,0.5454545454545454,17,44,0.38636363636363635,9,17,0.5294117647058824,0,0,0.0,0.3412903225806452,0.41763791763791763,0.5,2.5454545454545454,1,3,4,7,1,1.3333333333333333,2.3333333333333335,0.3333333333333333,,,,,,,,,,,0,17,17,0.5,Y,4,EA,2473,2457,16,73.0,185
whittkh01w,10,IND,0,F,0,3,0,25,12,5,2,0,0,0,2,4.0,1.6666666666666667,0.6666666666666666,0.0,0.0,8.333333333333334,0.0,6,10,0.6,0,0,0.0,0,0,0.0,0.4,0.6,2.0,5.0,0,0,0,0,0,0.0,0.0,0.0,1.9545454545454546,1.5454545454545454,0.2727272727272727,2.5454545454545454,0.38636363636363635,0.41763791763791763,2.0454545454545454,0.12121212121212133,0.3939393939393939,2.4545454545454546,1,22,12,0.6470588235294118,Y,1,EA,2606,2501,105,73.0,185
wickssu01w,1,NYL,0,F,0,32,12,680,156,149,21,26,39,50,78,4.875,4.65625,0.65625,0.8125,1.21875,21.25,1.5625,55,143,0.38461538461538464,45,62,0.7258064516129032,1,5,0.2,0.32394117647058823,0.4580690627202255,0.42,7.375,1,7,23,27,3,3.2857142857142856,3.857142857142857,0.42857142857142855,,,,,,,,,,,0,20,12,0.625,Y,1,EA,2148,2035,113,75.0,191
wickssu01w,2,NYL,0,F,0,30,3,602,157,138,37,36,30,43,86,5.233333333333333,4.6,1.2333333333333334,1.2,1.0,20.066666666666666,1.4333333333333333,61,130,0.46923076923076923,35,52,0.6730769230769231,0,7,0.0,0.3253820598006644,0.5134746206174777,0.8604651162790697,8.966666666666667,1,6,28,20,5,4.666666666666667,3.3333333333333335,0.8333333333333334,4.875,4.65625,0.65625,7.375,0.38461538461538464,0.4580690627202255,0.3583333333333334,-0.056250000000000355,0.5770833333333334,1.5916666666666668,1,21,11,0.65625,Y,2,EA,2162,2082,80,75.0,191
wickssu01w,3,NYL,0,F,0,30,0,428,66,101,14,22,15,30,60,2.2,3.3666666666666667,0.4666666666666667,0.7333333333333333,0.5,14.266666666666667,1.0,24,70,0.34285714285714286,18,27,0.6666666666666666,0,1,0.0,0.2614018691588785,0.40302882266731804,0.4666666666666667,4.433333333333334,1,8,21,12,2,2.625,1.5,0.25,5.233333333333333,4.6,1.2333333333333334,8.966666666666667,0.46923076923076923,0.5134746206174777,-3.033333333333333,-1.233333333333333,-0.7666666666666667,-4.533333333333333,2,18,14,0.5625,Y,1,EA,2089,2015,74,75.0,191
widemja01w,1,POR,0,G,0,5,0,35,0,4,2,2,0,6,3,0.0,0.8,0.4,0.4,0.0,7.0,1.2,0,2,0.0,0,0,0.0,0,0,0.0,0.22857142857142856,0.0,0.3333333333333333,0.0,0,0,0,0,0,0.0,0.0,0.0,,,,,,,,,,,0,10,22,0.3125,N,7,WE,2155,2303,-148,66.0,135
wiggica01w,9,MIN,0,G,0,30,1,824,472,97,90,54,7,57,113,15.733333333333333,3.2333333333333334,3.0,1.8,0.23333333333333334,27.466666666666665,1.9,137,340,0.40294117647058825,161,197,0.817258883248731,37,121,0.30578512396694213,0.586990291262136,0.5531077153838942,1.5789473684210527,14.133333333333333,0,0,0,0,0,0.0,0.0,0.0,,,,,,,,,,,0,16,18,0.47058823529411764,N,7,WE,2767,2721,46,71.0,154
wiggica01w,10,MIN,0,G,0,34,34,1017,446,100,88,41,7,81,99,13.117647058823529,2.9411764705882355,2.588235294117647,1.2058823529411764,0.20588235294117646,29.91176470588235,2.3823529411764706,135,360,0.375,134,150,0.8933333333333333,42,131,0.32061068702290074,0.49852507374631266,0.5234741784037559,1.0864197530864197,10.588235294117647,0,0,0,0,0,0.0,0.0,0.0,15.733333333333333,3.2333333333333334,3.0,14.133333333333333,0.40294117647058825,0.5531077153838942,-2.6156862745098035,-0.2921568627450979,-0.4117647058823528,-3.545098039215686,1,14,20,0.4117647058823529,N,5,WE,2731,2827,-96,71.0,154
wilkibr01w,7,SAC,0,C,0,4,0,14,6,0,1,0,0,2,5,1.5,0.0,0.25,0.0,0.0,3.5,0.5,3,7,0.42857142857142855,0,0,0.0,0,0,0.0,0.6428571428571429,0.42857142857142855,0.5,0.25,0,0,0,0,0,0.0,0.0,0.0,,,,,,,,,,,0,21,13,0.6176470588235294,Y,2,WE,2537,2404,133,75.0,185
wilkibr01w,9,SAS,0,C,0,1,0,0,0,0,0,0,0,0,0,0.0,0.0,0.0,0.0,0.0,0.0,0.0,0,0,0.0,0,0,0.0,0,0,0.0,0.0,0.0,0.0,0.0,1,2,0,0,0,0.0,0.0,0.0,1.5,0.0,0.25,0.25,0.42857142857142855,0.42857142857142855,-1.5,0.0,-0.25,-0.25,1,24,10,0.7058823529411765,Y,1,WE,2546,2418,128,75.0,185
williad01w,1,PHO,0,F-C,0,28,2,351,78,71,16,14,4,29,42,2.7857142857142856,2.5357142857142856,0.5714285714285714,0.5,0.14285714285714285,12.535714285714286,1.0357142857142858,29,72,0.4027777777777778,20,38,0.5263157894736842,0,0,0.0,0.3353846153846154,0.43958521190261496,0.5517241379310345,3.3214285714285716,1,2,5,4,1,2.5,2.0,0.5,,,,,,,,,,,0,20,12,0.625,Y,4,WE,2243,2102,141,77.0,170
williad01w,2,PHO,0,F-C,0,25,1,375,96,75,11,15,5,34,43,3.84,3.0,0.44,0.6,0.2,15.0,1.36,38,113,0.336283185840708,20,28,0.7142857142857143,0,0,0.0,0.4248533333333333,0.38301947015639964,0.3235294117647059,3.4,0,0,0,0,0,0.0,0.0,0.0,2.7857142857142856,2.5357142857142856,0.5714285714285714,3.3214285714285716,0.4027777777777778,0.43958521190261496,1.0542857142857143,0.4642857142857144,-0.1314285714285714,0.07857142857142829,1,13,19,0.40625,N,5,WE,2064,2169,-105,77.0,170
williad01w,3,PHO,0,F-C,0,32,30,878,200,220,35,48,29,63,88,6.25,6.875,1.09375,1.5,0.90625,27.4375,1.96875,79,169,0.46745562130177515,42,60,0.7,0,0,0.0,0.29430523917995444,0.5117707267144319,0.5555555555555556,11.28125,0,0,0,0,0,0.0,0.0,0.0,3.84,3.0,0.44,3.4,0.336283185840708,0.38301947015639964,2.41,3.875,0.65375,7.88125,2,11,21,0.34375,N,7,WE,2091,2291,-200,77.0,170
williad01w,4,PHO,0,F-C,0,34,33,985,334,252,31,57,19,73,95,9.823529411764707,7.411764705882353,0.9117647058823529,1.6764705882352942,0.5588235294117647,28.970588235294116,2.1470588235294117,141,351,0.4017094017094017,52,85,0.611764705882353,0,1,0.0,0.46842639593908625,0.42996910401647787,0.4246575342465753,11.088235294117647,0,0,0,0,0,0.0,0.0,0.0,6.25,6.875,1.09375,11.28125,0.46745562130177515,0.5117707267144319,3.5735294117647065,0.5367647058823533,-0.18198529411764708,-0.19301470588235325,3,8,26,0.23529411764705882,N,7,WE,2097,2270,-173,77.0,170
williad01w,5,PHO,1,F-C,0,11,8,145,65,21,5,11,5,15,16,5.909090909090909,1.9090909090909092,0.45454545454545453,1.0,0.45454545454545453,13.181818181818182,1.3636363636363635,27,60,0.45,11,14,0.7857142857142857,0,0,0.0,0.5597241379310345,0.49123337363966146,0.3333333333333333,5.090909090909091,0,0,0,0,0,0.0,0.0,0.0,9.823529411764707,7.411764705882353,0.9117647058823529,11.088235294117647,0.4017094017094017,0.42996910401647787,-3.9144385026737973,-5.502673796791444,-0.4572192513368984,-5.997326203208556,4,17,17,0.5,N,5,WE,2300,2235,65,77.0,170
williad01w,5,SAS,2,F-C,0,12,0,149,32,28,8,8,1,12,19,2.6666666666666665,2.3333333333333335,0.6666666666666666,0.6666666666666666,0.08333333333333333,12.416666666666666,1.0,15,45,0.3333333333333333,2,7,0.2857142857142857,0,0,0.0,0.4032214765100671,0.3327787021630616,0.6666666666666666,2.5,0,0,0,0,0,0.0,0.0,0.0,5.909090909090909,1.9090909090909092,0.45454545454545453,5.090909090909091,0.45,0.49123337363966146,-3.2424242424242427,0.4242424242424243,0.2121212121212121,-2.590909090909091,5,9,25,0.2647058823529412,N,7,WE,2191,2364,-173,77.0,170
williad01w,7,MIN,0,F-C,0,32,0,488,157,149,8,25,8,19,60,4.90625,4.65625,0.25,0.78125,0.25,15.25,0.59375,60,134,0.44776119402985076,37,69,0.5362318840579711,0,1,0.0,0.3757377049180328,0.4776101241177902,0.42105263157894735,6.9375,0,0,0,0,0,0.0,0.0,0.0,2.6666666666666665,2.3333333333333335,0.6666666666666666,2.5,0.3333333333333333,0.3327787021630616,2.2395833333333335,2.3229166666666665,-0.41666666666666663,4.4375,6,10,24,0.29411764705882354,N,7,WE,2523,2735,-212,77.0,170
williad01w,8,SAC,0,F-C,0,34,2,609,211,152,28,22,6,57,65,6.205882352941177,4.470588235294118,0.8235294117647058,0.6470588235294118,0.17647058823529413,17.91176470588235,1.6764705882352942,85,179,0.4748603351955307,41,52,0.7884615384615384,0,0,0.0,0.4250903119868637,0.5225876758470378,0.49122807017543857,7.5588235294117645,1,3,14,16,2,4.666666666666667,5.333333333333333,0.6666666666666666,4.90625,4.65625,0.25,6.9375,0.44776119402985076,0.4776101241177902,1.2996323529411766,-0.18566176470588225,0.5735294117647058,0.6213235294117645,7,19,15,0.5588235294117647,Y,3,WE,2527,2480,47,77.0,170
williad01w,9,SAC,0,F-C,0,34,33,687,207,167,20,19,8,54,73,6.088235294117647,4.911764705882353,0.5882352941176471,0.5588235294117647,0.23529411764705882,20.205882352941178,1.588235294117647,86,196,0.4387755102040816,35,57,0.6140350877192983,0,0,0.0,0.40040756914119363,0.4681563235028044,0.37037037037037035,6.911764705882353,1,3,23,10,4,7.666666666666667,3.3333333333333335,1.3333333333333333,6.205882352941177,4.470588235294118,0.8235294117647058,7.5588235294117645,0.4748603351955307,0.5225876758470378,-0.11764705882352988,0.4411764705882355,-0.23529411764705876,-0.6470588235294112,8,18,16,0.5294117647058824,Y,4,WE,2545,2571,-26,77.0,170
willian01w,6,PHO,0,G,0,16,0,149,40,23,9,4,7,11,17,2.5,1.4375,0.5625,0.25,0.4375,9.3125,0.6875,15,50,0.3,6,7,0.8571428571428571,4,18,0.2222222222222222,0.4300671140939597,0.37678975131876413,0.8181818181818182,2.25,0,0,0,0,0,0.0,0.0,0.0,,,,,,,,,,,0,16,18,0.47058823529411764,N,5,WE,2361,2354,7,72.0,149
willian01w,7,DET,0,G,0,21,0,133,41,13,12,7,6,15,9,1.9523809523809523,0.6190476190476191,0.5714285714285714,0.3333333333333333,0.2857142857142857,6.333333333333333,0.7142857142857143,14,43,0.32558139534883723,11,17,0.6470588235294118,2,8,0.25,0.49233082706766923,0.40610142630744844,0.8,1.380952380952381,1,6,10,4,0,1.6666666666666667,0.6666666666666666,0.0,2.5,1.4375,0.5625,2.25,0.3,0.37678975131876413,-0.5476190476190477,-0.8184523809523809,0.008928571428571397,-0.8690476190476191,1,23,11,0.6764705882352942,Y,2,EA,2527,2384,143,72.0,149
willibe01w,1,IND,0,G,0,1,0,3,0,0,0,0,0,0,2,0.0,0.0,0.0,0.0,0.0,3.0,0.0,0,0,0.0,0,0,0.0,0,0,0.0,0.0,0.0,0.0,0.0,0,0,0,0,0,0.0,0.0,0.0,,,,,,,,,,,0,9,23,0.28125,N,7,EA,2213,2290,-77,69.0,145
willile01w,5,CON,0,F,0,23,0,175,68,43,7,8,2,12,16,2.9565217391304346,1.8695652173913044,0.30434782608695654,0.34782608695652173,0.08695652173913043,7.608695652173913,0.5217391304347826,24,38,0.631578947368421,20,26,0.7692307692307693,0,1,0.0,0.3510857142857143,0.6877022653721683,0.5833333333333334,4.173913043478261,1,8,17,19,1,2.125,2.375,0.125,,,,,,,,,,,0,18,16,0.5294117647058824,Y,1,EA,2335,2304,31,72.0,200
willile01w,6,CON,0,F,0,18,0,91,24,17,3,2,0,14,16,1.3333333333333333,0.9444444444444444,0.16666666666666666,0.1111111111111111,0.0,5.055555555555555,0.7777777777777778,7,17,0.4117647058823529,10,20,0.5,0,0,0.0,0.4373626373626373,0.46511627906976744,0.21428571428571427,0.6666666666666666,1,3,2,1,0,0.6666666666666666,0.3333333333333333,0.0,2.9565217391304346,1.8695652173913044,0.30434782608695654,4.173913043478261,0.631578947368421,0.6877022653721683,-1.6231884057971013,-0.92512077294686,-0.13768115942028988,-3.5072463768115942,1,26,8,0.7647058823529411,Y,1,EA,2474,2244,230,72.0,200
willile01w,7,CON,0,F,0,29,0,209,63,55,17,5,0,15,23,2.1724137931034484,1.896551724137931,0.5862068965517241,0.1724137931034483,0.0,7.206896551724138,0.5172413793103449,25,53,0.4716981132075472,7,13,0.5384615384615384,6,10,0.6,0.3527272727272727,0.5364441416893733,1.1333333333333333,3.1379310344827585,1,3,5,4,0,1.6666666666666667,1.3333333333333333,0.0,1.3333333333333333,0.9444444444444444,0.16666666666666666,0.6666666666666666,0.4117647058823529,0.46511627906976744,0.8390804597701151,0.9521072796934866,0.41954022988505746,2.471264367816092,2,26,8,0.7647058823529411,Y,1,EA,2683,2417,266,72.0,200
willile01w,8,CON,0,F,0,28,5,320,58,77,11,8,6,19,44,2.0714285714285716,2.75,0.39285714285714285,0.2857142857142857,0.21428571428571427,11.428571428571429,0.6785714285714286,20,52,0.38461538461538464,18,25,0.72,0,4,0.0,0.25625,0.4603174603174603,0.5789473684210527,3.642857142857143,1,3,16,10,2,5.333333333333333,3.3333333333333335,0.6666666666666666,2.1724137931034484,1.896551724137931,0.5862068965517241,3.1379310344827585,0.4716981132075472,0.5364441416893733,-0.10098522167487678,0.853448275862069,-0.19334975369458124,0.5049261083743843,3,18,16,0.5294117647058824,Y,3,EA,2675,2593,82,72.0,200
willile01w,9,PHO,0,F,0,34,27,834,343,202,29,22,7,46,116,10.088235294117647,5.9411764705882355,0.8529411764705882,0.6470588235294118,0.20588235294117646,24.529411764705884,1.3529411764705883,139,244,0.569672131147541,60,81,0.7407407407407407,5,27,0.18518518518518517,0.3904556354916067,0.6132885138034616,0.6304347826086957,12.676470588235293,0,0,0,0,0,0.0,0.0,0.0,2.0714285714285716,2.75,0.39285714285714285,3.642857142857143,0.38461538461538464,0.4603174603174603,8.016806722689076,3.1911764705882355,0.46008403361344535,9.033613445378151,4,16,18,0.47058823529411764,N,6,WE,3010,3009,1,72.0,200
willile01w,10,PHO,0,F,0,34,34,713,340,143,35,22,9,46,91,10.0,4.205882352941177,1.0294117647058822,0.6470588235294118,0.2647058823529412,20.970588235294116,1.3529411764705883,136,255,0.5333333333333333,67,79,0.8481012658227848,1,8,0.125,0.4709116409537167,0.5866924351187189,0.7608695652173914,10.941176470588236,1,11,90,48,10,8.181818181818182,4.363636363636363,0.9090909090909091,10.088235294117647,5.9411764705882355,0.8529411764705882,12.676470588235293,0.569672131147541,0.6132885138034616,-0.08823529411764675,-1.7352941176470589,0.17647058823529405,-1.735294117647058,5,23,11,0.6764705882352942,Y,1,WE,3156,3031,125,72.0,200
willile02w,3,DET,0,G-F,0,27,0,177,73,19,4,4,0,14,15,2.7037037037037037,0.7037037037037037,0.14814814814814814,0.14814814814814814,0.0,6.555555555555555,0.5185185185185185,30,101,0.297029702970297,0,5,0.0,13,54,0.24074074074074073,0.6621468926553673,0.3536821705426357,0.2857142857142857,0.37037037037037035,0,0,0,0,0,0.0,0.0,0.0,,,,,,,,,,,0,9,23,0.28125,N,8,EA,2114,2266,-152,71.0,155
willili01w,7,LAS,0,G,0,24,0,320,111,43,10,26,0,17,25,4.625,1.7916666666666667,0.4166666666666667,1.0833333333333333,0.0,13.333333333333334,0.7083333333333334,35,91,0.38461538461538464,22,31,0.7096774193548387,19,52,0.36538461538461536,0.380125,0.5303899082568807,0.5882352941176471,4.5,1,5,16,13,7,3.2,2.6,1.4,,,,,,,,,,,0,25,9,0.7352941176470589,Y,1,WE,2575,2476,99,71.0,170
willili01w,8,LAS,1,G,0,8,0,77,18,9,4,4,1,10,10,2.25,1.125,0.5,0.5,0.125,9.625,1.25,7,20,0.35,2,4,0.5,2,9,0.2222222222222222,0.4124675324675325,0.41360294117647056,0.4,1.375,0,0,0,0,0,0.0,0.0,0.0,4.625,1.7916666666666667,0.4166666666666667,4.5,0.38461538461538464,0.5303899082568807,-2.375,-0.6666666666666667,0.08333333333333331,-3.125,1,10,24,0.29411764705882354,N,7,WE,2533,2708,-175,71.0,170
willili01w,8,NYL,2,G,0,16,0,157,61,27,9,10,0,24,14,3.8125,1.6875,0.5625,0.625,0.0,9.8125,1.5,21,61,0.3442622950819672,5,8,0.625,14,44,0.3181818181818182,0.5638216560509554,0.4727216367017979,0.375,2.5,1,2,5,0,0,2.5,0.0,0.0,2.25,1.125,0.5,1.375,0.35,0.41360294117647056,1.5625,0.5625,0.0625,1.125,2,16,18,0.47058823529411764,Y,4,EA,2413,2501,-88,71.0,170
willili01w,9,NYL,0,G,0,34,2,458,191,58,14,29,5,31,45,5.617647058823529,1.7058823529411764,0.4117647058823529,0.8529411764705882,0.14705882352941177,13.470588235294118,0.9117647058823529,59,140,0.42142857142857143,29,30,0.9666666666666667,44,94,0.46808510638297873,0.4021834061135371,0.6233681462140993,0.45161290322580644,5.411764705882353,1,6,2,3,1,0.3333333333333333,0.5,0.16666666666666666,3.8125,1.6875,0.5625,2.5,0.3442622950819672,0.4727216367017979,1.805147058823529,0.018382352941176405,-0.15073529411764708,2.9117647058823533,3,19,15,0.5588235294117647,Y,3,EA,2573,2538,35,71.0,170
willili01w,10,SAC,0,G,0,2,0,5,0,0,0,0,0,1,1,0.0,0.0,0.0,0.0,0.0,2.5,0.5,0,2,0.0,0,0,0.0,0,1,0.0,0.6,0.0,0.0,-1.5,0,0,0,0,0,0.0,0.0,0.0,5.617647058823529,1.7058823529411764,0.4117647058823529,5.411764705882353,0.42142857142857143,0.6233681462140993,-5.617647058823529,-1.7058823529411764,-0.4117647058823529,-6.911764705882353,4,12,22,0.35294117647058826,N,6,WE,2610,2690,-80,71.0,170
willina01w,1,UTA,0,F-C,0,29,29,1039,543,336,51,35,18,79,124,18.724137931034484,11.586206896551724,1.7586206896551724,1.206896551724138,0.6206896551724138,35.827586206896555,2.7241379310344827,179,365,0.4904109589041096,182,228,0.7982456140350878,3,5,0.6,0.523888354186718,0.5834694403851113,0.6455696202531646,23.17241379310345,0,0,0,0,0,0.0,0.0,0.0,,,,,,,,,,,0,18,14,0.5625,N,5,WE,2413,2407,6,74.0,210
willina01w,2,UTA,0,F-C,0,31,31,1064,439,308,55,41,10,70,128,14.161290322580646,9.935483870967742,1.7741935483870968,1.3225806451612903,0.3225806451612903,34.32258064516129,2.2580645161290325,171,349,0.4899713467048711,97,133,0.7293233082706767,0,4,0.0,0.44879699248120297,0.5386238712210444,0.7857142857142857,18.35483870967742,1,2,21,16,0,10.5,8.0,0.0,18.724137931034484,11.586206896551724,1.7586206896551724,23.17241379310345,0.4904109589041096,0.5834694403851113,-4.562847608453838,-1.6507230255839822,0.015572858731924377,-4.8175750834260285,1,19,13,0.59375,Y,3,WE,2207,2192,15,74.0,210
willina01w,3,UTA,0,F-C,0,31,31,1008,351,255,38,38,16,72,122,11.32258064516129,8.225806451612904,1.2258064516129032,1.2258064516129032,0.5161290322580645,32.516129032258064,2.3225806451612905,124,285,0.43508771929824563,98,132,0.7424242424242424,5,12,0.4166666666666667,0.41178571428571425,0.5115424973767052,0.5277777777777778,13.903225806451612,1,5,70,46,7,14.0,9.2,1.4,14.161290322580646,9.935483870967742,1.7741935483870968,18.35483870967742,0.4899713467048711,0.5386238712210444,-2.838709677419356,-1.709677419354838,-0.5483870967741935,-4.451612903225808,2,20,12,0.625,Y,3,WE,2418,2344,74,74.0,210
willina01w,4,IND,0,F-C,0,34,34,1054,457,255,46,43,21,70,138,13.441176470588236,7.5,1.3529411764705883,1.2647058823529411,0.6176470588235294,31.0,2.0588235294117645,176,363,0.48484848484848486,105,148,0.7094594594594594,0,1,0.0,0.47259962049335863,0.5337288610669906,0.6571428571428571,15.352941176470589,0,0,0,0,0,0.0,0.0,0.0,11.32258064516129,8.225806451612904,1.2258064516129032,13.903225806451612,0.43508771929824563,0.5115424973767052,2.1185958254269455,-0.7258064516129039,0.12713472485768507,1.4497153700189767,3,16,18,0.47058823529411764,N,5,EA,2337,2321,16,74.0,210
willina01w,5,IND,0,F-C,0,34,34,956,349,235,62,40,23,65,122,10.264705882352942,6.911764705882353,1.8235294117647058,1.1764705882352942,0.6764705882352942,28.11764705882353,1.911764705882353,133,293,0.4539249146757679,83,119,0.6974789915966386,0,4,0.0,0.4292468619246862,0.5052698633310169,0.9538461538461539,13.176470588235293,0,0,0,0,0,0.0,0.0,0.0,13.441176470588236,7.5,1.3529411764705883,15.352941176470589,0.48484848484848486,0.5337288610669906,-3.1764705882352935,-0.5882352941176467,0.47058823529411753,-2.1764705882352953,4,15,19,0.4411764705882353,N,6,EA,2198,2245,-47,74.0,210
willina01w,6,IND,0,F-C,0,34,34,804,251,186,31,35,12,56,105,7.382352941176471,5.470588235294118,0.9117647058823529,1.0294117647058822,0.35294117647058826,23.647058823529413,1.6470588235294117,103,248,0.4153225806451613,45,67,0.6716417910447762,0,0,0.0,0.4147761194029851,0.4522848493585123,0.5535714285714286,8.588235294117647,1,4,47,30,6,11.75,7.5,1.5,10.264705882352942,6.911764705882353,1.8235294117647058,13.176470588235293,0.4539249146757679,0.5052698633310169,-2.882352941176471,-1.4411764705882355,-0.9117647058823529,-4.588235294117647,5,21,13,0.6176470588235294,Y,2,EA,2170,2133,37,74.0,210
williri01w,1,IND,0,G,0,32,29,1014,352,95,101,76,3,69,69,11.0,2.96875,3.15625,2.375,0.09375,31.6875,2.15625,112,274,0.40875912408759124,79,108,0.7314814814814815,49,131,0.37404580152671757,0.3851282051282051,0.5473998507091317,1.463768115942029,11.46875,0,0,0,0,0,0.0,0.0,0.0,,,,,,,,,,,0,9,23,0.28125,N,7,EA,2213,2290,-77,66.0,135
williri01w,2,IND,0,G,0,32,29,1042,380,104,114,72,11,100,71,11.875,3.25,3.5625,2.25,0.34375,32.5625,3.125,115,293,0.3924914675767918,109,130,0.8384615384615385,41,109,0.3761467889908257,0.43205374280230324,0.5425471159337522,1.14,11.9375,0,0,0,0,0,0.0,0.0,0.0,11.0,2.96875,3.15625,11.46875,0.40875912408759124,0.5473998507091317,0.875,0.28125,0.40625,0.46875,1,10,22,0.3125,N,6,EA,2153,2249,-96,66.0,135
williri01w,3,HOU,2,G,0,9,0,85,19,6,7,11,0,10,11,2.111111111111111,0.6666666666666666,0.7777777777777778,1.2222222222222223,0.0,9.444444444444445,1.1111111111111112,5,11,0.45454545454545453,7,10,0.7,2,6,0.3333333333333333,0.2988235294117647,0.6168831168831169,0.7,2.6666666666666665,1,3,20,6,7,6.666666666666667,2.0,2.3333333333333335,11.875,3.25,3.5625,11.9375,0.3924914675767918,0.5425471159337522,-9.76388888888889,-2.5833333333333335,-2.7847222222222223,-9.270833333333334,2,24,8,0.75,Y,2,WE,2072,1892,180,66.0,135
williri01w,3,IND,1,G,0,20,1,484,120,37,43,21,2,29,34,6.0,1.85,2.15,1.05,0.1,24.2,1.45,39,135,0.28888888888888886,25,34,0.7352941176470589,17,67,0.2537313432835821,0.3697520661157025,0.4001066951186983,1.4827586206896552,4.45,0,0,0,0,0,0.0,0.0,0.0,2.111111111111111,0.6666666666666666,0.7777777777777778,2.6666666666666665,0.45454545454545453,0.6168831168831169,3.888888888888889,1.1833333333333336,1.3722222222222222,1.7833333333333337,3,16,16,0.5,Y,4,EA,2097,2129,-32,66.0,135
williri01w,4,SEA,0,G,0,32,0,381,78,22,41,14,0,27,34,2.4375,0.6875,1.28125,0.4375,0.0,11.90625,0.84375,28,75,0.37333333333333335,11,15,0.7333333333333333,11,43,0.2558139534883721,0.28503937007874014,0.47794117647058826,1.5185185185185186,2.40625,0,0,0,0,0,0.0,0.0,0.0,6.0,1.85,2.15,4.45,0.28888888888888886,0.4001066951186983,-3.5625,-1.1625,-0.8687499999999999,-2.04375,4,18,16,0.5294117647058824,N,5,WE,2388,2274,114,66.0,135
willish01w,4,LAS,0,G,0,25,3,229,49,32,19,6,0,7,25,1.96,1.28,0.76,0.24,0.0,9.16,0.28,19,53,0.3584905660377358,10,14,0.7142857142857143,1,16,0.0625,0.28890829694323145,0.41413116970926306,2.7142857142857144,2.44,1,4,0,0,0,0.0,0.0,0.0,,,,,,,,,,,0,24,10,0.7058823529411765,Y,1,WE,2499,2432,67,66.0,135
willita01w,1,POR,0,G,0,26,0,174,80,17,13,8,2,10,26,3.076923076923077,0.6538461538461539,0.5,0.3076923076923077,0.07692307692307693,6.6923076923076925,0.38461538461538464,31,69,0.4492753623188406,4,8,0.5,14,41,0.34146341463414637,0.4742528735632184,0.5515719801434087,1.3,2.6153846153846154,0,0,0,0,0,0.0,0.0,0.0,,,,,,,,,,,0,10,22,0.3125,N,7,WE,2155,2303,-148,71.0,170
willito01w,5,SAS,0,G,0,26,4,417,55,39,43,35,5,31,36,2.1153846153846154,1.5,1.6538461538461537,1.3461538461538463,0.19230769230769232,16.03846153846154,1.1923076923076923,16,46,0.34782608695652173,22,29,0.7586206896551724,1,2,0.5,0.21525179856115106,0.4680054458815521,1.3870967741935485,4.1923076923076925,0,0,0,0,0,0.0,0.0,0.0,,,,,,,,,,,0,9,25,0.2647058823529412,N,7,WE,2191,2364,-173,68.0,138
williwe01w,2,LAS,0,G,0,13,0,47,17,5,3,1,0,2,0,1.3076923076923077,0.38461538461538464,0.23076923076923078,0.07692307692307693,0.0,3.6153846153846154,0.15384615384615385,6,20,0.3,3,4,0.75,2,13,0.15384615384615385,0.505531914893617,0.39062499999999994,1.5,0.6923076923076923,1,4,0,1,1,0.0,0.25,0.25,,,,,,,,,,,0,28,4,0.875,Y,1,WE,2441,2166,275,67.0,141
wilsoam01w,1,PHO,0,F,0,3,0,9,2,1,1,0,0,0,2,0.6666666666666666,0.3333333333333333,0.3333333333333333,0.0,0.0,3.0,0.0,0,1,0.0,2,4,0.5,0,0,0.0,0.30666666666666664,0.3623188405797102,1.0,0.3333333333333333,0,0,0,0,0,0.0,0.0,0.0,,,,,,,,,,,0,20,12,0.625,Y,4,WE,2243,2102,141,71.0,176
wirthch01w,10,IND,0,F,0,21,0,120,22,15,13,3,1,3,12,1.0476190476190477,0.7142857142857143,0.6190476190476191,0.14285714285714285,0.047619047619047616,5.714285714285714,0.14285714285714285,8,29,0.27586206896551724,1,1,1.0,5,14,0.35714285714285715,0.2703333333333333,0.37364130434782605,4.333333333333333,1.4285714285714286,1,5,6,3,2,1.2,0.6,0.4,,,,,,,,,,,0,22,12,0.6470588235294118,Y,1,EA,2606,2501,105,73.0,185
wisdoli01w,10,LAS,0,F,0,29,0,197,69,41,8,3,8,15,12,2.3793103448275863,1.4137931034482758,0.27586206896551724,0.10344827586206896,0.27586206896551724,6.793103448275862,0.5172413793103449,28,61,0.45901639344262296,12,19,0.631578947368421,1,1,1.0,0.4282233502538071,0.49740484429065746,0.5333333333333333,2.5517241379310347,1,2,0,1,1,0.0,0.5,0.5,,,,,,,,,,,0,18,16,0.5294117647058824,Y,3,WE,2533,2498,35,74.0,186
witheso01w,1,POR,0,G,0,32,32,1061,538,105,68,38,8,88,72,16.8125,3.28125,2.125,1.1875,0.25,33.15625,2.75,175,456,0.38377192982456143,128,147,0.8707482993197279,60,163,0.36809815950920244,0.5736852026390199,0.5166320964892064,0.7727272727272727,11.53125,0,0,0,0,0,0.0,0.0,0.0,,,,,,,,,,,0,10,22,0.3125,N,7,WE,2155,2303,-148,70.0,145
witheso01w,2,POR,0,G,0,31,30,862,373,74,54,30,8,72,59,12.03225806451613,2.3870967741935485,1.7419354838709677,0.967741935483871,0.25806451612903225,27.806451612903224,2.3225806451612905,113,358,0.31564245810055863,90,106,0.8490566037735849,57,182,0.3131868131868132,0.5529466357308584,0.4609035191775405,0.75,6.645161290322581,0,0,0,0,0,0.0,0.0,0.0,16.8125,3.28125,2.125,11.53125,0.38377192982456143,0.5166320964892064,-4.78024193548387,-0.8941532258064515,-0.38306451612903225,-4.886088709677419,1,11,21,0.34375,N,7,WE,2088,2202,-114,70.0,145
witheso01w,3,LAS,0,G,0,31,1,358,161,29,29,13,2,22,27,5.193548387096774,0.9354838709677419,0.9354838709677419,0.41935483870967744,0.06451612903225806,11.548387096774194,0.7096774193548387,49,118,0.4152542372881356,35,46,0.7608695652173914,28,67,0.417910447761194,0.4475977653631285,0.5823206018518519,1.3181818181818181,4.258064516129032,1,6,18,5,2,3.0,0.8333333333333334,0.3333333333333333,12.03225806451613,2.3870967741935485,1.7419354838709677,6.645161290322581,0.31564245810055863,0.4609035191775405,-6.838709677419356,-1.4516129032258065,-0.8064516129032259,-2.387096774193549,2,25,7,0.78125,Y,1,WE,2452,2235,217,70.0,145
witheso01w,4,LAS,0,G,0,23,2,235,56,19,4,7,0,7,17,2.4347826086956523,0.8260869565217391,0.17391304347826086,0.30434782608695654,0.0,10.217391304347826,0.30434782608695654,17,53,0.32075471698113206,12,14,0.8571428571428571,10,29,0.3448275862068966,0.281531914893617,0.4732927653820149,0.5714285714285714,1.7826086956521738,1,5,5,2,0,1.0,0.4,0.0,5.193548387096774,0.9354838709677419,0.9354838709677419,4.258064516129032,0.4152542372881356,0.5823206018518519,-2.7587657784011217,-0.10939691444600275,-0.761570827489481,-2.475455820476858,3,24,10,0.7058823529411765,Y,1,WE,2499,2432,67,70.0,145
wolteka01w,1,IND,0,C,0,31,30,793,370,164,39,12,49,73,99,11.935483870967742,5.290322580645161,1.2580645161290323,0.3870967741935484,1.5806451612903225,25.580645161290324,2.3548387096774195,148,264,0.5606060606060606,74,100,0.74,0,0,0.0,0.48045397225725095,0.6006493506493507,0.5342465753424658,13.516129032258064,0,0,0,0,0,0.0,0.0,0.0,,,,,,,,,,,0,9,23,0.28125,N,7,EA,2213,2290,-77,79.0,227
wolteka01w,2,SAC,0,C,0,31,1,378,151,74,17,4,25,33,55,4.870967741935484,2.3870967741935485,0.5483870967741935,0.12903225806451613,0.8064516129032258,12.193548387096774,1.064516129032258,63,134,0.4701492537313433,25,31,0.8064516129032258,0,0,0.0,0.47788359788359785,0.511379030073151,0.5151515151515151,5.193548387096774,1,4,10,4,1,2.5,1.0,0.25,11.935483870967742,5.290322580645161,1.2580645161290323,13.516129032258064,0.5606060606060606,0.6006493506493507,-7.064516129032258,-2.9032258064516125,-0.7096774193548387,-8.32258064516129,1,20,12,0.625,Y,2,WE,2294,2139,155,79.0,227
wolteka01w,3,SAC,0,C,0,14,0,78,24,23,3,0,3,6,18,1.7142857142857142,1.6428571428571428,0.21428571428571427,0.0,0.21428571428571427,5.571428571428571,0.42857142857142855,9,28,0.32142857142857145,6,10,0.6,0,0,0.0,0.4923076923076923,0.3703703703703704,0.5,1.7142857142857142,0,0,0,0,0,0.0,0.0,0.0,4.870967741935484,2.3870967741935485,0.5483870967741935,5.193548387096774,0.4701492537313433,0.511379030073151,-3.1566820276497696,-0.7442396313364057,-0.3341013824884792,-3.4792626728110596,2,14,18,0.4375,N,6,WE,2166,2294,-128,79.0,227
wolvean01w,2,CLE,0,F-C,0,1,0,5,2,1,0,0,0,0,1,2.0,1.0,0.0,0.0,0.0,5.0,0.0,1,3,0.3333333333333333,0,0,0.0,0,0,0.0,0.6,0.3333333333333333,0.0,1.0,0,0,0,0,0,0.0,0.0,0.0,,,,,,,,,,,0,22,10,0.6875,Y,1,EA,2004,1788,216,75.0,205
wrighsh01w,5,PHO,0,F,0,24,0,243,57,27,8,3,1,15,19,2.375,1.125,0.3333333333333333,0.125,0.041666666666666664,10.125,0.625,13,42,0.30952380952380953,25,32,0.78125,6,13,0.46153846153846156,0.2925102880658436,0.5082025677603423,0.5333333333333333,1.875,0,0,0,0,0,0.0,0.0,0.0,,,,,,,,,,,0,17,17,0.5,N,5,WE,2300,2235,65,70.0,155
wrighsh01w,6,PHO,0,F,0,25,5,346,94,50,23,14,3,28,13,3.76,2.0,0.92,0.56,0.12,13.84,1.12,24,59,0.4067796610169492,35,52,0.6730769230769231,11,35,0.3142857142857143,0.3175722543352601,0.5740107474352711,0.8214285714285714,4.16,0,0,0,0,0,0.0,0.0,0.0,2.375,1.125,0.3333333333333333,1.875,0.30952380952380953,0.5082025677603423,1.3849999999999998,0.875,0.5866666666666667,2.285,1,16,18,0.47058823529411764,N,5,WE,2361,2354,7,70.0,155
wrighta01w,6,SEA,0,G,0,34,8,528,122,57,53,18,3,40,60,3.588235294117647,1.6764705882352942,1.5588235294117647,0.5294117647058824,0.08823529411764706,15.529411764705882,1.1764705882352942,49,106,0.46226415094339623,24,36,0.6666666666666666,0,1,0.0,0.3065151515151515,0.5006565988181221,1.325,4.235294117647059,1,3,9,5,7,3.0,1.6666666666666667,2.3333333333333335,,,,,,,,,,,0,20,14,0.5882352941176471,Y,2,WE,2498,2407,91,71.0,165
wrighta01w,7,SEA,0,G,0,33,0,508,124,60,41,11,2,52,53,3.757575757575758,1.8181818181818181,1.2424242424242424,0.3333333333333333,0.06060606060606061,15.393939393939394,1.5757575757575757,42,119,0.35294117647058826,38,45,0.8444444444444444,2,14,0.14285714285714285,0.3755905511811024,0.446685878962536,0.7884615384615384,3.090909090909091,1,2,0,0,1,0.0,0.0,0.5,3.588235294117647,1.6764705882352942,1.5588235294117647,4.235294117647059,0.46226415094339623,0.5006565988181221,0.1693404634581106,0.14171122994652396,-0.3163992869875223,-1.144385026737968,1,18,16,0.5294117647058824,Y,4,WE,2644,2575,69,71.0,165
wrighta01w,8,SEA,0,G,0,34,5,547,139,43,69,31,2,55,56,4.088235294117647,1.2647058823529411,2.0294117647058822,0.9117647058823529,0.058823529411764705,16.08823529411765,1.6176470588235294,50,125,0.4,33,39,0.8461538461538461,6,22,0.2727272727272727,0.36043875685557586,0.488885762521103,1.2545454545454546,4.352941176470588,1,2,18,5,5,9.0,2.5,2.5,3.757575757575758,1.8181818181818181,1.2424242424242424,3.090909090909091,0.35294117647058826,0.446685878962536,0.33065953654188895,-0.553475935828877,0.7869875222816398,1.262032085561497,2,17,17,0.5,Y,4,WE,2734,2647,87,71.0,165
wrighta01w,9,SEA,0,G,0,34,14,808,268,116,84,31,8,78,94,7.882352941176471,3.411764705882353,2.4705882352941178,0.9117647058823529,0.23529411764705882,23.764705882352942,2.2941176470588234,108,250,0.432,48,61,0.7868852459016393,4,24,0.16666666666666666,0.4391584158415841,0.4840340991186245,1.0769230769230769,8.058823529411764,1,3,41,17,8,13.666666666666666,5.666666666666667,2.6666666666666665,4.088235294117647,1.2647058823529411,2.0294117647058822,4.352941176470588,0.4,0.488885762521103,3.7941176470588243,2.1470588235294117,0.4411764705882355,3.7058823529411766,3,22,12,0.6470588235294118,Y,2,WE,2493,2406,87,71.0,165
wrighta01w,10,SEA,0,G,0,33,33,1072,404,117,129,50,10,85,119,12.242424242424242,3.5454545454545454,3.909090909090909,1.5151515151515151,0.30303030303030304,32.484848484848484,2.5757575757575757,150,324,0.46296296296296297,96,106,0.9056603773584906,8,30,0.26666666666666666,0.4250373134328358,0.545003237642996,1.5176470588235293,13.363636363636363,1,3,35,16,16,11.666666666666666,5.333333333333333,5.333333333333333,7.882352941176471,3.411764705882353,2.4705882352941178,8.058823529411764,0.432,0.4840340991186245,4.360071301247771,0.1336898395721926,1.4385026737967914,5.304812834224599,4,20,14,0.5882352941176471,Y,2,WE,2544,2476,68,71.0,165
wyckobr01w,2,ORL,0,F,0,32,27,648,108,122,37,26,15,50,91,3.375,3.8125,1.15625,0.8125,0.46875,20.25,1.5625,41,125,0.328,20,28,0.7142857142857143,6,37,0.16216216216216217,0.28907407407407404,0.39324206233614917,0.74,5.1875,0,0,0,0,0,0.0,0.0,0.0,,,,,,,,,,,0,13,19,0.40625,N,5,EA,2140,2205,-65,73.0,183
wyckobr01w,3,ORL,0,F,0,32,5,514,81,90,32,19,18,30,71,2.53125,2.8125,1.0,0.59375,0.5625,16.0625,0.9375,31,95,0.3263157894736842,5,7,0.7142857142857143,14,50,0.28,0.2491828793774319,0.41292822185970635,1.0666666666666667,4.5,0,0,0,0,0,0.0,0.0,0.0,3.375,3.8125,1.15625,5.1875,0.328,0.39324206233614917,-0.84375,-1.0,-0.15625,-0.6875,1,16,16,0.5,N,5,EA,2254,2255,-1,73.0,183
wyckobr01w,4,CON,0,F,0,34,22,755,156,146,35,33,19,39,109,4.588235294117647,4.294117647058823,1.0294117647058822,0.9705882352941176,0.5588235294117647,22.205882352941178,1.1470588235294117,55,142,0.3873239436619718,26,36,0.7222222222222222,20,70,0.2857142857142857,0.2607152317880795,0.4941713127217435,0.8974358974358975,7.4411764705882355,1,4,18,12,5,4.5,3.0,1.25,2.53125,2.8125,1.0,4.5,0.3263157894736842,0.41292822185970635,2.0569852941176467,1.4816176470588234,0.02941176470588225,2.9411764705882355,2,18,16,0.5294117647058824,Y,3,EA,2384,2409,-25,73.0,183
wyckobr01w,6,CON,0,F,0,34,1,596,105,95,35,13,9,28,82,3.088235294117647,2.7941176470588234,1.0294117647058822,0.38235294117647056,0.2647058823529412,17.529411764705884,0.8235294117647058,35,88,0.3977272727272727,13,20,0.65,22,52,0.4230769230769231,0.20939597315436242,0.5423553719008265,1.25,4.970588235294118,1,8,18,15,3,2.25,1.875,0.375,4.588235294117647,4.294117647058823,1.0294117647058822,7.4411764705882355,0.3873239436619718,0.4941713127217435,-1.4999999999999996,-1.5,0.0,-2.4705882352941178,3,26,8,0.7647058823529411,Y,1,EA,2474,2244,230,73.0,183
wyckobr01w,7,CHI,0,F,0,15,13,345,50,40,33,14,12,16,40,3.3333333333333335,2.6666666666666665,2.2,0.9333333333333333,0.8,23.0,1.0666666666666667,16,66,0.24242424242424243,8,10,0.8,10,43,0.23255813953488372,0.25043478260869567,0.35511363636363635,2.0625,5.4,0,0,0,0,0,0.0,0.0,0.0,3.088235294117647,2.7941176470588234,1.0294117647058822,4.970588235294118,0.3977272727272727,0.5423553719008265,0.2450980392156863,-0.12745098039215685,1.170588235294118,0.4294117647058826,4,5,29,0.14705882352941177,N,7,EA,2322,2687,-365,73.0,183
wyckobr01w,8,CHI,0,F,0,34,7,520,98,108,47,20,18,27,81,2.8823529411764706,3.176470588235294,1.3823529411764706,0.5882352941176471,0.5294117647058824,15.294117647058824,0.7941176470588235,32,85,0.3764705882352941,10,13,0.7692307692307693,24,67,0.3582089552238806,0.22638461538461538,0.5401234567901234,1.7407407407407407,6.117647058823529,0,0,0,0,0,0.0,0.0,0.0,3.3333333333333335,2.6666666666666665,2.2,5.4,0.24242424242424243,0.35511363636363635,-0.4509803921568629,0.5098039215686274,-0.8176470588235296,0.7176470588235286,5,14,20,0.4117647058823529,N,6,EA,2525,2611,-86,73.0,183
wyckobr01w,9,CHI,0,F,0,34,23,594,75,79,46,14,20,34,80,2.2058823529411766,2.323529411764706,1.3529411764705883,0.4117647058823529,0.5882352941176471,17.470588235294116,1.0,25,73,0.3424657534246575,9,16,0.5625,16,51,0.3137254901960784,0.191986531986532,0.4685157421289355,1.3529411764705883,4.264705882352941,0,0,0,0,0,0.0,0.0,0.0,2.8823529411764706,3.176470588235294,1.3823529411764706,6.117647058823529,0.3764705882352941,0.5401234567901234,-0.6764705882352939,-0.8529411764705879,-0.02941176470588225,-1.8529411764705879,6,12,22,0.35294117647058826,N,5,EA,2472,2510,-38,73.0,183
wyckobr01w,10,CHI,0,F,0,27,23,531,83,73,38,10,20,29,61,3.074074074074074,2.7037037037037037,1.4074074074074074,0.37037037037037035,0.7407407407407407,19.666666666666668,1.0740740740740742,28,74,0.3783783783783784,7,8,0.875,20,51,0.39215686274509803,0.20060263653483992,0.5353457172342622,1.3103448275862069,5.481481481481482,0,0,0,0,0,0.0,0.0,0.0,2.2058823529411766,2.323529411764706,1.3529411764705883,4.264705882352941,0.3424657534246575,0.4685157421289355,0.8681917211328973,0.38017429193899765,0.05446623093681913,1.2167755991285407,7,16,18,0.47058823529411764,N,5,EA,2573,2693,-120,73.0,183
wynneda01w,2,SAC,0,F,0,1,0,3,2,1,0,0,1,0,2,2.0,1.0,0.0,0.0,1.0,3.0,0.0,0,0,0.0,2,2,1.0,0,0,0.0,0.29333333333333333,1.1363636363636365,0.0,4.0,1,2,2,0,0,1.0,0.0,0.0,,,,,,,,,,,0,20,12,0.625,Y,2,WE,2294,2139,155,74.0,175
yamasli01w,3,MIA,0,G,0,15,0,147,52,15,9,4,1,10,20,3.466666666666667,1.0,0.6,0.26666666666666666,0.06666666666666667,9.8,0.6666666666666666,19,43,0.4418604651162791,5,10,0.5,9,17,0.5294117647058824,0.3904761904761905,0.5485232067510548,0.9,2.8,0,0,0,0,0,0.0,0.0,0.0,,,,,,,,,,,0,15,17,0.46875,N,6,EA,2046,2088,-42,73.0,190
yamasli01w,4,NYL,0,G,0,24,1,148,16,12,9,4,0,5,19,0.6666666666666666,0.5,0.375,0.16666666666666666,0.0,6.166666666666667,0.20833333333333334,6,27,0.2222222222222222,0,0,0.0,4,14,0.2857142857142857,0.21621621621621623,0.2962962962962963,1.8,0.625,0,0,0,0,0,0.0,0.0,0.0,3.466666666666667,1.0,0.6,2.8,0.4418604651162791,0.5485232067510548,-2.8000000000000003,-0.5,-0.22499999999999998,-2.175,1,16,18,0.47058823529411764,N,6,EA,2243,2256,-13,73.0,190
yilmane01w,4,PHO,0,F-C,0,5,1,34,14,3,2,0,0,4,7,2.8,0.6,0.4,0.0,0.0,6.8,0.8,7,15,0.4666666666666667,0,2,0.0,0,0,0.0,0.5847058823529413,0.44080604534005036,0.5,1.0,0,0,0,0,0,0.0,0.0,0.0,,,,,,,,,,,0,8,26,0.23529411764705882,N,7,WE,2097,2270,-173,76.0,193
yilmane01w,5,SAS,0,F-C,0,7,0,77,19,10,2,3,1,4,15,2.7142857142857144,1.4285714285714286,0.2857142857142857,0.42857142857142855,0.14285714285714285,11.0,0.5714285714285714,6,24,0.25,6,6,1.0,1,7,0.14285714285714285,0.39792207792207795,0.3566066066066066,0.5,1.8571428571428572,0,0,0,0,0,0.0,0.0,0.0,2.8,0.6,0.4,1.0,0.4666666666666667,0.44080604534005036,-0.08571428571428541,0.8285714285714286,-0.11428571428571432,0.8571428571428572,1,9,25,0.2647058823529412,N,7,WE,2191,2364,-173,76.0,193
youngca01w,2,POR,0,G,0,23,1,279,111,34,15,14,1,27,27,4.826086956521739,1.4782608695652173,0.6521739130434783,0.6086956521739131,0.043478260869565216,12.130434782608695,1.173913043478261,37,99,0.37373737373737376,27,37,0.7297297297297297,10,34,0.29411764705882354,0.5099641577060932,0.4814365024288688,0.5555555555555556,3.3043478260869565,0,0,0,0,0,0.0,0.0,0.0,,,,,,,,,,,0,11,21,0.34375,N,7,WE,2088,2202,-114,69.0,175
youngca01w,3,POR,0,G,0,19,0,186,83,14,12,4,0,18,18,4.368421052631579,0.7368421052631579,0.631578947368421,0.21052631578947367,0.0,9.789473684210526,0.9473684210526315,26,74,0.35135135135135137,21,24,0.875,10,22,0.45454545454545453,0.5513978494623656,0.49077578051087983,0.6666666666666666,2.3157894736842106,0,0,0,0,0,0.0,0.0,0.0,4.826086956521739,1.4782608695652173,0.6521739130434783,3.3043478260869565,0.37373737373737376,0.4814365024288688,-0.4576659038901605,-0.7414187643020594,-0.020594965675057253,-0.9885583524027459,1,16,16,0.5,N,5,WE,2195,2227,-32,69.0,175
youngso01w,7,SAS,0,F,0,34,34,1057,408,257,50,57,13,45,70,12.0,7.5588235294117645,1.4705882352941178,1.6764705882352942,0.38235294117647056,31.08823529411765,1.3235294117647058,154,370,0.41621621621621624,100,137,0.7299270072992701,0,4,0.0,0.4496499526963103,0.47410988193734316,1.1111111111111112,14.323529411764707,0,0,0,0,0,0.0,0.0,0.0,,,,,,,,,,,0,13,21,0.38235294117647056,N,6,WE,2523,2603,-80,73.0,165
youngso01w,8,SAS,0,F,0,33,33,1106,553,193,51,49,12,61,100,16.757575757575758,5.848484848484849,1.5454545454545454,1.4848484848484849,0.36363636363636365,33.515151515151516,1.8484848484848484,214,448,0.47767857142857145,125,167,0.7485029940119761,0,5,0.0,0.5266546112115732,0.5302216767661272,0.8360655737704918,15.787878787878787,1,5,101,45,8,20.2,9.0,1.6,12.0,7.5588235294117645,1.4705882352941178,14.323529411764707,0.41621621621621624,0.47410988193734316,4.757575757575758,-1.7103386809269159,0.07486631016042766,1.4643493761140807,1,20,14,0.5882352941176471,Y,2,WE,2517,2484,33,73.0,165
youngso01w,9,SAS,0,F,0,33,33,1054,576,186,75,53,17,57,86,17.454545454545453,5.636363636363637,2.272727272727273,1.606060606060606,0.5151515151515151,31.939393939393938,1.7272727272727273,207,433,0.4780600461893764,162,206,0.7864077669902912,0,3,0.0,0.5508918406072106,0.5499961805820793,1.3157894736842106,17.575757575757574,1,9,159,53,15,17.666666666666668,5.888888888888889,1.6666666666666667,16.757575757575758,5.848484848484849,1.5454545454545454,15.787878787878787,0.47767857142857145,0.5302216767661272,0.6969696969696955,-0.21212121212121193,0.7272727272727275,1.7878787878787872,2,24,10,0.7058823529411765,Y,1,WE,2546,2418,128,73.0,165
youngso01w,10,SAS,0,F,0,33,33,1113,600,215,54,44,16,62,67,18.181818181818183,6.515151515151516,1.6363636363636365,1.3333333333333333,0.48484848484848486,33.72727272727273,1.878787878787879,219,482,0.45435684647302904,145,189,0.7671957671957672,17,55,0.3090909090909091,0.5634860736747529,0.5308231297331729,0.8709677419354839,16.96969696969697,1,3,58,16,6,19.333333333333332,5.333333333333333,2.0,17.454545454545453,5.636363636363637,2.272727272727273,17.575757575757574,0.4780600461893764,0.5499961805820793,0.7272727272727302,0.8787878787878789,-0.6363636363636365,-0.6060606060606055,3,15,19,0.4411764705882353,Y,4,WE,2615,2661,-46,73.0,165
youngta01w,9,ATL,0,F,0,33,15,745,240,139,41,30,10,59,97,7.2727272727272725,4.212121212121212,1.2424242424242424,0.9090909090909091,0.30303030303030304,22.575757575757574,1.7878787878787878,80,240,0.3333333333333333,67,97,0.6907216494845361,13,40,0.325,0.4586308724832215,0.42450827791141926,0.6949152542372882,6.393939393939394,0,0,0,0,0,0.0,0.0,0.0,,,,,,,,,,,0,4,30,0.11764705882352941,N,7,EA,2534,2879,-345,74.0,166
youngta01w,10,ATL,1,F,0,11,0,73,30,14,5,6,1,9,9,2.727272727272727,1.2727272727272727,0.45454545454545453,0.5454545454545454,0.09090909090909091,6.636363636363637,0.8181818181818182,9,27,0.3333333333333333,11,17,0.6470588235294118,1,5,0.2,0.5956164383561644,0.4350348027842227,0.5555555555555556,2.090909090909091,0,0,0,0,0,0.0,0.0,0.0,7.2727272727272725,4.212121212121212,1.2424242424242424,6.393939393939394,0.3333333333333333,0.42450827791141926,-4.545454545454545,-2.9393939393939394,-0.7878787878787878,-4.303030303030303,1,18,16,0.5294117647058824,Y,2,EA,2861,2797,64,74.0,166
youngta01w,10,CHI,2,F,0,10,6,129,50,30,7,7,4,11,18,5.0,3.0,0.7,0.7,0.4,12.9,1.1,16,46,0.34782608695652173,16,18,0.8888888888888888,2,8,0.25,0.5032558139534884,0.46364985163204747,0.6363636363636364,5.5,0,0,0,0,0,0.0,0.0,0.0,2.727272727272727,1.2727272727272727,0.45454545454545453,2.090909090909091,0.3333333333333333,0.4350348027842227,2.272727272727273,1.7272727272727273,0.24545454545454543,3.409090909090909,2,16,18,0.47058823529411764,N,5,EA,2573,2693,-120,74.0,166
zakalok01w,1,DET,0,C,0,23,0,258,89,46,2,5,13,19,45,3.869565217391304,2.0,0.08695652173913043,0.21739130434782608,0.5652173913043478,11.217391304347826,0.8260869565217391,38,73,0.5205479452054794,10,11,0.9090909090909091,3,7,0.42857142857142855,0.37534883720930234,0.5716855087358684,0.10526315789473684,4.3478260869565215,0,0,0,0,0,0.0,0.0,0.0,,,,,,,,,,,0,14,18,0.4375,N,5,EA,2331,2426,-95,78.0,174
zakalok01w,3,DET,1,C,0,3,0,10,2,0,0,0,1,0,3,0.6666666666666666,0.0,0.0,0.0,0.3333333333333333,3.3333333333333335,0.0,1,3,0.3333333333333333,0,0,0.0,0,0,0.0,0.3,0.3333333333333333,0.0,0.3333333333333333,0,0,0,0,0,0.0,0.0,0.0,3.869565217391304,2.0,0.08695652173913043,4.3478260869565215,0.5205479452054794,0.5716855087358684,-3.2028985507246377,-2.0,-0.08695652173913043,-4.0144927536231885,1,9,23,0.28125,N,8,EA,2114,2266,-152,78.0,174
zakalok01w,3,PHO,2,C,0,5,0,37,6,3,0,0,0,4,4,1.2,0.6,0.0,0.0,0.0,7.4,0.8,2,6,0.3333333333333333,2,4,0.5,0,0,0.0,0.3178378378378378,0.3865979381443299,0.0,-0.2,0,0,0,0,0,0.0,0.0,0.0,0.6666666666666666,0.0,0.0,0.3333333333333333,0.3333333333333333,0.3333333333333333,0.5333333333333333,0.6,0.0,-0.5333333333333333,2,11,21,0.34375,N,7,WE,2091,2291,-200,78.0,174
zarafr01w,6,SEA,0,G,0,34,4,413,90,39,51,16,1,41,29,2.6470588235294117,1.1470588235294117,1.5,0.47058823529411764,0.029411764705882353,12.147058823529411,1.2058823529411764,34,85,0.4,17,21,0.8095238095238095,5,22,0.22727272727272727,0.32745762711864407,0.4775042444821732,1.2439024390243902,2.9705882352941178,1,3,11,0,2,3.6666666666666665,0.0,0.6666666666666666,,,,,,,,,,,0,20,14,0.5882352941176471,Y,2,WE,2498,2407,91,70.0,146
zellosh01w,10,DET,0,G,0,34,4,802,406,106,62,27,17,77,111,11.941176470588236,3.1176470588235294,1.8235294117647058,0.7941176470588235,0.5,23.58823529411765,2.264705882352941,118,297,0.39730639730639733,155,181,0.856353591160221,15,49,0.30612244897959184,0.5656359102244389,0.5389762107051826,0.8051948051948052,9.882352941176471,1,5,78,25,14,15.6,5.0,2.8,,,,,,,,,,,0,18,16,0.5294117647058824,Y,3,EA,2652,2644,8,70.0,155
zirkozu01w,4,WAS,0,G,0,6,0,30,11,2,1,0,0,2,3,1.8333333333333333,0.3333333333333333,0.16666666666666666,0.0,0.0,5.0,0.3333333333333333,2,4,0.5,6,6,1.0,1,2,0.5,0.28800000000000003,0.8283132530120482,0.5,1.6666666666666667,0,0,0,0,0,0.0,0.0,0.0,,,,,,,,,,,0,9,25,0.2647058823529412,N,7,EA,2330,2498,-168,69.0,145
zollsh01w,9,MIN,0,G,0,6,0,30,10,3,3,1,0,3,2,1.6666666666666667,0.5,0.5,0.16666666666666666,0.0,5.0,0.5,2,8,0.25,5,6,0.8333333333333334,1,3,0.3333333333333333,0.45466666666666666,0.4699248120300752,1.0,1.1666666666666667,0,0,0,0,0,0.0,0.0,0.0,,,,,,,,,,,0,16,18,0.47058823529411764,N,7,WE,2767,2721,46,67.0,148
