playerID,year,tmID,stint,pos,won_roy,is_rookie,years_experience,GP,GS,minutes,points,rebounds,assists,steals,blocks,turnovers,PF,ppg,rpg,apg,spg,bpg,mpg,topg,fgMade,fgAttempted,fg_pct,ftMade,ftAttempted,ft_pct,threeMade,threeAttempted,three_pct,usage_rate,true_shooting,ast_to_ratio,per_approx,starting_pct,made_playoffs,PostGP,PostPoints,PostRebounds,PostAssists,playoff_ppg,won,lost,team_win_pct,playoff,rank,confID,o_pts,d_pts,team_point_diff,height,weight
abrossv01w,2,MIN,0,F,0,1,0,26,23,846,343,174,53,42,9,85,70,13.192307692307692,6.6923076923076925,2.0384615384615383,1.6153846153846154,0.34615384615384615,32.53846153846154,3.269230769230769,114,293,0.3890784982935154,96,132,0.7272727272727273,19,76,0.25,0.5154609929078015,0.4884926512475789,0.6235294117647059,12.346153846153847,0.8846153846153846,0,0,0,0,0,0.0,12,20,0.375,N,6,WE,2077,2156,-79,74.0,169
adamsjo01w,4,MIN,0,C,0,1,0,10,0,96,33,23,4,2,3,10,10,3.3,2.3,0.4,0.2,0.3,9.6,1.0,13,33,0.3939393939393939,2,2,1.0,5,12,0.4166666666666667,0.45708333333333334,0.48701298701298695,0.4,3.5,0.0,0,0,0,0,0,0.0,18,16,0.5294117647058824,Y,4,WE,2380,2370,10,75.0,180
aguilel01w,3,UTA,0,G,0,1,0,28,0,141,43,11,16,3,2,11,5,1.5357142857142858,0.39285714285714285,0.5714285714285714,0.10714285714285714,0.07142857142857142,5.035714285714286,0.39285714285714285,14,33,0.42424242424242425,4,7,0.5714285714285714,11,21,0.5238095238095238,0.33390070921985815,0.5958980044345898,1.4545454545454546,1.5,0.0,1,2,0,0,2,0.0,20,12,0.625,Y,3,WE,2418,2344,74,67.0,165
ajavoma01w,9,HOU,0,G,0,1,0,34,2,604,273,60,59,31,6,55,85,8.029411764705882,1.7647058823529411,1.7352941176470589,0.9117647058823529,0.17647058823529413,17.764705882352942,1.6176470588235294,94,284,0.33098591549295775,72,91,0.7912087912087912,13,68,0.19117647058823528,0.6275496688741722,0.4212442908282928,1.0727272727272728,4.852941176470588,0.058823529411764705,0,0,0,0,0,0.0,17,17,0.5,N,5,WE,2561,2606,-45,68.0,160
aldrima01w,1,WAS,0,G,0,1,0,29,0,272,63,24,28,9,4,27,30,2.1724137931034484,0.8275862068965517,0.9655172413793104,0.3103448275862069,0.13793103448275862,9.379310344827585,0.9310344827586207,25,54,0.46296296296296297,7,22,0.3181818181818182,6,12,0.5,0.3333823529411765,0.4946608040201005,1.037037037037037,1.9655172413793103,0.0,1,2,14,4,7,7.0,14,18,0.4375,Y,4,EA,2176,2221,-45,71.0,153
alhalta01w,2,ORL,0,F-G,0,1,0,26,1,252,49,38,14,11,0,28,20,1.8846153846153846,1.4615384615384615,0.5384615384615384,0.4230769230769231,0.0,9.692307692307692,1.0769230769230769,19,58,0.3275862068965517,7,14,0.5,4,11,0.36363636363636365,0.3657142857142857,0.38185785536159605,0.5,1.4615384615384615,0.038461538461538464,0,0,0,0,0,0.0,13,19,0.40625,N,5,EA,2140,2205,-65,72.0,149
allench01w,9,SAC,0,G,0,1,0,6,0,49,16,6,3,1,0,6,5,2.6666666666666665,1.0,0.5,0.16666666666666666,0.0,8.166666666666666,1.0,7,16,0.4375,0,0,0.0,2,6,0.3333333333333333,0.4489795918367347,0.5,0.5,1.8333333333333333,0.0,1,2,0,0,0,0.0,18,16,0.5294117647058824,Y,4,WE,2545,2571,-26,71.0,135
amachma01w,2,NYL,0,F,0,1,0,2,0,3,1,1,0,0,1,1,2,0.5,0.5,0.0,0.0,0.5,1.5,0.5,0,0,0.0,1,2,0.5,0,0,0.0,0.6266666666666666,0.5681818181818182,0.0,0.5,0.0,0,0,0,0,0,0.0,21,11,0.65625,Y,2,EA,2162,2082,80,73.0,175
ambermo01w,3,SAC,0,F,0,1,0,2,0,4,0,0,0,0,0,0,2,0.0,0.0,0.0,0.0,0.0,2.0,0.0,0,0,0.0,0,0,0.0,0,0,0.0,0.0,0.0,0.0,0.0,0.0,0,0,0,0,0,0.0,14,18,0.4375,N,6,WE,2166,2294,-128,76.0,169
anderam01w,7,CON,1,F,0,1,0,1,0,1,0,2,0,0,0,0,0,0.0,2.0,0.0,0.0,0.0,1.0,0.0,0,0,0.0,0,0,0.0,0,0,0.0,0.0,0.0,0.0,2.0,0.0,0,0,0,0,0,0.0,26,8,0.7647058823529411,Y,1,EA,2683,2417,266,72.0,167
anderch01w,4,SAC,0,C,0,1,0,26,0,171,42,24,5,5,5,17,33,1.6153846153846154,0.9230769230769231,0.19230769230769232,0.19230769230769232,0.19230769230769232,6.576923076923077,0.6538461538461539,19,44,0.4318181818181818,4,12,0.3333333333333333,0,0,0.0,0.38760233918128656,0.42613636363636365,0.29411764705882354,1.1923076923076923,0.0,1,5,7,3,0,1.4,19,15,0.5588235294117647,Y,3,WE,2299,2216,83,78.0,190
anderjo01w,9,CON,0,G,0,1,0,24,7,367,97,58,26,7,1,16,17,4.041666666666667,2.4166666666666665,1.0833333333333333,0.2916666666666667,0.041666666666666664,15.291666666666666,0.6666666666666666,35,126,0.2777777777777778,11,15,0.7333333333333333,16,69,0.2318840579710145,0.40490463215258854,0.3657616892911011,1.625,3.25,0.2916666666666667,0,0,0,0,0,0.0,21,13,0.6176470588235294,Y,2,EA,2690,2541,149,68.0,166
anderke01w,1,WAS,0,G,0,1,0,30,9,434,75,46,75,25,3,47,53,2.5,1.5333333333333334,2.5,0.8333333333333334,0.1,14.466666666666667,1.5666666666666667,29,68,0.4264705882352941,14,18,0.7777777777777778,3,8,0.375,0.2832258064516129,0.49394099051633295,1.5957446808510638,4.466666666666667,0.3,1,2,2,5,5,1.0,14,18,0.4375,Y,4,EA,2176,2221,-45,67.0,125
andrame01w,1,CLE,0,F,0,1,0,32,18,797,265,95,75,41,10,65,91,8.28125,2.96875,2.34375,1.28125,0.3125,24.90625,2.03125,89,195,0.4564102564102564,60,80,0.75,27,75,0.36,0.3703889585947302,0.5755864465682016,1.1538461538461537,9.21875,0.5625,1,6,21,17,14,3.5,17,15,0.53125,Y,2,EA,2185,2122,63,71.0,165
anosini01w,9,MIN,0,C,0,1,0,34,34,920,314,231,45,75,43,42,125,9.235294117647058,6.794117647058823,1.3235294117647058,2.2058823529411766,1.2647058823529411,27.058823529411764,1.2352941176470589,99,226,0.43805309734513276,116,166,0.6987951807228916,0,1,0.0,0.3706956521739131,0.5250133761369716,1.0714285714285714,14.382352941176471,1.0,0,0,0,0,0,0.0,16,18,0.47058823529411764,N,7,WE,2767,2721,46,75.0,211
arcaija01w,1,HOU,0,G,0,1,0,32,32,977,268,119,60,42,3,53,66,8.375,3.71875,1.875,1.3125,0.09375,30.53125,1.65625,109,233,0.4678111587982833,41,49,0.8367346938775511,9,45,0.2,0.3148004094165814,0.5263984915147706,1.1320754716981132,9.59375,1.0,1,6,50,27,12,8.333333333333334,27,5,0.84375,Y,2,WE,2475,2066,409,71.0,147
askamma01w,1,MIA,0,C,0,1,0,32,32,869,251,231,29,17,21,49,95,7.84375,7.21875,0.90625,0.53125,0.65625,27.15625,1.53125,85,209,0.40669856459330145,80,117,0.6837606837606838,1,2,0.5,0.35613348676639817,0.4818028255528255,0.5918367346938775,10.59375,1.0,0,0,0,0,0,0.0,13,19,0.40625,N,6,EA,1831,2001,-170,77.0,198
atkinla01w,7,IND,0,G-F,0,1,0,33,1,417,99,76,22,18,5,34,31,3.0,2.303030303030303,0.6666666666666666,0.5454545454545454,0.15151515151515152,12.636363636363637,1.0303030303030303,38,87,0.4367816091954023,18,39,0.46153846153846156,5,17,0.29411764705882354,0.3313189448441247,0.4752304147465438,0.6470588235294118,3.515151515151515,0.030303030303030304,1,2,6,17,3,3.0,21,13,0.6176470588235294,Y,3,EA,2435,2316,119,72.0,172
atunrmo01w,9,SAS,0,G-F,0,1,0,33,0,348,71,48,23,16,13,26,21,2.1515151515151514,1.4545454545454546,0.696969696969697,0.48484848484848486,0.3939393939393939,10.545454545454545,0.7878787878787878,24,87,0.27586206896551724,11,16,0.6875,12,41,0.2926829268292683,0.3449425287356322,0.3774989366227137,0.8846153846153846,2.3333333333333335,0.0,1,8,10,7,4,1.25,24,10,0.7058823529411765,Y,1,WE,2546,2418,128,70.0,143
augusse01w,7,MIN,0,F,1,1,0,34,34,1124,744,128,50,21,18,71,58,21.88235294117647,3.764705882352941,1.4705882352941178,0.6176470588235294,0.5294117647058824,33.05882352941177,2.088235294117647,283,620,0.45645161290322583,148,165,0.896969696969697,30,85,0.35294117647058826,0.6793594306049823,0.5371065550101068,0.704225352112676,15.764705882352942,1.0,0,0,0,0,0,0.0,10,24,0.29411764705882354,N,7,WE,2523,2735,-212,72.0,179
aycocan01w,1,MIN,2,G-F,0,1,0,3,0,6,0,3,4,0,0,0,1,0.0,1.0,1.3333333333333333,0.0,0.0,2.0,0.0,0,0,0.0,0,0,0.0,0,0,0.0,0.0,0.0,4.0,2.3333333333333335,0.0,0,0,0,0,0,0.0,15,17,0.46875,N,6,WE,2193,2188,5,74.0,172
azizle01w,4,IND,0,F,0,1,0,7,0,44,10,9,1,0,4,3,5,1.4285714285714286,1.2857142857142858,0.14285714285714285,0.0,0.5714285714285714,6.285714285714286,0.42857142857142855,4,14,0.2857142857142857,2,4,0.5,0,0,0.0,0.42636363636363633,0.31725888324873097,0.3333333333333333,1.2857142857142858,0.0,0,0,0,0,0,0.0,16,18,0.47058823529411764,N,5,EA,2337,2321,16,75.0,177
azzije01w,1,UTA,0,G,0,1,0,15,15,559,144,41,92,12,5,28,43,9.6,2.7333333333333334,6.133333333333334,0.8,0.3333333333333333,37.266666666666666,1.8666666666666667,47,104,0.4519230769230769,40,43,0.9302325581395349,10,24,0.4166666666666667,0.2699821109123435,0.585746827204686,3.2857142857142856,13.733333333333333,1.0,0,0,0,0,0,0.0,18,14,0.5625,N,5,WE,2413,2407,6,68.0,143
badertr01w,1,CLE,0,G,0,1,0,25,0,201,47,11,21,17,1,18,16,1.88,0.44,0.84,0.68,0.04,8.04,0.72,17,48,0.3541666666666667,5,6,0.8333333333333334,8,24,0.3333333333333333,0.3414925373134328,0.4640600315955766,1.1666666666666667,1.88,0.0,1,5,8,1,1,1.6,17,15,0.53125,Y,2,EA,2185,2122,63,64.0,125
bakersh01w,7,NYL,0,G,0,1,0,34,16,614,251,56,35,46,2,50,69,7.382352941176471,1.6470588235294117,1.0294117647058822,1.3529411764705883,0.058823529411764705,18.058823529411764,1.4705882352941178,97,251,0.38645418326693226,48,56,0.8571428571428571,9,33,0.2727272727272727,0.5303583061889251,0.4553040197358874,0.7,5.235294117647059,0.47058823529411764,0,0,0,0,0,0.0,11,23,0.3235294117647059,N,5,EA,2372,2656,-284,68.0,125
balesal01w,8,IND,0,C,0,1,0,17,0,169,55,45,2,4,13,7,14,3.235294117647059,2.6470588235294117,0.11764705882352941,0.23529411764705882,0.7647058823529411,9.941176470588236,0.4117647058823529,24,42,0.5714285714285714,7,8,0.875,0,0,0.0,0.3107692307692308,0.6041300527240773,0.2857142857142857,5.470588235294118,0.0,1,4,0,2,1,0.0,21,13,0.6176470588235294,Y,2,EA,2480,2370,110,79.0,218
banchrh01w,1,SAC,0,C,0,1,0,9,0,21,6,3,1,0,0,2,3,0.6666666666666666,0.3333333333333333,0.1111111111111111,0.0,0.0,2.3333333333333335,0.2222222222222222,2,7,0.2857142857142857,2,4,0.5,0,2,0.0,0.5123809523809524,0.3424657534246575,0.5,0.1111111111111111,0.0,0,0,0,0,0,0.0,21,11,0.65625,Y,3,WE,2343,2176,167,75.0,185
baranel01w,2,MIA,0,F,0,1,0,32,30,984,378,191,63,33,57,62,81,11.8125,5.96875,1.96875,1.03125,1.78125,30.75,1.9375,141,330,0.42727272727272725,66,71,0.9295774647887324,30,80,0.375,0.4301219512195122,0.5231978739895914,1.0161290322580645,14.5625,0.9375,1,3,44,18,7,14.666666666666666,20,12,0.625,Y,3,EA,1957,1898,59,77.0,182
barksla01w,2,POR,0,G,0,1,0,5,0,35,2,6,4,2,0,1,3,0.4,1.2,0.8,0.4,0.0,7.0,0.2,1,10,0.1,0,0,0.0,0,3,0.0,0.3142857142857143,0.1,4.0,0.8,0.0,0,0,0,0,0,0.0,11,21,0.34375,N,7,WE,2088,2202,-114,70.0,156
barnead01w,1,CLE,0,F,0,1,0,5,0,18,8,2,4,0,0,2,2,1.6,0.4,0.8,0.0,0.0,3.6,0.4,3,5,0.6,2,4,0.5,0,1,0.0,0.48666666666666664,0.591715976331361,2.0,1.6,0.0,1,4,2,1,2,0.5,17,15,0.53125,Y,2,EA,2185,2122,63,71.0,165
barnequ01w,1,SEA,0,C,0,1,0,31,23,705,209,84,33,19,33,62,103,6.741935483870968,2.7096774193548385,1.064516129032258,0.6129032258064516,1.064516129032258,22.741935483870968,2.0,89,213,0.41784037558685444,30,56,0.5357142857142857,1,9,0.1111111111111111,0.4250212765957447,0.4397407843797341,0.532258064516129,5.354838709677419,0.7419354838709677,0,0,0,0,0,0.0,6,26,0.1875,N,8,WE,1822,2171,-349,77.0,185
batkosu01w,6,SEA,0,C,0,1,0,29,0,461,199,94,26,17,24,32,85,6.862068965517241,3.2413793103448274,0.896551724137931,0.5862068965517241,0.8275862068965517,15.89655172413793,1.103448275862069,76,174,0.4367816091954023,45,58,0.7758620689655172,2,7,0.2857142857142857,0.5022125813449024,0.49869687249398553,0.8125,7.482758620689655,0.0,1,3,14,10,0,4.666666666666667,20,14,0.5882352941176471,Y,2,WE,2498,2407,91,76.0,203
batteja01w,6,MIN,0,F,0,1,0,8,0,46,0,5,3,0,1,3,4,0.0,0.625,0.375,0.0,0.125,5.75,0.375,0,6,0.0,0,0,0.0,0,0,0.0,0.1956521739130435,0.0,1.0,0.0,0.0,0,0,0,0,0,0.0,14,20,0.4117647058823529,N,6,WE,2211,2288,-77,73.0,163
battlas01w,6,SEA,0,F,0,1,0,2,0,8,2,2,0,0,0,1,1,1.0,1.0,0.0,0.0,0.0,4.0,0.5,1,2,0.5,0,0,0.0,0,0,0.0,0.375,0.5,0.0,1.0,0.0,0,0,0,0,0,0.0,20,14,0.5882352941176471,Y,2,WE,2498,2407,91,72.0,170
bauerca01w,1,CHA,0,F-C,0,1,0,29,18,398,76,56,14,8,3,28,72,2.6206896551724137,1.9310344827586208,0.4827586206896552,0.27586206896551724,0.10344827586206896,13.724137931034482,0.9655172413793104,29,72,0.4027777777777778,18,21,0.8571428571428571,0,1,0.0,0.2744723618090452,0.46774987690792713,0.5,2.8620689655172415,0.6206896551724138,0,0,0,0,0,0.0,8,24,0.25,N,8,EA,2186,2429,-243,76.0,180
beardal01w,5,WAS,0,G-F,0,1,0,34,34,1025,446,143,91,69,34,80,98,13.117647058823529,4.205882352941177,2.676470588235294,2.0294117647058822,1.0,30.147058823529413,2.3529411764705883,159,380,0.41842105263157897,107,149,0.7181208053691275,21,56,0.375,0.5127414634146341,0.5004937606607416,1.1375,12.941176470588236,1.0,1,3,50,15,9,16.666666666666668,17,17,0.5,Y,4,EA,2325,2384,-59,71.0,160
beckki01w,9,SEA,0,G,0,1,0,17,0,93,17,12,6,4,2,4,7,1.0,0.7058823529411765,0.35294117647058826,0.23529411764705882,0.11764705882352941,5.470588235294118,0.23529411764705882,4,9,0.4444444444444444,5,6,0.8333333333333334,4,6,0.6666666666666666,0.1681720430107527,0.7302405498281787,1.5,1.8235294117647058,0.0,1,2,0,0,0,0.0,22,12,0.6470588235294118,Y,2,WE,2493,2406,87,68.0,125
bennije01w,6,IND,0,F,0,1,0,10,0,52,9,6,4,1,1,4,5,0.9,0.6,0.4,0.1,0.1,5.2,0.4,3,8,0.375,3,4,0.75,0,2,0.0,0.2646153846153846,0.4610655737704918,1.0,1.1,0.0,0,0,0,0,0,0.0,21,13,0.6176470588235294,Y,2,EA,2170,2133,37,75.0,185
berezva01w,9,SAS,0,C,0,1,0,2,0,6,0,0,0,0,0,0,2,0.0,0.0,0.0,0.0,0.0,3.0,0.0,0,2,0.0,0,0,0.0,0,1,0.0,0.3333333333333333,0.0,0.0,-1.0,0.0,0,0,0,0,0,0.0,24,10,0.7058823529411765,Y,1,WE,2546,2418,128,76.0,0
berthlu01w,3,CLE,0,F-C,0,1,0,5,0,16,8,4,0,0,0,0,5,1.6,0.8,0.0,0.0,0.0,3.2,0.0,3,7,0.42857142857142855,2,4,0.5,0,1,0.0,0.5475,0.4566210045662101,0.0,1.2,0.0,0,0,0,0,0,0.0,10,22,0.3125,N,7,EA,2071,2140,-69,74.0,188
beviltu01w,1,POR,0,G,0,1,0,32,32,796,153,95,89,41,6,66,93,4.78125,2.96875,2.78125,1.28125,0.1875,24.875,2.0625,40,112,0.35714285714285715,56,72,0.7777777777777778,17,60,0.2833333333333333,0.2634170854271357,0.5324331848552338,1.3484848484848484,7.1875,1.0,0,0,0,0,0,0.0,10,22,0.3125,N,7,WE,2155,2303,-148,67.0,145
bibbyje01w,1,NYL,0,G,0,1,0,17,0,69,19,5,11,3,0,12,9,1.1176470588235294,0.29411764705882354,0.6470588235294118,0.17647058823529413,0.0,4.0588235294117645,0.7058823529411765,3,18,0.16666666666666666,11,13,0.8461538461538461,2,6,0.3333333333333333,0.5176811594202898,0.40050590219224286,0.9166666666666666,0.5294117647058824,0.0,1,3,4,0,2,1.3333333333333333,20,12,0.625,Y,1,EA,2148,2035,113,67.0,139
bibrzag01w,5,SAS,0,G-F,0,1,0,24,9,465,159,28,40,21,7,32,38,6.625,1.1666666666666667,1.6666666666666667,0.875,0.2916666666666667,19.375,1.3333333333333333,55,151,0.36423841059602646,23,26,0.8846153846153846,26,84,0.30952380952380953,0.41815053763440857,0.4894114750061561,1.25,5.166666666666667,0.375,0,0,0,0,0,0.0,9,25,0.2647058823529412,N,7,WE,2191,2364,-173,74.0,168
birdsu01w,3,SEA,0,G,0,1,0,32,32,1121,461,83,191,55,3,109,48,14.40625,2.59375,5.96875,1.71875,0.09375,35.03125,3.40625,151,375,0.4026666666666667,102,112,0.9107142857142857,57,142,0.4014084507042254,0.47571810883140053,0.5432733100782502,1.7522935779816513,14.0625,1.0,1,2,28,0,12,14.0,17,15,0.53125,Y,4,WE,2188,2103,85,69.0,150
bjorkte01w,5,CHA,0,C,0,1,0,4,0,13,2,0,0,0,0,1,1,0.5,0.0,0.0,0.0,0.0,3.25,0.25,1,3,0.3333333333333333,0,0,0.0,0,0,0.0,0.3076923076923077,0.3333333333333333,0.0,-0.25,0.0,0,0,0,0,0,0.0,16,18,0.47058823529411764,N,5,EA,2092,2168,-76,76.0,175
blackch01w,10,CON,0,C,0,1,0,33,8,428,97,107,6,13,27,25,54,2.9393939393939394,3.242424242424242,0.18181818181818182,0.3939393939393939,0.8181818181818182,12.969696969696969,0.7575757575757576,35,92,0.3804347826086957,27,43,0.627906976744186,0,1,0.0,0.31757009345794396,0.43725207356653445,0.24,4.606060606060606,0.24242424242424243,0,0,0,0,0,0.0,16,18,0.47058823529411764,N,6,EA,2651,2654,-3,77.0,188
blackde01w,1,MIA,0,G,0,1,0,32,32,820,152,92,98,58,1,50,86,4.75,2.875,3.0625,1.8125,0.03125,25.625,1.5625,57,150,0.38,29,42,0.6904761904761905,9,42,0.21428571428571427,0.2664390243902439,0.45109211775878444,1.96,7.65625,1.0,0,0,0,0,0,0.0,13,19,0.40625,N,6,EA,1831,2001,-170,63.0,124
blodgci01w,1,SAC,0,G,0,1,0,20,0,133,52,9,3,8,1,13,9,2.6,0.45,0.15,0.4,0.05,6.65,0.65,20,50,0.4,4,6,0.6666666666666666,8,28,0.2857142857142857,0.49353383458646616,0.4939209726443769,0.23076923076923078,1.4,0.0,0,0,0,0,0,0.0,21,11,0.65625,Y,3,WE,2343,2176,167,69.0,130
blueni01w,7,WAS,0,G,0,1,0,24,0,181,54,20,36,18,0,18,36,2.25,0.8333333333333334,1.5,0.75,0.0,7.541666666666667,0.75,14,54,0.25925925925925924,25,31,0.8064516129032258,1,12,0.08333333333333333,0.47314917127071826,0.3991720875221762,2.0,2.6666666666666665,0.0,1,1,0,1,0,0.0,18,16,0.5294117647058824,Y,4,EA,2747,2657,90,68.0,163
blueoc01w,4,HOU,0,F,0,1,0,16,0,37,4,2,2,0,0,2,3,0.25,0.125,0.125,0.0,0.0,2.3125,0.125,1,4,0.25,2,4,0.5,0,0,0.0,0.20972972972972972,0.3472222222222222,1.0,0.0625,0.0,1,1,0,0,1,0.0,20,14,0.5882352941176471,Y,2,WE,2244,2142,102,73.0,163
bobbish01w,9,LAS,0,G,0,1,0,26,17,552,106,64,90,25,1,63,40,4.076923076923077,2.4615384615384617,3.4615384615384617,0.9615384615384616,0.038461538461538464,21.23076923076923,2.423076923076923,35,127,0.2755905511811024,16,22,0.7272727272727273,20,71,0.28169014084507044,0.3617391304347826,0.3877670471173544,1.4285714285714286,4.8076923076923075,0.6538461538461539,1,6,27,9,18,4.5,20,14,0.5882352941176471,Y,3,WE,2598,2523,75,62.0,130
boddiwh01w,10,SAC,0,G,0,1,0,4,0,9,2,0,0,1,0,1,1,0.5,0.0,0.0,0.25,0.0,2.25,0.25,1,1,1.0,0,0,0.0,0,0,0.0,0.2222222222222222,1.0,0.0,0.5,0.0,0,0,0,0,0,0.0,12,22,0.35294117647058826,N,6,WE,2610,2690,-80,69.0,149
boltoru01w,1,SAC,0,G,0,1,0,29,29,868,380,106,57,34,1,45,60,13.10344827586207,3.6551724137931036,1.9655172413793103,1.1724137931034482,0.034482758620689655,29.93103448275862,1.5517241379310345,133,368,0.36141304347826086,64,84,0.7619047619047619,50,160,0.3125,0.5183870967741935,0.4691821414460688,1.2666666666666666,9.586206896551724,1.0,1,2,39,9,7,19.5,21,11,0.65625,Y,3,WE,2343,2176,167,69.0,150
bondla01w,7,CHA,0,G,0,1,0,34,5,614,193,49,73,35,8,80,83,5.676470588235294,1.4411764705882353,2.1470588235294117,1.0294117647058822,0.23529411764705882,18.058823529411764,2.3529411764705883,63,158,0.3987341772151899,57,77,0.7402597402597403,10,46,0.21739130434782608,0.4428013029315961,0.5029184907233688,0.9125,4.794117647058823,0.14705882352941177,0,0,0,0,0,0.0,11,23,0.3235294117647059,N,6,EA,2456,2571,-115,67.0,132
bonfisu01w,3,PHO,0,G,0,1,0,22,6,306,105,37,23,12,0,18,35,4.7727272727272725,1.6818181818181819,1.0454545454545454,0.5454545454545454,0.0,13.909090909090908,0.8181818181818182,43,89,0.48314606741573035,19,25,0.76,0,6,0.0,0.38562091503267976,0.525,1.2777777777777777,4.863636363636363,0.2727272727272727,0,0,0,0,0,0.0,11,21,0.34375,N,7,WE,2091,2291,-200,68.0,145
bonnede01w,10,PHO,0,G,0,1,0,34,0,724,381,196,13,23,25,34,70,11.205882352941176,5.764705882352941,0.38235294117647056,0.6764705882352942,0.7352941176470589,21.294117647058822,1.0,127,278,0.4568345323741007,125,154,0.8116883116883117,2,13,0.15384615384615385,0.5245303867403315,0.5509602036094401,0.38235294117647056,12.470588235294118,0.0,1,11,97,47,3,8.818181818181818,23,11,0.6764705882352942,Y,1,WE,3156,3031,125,76.0,136
bowenli01w,8,NYL,0,G,0,1,0,6,1,37,9,2,1,0,0,4,0,1.5,0.3333333333333333,0.16666666666666666,0.0,0.0,6.166666666666667,0.6666666666666666,3,10,0.3,0,0,0.0,3,6,0.5,0.3783783783783784,0.45,0.25,0.16666666666666666,0.16666666666666666,0,0,0,0,0,0.0,16,18,0.47058823529411764,Y,4,EA,2413,2501,-88,67.0,145
boydca01w,2,DET,0,F,0,1,0,21,0,230,75,26,14,11,2,16,32,3.5714285714285716,1.2380952380952381,0.6666666666666666,0.5238095238095238,0.09523809523809523,10.952380952380953,0.7619047619047619,23,67,0.34328358208955223,18,20,0.9,11,36,0.3055555555555556,0.3991304347826087,0.49472295514511877,0.875,3.142857142857143,0.0,0,0,0,0,0,0.0,10,22,0.3125,N,7,EA,2103,2269,-166,73.0,172
braxtka01w,6,DET,0,F-C,0,1,0,33,2,455,227,100,14,18,13,52,78,6.878787878787879,3.0303030303030303,0.42424242424242425,0.5454545454545454,0.3939393939393939,13.787878787878787,1.5757575757575757,97,210,0.46190476190476193,33,60,0.55,0,1,0.0,0.6338461538461538,0.48011844331641285,0.2692307692307692,5.454545454545454,0.06060606060606061,1,2,15,7,2,7.5,16,18,0.47058823529411764,Y,4,EA,2247,2287,-40,78.0,210
brazian01w,1,CHA,0,F,0,1,0,22,3,203,51,34,5,5,0,17,24,2.3181818181818183,1.5454545454545454,0.22727272727272727,0.22727272727272727,0.0,9.227272727272727,0.7727272727272727,19,49,0.3877551020408163,13,19,0.6842105263157895,0,0,0.0,0.3663054187192118,0.4445606694560669,0.29411764705882354,1.9090909090909092,0.13636363636363635,0,0,0,0,0,0.0,8,24,0.25,N,8,EA,2186,2429,-243,74.0,169
bristre01w,2,CHA,0,G,0,1,0,1,0,5,0,2,0,0,0,1,0,0.0,2.0,0.0,0.0,0.0,5.0,1.0,0,1,0.0,0,0,0.0,0,0,0.0,0.4,0.0,0.0,0.0,0.0,0,0,0,0,0,0.0,18,14,0.5625,Y,4,EA,2055,2009,46,70.0,139
brogami01w,1,PHO,0,F,0,1,0,28,23,725,211,111,49,30,6,36,88,7.535714285714286,3.9642857142857144,1.75,1.0714285714285714,0.21428571428571427,25.892857142857142,1.2857142857142858,70,137,0.5109489051094891,63,79,0.7974683544303798,8,25,0.32,0.2865655172413793,0.6142291569632045,1.3611111111111112,10.285714285714286,0.8214285714285714,1,2,22,9,1,11.0,20,12,0.625,Y,4,WE,2243,2102,141,73.0,177
brondsa01w,2,MIA,0,G,0,1,0,29,29,850,367,50,63,28,4,36,61,12.655172413793103,1.7241379310344827,2.1724137931034484,0.9655172413793104,0.13793103448275862,29.310344827586206,1.2413793103448276,142,344,0.4127906976744186,57,70,0.8142857142857143,26,66,0.3939393939393939,0.4832941176470588,0.48959445037353255,1.75,9.0,1.0,1,3,34,10,7,11.333333333333334,20,12,0.625,Y,3,EA,1957,1898,59,67.0,136
brownco01w,4,IND,0,G,0,1,0,30,2,522,186,41,31,21,4,36,30,6.2,1.3666666666666667,1.0333333333333334,0.7,0.13333333333333333,17.4,1.2,61,164,0.3719512195121951,28,33,0.8484848484848485,36,100,0.36,0.4109578544061303,0.5209500336096795,0.8611111111111112,4.633333333333334,0.06666666666666667,0,0,0,0,0,0.0,16,18,0.47058823529411764,N,5,EA,2337,2321,16,69.0,150
browned01w,1,DET,0,G-F,0,1,0,32,7,619,188,88,72,24,5,68,77,5.875,2.75,2.25,0.75,0.15625,19.34375,2.125,60,168,0.35714285714285715,67,80,0.8375,1,4,0.25,0.4381260096930533,0.4625984251968504,1.0588235294117647,5.875,0.21875,0,0,0,0,0,0.0,14,18,0.4375,N,5,EA,2331,2426,-95,69.0,163
brownki01w,3,WAS,0,G,0,1,0,18,0,108,28,12,6,5,0,5,10,1.5555555555555556,0.6666666666666666,0.3333333333333333,0.2777777777777778,0.0,6.0,0.2777777777777778,12,35,0.34285714285714286,3,3,1.0,1,11,0.09090909090909091,0.3825925925925926,0.3854625550660793,1.2,1.2777777777777777,0.0,1,2,6,1,1,3.0,17,15,0.53125,Y,3,EA,2135,2116,19,70.0,134
brownru01w,1,CLE,0,F,0,1,0,30,22,679,253,124,44,38,13,59,81,8.433333333333334,4.133333333333334,1.4666666666666666,1.2666666666666666,0.43333333333333335,22.633333333333333,1.9666666666666666,93,187,0.49732620320855614,66,78,0.8461538461538461,1,2,0.5,0.4128424153166421,0.5715705765407555,0.7457627118644068,10.233333333333333,0.7333333333333333,1,6,63,34,10,10.5,17,15,0.53125,Y,2,EA,2185,2122,63,74.0,175
brumfma01w,1,MIN,0,G,0,1,0,32,17,613,124,60,42,22,2,40,70,3.875,1.875,1.3125,0.6875,0.0625,19.15625,1.25,47,101,0.46534653465346537,29,42,0.6904761904761905,1,9,0.1111111111111111,0.260163132137031,0.5189152996317375,1.05,4.46875,0.53125,0,0,0,0,0,0.0,15,17,0.46875,N,6,WE,2193,2188,5,68.0,133
brungje01w,5,CON,0,F,0,1,0,33,0,314,50,37,27,4,4,12,21,1.5151515151515151,1.121212121212121,0.8181818181818182,0.12121212121212122,0.12121212121212122,9.515151515151516,0.36363636363636365,18,59,0.3050847457627119,4,5,0.8,10,38,0.2631578947368421,0.23312101910828026,0.4084967320261438,2.25,2.0606060606060606,0.0,1,8,8,13,5,1.0,18,16,0.5294117647058824,Y,1,EA,2335,2304,31,73.0,165
brunsre01w,5,SAC,0,F,0,1,0,34,1,494,151,122,19,23,13,29,48,4.4411764705882355,3.588235294117647,0.5588235294117647,0.6764705882352942,0.38235294117647056,14.529411764705882,0.8529411764705882,59,140,0.42142857142857143,33,46,0.717391304347826,0,0,0.0,0.3830769230769231,0.47116824762855714,0.6551724137931034,6.029411764705882,0.029411764705882353,1,6,19,17,3,3.1666666666666665,18,16,0.5294117647058824,Y,4,WE,2312,2241,71,75.0,175
bullevi01w,1,WAS,0,F,0,1,0,32,32,1094,342,183,42,64,47,58,88,10.6875,5.71875,1.3125,2.0,1.46875,34.1875,1.8125,143,294,0.48639455782312924,45,63,0.7142857142857143,11,34,0.3235294117647059,0.3470932358318099,0.5315180902648265,0.7241379310344828,14.09375,1.0,1,2,30,9,3,15.0,14,18,0.4375,Y,4,EA,2176,2221,-45,75.0,185
burgean01w,2,WAS,0,G,0,1,0,31,27,731,124,76,88,26,2,60,45,4.0,2.4516129032258065,2.838709677419355,0.8387096774193549,0.06451612903225806,23.580645161290324,1.935483870967742,47,141,0.3333333333333333,16,27,0.5925925925925926,14,47,0.2978723404255319,0.29121751025991793,0.4055468341182627,1.4666666666666666,4.870967741935484,0.8709677419354839,0,0,0,0,0,0.0,10,22,0.3125,N,8,EA,1928,2075,-147,67.0,141
burgeli01w,1,SAC,0,F,0,1,0,5,0,41,12,17,2,1,0,4,8,2.4,3.4,0.4,0.2,0.0,8.2,0.8,3,15,0.2,6,9,0.6666666666666666,0,0,0.0,0.56,0.3164556962025316,0.5,2.6,0.0,1,1,4,2,0,4.0,21,11,0.65625,Y,3,WE,2343,2176,167,73.0,173
burraal01w,1,POR,0,C,0,1,0,21,4,314,159,74,6,3,7,36,36,7.571428571428571,3.5238095238095237,0.2857142857142857,0.14285714285714285,0.3333333333333333,14.952380952380953,1.7142857142857142,64,109,0.5871559633027523,31,41,0.7560975609756098,0,0,0.0,0.5192356687898089,0.625787153652393,0.16666666666666666,7.523809523809524,0.19047619047619047,0,0,0,0,0,0.0,10,22,0.3125,N,7,WE,2155,2303,-148,75.0,218
burseja01w,2,MIN,0,C,0,1,0,20,0,169,47,42,5,2,15,20,20,2.35,2.1,0.25,0.1,0.75,8.45,1.0,16,48,0.3333333333333333,15,20,0.75,0,1,0.0,0.4544378698224852,0.4137323943661972,0.25,2.7,0.0,0,0,0,0,0,0.0,12,20,0.375,N,6,WE,2077,2156,-79,77.0,199
buttsta01w,5,MIN,0,G,0,1,0,30,0,423,76,62,25,13,7,23,37,2.533333333333333,2.066666666666667,0.8333333333333334,0.43333333333333335,0.23333333333333334,14.1,0.7666666666666667,24,80,0.3,18,25,0.72,10,37,0.2702702702702703,0.2695035460992908,0.4175824175824176,1.0869565217391304,3.2333333333333334,0.0,1,1,0,0,0,0.0,18,16,0.5294117647058824,Y,3,WE,2165,2190,-25,71.0,160
byearla01w,1,SAC,0,G-F,0,1,0,32,0,521,181,122,21,30,5,35,72,5.65625,3.8125,0.65625,0.9375,0.15625,16.28125,1.09375,75,143,0.5244755244755245,30,49,0.6122448979591837,1,2,0.5,0.3830326295585413,0.5499513855128828,0.6,7.40625,0.0,1,2,0,2,0,0.0,21,11,0.65625,Y,3,WE,2343,2176,167,71.0,206
campbed01w,1,SEA,0,G,0,1,0,16,16,510,222,34,37,19,4,40,35,13.875,2.125,2.3125,1.1875,0.25,31.875,2.5,84,215,0.39069767441860465,41,58,0.7068965517241379,13,49,0.2653061224489796,0.5500392156862745,0.4615000831531681,0.925,8.0,1.0,0,0,0,0,0,0.0,6,26,0.1875,N,8,WE,1822,2171,-349,68.0,152
campbmi01w,1,WAS,0,F-C,0,1,0,5,0,22,6,2,1,0,1,3,2,1.2,0.4,0.2,0.0,0.2,4.4,0.6,2,5,0.4,2,2,1.0,0,0,0.0,0.40363636363636357,0.5102040816326531,0.3333333333333333,0.8,0.0,0,0,0,0,0,0.0,14,18,0.4375,Y,4,EA,2176,2221,-45,77.0,170
cantydo01w,1,DET,0,G-F,0,1,0,28,27,784,257,70,82,49,5,51,64,9.178571428571429,2.5,2.9285714285714284,1.75,0.17857142857142858,28.0,1.8214285714285714,83,203,0.4088669950738916,91,131,0.6946564885496184,0,5,0.0,0.39749999999999996,0.4930171884591774,1.607843137254902,9.0,0.9642857142857143,0,0,0,0,0,0.0,14,18,0.4375,N,5,EA,2331,2426,-95,69.0,162
careyja01w,6,CON,0,G,0,1,0,15,0,86,18,6,7,2,0,4,9,1.2,0.4,0.4666666666666667,0.13333333333333333,0.0,5.733333333333333,0.26666666666666666,7,19,0.3684210526315789,0,0,0.0,4,13,0.3076923076923077,0.26744186046511625,0.47368421052631576,1.75,1.1333333333333333,0.0,1,6,5,2,7,0.8333333333333334,26,8,0.7647058823529411,Y,1,EA,2474,2244,230,66.0,135
carsoes01w,9,NYL,0,G-F,0,1,0,34,30,646,223,76,31,32,8,35,49,6.5588235294117645,2.235294117647059,0.9117647058823529,0.9411764705882353,0.23529411764705882,19.0,1.0294117647058822,92,245,0.37551020408163266,31,46,0.6739130434782609,8,29,0.27586206896551724,0.46476780185758515,0.4203740009048409,0.8857142857142857,4.911764705882353,0.8823529411764706,1,6,34,9,5,5.666666666666667,19,15,0.5588235294117647,Y,3,EA,2573,2538,35,72.0,165
carteam01w,5,DET,0,F,0,1,0,2,0,13,1,4,0,2,0,3,5,0.5,2.0,0.0,1.0,0.0,6.5,1.5,0,0,0.0,1,2,0.5,0,0,0.0,0.29846153846153844,0.5681818181818182,0.0,1.5,0.0,0,0,0,0,0,0.0,17,17,0.5,Y,3,EA,2366,2381,-15,74.0,185
cashsw01w,3,DET,0,F,0,1,0,32,32,1079,474,222,86,37,31,100,85,14.8125,6.9375,2.6875,1.15625,0.96875,33.71875,3.125,144,353,0.40793201133144474,173,227,0.762114537444934,13,63,0.20634920634920634,0.5124003707136238,0.523317435082141,0.86,15.21875,1.0,0,0,0,0,0,0.0,9,23,0.28125,N,8,EA,2114,2266,-152,73.0,162
cassija01w,1,MIA,0,C,0,1,0,22,0,175,74,23,9,5,2,13,17,3.3636363636363638,1.0454545454545454,0.4090909090909091,0.22727272727272727,0.09090909090909091,7.954545454545454,0.5909090909090909,20,55,0.36363636363636365,30,43,0.6976744186046512,4,8,0.5,0.4966857142857143,0.5005411255411255,0.6923076923076923,2.3636363636363638,0.0,0,0,0,0,0,0.0,13,19,0.40625,N,6,EA,1831,2001,-170,75.0,187
castriz01w,3,MIA,0,F-G,0,1,0,19,1,182,66,17,7,7,0,18,22,3.473684210526316,0.8947368421052632,0.3684210526315789,0.3684210526315789,0.0,9.578947368421053,0.9473684210526315,24,72,0.3333333333333333,17,25,0.68,1,17,0.058823529411764705,0.554945054945055,0.39759036144578314,0.3888888888888889,1.2105263157894737,0.05263157894736842,0,0,0,0,0,0.0,15,17,0.46875,N,6,EA,2046,2088,-42,72.0,140
catchta01w,3,IND,0,F,1,1,0,32,32,1167,594,276,118,94,43,82,105,18.5625,8.625,3.6875,2.9375,1.34375,36.46875,2.5625,184,439,0.4191343963553531,150,184,0.8152173913043478,76,193,0.39378238341968913,0.5158183376178235,0.5711977844449573,1.4390243902439024,23.5625,1.0,1,3,61,32,7,20.333333333333332,16,16,0.5,Y,4,EA,2097,2129,-32,73.0,167
caufila01w,3,UTA,0,G,0,1,0,8,0,65,19,5,1,7,0,8,13,2.375,0.625,0.125,0.875,0.0,8.125,1.0,6,15,0.4,2,2,1.0,5,9,0.5555555555555556,0.3673846153846154,0.5982367758186398,0.125,1.875,0.0,0,0,0,0,0,0.0,20,12,0.625,Y,3,WE,2418,2344,74,69.0,159
chambco01w,8,CON,0,G,0,1,0,1,0,1,0,0,0,0,0,2,0,0.0,0.0,0.0,0.0,0.0,1.0,2.0,0,0,0.0,0,0,0.0,0,0,0.0,2.0,0.0,0.0,-2.0,0.0,0,0,0,0,0,0.0,18,16,0.5294117647058824,Y,3,EA,2675,2593,82,69.0,160
chanequ01w,9,CHI,0,G,0,1,0,28,0,241,68,28,24,16,3,23,19,2.4285714285714284,1.0,0.8571428571428571,0.5714285714285714,0.10714285714285714,8.607142857142858,0.8214285714285714,23,83,0.27710843373493976,10,12,0.8333333333333334,12,50,0.24,0.4617427385892116,0.38513819664703214,1.0434782608695652,1.9285714285714286,0.0,0,0,0,0,0,0.0,12,22,0.35294117647058826,N,5,EA,2472,2510,-38,71.0,160
chapmji01w,3,DET,0,C,0,1,0,19,0,119,22,26,0,3,2,8,20,1.1578947368421053,1.368421052631579,0.0,0.15789473684210525,0.10526315789473684,6.2631578947368425,0.42105263157894735,10,27,0.37037037037037035,2,3,0.6666666666666666,0,1,0.0,0.30521008403361344,0.3884180790960452,0.0,1.4210526315789473,0.0,0,0,0,0,0,0.0,9,23,0.28125,N,8,EA,2114,2266,-152,75.0,206
choneka01w,5,WAS,0,C,0,1,0,13,1,115,28,17,4,1,4,11,13,2.1538461538461537,1.3076923076923077,0.3076923076923077,0.07692307692307693,0.3076923076923077,8.846153846153847,0.8461538461538461,11,27,0.4074074074074074,6,11,0.5454545454545454,0,0,0.0,0.3725217391304348,0.4396984924623116,0.36363636363636365,1.6923076923076923,0.07692307692307693,1,2,0,0,0,0.0,17,17,0.5,Y,4,EA,2325,2384,-59,75.0,180
chriska01w,3,PHO,0,F,0,1,0,30,2,413,120,80,15,24,13,32,73,4.0,2.6666666666666665,0.5,0.8,0.43333333333333335,13.766666666666667,1.0666666666666667,48,95,0.5052631578947369,24,35,0.6857142857142857,0,1,0.0,0.3447941888619855,0.5434782608695652,0.46875,5.4,0.06666666666666667,0,0,0,0,0,0.0,11,21,0.34375,N,7,WE,2091,2291,-200,74.0,171
chrissh01w,5,NYL,0,F,0,1,0,33,4,560,191,68,23,9,9,32,71,5.787878787878788,2.0606060606060606,0.696969696969697,0.2727272727272727,0.2727272727272727,16.96969696969697,0.9696969696969697,67,189,0.3544973544973545,33,51,0.6470588235294118,24,82,0.2926829268292683,0.4347142857142857,0.45166477487703366,0.71875,3.878787878787879,0.12121212121212122,1,5,28,9,4,5.6,18,16,0.5294117647058824,Y,2,EA,2252,2297,-45,73.0,170
cironkr01w,10,CON,0,G,0,1,0,4,0,23,7,5,4,2,0,0,3,1.75,1.25,1.0,0.5,0.0,5.75,0.0,2,5,0.4,2,3,0.6666666666666666,1,3,0.3333333333333333,0.2747826086956522,0.5537974683544303,4.0,3.5,0.0,0,0,0,0,0,0.0,16,18,0.47058823529411764,N,6,EA,2651,2654,-3,68.0,150
clearmi01w,1,PHO,0,G,0,1,0,24,7,509,57,37,77,34,2,14,36,2.375,1.5416666666666667,3.2083333333333335,1.4166666666666667,0.08333333333333333,21.208333333333332,0.5833333333333334,14,45,0.3111111111111111,19,27,0.7037037037037037,10,30,0.3333333333333333,0.1392534381139489,0.501054852320675,5.5,6.416666666666667,0.2916666666666667,0,0,0,0,0,0.0,20,12,0.625,Y,4,WE,2243,2102,141,66.0,126
clinest01w,1,SAC,0,G,0,1,0,26,2,285,66,30,49,12,1,25,19,2.5384615384615383,1.1538461538461537,1.8846153846153846,0.46153846153846156,0.038461538461538464,10.961538461538462,0.9615384615384616,20,57,0.3508771929824561,14,17,0.8235294117647058,12,41,0.2926829268292683,0.3139649122807018,0.5117866004962779,1.96,3.576923076923077,0.07692307692307693,1,2,3,0,0,1.5,21,11,0.65625,Y,3,WE,2343,2176,167,65.0,148
coggicl01w,8,CHI,0,G,0,1,0,20,0,196,49,16,8,5,1,19,28,2.45,0.8,0.4,0.25,0.05,9.8,0.95,19,77,0.24675324675324675,1,4,0.25,10,50,0.2,0.4987755102040817,0.3110716099542915,0.42105263157894735,-0.05,0.0,0,0,0,0,0,0.0,14,20,0.4117647058823529,N,6,EA,2525,2611,-86,71.0,170
cokermo01w,5,LAS,0,F,0,1,0,3,0,14,3,1,3,0,1,3,2,1.0,0.3333333333333333,1.0,0.0,0.3333333333333333,4.666666666666667,1.0,1,1,1.0,0,0,0.0,1,1,1.0,0.2857142857142857,1.5,1.0,1.6666666666666667,0.0,0,0,0,0,0,0.0,25,9,0.7352941176470589,Y,1,WE,2495,2361,134,73.0,180
colemco01w,4,CON,0,F,0,1,0,20,0,141,36,22,1,8,2,13,18,1.8,1.1,0.05,0.4,0.1,7.05,0.65,11,20,0.55,14,30,0.4666666666666667,0,0,0.0,0.32765957446808514,0.5421686746987951,0.07692307692307693,1.55,0.0,0,0,0,0,0,0.0,18,16,0.5294117647058824,Y,3,EA,2384,2409,-25,72.0,170
colemma01w,10,WAS,0,G-F,0,1,0,28,0,525,171,76,22,20,9,34,44,6.107142857142857,2.7142857142857144,0.7857142857142857,0.7142857142857143,0.32142857142857145,18.75,1.2142857142857142,54,159,0.33962264150943394,34,45,0.7555555555555555,29,80,0.3625,0.4053333333333334,0.4781879194630872,0.6470588235294118,5.285714285714286,0.0,1,2,21,10,3,10.5,16,18,0.47058823529411764,Y,4,EA,2585,2622,-37,73.0,160
colleka01w,1,MIA,0,G-F,0,1,0,32,32,873,264,63,50,27,7,65,65,8.25,1.96875,1.5625,0.84375,0.21875,27.28125,2.03125,103,293,0.3515358361774744,53,70,0.7571428571428571,5,21,0.23809523809523808,0.44536082474226807,0.4076590487955528,0.7692307692307693,4.34375,1.0,0,0,0,0,0,0.0,13,19,0.40625,N,6,EA,1831,2001,-170,70.0,145
consuca01w,2,UTA,0,G,0,1,0,15,0,50,2,6,10,4,0,11,4,0.13333333333333333,0.4,0.6666666666666666,0.26666666666666666,0.0,3.3333333333333335,0.7333333333333333,0,5,0.0,2,4,0.5,0,2,0.0,0.35519999999999996,0.14792899408284024,0.9090909090909091,0.26666666666666666,0.0,1,1,3,1,0,3.0,19,13,0.59375,Y,3,WE,2207,2192,15,68.0,144
coopeca01w,2,NYL,0,C,0,1,0,4,0,51,26,11,1,0,2,3,6,6.5,2.75,0.25,0.0,0.5,12.75,0.75,8,12,0.6666666666666666,10,13,0.7692307692307693,0,0,0.0,0.40627450980392155,0.7336343115124154,0.3333333333333333,7.5,0.0,1,3,0,1,0,0.0,21,11,0.65625,Y,2,EA,2162,2082,80,76.0,176
coopecy01w,1,HOU,0,G,0,1,0,31,31,1085,550,85,156,39,6,99,61,17.741935483870968,2.7419354838709675,5.032258064516129,1.2580645161290323,0.1935483870967742,35.0,3.193548387096774,180,392,0.45918367346938777,147,168,0.875,43,121,0.35537190082644626,0.5206635944700462,0.5902300824175823,1.5757575757575757,16.258064516129032,1.0,1,6,136,15,22,22.666666666666668,27,5,0.84375,Y,2,WE,2475,2066,409,70.0,150
crawlsy01w,1,POR,0,F-C,0,1,0,31,30,930,357,185,34,29,24,88,96,11.516129032258064,5.967741935483871,1.096774193548387,0.9354838709677419,0.7741935483870968,30.0,2.838709677419355,143,298,0.4798657718120805,71,102,0.696078431372549,0,2,0.0,0.4633118279569892,0.5205902939804014,0.38636363636363635,11.451612903225806,0.967741935483871,0,0,0,0,0,0.0,10,22,0.3125,N,7,WE,2155,2303,-148,77.0,187
crockda01w,3,UTA,0,F,0,1,0,18,0,84,29,13,2,0,2,3,8,1.6111111111111112,0.7222222222222222,0.1111111111111111,0.0,0.1111111111111111,4.666666666666667,0.16666666666666666,10,28,0.35714285714285715,9,12,0.75,0,1,0.0,0.4319047619047619,0.43569711538461536,0.6666666666666666,1.2222222222222223,0.0,1,1,2,0,0,2.0,20,12,0.625,Y,3,WE,2418,2344,74,73.0,158
crockwi01w,9,PHO,0,F,0,1,0,5,1,41,9,11,0,4,1,1,14,1.8,2.2,0.0,0.8,0.2,8.2,0.2,3,8,0.375,3,5,0.6,0,0,0.0,0.27317073170731704,0.44117647058823534,0.0,3.4,0.2,0,0,0,0,0,0.0,16,18,0.47058823529411764,N,6,WE,3010,3009,1,74.0,215
cronika01w,7,CHI,0,G,0,1,0,11,0,134,24,12,2,6,2,11,18,2.1818181818181817,1.0909090909090908,0.18181818181818182,0.5454545454545454,0.18181818181818182,12.181818181818182,1.0,9,30,0.3,2,7,0.2857142857142857,4,13,0.3076923076923077,0.328955223880597,0.36275695284159615,0.18181818181818182,0.8181818181818182,0.0,0,0,0,0,0,0.0,5,29,0.14705882352941177,N,7,EA,2322,2687,-365,72.0,155
cunnibe01w,1,WAS,0,G,0,1,0,21,0,198,59,21,12,2,0,12,23,2.8095238095238093,1.0,0.5714285714285714,0.09523809523809523,0.0,9.428571428571429,0.5714285714285714,17,68,0.25,16,19,0.8421052631578947,9,37,0.24324324324324326,0.44626262626262625,0.3863279203771608,1.0,1.3333333333333333,0.0,1,2,7,0,0,3.5,14,18,0.4375,Y,4,EA,2176,2221,-45,72.0,163
cunnida01w,3,ORL,0,F,0,1,0,6,0,21,0,2,0,2,0,1,5,0.0,0.3333333333333333,0.0,0.3333333333333333,0.0,3.5,0.16666666666666666,0,5,0.0,0,0,0.0,0,0,0.0,0.2857142857142857,0.0,0.0,-0.3333333333333333,0.0,0,0,0,0,0,0.0,16,16,0.5,N,5,EA,2254,2255,-1,72.0,187
currimo01w,7,CHA,0,F,0,1,0,34,33,844,339,132,87,34,4,62,100,9.970588235294118,3.8823529411764706,2.5588235294117645,1.0,0.11764705882352941,24.823529411764707,1.8235294117647058,87,262,0.3320610687022901,149,184,0.8097826086956522,16,55,0.2909090909090909,0.47981042654028433,0.4942267319804059,1.403225806451613,9.529411764705882,0.9705882352941176,0,0,0,0,0,0.0,11,23,0.3235294117647059,N,6,EA,2456,2571,-115,72.0,177
curryed01w,4,PHO,0,G,0,1,0,20,0,205,33,11,24,9,0,15,25,1.65,0.55,1.2,0.45,0.0,10.25,0.75,13,35,0.37142857142857144,2,3,0.6666666666666666,5,22,0.22727272727272727,0.25034146341463415,0.45429515418502203,1.6,1.95,0.0,0,0,0,0,0,0.0,8,26,0.23529411764705882,N,7,WE,2097,2270,-173,64.0,138
dalesst01w,3,WAS,0,G-F,0,1,0,31,28,805,303,81,84,16,4,68,79,9.774193548387096,2.6129032258064515,2.7096774193548385,0.5161290322580645,0.12903225806451613,25.967741935483872,2.193548387096774,93,230,0.4043478260869565,74,100,0.74,43,109,0.3944954128440367,0.4248447204968944,0.5529197080291971,1.2352941176470589,8.290322580645162,0.9032258064516129,1,5,38,8,16,7.6,17,15,0.53125,Y,3,EA,2135,2116,19,72.0,155
daleygr01w,1,MIN,0,G,0,1,0,30,4,577,173,72,57,12,0,50,49,5.766666666666667,2.4,1.9,0.4,0.0,19.233333333333334,1.6666666666666667,57,147,0.3877551020408163,42,65,0.6461538461538462,17,56,0.30357142857142855,0.39098786828422877,0.4925968109339408,1.14,5.033333333333333,0.13333333333333333,0,0,0,0,0,0.0,15,17,0.46875,N,6,WE,2193,2188,5,66.0,147
darlihe01w,1,CLE,0,G,0,1,0,32,0,556,155,63,65,37,5,67,52,4.84375,1.96875,2.03125,1.15625,0.15625,17.375,2.09375,47,150,0.31333333333333335,48,65,0.7384615384615385,13,38,0.34210526315789475,0.44172661870503593,0.43393057110862265,0.9701492537313433,4.3125,0.0,1,6,33,20,13,5.5,17,15,0.53125,Y,2,EA,2185,2122,63,66.0,164
davenje01w,8,NYL,0,C,0,1,0,33,13,382,176,88,9,7,29,44,65,5.333333333333333,2.6666666666666665,0.2727272727272727,0.21212121212121213,0.8787878787878788,11.575757575757576,1.3333333333333333,61,137,0.44525547445255476,54,66,0.8181818181818182,0,1,0.0,0.5498429319371727,0.5299927728258251,0.20454545454545456,5.363636363636363,0.3939393939393939,1,2,3,3,0,1.5,16,18,0.47058823529411764,Y,4,EA,2413,2501,-88,77.0,215
davisbr01w,7,LAS,0,G,0,1,0,14,0,118,41,13,8,5,1,5,11,2.9285714285714284,0.9285714285714286,0.5714285714285714,0.35714285714285715,0.07142857142857142,8.428571428571429,0.35714285714285715,14,53,0.2641509433962264,6,10,0.6,7,33,0.21212121212121213,0.5288135593220339,0.35714285714285715,1.6,1.4285714285714286,0.0,0,0,0,0,0,0.0,25,9,0.7352941176470589,Y,1,WE,2575,2476,99,72.0,172
davisde01w,8,HOU,0,G,0,1,0,3,0,19,6,0,0,0,0,5,2,2.0,0.0,0.0,0.0,0.0,6.333333333333333,1.6666666666666667,2,6,0.3333333333333333,0,0,0.0,2,3,0.6666666666666666,0.5789473684210527,0.5,0.0,-1.0,0.0,0,0,0,0,0,0.0,13,21,0.38235294117647056,N,5,WE,2510,2628,-118,67.0,138
davista02w,10,DET,0,G,0,1,0,1,0,4,2,2,0,0,0,0,0,2.0,2.0,0.0,0.0,0.0,4.0,0.0,1,5,0.2,0,1,0.0,0,3,0.0,1.36,0.1838235294117647,0.0,-1.0,0.0,0,0,0,0,0,0.0,18,16,0.5294117647058824,Y,3,EA,2652,2644,8,71.0,0
deforan01w,1,DET,0,G,0,1,0,27,10,433,145,47,47,27,4,33,34,5.37037037037037,1.7407407407407407,1.7407407407407407,1.0,0.14814814814814814,16.037037037037038,1.2222222222222223,51,126,0.40476190476190477,25,32,0.78125,18,56,0.32142857142857145,0.39972286374133953,0.5175613934894345,1.4242424242424243,5.7407407407407405,0.37037037037037035,0,0,0,0,0,0.0,14,18,0.4375,N,5,EA,2331,2426,-95,70.0,160
derevje01w,5,CON,0,G,0,1,0,23,0,140,19,9,14,8,0,10,20,0.8260869565217391,0.391304347826087,0.6086956521739131,0.34782608695652173,0.0,6.086956521739131,0.43478260869565216,7,26,0.2692307692307692,2,2,1.0,3,12,0.25,0.2634285714285714,0.35342261904761907,1.4,0.9130434782608695,0.0,1,1,0,0,0,0.0,18,16,0.5294117647058824,Y,1,EA,2335,2304,31,70.0,140
desouer01w,3,LAS,0,F-C,0,1,0,11,0,41,12,14,2,3,0,6,14,1.0909090909090908,1.2727272727272727,0.18181818181818182,0.2727272727272727,0.0,3.727272727272727,0.5454545454545454,5,14,0.35714285714285715,2,10,0.2,0,0,0.0,0.5951219512195122,0.32608695652173914,0.3333333333333333,0.7272727272727273,0.0,1,1,3,1,0,3.0,25,7,0.78125,Y,1,WE,2452,2235,217,77.0,190
dickeke01w,1,MIN,0,F,0,1,0,32,29,791,142,141,59,37,2,70,107,4.4375,4.40625,1.84375,1.15625,0.0625,24.71875,2.1875,54,142,0.38028169014084506,34,45,0.7555555555555555,0,2,0.0,0.29304677623261693,0.43881334981458586,0.8428571428571429,6.625,0.90625,0,0,0,0,0,0.0,15,17,0.46875,N,6,WE,2193,2188,5,71.0,165
dillata01w,4,SAS,0,G,0,1,0,24,0,168,41,15,15,7,4,14,22,1.7083333333333333,0.625,0.625,0.2916666666666667,0.16666666666666666,7.0,0.5833333333333334,16,65,0.24615384615384617,5,6,0.8333333333333334,4,23,0.17391304347826086,0.48595238095238097,0.30307510348905975,1.0714285714285714,0.75,0.0,0,0,0,0,0,0.0,12,22,0.35294117647058826,N,6,WE,2215,2427,-212,69.0,154
dixonta01w,1,LAS,0,G,0,1,0,31,31,882,338,105,96,40,10,60,86,10.903225806451612,3.3870967741935485,3.096774193548387,1.2903225806451613,0.3225806451612903,28.451612903225808,1.935483870967742,132,291,0.4536082474226804,62,77,0.8051948051948052,12,34,0.35294117647058826,0.4363718820861678,0.520192070918493,1.6,11.451612903225806,1.0,1,4,47,11,16,11.75,28,4,0.875,Y,1,WE,2417,2169,248,69.0,148
donapbe01w,4,NYL,0,F-C,0,1,0,1,0,2,0,0,0,0,0,0,0,0.0,0.0,0.0,0.0,0.0,2.0,0.0,0,0,0.0,0,0,0.0,0,0,0.0,0.0,0.0,0.0,0.0,0.0,0,0,0,0,0,0.0,16,18,0.47058823529411764,N,6,EA,2243,2256,-13,74.0,195
doronsh01w,8,NYL,0,G,0,1,0,7,2,35,10,3,0,3,0,1,2,1.4285714285714286,0.42857142857142855,0.0,0.42857142857142855,0.0,5.0,0.14285714285714285,4,11,0.36363636363636365,1,2,0.5,1,1,1.0,0.36800000000000005,0.42087542087542085,0.0,1.0,0.2857142857142857,1,1,0,0,0,0.0,16,18,0.47058823529411764,Y,4,EA,2413,2501,-88,69.0,145
dossaci01w,1,ORL,0,C,0,1,0,32,31,820,228,124,38,16,63,54,111,7.125,3.875,1.1875,0.5,1.96875,25.625,1.6875,94,222,0.42342342342342343,40,57,0.7017543859649122,0,1,0.0,0.3671707317073171,0.46138902379796015,0.7037037037037037,8.4375,0.96875,1,3,18,8,3,6.0,16,16,0.5,Y,3,EA,2208,2233,-25,77.0,187
douglka01w,2,ORL,0,G-F,0,1,0,22,0,439,154,51,39,37,7,44,34,7.0,2.3181818181818183,1.7727272727272727,1.6818181818181819,0.3181818181818182,19.954545454545453,2.0,51,141,0.3617021276595745,34,47,0.723404255319149,18,57,0.3157894736842105,0.4685193621867882,0.47624938149430973,0.8863636363636364,6.409090909090909,0.0,0,0,0,0,0,0.0,13,19,0.40625,N,5,EA,2140,2205,-65,72.0,167
duffyme01w,7,MIN,0,G,0,1,0,31,0,387,105,29,36,9,0,24,37,3.3870967741935485,0.9354838709677419,1.1612903225806452,0.2903225806451613,0.0,12.483870967741936,0.7741935483870968,33,92,0.358695652173913,27,39,0.6923076923076923,12,37,0.32432432432432434,0.3440826873385013,0.48094540124587765,1.5,2.7096774193548385,0.0,0,0,0,0,0,0.0,10,24,0.29411764705882354,N,7,WE,2523,2735,-212,67.0,135
dupreca01w,7,CHI,0,F,0,1,0,34,31,1032,467,188,60,43,25,60,72,13.735294117647058,5.529411764705882,1.7647058823529411,1.2647058823529411,0.7352941176470589,30.352941176470587,1.7647058823529411,186,407,0.457002457002457,95,122,0.7786885245901639,0,5,0.0,0.5045348837209302,0.506859425197534,1.0,13.970588235294118,0.9117647058823529,0,0,0,0,0,0.0,5,29,0.14705882352941177,N,7,EA,2322,2687,-365,74.0,162
dydekma01w,1,UTA,0,C,0,1,0,32,32,775,294,175,51,18,96,82,114,9.1875,5.46875,1.59375,0.5625,3.0,24.21875,2.5625,105,236,0.4449152542372881,82,103,0.7961165048543689,2,14,0.14285714285714285,0.4688,0.5225366131096261,0.6219512195121951,12.5,1.0,0,0,0,0,0,0.0,18,14,0.5625,N,5,WE,2413,2407,6,9.0,223
edwarmi01w,1,CLE,1,G,0,1,0,3,0,17,8,2,1,0,0,4,3,2.6666666666666665,0.6666666666666666,0.3333333333333333,0.0,0.0,5.666666666666667,1.3333333333333333,4,10,0.4,0,0,0.0,0,3,0.0,0.8235294117647058,0.4,0.25,0.3333333333333333,0.0,0,0,0,0,0,0.0,17,15,0.53125,Y,2,EA,2185,2122,63,69.0,150
edwarsi01w,1,SEA,0,C,0,1,0,29,7,645,216,107,22,16,10,45,57,7.448275862068965,3.689655172413793,0.7586206896551724,0.5517241379310345,0.3448275862068966,22.24137931034483,1.5517241379310345,83,182,0.45604395604395603,50,80,0.625,0,0,0.0,0.4065116279069767,0.4972375690607735,0.4888888888888889,6.793103448275862,0.2413793103448276,0,0,0,0,0,0.0,6,26,0.1875,N,8,WE,1822,2171,-349,76.0,164
edwarte01w,4,MIN,0,G-F,0,1,0,34,34,854,181,105,148,41,11,92,60,5.323529411764706,3.088235294117647,4.352941176470588,1.2058823529411764,0.3235294117647059,25.11764705882353,2.7058823529411766,63,168,0.375,31,40,0.775,24,80,0.3,0.32505854800936773,0.48760775862068967,1.608695652173913,8.235294117647058,1.0,1,3,20,10,19,6.666666666666667,18,16,0.5294117647058824,Y,4,WE,2380,2370,10,71.0,155
edwarto01w,1,PHO,0,G,0,1,0,32,32,926,338,76,58,36,9,63,80,10.5625,2.375,1.8125,1.125,0.28125,28.9375,1.96875,112,298,0.37583892617449666,79,101,0.7821782178217822,35,114,0.30701754385964913,0.4378401727861771,0.49351711248685903,0.9206349206349206,7.6875,1.0,1,2,17,6,5,8.5,20,12,0.625,Y,4,WE,2243,2102,141,70.0,160
elysh01w,6,SAS,0,F,0,1,0,31,11,528,139,62,27,7,4,33,42,4.483870967741935,2.0,0.8709677419354839,0.22580645161290322,0.12903225806451613,17.032258064516128,1.064516129032258,50,132,0.3787878787878788,30,39,0.7692307692307693,9,31,0.2903225806451613,0.345,0.46594261196031106,0.8181818181818182,3.7096774193548385,0.3548387096774194,0,0,0,0,0,0.0,7,27,0.20588235294117646,N,7,WE,2141,2401,-260,74.0,182
enissh01w,1,CHA,0,F-C,0,1,0,12,9,323,139,45,10,10,1,16,30,11.583333333333334,3.75,0.8333333333333334,0.8333333333333334,0.08333333333333333,26.916666666666668,1.3333333333333333,41,104,0.3942307692307692,46,60,0.7666666666666667,11,32,0.34375,0.4532507739938081,0.5329754601226994,0.625,9.333333333333334,0.75,0,0,0,0,0,0.0,8,24,0.25,N,8,EA,2186,2429,-243,73.0,185
erbsu01w,1,CHA,0,C,0,1,0,29,0,275,92,63,10,8,6,17,68,3.1724137931034484,2.1724137931034484,0.3448275862068966,0.27586206896551724,0.20689655172413793,9.482758620689655,0.5862068965517241,32,73,0.4383561643835616,28,43,0.6511627906976745,0,1,0.0,0.3960727272727273,0.5004351610095735,0.5882352941176471,3.6551724137931036,0.0,0,0,0,0,0,0.0,8,24,0.25,N,8,EA,2186,2429,-243,78.0,240
ervinla01w,10,CON,0,F,0,1,0,8,0,56,16,13,0,1,0,2,5,2.0,1.625,0.0,0.125,0.0,7.0,0.25,8,17,0.47058823529411764,0,2,0.0,0,0,0.0,0.355,0.447427293064877,0.0,2.125,0.0,0,0,0,0,0,0.0,16,18,0.47058823529411764,N,6,EA,2651,2654,-3,76.0,171
fallotr01w,2,PHO,0,G-F,0,1,0,31,16,841,322,77,33,35,12,47,43,10.387096774193548,2.4838709677419355,1.064516129032258,1.1290322580645162,0.3870967741935484,27.129032258064516,1.5161290322580645,127,259,0.49034749034749037,53,65,0.8153846153846154,15,37,0.40540540540540543,0.39785969084423306,0.5598052851182197,0.7021276595744681,9.290322580645162,0.5161290322580645,0,0,0,0,0,0.0,13,19,0.40625,N,5,WE,2064,2169,-105,75.0,165
farriba01w,1,DET,0,C-F,0,1,0,14,2,130,45,32,2,6,1,14,30,3.2142857142857144,2.2857142857142856,0.14285714285714285,0.42857142857142855,0.07142857142857142,9.285714285714286,1.0,15,30,0.5,15,27,0.5555555555555556,0,1,0.0,0.4298461538461539,0.5372492836676217,0.14285714285714285,3.2142857142857144,0.14285714285714285,0,0,0,0,0,0.0,14,18,0.4375,N,5,EA,2331,2426,-95,75.0,200
feastal01w,1,LAS,0,F,0,1,0,32,0,469,202,85,33,23,2,35,47,6.3125,2.65625,1.03125,0.71875,0.0625,14.65625,1.09375,60,167,0.3592814371257485,60,72,0.8333333333333334,22,85,0.25882352941176473,0.4982515991471215,0.5083551439500704,0.9428571428571428,5.96875,0.0,1,4,15,9,3,3.75,28,4,0.875,Y,1,WE,2417,2169,248,71.0,168
feifesu01w,6,SAC,0,G,0,1,0,5,0,24,7,1,3,0,0,2,3,1.4,0.2,0.6,0.0,0.0,4.8,0.4,1,6,0.16666666666666666,4,4,1.0,1,1,1.0,0.4066666666666667,0.45103092783505155,1.5,0.8,0.0,0,0,0,0,0,0.0,25,9,0.7352941176470589,Y,1,WE,2329,2093,236,73.0,162
ferdima01w,2,UTA,0,G,0,1,0,32,22,864,366,86,79,40,4,63,70,11.4375,2.6875,2.46875,1.25,0.125,27.0,1.96875,143,290,0.49310344827586206,69,113,0.6106194690265486,11,42,0.2619047619047619,0.46611111111111114,0.5386789120452137,1.253968253968254,10.03125,0.6875,1,2,29,8,7,14.5,19,13,0.59375,Y,3,WE,2207,2192,15,69.0,153
fernama01w,8,LAS,0,G,0,1,0,34,20,891,297,72,101,36,14,90,31,8.735294117647058,2.1176470588235294,2.9705882352941178,1.0588235294117647,0.4117647058823529,26.205882352941178,2.6470588235294117,107,282,0.37943262411347517,71,89,0.797752808988764,12,49,0.24489795918367346,0.46145903479236816,0.4623863494831236,1.1222222222222222,6.970588235294118,0.5882352941176471,0,0,0,0,0,0.0,10,24,0.29411764705882354,N,7,WE,2533,2708,-175,71.0,138
ferrama01w,1,NYL,0,F,0,1,0,23,4,154,50,17,4,0,2,11,34,2.1739130434782608,0.7391304347826086,0.17391304347826086,0.0,0.08695652173913043,6.695652173913044,0.4782608695652174,23,53,0.4339622641509434,1,2,0.5,3,10,0.3,0.4212987012987013,0.46399406087602074,0.36363636363636365,1.3478260869565217,0.17391304347826086,1,3,6,3,1,2.0,20,12,0.625,Y,1,EA,2148,2035,113,75.0,190
figgsuk01w,1,LAS,0,G,0,1,0,32,32,803,215,55,127,21,3,43,53,6.71875,1.71875,3.96875,0.65625,0.09375,25.09375,1.34375,66,153,0.43137254901960786,54,65,0.8307692307692308,29,82,0.35365853658536583,0.2797011207970112,0.5919603524229075,2.953488372093023,8.75,1.0,1,4,24,16,19,6.0,28,4,0.875,Y,1,WE,2417,2169,248,69.0,142
firsool01w,1,NYL,0,C,0,1,0,9,0,19,12,4,1,0,1,2,8,1.3333333333333333,0.4444444444444444,0.1111111111111111,0.0,0.1111111111111111,2.111111111111111,0.2222222222222222,4,10,0.4,4,5,0.8,0,1,0.0,0.7473684210526316,0.49180327868852464,0.5,1.0,0.0,1,3,6,1,0,2.0,20,12,0.625,Y,1,EA,2148,2035,113,78.0,215
floremi01w,1,MIA,0,G,0,1,0,32,0,474,112,23,49,23,3,48,36,3.5,0.71875,1.53125,0.71875,0.09375,14.8125,1.5,34,112,0.30357142857142855,26,42,0.6190476190476191,18,61,0.29508196721311475,0.37654008438818565,0.4291845493562232,1.0208333333333333,2.125,0.0,0,0,0,0,0,0.0,13,19,0.40625,N,6,EA,1831,2001,-170,66.0,125
flukety01w,7,CHA,0,C,0,1,0,31,1,324,76,66,9,2,14,21,48,2.4516129032258065,2.129032258064516,0.2903225806451613,0.06451612903225806,0.45161290322580644,10.451612903225806,0.6774193548387096,30,89,0.33707865168539325,16,22,0.7272727272727273,0,2,0.0,0.3693827160493827,0.38508309687880016,0.42857142857142855,2.6129032258064515,0.03225806451612903,0,0,0,0,0,0.0,11,23,0.3235294117647059,N,6,EA,2456,2571,-115,77.0,209
folklkr01w,1,MIN,0,F,0,1,0,32,20,845,242,154,67,23,22,50,80,7.5625,4.8125,2.09375,0.71875,0.6875,26.40625,1.5625,86,191,0.450261780104712,66,94,0.7021276595744681,4,19,0.21052631578947367,0.3341538461538462,0.5207436736099156,1.34,10.15625,0.625,0,0,0,0,0,0.0,15,17,0.46875,N,6,WE,2193,2188,5,74.0,190
fordch01w,4,DET,0,F,1,1,0,32,32,956,344,334,27,32,31,79,109,10.75,10.4375,0.84375,1.0,0.96875,29.875,2.46875,128,270,0.4740740740740741,88,129,0.6821705426356589,0,0,0.0,0.42443514644351465,0.5263802178969275,0.34177215189873417,15.8125,1.0,1,8,67,80,4,8.375,25,9,0.7352941176470589,Y,1,EA,2553,2395,158,75.0,198
fordki01w,1,MIA,0,G-F,0,1,0,28,0,424,104,62,21,32,1,27,65,3.7142857142857144,2.2142857142857144,0.75,1.1428571428571428,0.03571428571428571,15.142857142857142,0.9642857142857143,33,108,0.3055555555555556,37,63,0.5873015873015873,1,4,0.25,0.3837735849056604,0.3831417624521073,0.7777777777777778,3.2857142857142856,0.0,0,0,0,0,0,0.0,13,19,0.40625,N,6,EA,1831,2001,-170,70.0,153
fordst01w,2,NYL,0,F,0,1,0,1,0,3,2,1,0,0,0,0,0,2.0,1.0,0.0,0.0,0.0,3.0,0.0,1,1,1.0,0,0,0.0,0,0,0.0,0.3333333333333333,1.0,0.0,3.0,0.0,0,0,0,0,0,0.0,21,11,0.65625,Y,2,EA,2162,2082,80,74.0,185
fowlesy01w,9,CHI,0,C,0,1,0,17,14,430,178,127,5,19,36,37,32,10.470588235294118,7.470588235294118,0.29411764705882354,1.1176470588235294,2.1176470588235294,25.294117647058822,2.176470588235294,77,150,0.5133333333333333,24,41,0.5853658536585366,0,0,0.0,0.47683720930232554,0.529635800999762,0.13513513513513514,14.0,0.8235294117647058,0,0,0,0,0,0.0,12,22,0.35294117647058826,N,5,EA,2472,2510,-38,78.0,200
francde01w,1,NYL,0,F,0,1,0,1,0,2,0,0,0,0,0,0,0,0.0,0.0,0.0,0.0,0.0,2.0,0.0,0,1,0.0,0,0,0.0,0,0,0.0,0.5,0.0,0.0,-1.0,0.0,1,2,0,1,0,0.0,20,12,0.625,Y,1,EA,2148,2035,113,70.0,193
frankaq01w,9,SAC,0,G,0,1,0,34,0,351,53,45,59,16,1,26,44,1.5588235294117647,1.3235294117647058,1.7352941176470589,0.47058823529411764,0.029411764705882353,10.323529411764707,0.7647058823529411,19,70,0.2714285714285714,9,14,0.6428571428571429,6,24,0.25,0.291054131054131,0.34795168067226895,2.269230769230769,2.7058823529411766,0.0,1,3,2,1,1,0.6666666666666666,18,16,0.5294117647058824,Y,4,WE,2545,2571,-26,64.0,154
frazeme01w,10,SAS,0,F,0,1,0,29,0,326,145,84,15,8,5,21,43,5.0,2.896551724137931,0.5172413793103449,0.27586206896551724,0.1724137931034483,11.241379310344827,0.7241379310344828,52,126,0.4126984126984127,27,39,0.6923076923076923,14,37,0.3783783783783784,0.5035582822085889,0.5064263760827047,0.7142857142857143,5.172413793103448,0.0,1,1,2,0,0,2.0,15,19,0.4411764705882353,Y,4,WE,2615,2661,-46,75.0,191
fresest01w,1,UTA,0,G,0,1,0,21,0,222,62,18,17,4,0,14,14,2.9523809523809526,0.8571428571428571,0.8095238095238095,0.19047619047619047,0.0,10.571428571428571,0.6666666666666666,10,30,0.3333333333333333,33,36,0.9166666666666666,9,26,0.34615384615384615,0.26954954954954957,0.6762652705061082,1.2142857142857142,3.0476190476190474,0.0,0,0,0,0,0,0.0,18,14,0.5625,N,5,WE,2413,2407,6,68.0,126
frettla01w,1,LAS,0,F,0,1,0,25,0,187,40,24,6,7,6,13,10,1.6,0.96,0.24,0.28,0.24,7.48,0.52,14,51,0.27450980392156865,12,16,0.75,0,1,0.0,0.3798930481283422,0.34458993797381116,0.46153846153846156,1.16,0.0,1,3,7,0,0,2.3333333333333335,28,4,0.875,Y,1,WE,2417,2169,248,75.0,170
friertr01w,5,SEA,0,F,0,1,0,5,0,22,7,5,0,0,0,1,7,1.4,1.0,0.0,0.0,0.0,4.4,0.2,2,9,0.2222222222222222,3,3,1.0,0,1,0.0,0.5145454545454545,0.3391472868217054,0.0,0.8,0.0,0,0,0,0,0,0.0,20,14,0.5882352941176471,Y,2,WE,2437,2264,173,74.0,186
frohlli01w,3,NYL,0,F-C,0,1,0,16,0,67,6,13,1,2,0,4,11,0.375,0.8125,0.0625,0.125,0.0,4.1875,0.25,1,10,0.1,4,4,1.0,0,4,0.0,0.23522388059701493,0.25510204081632654,0.25,0.5625,0.0,1,3,1,5,2,0.3333333333333333,18,14,0.5625,Y,1,EA,2089,2015,74,75.0,185
futreca01w,5,CON,0,G,0,1,0,20,0,144,42,19,10,5,1,7,20,2.1,0.95,0.5,0.25,0.05,7.2,0.35,11,38,0.2894736842105263,13,16,0.8125,7,17,0.4117647058823529,0.36138888888888887,0.46625222024866786,1.4285714285714286,2.0,0.0,1,2,2,0,0,1.0,18,16,0.5294117647058824,Y,1,EA,2335,2304,31,70.0,154
gaithka01w,1,IND,2,C,0,1,0,6,0,24,6,3,1,0,1,1,2,1.0,0.5,0.16666666666666666,0.0,0.16666666666666666,4.0,0.16666666666666666,3,8,0.375,0,0,0.0,0,0,0.0,0.375,0.375,1.0,0.8333333333333334,0.0,0,0,0,0,0,0.0,9,23,0.28125,N,7,EA,2213,2290,-77,75.0,170
garcibe01w,3,DET,0,G,0,1,0,8,0,64,8,4,9,3,0,11,8,1.0,0.5,1.125,0.375,0.0,8.0,1.375,2,11,0.18181818181818182,2,4,0.5,2,6,0.3333333333333333,0.37124999999999997,0.31347962382445144,0.8181818181818182,0.25,0.0,0,0,0,0,0,0.0,9,23,0.28125,N,8,EA,2114,2266,-152,65.0,135
gardike01w,9,CON,0,F,0,1,0,34,15,540,137,111,41,29,7,45,56,4.029411764705882,3.264705882352941,1.2058823529411764,0.8529411764705882,0.20588235294117646,15.882352941176471,1.3235294117647058,47,133,0.3533834586466165,22,41,0.5365853658536586,21,56,0.375,0.36303703703703705,0.4535222457627119,0.9111111111111111,5.147058823529412,0.4411764705882353,1,3,11,7,3,3.6666666666666665,21,13,0.6176470588235294,Y,2,EA,2690,2541,149,73.0,168
gardnan01w,3,UTA,0,F-C,0,1,0,30,2,198,57,61,5,3,3,13,35,1.9,2.033333333333333,0.16666666666666666,0.1,0.1,6.6,0.43333333333333335,18,49,0.3673469387755102,21,38,0.5526315789473685,0,0,0.0,0.3975757575757576,0.4336579427875837,0.38461538461538464,2.2666666666666666,0.06666666666666667,1,3,5,4,0,1.6666666666666667,20,12,0.625,Y,3,WE,2418,2344,74,75.0,190
garnean01w,1,SEA,0,F-C,0,1,0,32,19,560,101,98,25,27,10,43,44,3.15625,3.0625,0.78125,0.84375,0.3125,17.5,1.34375,38,116,0.3275862068965517,24,38,0.631578947368421,1,2,0.5,0.3137857142857143,0.38050030138637736,0.5813953488372093,3.9375,0.59375,0,0,0,0,0,0.0,6,26,0.1875,N,8,WE,1822,2171,-349,75.0,160
gaydeco01w,1,ORL,0,G,0,1,0,3,0,7,2,0,1,0,0,0,0,0.6666666666666666,0.0,0.3333333333333333,0.0,0.0,2.3333333333333335,0.0,1,2,0.5,0,0,0.0,0,1,0.0,0.2857142857142857,0.5,1.0,0.6666666666666666,0.0,0,0,0,0,0,0.0,16,16,0.5,Y,3,EA,2208,2233,-25,69.0,150
gearlka01w,8,SEA,0,G-F,0,1,0,33,0,437,132,53,24,12,6,20,22,4.0,1.606060606060606,0.7272727272727273,0.36363636363636365,0.18181818181818182,13.242424242424242,0.6060606060606061,44,114,0.38596491228070173,22,25,0.88,22,64,0.34375,0.3318077803203661,0.528,1.2,4.0606060606060606,0.0,1,2,3,3,3,1.5,17,17,0.5,Y,4,WE,2734,2647,87,73.0,184
gibsoke01w,1,HOU,0,F-G,0,1,0,17,0,76,24,12,2,1,0,4,11,1.411764705882353,0.7058823529411765,0.11764705882352941,0.058823529411764705,0.0,4.470588235294118,0.23529411764705882,7,19,0.3684210526315789,7,8,0.875,3,7,0.42857142857142855,0.3489473684210526,0.5328596802841918,0.5,1.2941176470588236,0.0,1,1,0,0,0,0.0,27,5,0.84375,Y,2,WE,2475,2066,409,70.0,136
gilloje01w,1,PHO,0,F-C,0,1,0,30,30,826,376,116,45,21,29,59,91,12.533333333333333,3.8666666666666667,1.5,0.7,0.9666666666666667,27.533333333333335,1.9666666666666666,139,316,0.439873417721519,79,106,0.7452830188679245,19,69,0.2753623188405797,0.5104600484261501,0.5184204720935363,0.7627118644067796,10.8,1.0,1,2,26,4,2,13.0,20,12,0.625,Y,4,WE,2243,2102,141,75.0,180
gilmous01w,1,IND,0,G,0,1,0,4,0,21,2,5,2,0,0,4,6,0.5,1.25,0.5,0.0,0.0,5.25,1.0,1,5,0.2,0,0,0.0,0,1,0.0,0.42857142857142855,0.2,0.5,0.25,0.0,0,0,0,0,0,0.0,9,23,0.28125,N,7,EA,2213,2290,-77,71.0,158
gisseka01w,9,LAS,0,F,0,1,0,2,0,14,0,2,0,0,0,1,2,0.0,1.0,0.0,0.0,0.0,7.0,0.5,0,4,0.0,0,0,0.0,0,1,0.0,0.35714285714285715,0.0,0.0,-1.5,0.0,0,0,0,0,0,0.0,20,14,0.5882352941176471,Y,3,WE,2598,2523,75,73.0,178
givench01w,9,DET,0,G,0,1,0,3,0,10,2,0,2,0,0,2,2,0.6666666666666666,0.0,0.6666666666666666,0.0,0.0,3.3333333333333335,0.6666666666666666,0,2,0.0,2,2,1.0,0,0,0.0,0.488,0.3472222222222222,1.0,0.0,0.0,0,0,0,0,0,0.0,22,12,0.6470588235294118,Y,1,EA,2672,2522,150,70.0,0
gomisem01w,7,NYL,0,G,0,1,0,2,0,15,3,0,0,1,0,1,3,1.5,0.0,0.0,0.5,0.0,7.5,0.5,0,4,0.0,3,4,0.75,0,2,0.0,0.45066666666666666,0.2604166666666667,0.0,-1.0,0.0,0,0,0,0,0,0.0,11,23,0.3235294117647059,N,5,EA,2372,2656,-284,71.0,134
goodsad01w,1,UTA,0,F,0,1,0,29,28,929,498,164,69,41,7,81,67,17.17241379310345,5.655172413793103,2.3793103448275863,1.4137931034482758,0.2413793103448276,32.03448275862069,2.793103448275862,199,415,0.4795180722891566,92,134,0.6865671641791045,8,29,0.27586206896551724,0.597373519913886,0.5253607899400794,0.8518518518518519,15.172413793103448,0.9655172413793104,0,0,0,0,0,0.0,18,14,0.5625,N,5,WE,2413,2407,6,72.0,165
goringi01w,8,WAS,0,C,0,1,0,21,0,156,54,41,3,5,12,4,28,2.5714285714285716,1.9523809523809523,0.14285714285714285,0.23809523809523808,0.5714285714285714,7.428571428571429,0.19047619047619047,19,45,0.4222222222222222,16,21,0.7619047619047619,0,1,0.0,0.37333333333333335,0.497787610619469,0.75,3.8095238095238093,0.0,0,0,0,0,0,0.0,16,18,0.47058823529411764,N,5,EA,2585,2639,-54,79.0,225
gortmsh01w,3,MIN,0,G,0,1,0,29,2,369,91,61,21,13,6,25,42,3.1379310344827585,2.103448275862069,0.7241379310344828,0.4482758620689655,0.20689655172413793,12.724137931034482,0.8620689655172413,35,97,0.36082474226804123,7,9,0.7777777777777778,14,43,0.32558139534883723,0.3413550135501355,0.4506735340729002,0.84,3.5517241379310347,0.06896551724137931,0,0,0,0,0,0.0,10,22,0.3125,N,8,WE,2003,2104,-101,70.0,158
granter01w,8,HOU,0,G,0,1,0,17,2,211,25,19,37,7,0,11,20,1.4705882352941178,1.1176470588235294,2.176470588235294,0.4117647058823529,0.0,12.411764705882353,0.6470588235294118,9,23,0.391304347826087,7,10,0.7,0,2,0.0,0.1819905213270142,0.4562043795620438,3.3636363636363638,3.5294117647058822,0.11764705882352941,0,0,0,0,0,0.0,13,21,0.38235294117647056,N,5,WE,2510,2628,-118,68.0,125
grecomi01w,5,SEA,0,G,0,1,0,13,0,73,29,10,8,3,0,8,6,2.230769230769231,0.7692307692307693,0.6153846153846154,0.23076923076923078,0.0,5.615384615384615,0.6153846153846154,10,18,0.5555555555555556,9,13,0.6923076923076923,0,2,0.0,0.43452054794520545,0.6112984822934233,1.0,2.3076923076923075,0.0,1,4,2,0,1,0.5,20,14,0.5882352941176471,Y,2,WE,2437,2264,173,69.0,145
greenci01w,7,SEA,0,C,0,1,0,5,0,24,2,8,0,0,0,0,9,0.4,1.6,0.0,0.0,0.0,4.8,0.0,0,7,0.0,2,4,0.5,0,0,0.0,0.365,0.11415525114155252,0.0,0.2,0.0,0,0,0,0,0,0.0,18,16,0.5294117647058824,Y,4,WE,2644,2575,69,77.0,183
grginve01w,1,LAS,0,F,0,1,0,18,0,183,49,23,12,3,1,14,17,2.7222222222222223,1.2777777777777777,0.6666666666666666,0.16666666666666666,0.05555555555555555,10.166666666666666,0.7777777777777778,17,62,0.27419354838709675,14,23,0.6086956521739131,1,17,0.058823529411764705,0.4706010928961749,0.33971159179145866,0.8571428571428571,1.1111111111111112,0.0,1,3,2,3,1,0.6666666666666666,28,4,0.875,Y,1,WE,2417,2169,248,73.0,160
griffyo01w,1,SAC,0,C-F,0,1,0,32,32,1026,523,331,47,83,61,82,110,16.34375,10.34375,1.46875,2.59375,1.90625,32.0625,2.5625,193,361,0.5346260387811634,137,194,0.7061855670103093,0,0,0.0,0.5149707602339182,0.5858499865579353,0.573170731707317,23.0625,1.0,1,2,29,24,2,14.5,21,11,0.65625,Y,3,WE,2343,2176,167,75.0,188
groomla01w,1,SAC,0,G-F,0,1,0,30,3,401,124,44,13,10,3,21,27,4.133333333333334,1.4666666666666666,0.43333333333333335,0.3333333333333333,0.1,13.366666666666667,0.7,39,88,0.4431818181818182,46,61,0.7540983606557377,0,1,0.0,0.33875311720698253,0.5398815743643329,0.6190476190476191,3.6333333333333333,0.1,1,2,3,2,0,1.5,21,11,0.65625,Y,3,WE,2343,2176,167,70.0,160
grubigo01w,1,IND,0,G,0,1,0,29,20,720,239,76,63,31,0,60,47,8.241379310344827,2.6206896551724137,2.1724137931034484,1.0689655172413792,0.0,24.82758620689655,2.0689655172413794,90,239,0.37656903765690375,31,40,0.775,28,91,0.3076923076923077,0.43972222222222224,0.46570537802026496,1.05,6.586206896551724,0.6896551724137931,0,0,0,0,0,0.0,9,23,0.28125,N,7,EA,2213,2290,-77,71.0,165
grudasa01w,9,CON,0,F-C,0,1,0,31,1,476,193,110,28,19,26,41,56,6.225806451612903,3.5483870967741935,0.9032258064516129,0.6129032258064516,0.8387096774193549,15.35483870967742,1.3225806451612903,81,178,0.4550561797752809,31,57,0.543859649122807,0,0,0.0,0.5127731092436975,0.4751821942091786,0.6829268292682927,6.838709677419355,0.03225806451612903,1,3,8,4,1,2.6666666666666665,21,13,0.6176470588235294,Y,2,EA,2690,2541,149,76.0,185
hairska01w,8,CON,0,F,0,1,0,17,0,148,32,30,6,7,0,9,25,1.8823529411764706,1.7647058823529411,0.35294117647058826,0.4117647058823529,0.0,8.705882352941176,0.5294117647058824,10,41,0.24390243902439024,9,12,0.75,3,12,0.25,0.37351351351351353,0.34572169403630076,0.6666666666666666,1.8823529411764706,0.0,0,0,0,0,0,0.0,18,16,0.5294117647058824,Y,3,EA,2675,2593,82,72.0,150
hallam01w,3,POR,0,F,0,1,0,20,0,104,30,26,1,7,1,12,12,1.5,1.3,0.05,0.35,0.05,5.2,0.6,11,24,0.4583333333333333,8,16,0.5,0,0,0.0,0.41384615384615386,0.4832474226804124,0.08333333333333333,1.6,0.0,0,0,0,0,0,0.0,16,16,0.5,N,5,WE,2195,2227,-32,75.0,180
hallvi01w,1,CLE,0,F,0,1,0,32,10,577,150,92,24,17,8,25,60,4.6875,2.875,0.75,0.53125,0.25,18.03125,0.78125,59,158,0.37341772151898733,22,34,0.6470588235294118,10,42,0.23809523809523808,0.34308492201039864,0.43362627197039777,0.96,4.84375,0.3125,1,6,21,15,4,3.5,17,15,0.53125,Y,2,EA,2185,2122,63,73.0,180
hammobe01w,1,NYL,0,G,0,1,0,32,16,835,351,64,58,29,1,62,55,10.96875,2.0,1.8125,0.90625,0.03125,26.09375,1.9375,119,252,0.4722222222222222,61,69,0.8840579710144928,52,141,0.36879432624113473,0.4124071856287425,0.6215469613259669,0.9354838709677419,9.375,0.5,1,7,66,10,15,9.428571428571429,20,12,0.625,Y,1,EA,2148,2035,113,66.0,136
hamzoro01w,1,ORL,0,G,0,1,0,15,0,43,7,3,5,5,0,4,4,0.4666666666666667,0.2,0.3333333333333333,0.3333333333333333,0.0,2.8666666666666667,0.26666666666666666,2,11,0.18181818181818182,3,6,0.5,0,3,0.0,0.4102325581395349,0.2565982404692082,1.25,0.26666666666666666,0.0,0,0,0,0,0,0.0,16,16,0.5,Y,3,EA,2208,2233,-25,69.0,152
hardili01w,8,MIN,0,G,0,1,0,20,20,602,233,87,78,20,6,47,44,11.65,4.35,3.9,1.0,0.3,30.1,2.35,86,243,0.35390946502057613,53,78,0.6794871794871795,8,35,0.22857142857142856,0.5387375415282392,0.4200923121303909,1.6595744680851063,9.75,1.0,0,0,0,0,0,0.0,10,24,0.29411764705882354,N,6,WE,2636,2752,-116,68.0,139
harpela01w,9,SAC,0,F-C,0,1,0,34,1,560,188,137,12,15,20,48,80,5.529411764705882,4.029411764705882,0.35294117647058826,0.4411764705882353,0.5882352941176471,16.470588235294116,1.411764705882353,64,135,0.4740740740740741,60,103,0.5825242718446602,0,0,0.0,0.4077142857142857,0.5212954747116239,0.25,6.176470588235294,0.029411764705882353,1,3,9,9,2,3.0,18,16,0.5294117647058824,Y,4,WE,2545,2571,-26,77.0,190
harrido01w,1,IND,0,F,0,1,0,8,0,67,8,9,5,2,1,11,16,1.0,1.125,0.625,0.25,0.125,8.375,1.375,1,6,0.16666666666666666,6,10,0.6,0,0,0.0,0.31940298507462683,0.3846153846153846,0.45454545454545453,0.625,0.0,0,0,0,0,0,0.0,9,23,0.28125,N,7,EA,2213,2290,-77,75.0,190
harrili01w,1,PHO,0,F,0,1,0,31,20,750,200,121,36,30,4,22,62,6.451612903225806,3.903225806451613,1.1612903225806452,0.967741935483871,0.12903225806451613,24.193548387096776,0.7096774193548387,81,154,0.525974025974026,30,37,0.8108108108108109,8,12,0.6666666666666666,0.25637333333333334,0.5872680291284943,1.6363636363636365,9.32258064516129,0.6451612903225806,1,2,26,11,10,13.0,20,12,0.625,Y,4,WE,2243,2102,141,73.0,164
harrokr01w,2,MIN,0,G,0,1,0,4,1,72,21,4,11,3,0,3,4,5.25,1.0,2.75,0.75,0.0,18.0,0.75,7,15,0.4666666666666667,4,4,1.0,3,6,0.5,0.2744444444444445,0.6264916467780429,3.6666666666666665,7.0,0.25,0,0,0,0,0,0.0,12,20,0.375,N,6,WE,2077,2156,-79,64.0,139
haydeva01w,5,MIN,0,C,0,1,0,29,1,350,153,84,7,7,29,34,65,5.275862068965517,2.896551724137931,0.2413793103448276,0.2413793103448276,1.0,12.068965517241379,1.1724137931034482,66,159,0.41509433962264153,21,38,0.5526315789473685,0,0,0.0,0.5992,0.43535169587980876,0.20588235294117646,4.689655172413793,0.034482758620689655,1,2,4,2,0,2.0,18,16,0.5294117647058824,Y,3,WE,2165,2190,-25,76.0,240
haynikr01w,6,SAC,0,G,0,1,0,30,0,434,104,62,43,33,1,35,41,3.466666666666667,2.066666666666667,1.4333333333333333,1.1,0.03333333333333333,14.466666666666667,1.1666666666666667,40,117,0.3418803418803419,19,23,0.8260869565217391,5,32,0.15625,0.3735483870967742,0.4090623033354311,1.2285714285714286,4.233333333333333,0.0,1,8,18,14,8,2.25,25,9,0.7352941176470589,Y,1,WE,2329,2093,236,69.0,147
headde01w,1,PHO,0,G,0,1,0,17,1,149,27,18,15,4,0,11,17,1.588235294117647,1.0588235294117647,0.8823529411764706,0.23529411764705882,0.0,8.764705882352942,0.6470588235294118,8,22,0.36363636363636365,10,16,0.625,1,7,0.14285714285714285,0.2687248322147651,0.46487603305785125,1.3636363636363635,1.9411764705882353,0.058823529411764705,1,1,0,2,1,0.0,20,12,0.625,Y,4,WE,2243,2102,141,70.0,160
hendene01w,2,HOU,0,G,0,1,0,23,0,179,26,21,22,6,0,16,5,1.1304347826086956,0.9130434782608695,0.9565217391304348,0.2608695652173913,0.0,7.782608695652174,0.6956521739130435,9,38,0.23684210526315788,2,7,0.2857142857142857,6,22,0.2727272727272727,0.3188826815642458,0.31645569620253167,1.375,1.0869565217391304,0.0,1,1,0,0,0,0.0,19,13,0.59375,Y,4,WE,2047,1994,53,68.0,144
hendetr01w,3,CLE,0,C,0,1,0,23,0,173,35,34,3,3,7,18,26,1.5217391304347827,1.4782608695652173,0.13043478260869565,0.13043478260869565,0.30434782608695654,7.521739130434782,0.782608695652174,16,41,0.3902439024390244,3,3,1.0,0,0,0.0,0.34867052023121387,0.41351606805293006,0.16666666666666666,1.6956521739130435,0.0,0,0,0,0,0,0.0,10,22,0.3125,N,7,EA,2071,2140,-69,75.0,200
henniso01w,1,SEA,0,G,0,1,0,32,32,980,168,86,79,61,3,54,73,5.25,2.6875,2.46875,1.90625,0.09375,30.625,1.6875,53,151,0.3509933774834437,37,61,0.6065573770491803,25,66,0.3787878787878788,0.23657142857142857,0.47233468286099867,1.462962962962963,6.90625,1.0,0,0,0,0,0,0.0,6,26,0.1875,N,8,WE,1822,2171,-349,67.0,143
herriam01w,1,UTA,0,C,0,1,0,25,0,341,91,59,20,7,5,29,41,3.64,2.36,0.8,0.28,0.2,13.64,1.16,36,75,0.48,19,31,0.6129032258064516,0,1,0.0,0.34498533724340175,0.513312274368231,0.6896551724137931,4.08,0.0,0,0,0,0,0,0.0,18,14,0.5625,N,5,WE,2413,2407,6,76.0,189
hibbeka01w,1,SEA,0,G-F,0,1,0,20,6,240,53,30,18,7,1,17,22,2.65,1.5,0.9,0.35,0.05,12.0,0.85,19,59,0.3220338983050847,7,9,0.7777777777777778,8,31,0.25806451612903225,0.3331666666666667,0.4209021601016518,1.0588235294117647,2.5,0.3,0,0,0,0,0,0.0,6,26,0.1875,N,8,WE,1822,2171,-349,70.0,140
hicksje01w,1,ORL,0,F-C,0,1,0,26,1,157,38,26,4,2,7,17,33,1.4615384615384615,1.0,0.15384615384615385,0.07692307692307693,0.2692307692307692,6.038461538461538,0.6538461538461539,10,23,0.43478260869565216,18,29,0.6206896551724138,0,0,0.0,0.33605095541401275,0.5313199105145414,0.23529411764705882,1.3846153846153846,0.038461538461538464,0,0,0,0,0,0.0,16,16,0.5,Y,3,EA,2208,2233,-25,76.0,188
hillec01w,1,CHA,0,G,0,1,0,26,0,213,39,23,14,5,1,25,33,1.5,0.8846153846153846,0.5384615384615384,0.19230769230769232,0.038461538461538464,8.192307692307692,0.9615384615384616,16,56,0.2857142857142857,2,5,0.4,5,22,0.22727272727272727,0.39061032863849765,0.33505154639175255,0.56,0.5384615384615384,0.0,0,0,0,0,0,0.0,8,24,0.25,N,8,EA,2186,2429,-243,67.0,173
hledeko01w,1,UTA,0,G,0,1,0,31,31,867,312,93,92,38,4,76,84,10.064516129032258,3.0,2.967741935483871,1.2258064516129032,0.12903225806451613,27.967741935483872,2.4516129032258065,118,260,0.45384615384615384,51,70,0.7285714285714285,25,58,0.43103448275862066,0.42306805074971165,0.5364511691884456,1.2105263157894737,9.741935483870968,1.0,0,0,0,0,0,0.0,18,14,0.5625,N,5,WE,2413,2407,6,69.0,150
hodgedo01w,5,LAS,0,G,0,1,0,24,3,245,43,22,16,10,2,17,9,1.7916666666666667,0.9166666666666666,0.6666666666666666,0.4166666666666667,0.08333333333333333,10.208333333333334,0.7083333333333334,16,52,0.3076923076923077,7,10,0.7,4,17,0.23529411764705882,0.2995918367346939,0.38120567375886527,0.9411764705882353,1.5416666666666667,0.125,1,3,5,4,4,1.6666666666666667,25,9,0.7352941176470589,Y,1,WE,2495,2361,134,69.0,160
hodgero01w,6,HOU,0,G,0,1,0,26,0,188,33,17,7,3,0,3,8,1.2692307692307692,0.6538461538461539,0.2692307692307692,0.11538461538461539,0.0,7.230769230769231,0.11538461538461539,13,47,0.2765957446808511,2,2,1.0,5,26,0.19230769230769232,0.27063829787234045,0.34461152882205515,2.3333333333333335,0.8846153846153846,0.0,1,2,0,0,0,0.0,19,15,0.5588235294117647,Y,3,WE,2309,2263,46,71.0,165
hoffmeb01w,5,IND,0,F,0,1,0,30,13,334,60,87,21,15,5,27,51,2.0,2.9,0.7,0.5,0.16666666666666666,11.133333333333333,0.9,26,83,0.3132530120481928,3,4,0.75,5,17,0.29411764705882354,0.33461077844311377,0.3539405379896177,0.7777777777777778,3.433333333333333,0.43333333333333335,0,0,0,0,0,0.0,15,19,0.4411764705882353,N,6,EA,2198,2245,-47,74.0,215
holdsch01w,1,WAS,0,F,0,1,0,32,32,1131,561,240,80,47,18,93,74,17.53125,7.5,2.5,1.46875,0.5625,35.34375,2.90625,232,499,0.4649298597194389,87,128,0.6796875,10,39,0.2564102564102564,0.5732272325375775,0.5051141684074046,0.8602150537634409,17.03125,1.0,1,2,30,11,1,15.0,14,18,0.4375,Y,4,EA,2176,2221,-45,74.0,172
hollake01w,1,SAC,0,G,0,1,0,32,32,934,312,70,81,43,5,74,63,9.75,2.1875,2.53125,1.34375,0.15625,29.1875,2.3125,111,253,0.43873517786561267,46,66,0.696969696969697,44,122,0.36065573770491804,0.3811991434689508,0.5531130336122535,1.0945945945945945,8.59375,1.0,1,2,19,8,6,9.5,21,11,0.65625,Y,3,WE,2343,2176,167,68.0,129
holliqu01w,10,MIN,0,C,0,1,0,34,1,434,164,110,5,12,8,34,65,4.823529411764706,3.235294117647059,0.14705882352941177,0.35294117647058826,0.23529411764705882,12.764705882352942,1.0,50,120,0.4166666666666667,64,91,0.7032967032967034,0,0,0.0,0.4470967741935484,0.5123719070232442,0.14705882352941177,4.9411764705882355,0.029411764705882353,0,0,0,0,0,0.0,14,20,0.4117647058823529,N,5,WE,2731,2827,-96,77.0,201
holmejo01w,1,DET,0,F,0,1,0,29,0,271,91,45,14,11,4,16,36,3.1379310344827585,1.5517241379310345,0.4827586206896552,0.3793103448275862,0.13793103448275862,9.344827586206897,0.5517241379310345,33,70,0.4714285714285714,21,30,0.7,4,11,0.36363636363636365,0.3660516605166052,0.546875,0.875,3.5517241379310347,0.0,0,0,0,0,0,0.0,14,18,0.4375,N,5,EA,2331,2426,-95,70.0,150
holmese01w,9,HOU,0,G-F,0,1,0,17,3,203,52,35,11,8,1,14,19,3.0588235294117645,2.0588235294117645,0.6470588235294118,0.47058823529411764,0.058823529411764705,11.941176470588236,0.8235294117647058,16,62,0.25806451612903225,16,22,0.7272727272727273,4,17,0.23529411764705882,0.42206896551724143,0.36272321428571425,0.7857142857142857,2.411764705882353,0.17647058823529413,0,0,0,0,0,0.0,17,17,0.5,N,5,WE,2561,2606,-45,73.0,155
holtam01w,9,CON,0,F,0,1,0,34,34,714,222,105,65,15,5,31,67,6.529411764705882,3.088235294117647,1.911764705882353,0.4411764705882353,0.14705882352941177,21.0,0.9117647058823529,81,199,0.40703517587939697,35,45,0.7777777777777778,25,76,0.32894736842105265,0.34985994397759107,0.5073126142595977,2.096774193548387,7.4411764705882355,1.0,1,3,11,12,4,3.6666666666666665,21,13,0.6176470588235294,Y,2,EA,2690,2541,149,72.0,168
hopeky01w,1,UTA,0,C,0,1,0,3,0,4,2,2,0,0,0,1,0,0.6666666666666666,0.6666666666666666,0.0,0.0,0.0,1.3333333333333333,0.3333333333333333,0,1,0.0,2,2,1.0,0,0,0.0,0.72,0.5319148936170213,0.0,0.6666666666666666,0.0,0,0,0,0,0,0.0,18,14,0.5625,N,5,WE,2413,2407,6,74.0,165
hornbal01w,9,DET,0,G,0,1,0,34,0,747,184,138,71,79,10,49,97,5.411764705882353,4.0588235294117645,2.088235294117647,2.323529411764706,0.29411764705882354,21.970588235294116,1.4411764705882353,63,178,0.3539325842696629,42,66,0.6363636363636364,16,45,0.35555555555555557,0.3427576974564926,0.44435857805255025,1.4489795918367347,8.647058823529411,0.0,1,9,57,44,19,6.333333333333333,22,12,0.6470588235294118,Y,1,EA,2672,2522,150,71.0,155
houstch01w,9,MIN,0,F,0,1,0,33,0,581,292,122,28,30,13,55,70,8.848484848484848,3.696969696969697,0.8484848484848485,0.9090909090909091,0.3939393939393939,17.606060606060606,1.6666666666666667,116,236,0.4915254237288136,60,81,0.7407407407407407,0,0,0.0,0.5622030981067125,0.5374760712707997,0.509090909090909,8.757575757575758,0.0,0,0,0,0,0,0.0,16,18,0.47058823529411764,N,7,WE,2767,2721,46,72.0,189
humphta01w,9,DET,1,C,0,1,0,22,16,297,160,63,22,13,6,24,59,7.2727272727272725,2.8636363636363638,1.0,0.5909090909090909,0.2727272727272727,13.5,1.0909090909090908,62,124,0.5,21,22,0.9545454545454546,15,39,0.38461538461538464,0.5309090909090909,0.5984440454817475,0.9166666666666666,8.045454545454545,0.7272727272727273,0,0,0,0,0,0.0,22,12,0.6470588235294118,Y,1,EA,2672,2522,150,75.0,190
irvinsa01w,6,PHO,0,F,0,1,0,12,0,122,44,34,5,5,6,2,20,3.6666666666666665,2.8333333333333335,0.4166666666666667,0.4166666666666667,0.5,10.166666666666666,0.16666666666666666,14,44,0.3181818181818182,12,15,0.8,4,8,0.5,0.4311475409836066,0.43478260869565216,2.5,4.916666666666667,0.0,0,0,0,0,0,0.0,16,18,0.47058823529411764,N,5,WE,2361,2354,7,75.0,185
ivanyda01w,1,UTA,0,G,0,1,0,27,16,489,93,54,63,25,3,50,67,3.4444444444444446,2.0,2.3333333333333335,0.9259259259259259,0.1111111111111111,18.11111111111111,1.8518518518518519,30,96,0.3125,21,28,0.75,12,43,0.27906976744186046,0.32376278118609403,0.42928360413589367,1.26,4.2592592592592595,0.5925925925925926,0,0,0,0,0,0.0,18,14,0.5625,N,5,WE,2413,2407,6,70.0,135
iveyni01w,2,IND,0,G,0,1,0,32,26,708,115,55,70,33,5,35,51,3.59375,1.71875,2.1875,1.03125,0.15625,22.125,1.09375,38,102,0.37254901960784315,14,15,0.9333333333333333,25,70,0.35714285714285715,0.20282485875706213,0.5294659300184162,2.0,5.5625,0.8125,0,0,0,0,0,0.0,10,22,0.3125,N,6,EA,2153,2249,-96,67.0,149
jacksde01w,3,CLE,0,F,0,1,0,18,0,143,55,27,6,2,1,9,11,3.0555555555555554,1.5,0.3333333333333333,0.1111111111111111,0.05555555555555555,7.944444444444445,0.5,19,46,0.41304347826086957,17,24,0.7083333333333334,0,3,0.0,0.4584615384615385,0.4862093352192362,0.6666666666666666,2.6666666666666665,0.0,0,0,0,0,0,0.0,10,22,0.3125,N,7,EA,2071,2140,-69,74.0,155
jacksgw01w,4,SAS,0,F,0,1,0,33,26,975,289,205,20,15,17,46,85,8.757575757575758,6.212121212121212,0.6060606060606061,0.45454545454545453,0.5151515151515151,29.545454545454547,1.393939393939394,114,286,0.3986013986013986,56,88,0.6363636363636364,5,30,0.16666666666666666,0.38022564102564105,0.44499876816949985,0.43478260869565216,8.969696969696969,0.7878787878787878,0,0,0,0,0,0.0,12,22,0.35294117647058826,N,6,WE,2215,2427,-212,75.0,182
jacksla01w,2,SEA,0,F-C,0,1,0,29,29,1001,442,193,44,54,64,53,97,15.241379310344827,6.655172413793103,1.5172413793103448,1.8620689655172413,2.206896551724138,34.51724137931034,1.8275862068965518,149,406,0.3669950738916256,104,143,0.7272727272727273,40,129,0.31007751937984496,0.5213986013986015,0.4712957434103898,0.8301886792452831,15.448275862068966,1.0,0,0,0,0,0,0.0,10,22,0.3125,N,8,WE,1921,2048,-127,77.0,187
jacksta01w,1,HOU,0,F-C,0,1,0,29,1,339,76,61,11,12,9,24,62,2.6206896551724137,2.103448275862069,0.3793103448275862,0.41379310344827586,0.3103448275862069,11.689655172413794,0.8275862068965517,35,61,0.5737704918032787,6,11,0.5454545454545454,0,0,0.0,0.2650147492625369,0.5771567436208991,0.4583333333333333,3.9310344827586206,0.034482758620689655,1,6,16,17,0,2.6666666666666665,27,5,0.84375,Y,2,WE,2475,2066,409,75.0,179
jacksta02w,1,DET,0,G,0,1,0,17,0,267,116,25,36,22,0,21,30,6.823529411764706,1.4705882352941178,2.1176470588235294,1.2941176470588236,0.0,15.705882352941176,1.2352941176470589,41,106,0.3867924528301887,26,35,0.7428571428571429,8,32,0.25,0.5333333333333333,0.47775947281713343,1.7142857142857142,6.117647058823529,0.0,0,0,0,0,0,0.0,14,18,0.4375,N,5,EA,2331,2426,-95,66.0,118
jacksti02w,8,NYL,0,F,0,1,0,34,0,474,173,104,19,23,12,49,66,5.088235294117647,3.0588235294117645,0.5588235294117647,0.6764705882352942,0.35294117647058826,13.941176470588236,1.4411764705882353,64,154,0.4155844155844156,45,79,0.569620253164557,0,0,0.0,0.5016033755274262,0.45825386734477647,0.3877551020408163,4.647058823529412,0.0,1,3,23,13,4,7.666666666666667,16,18,0.47058823529411764,Y,4,EA,2413,2501,-88,75.0,185
jacobam01w,5,MIN,0,G,0,1,0,32,0,391,101,36,47,13,0,45,36,3.15625,1.125,1.46875,0.40625,0.0,12.21875,1.40625,31,100,0.31,20,22,0.9090909090909091,19,60,0.31666666666666665,0.39560102301790284,0.46043034281546313,1.0444444444444445,2.53125,0.0,1,2,8,1,2,4.0,18,16,0.5294117647058824,Y,3,WE,2165,2190,-25,68.0,152
jamesta01w,7,WAS,0,F,0,1,0,21,0,160,57,16,3,4,2,10,13,2.7142857142857144,0.7619047619047619,0.14285714285714285,0.19047619047619047,0.09523809523809523,7.619047619047619,0.47619047619047616,19,49,0.3877551020408163,16,18,0.8888888888888888,3,12,0.25,0.41825,0.5007027406886858,0.3,1.9047619047619047,0.0,0,0,0,0,0,0.0,18,16,0.5294117647058824,Y,4,EA,2747,2657,90,69.0,158
januabr01w,10,IND,0,G,0,1,0,33,4,683,227,63,77,36,3,57,78,6.878787878787879,1.9090909090909092,2.3333333333333335,1.0909090909090908,0.09090909090909091,20.696969696969695,1.7272727272727273,64,192,0.3333333333333333,74,87,0.8505747126436781,25,87,0.28735632183908044,0.42061493411420203,0.49287823519194024,1.3508771929824561,6.303030303030303,0.12121212121212122,1,10,106,24,30,10.6,22,12,0.6470588235294118,Y,1,EA,2606,2501,105,68.0,144
jekaban01w,10,CON,0,G,0,1,0,27,16,644,255,78,59,9,0,48,61,9.444444444444445,2.888888888888889,2.185185185185185,0.3333333333333333,0.0,23.85185185185185,1.7777777777777777,97,234,0.41452991452991456,22,28,0.7857142857142857,39,99,0.3939393939393939,0.45701863354037264,0.5176193569340695,1.2291666666666667,7.777777777777778,0.5925925925925926,0,0,0,0,0,0.0,16,18,0.47058823529411764,N,6,EA,2651,2654,-3,69.0,180
joensca01w,8,CHI,0,G-F,0,1,0,19,0,271,95,33,32,17,1,13,18,5.0,1.736842105263158,1.6842105263157894,0.8947368421052632,0.05263157894736842,14.263157894736842,0.6842105263157895,31,79,0.3924050632911392,11,13,0.8461538461538461,22,45,0.4888888888888889,0.36059040590405905,0.5606704438149197,2.4615384615384617,6.052631578947368,0.0,0,0,0,0,0,0.0,14,20,0.4117647058823529,N,6,EA,2525,2611,-86,71.0,165
johnsad01w,1,ORL,0,G,0,1,0,32,31,1100,436,90,54,24,3,56,59,13.625,2.8125,1.6875,0.75,0.09375,34.375,1.75,175,393,0.44529262086513993,34,38,0.8947368421052632,52,148,0.35135135135135137,0.4233818181818182,0.5320706824172605,0.9642857142857143,10.28125,0.96875,1,3,34,4,8,11.333333333333334,16,16,0.5,Y,3,EA,2208,2233,-25,70.0,154
johnsch01w,4,LAS,0,C,0,1,0,8,0,45,6,6,3,0,1,4,6,0.75,0.75,0.375,0.0,0.125,5.625,0.5,1,5,0.2,3,4,0.75,1,5,0.2,0.2391111111111111,0.4437869822485207,0.75,0.875,0.0,0,0,0,0,0,0.0,24,10,0.7058823529411765,Y,1,WE,2499,2432,67,75.0,185
johnsja01w,2,ORL,0,F,0,1,0,17,1,139,35,23,9,4,3,17,21,2.0588235294117645,1.3529411764705883,0.5294117647058824,0.23529411764705882,0.17647058823529413,8.176470588235293,1.0,14,25,0.56,4,5,0.8,3,7,0.42857142857142855,0.3179856115107914,0.6433823529411765,0.5294117647058824,2.6470588235294117,0.058823529411764705,0,0,0,0,0,0.0,13,19,0.40625,N,5,EA,2140,2205,-65,72.0,201
johnsla01w,1,UTA,0,F,0,1,0,29,6,481,144,52,26,12,2,34,65,4.9655172413793105,1.793103448275862,0.896551724137931,0.41379310344827586,0.06896551724137931,16.586206896551722,1.1724137931034482,52,129,0.40310077519379844,28,43,0.6511627906976745,12,36,0.3333333333333333,0.3782120582120582,0.486749594375338,0.7647058823529411,3.793103448275862,0.20689655172413793,0,0,0,0,0,0.0,18,14,0.5625,N,5,WE,2413,2407,6,73.0,150
johnsni01w,1,CHA,0,G,0,1,0,6,0,78,26,4,11,4,0,9,3,4.333333333333333,0.6666666666666666,1.8333333333333333,0.6666666666666666,0.0,13.0,1.5,9,17,0.5294117647058824,6,6,1.0,2,5,0.4,0.3671794871794872,0.6619144602851323,1.2222222222222223,4.666666666666667,0.0,0,0,0,0,0,0.0,8,24,0.25,N,8,EA,2186,2429,-243,69.0,146
johnspo01w,1,CLE,0,C,0,1,0,12,0,57,17,14,2,0,1,8,9,1.4166666666666667,1.1666666666666667,0.16666666666666666,0.0,0.08333333333333333,4.75,0.6666666666666666,5,10,0.5,7,12,0.5833333333333334,0,0,0.0,0.40842105263157896,0.556282722513089,0.25,1.3333333333333333,0.0,1,4,7,2,1,1.75,17,15,0.53125,Y,2,EA,2185,2122,63,75.0,165
johnssh01w,1,ORL,0,G,0,1,0,32,32,1126,381,155,169,58,7,102,83,11.90625,4.84375,5.28125,1.8125,0.21875,35.1875,3.1875,122,309,0.3948220064724919,107,144,0.7430555555555556,30,90,0.3333333333333333,0.4212788632326821,0.5116016757976152,1.6568627450980393,13.875,1.0,1,3,18,21,14,6.0,16,16,0.5,Y,3,EA,2208,2233,-25,67.0,152
johnste01w,6,WAS,0,G,1,1,0,34,34,973,315,104,177,44,1,88,99,9.264705882352942,3.0588235294117645,5.205882352941177,1.2941176470588236,0.029411764705882353,28.61764705882353,2.588235294117647,125,273,0.45787545787545786,52,66,0.7878787878787878,13,43,0.3023255813953488,0.400863309352518,0.5214541120381406,2.0113636363636362,11.5,1.0,0,0,0,0,0,0.0,16,18,0.47058823529411764,N,5,EA,2263,2305,-42,63.0,132
johnsti01w,1,HOU,0,C,0,1,0,31,29,687,131,147,10,10,16,17,86,4.225806451612903,4.741935483870968,0.3225806451612903,0.3225806451612903,0.5161290322580645,22.161290322580644,0.5483870967741935,48,100,0.48,35,50,0.7,0,0,0.0,0.20232896652110627,0.5368852459016393,0.5882352941176471,7.419354838709677,0.9354838709677419,1,6,22,29,1,3.6666666666666665,27,5,0.84375,Y,2,WE,2475,2066,409,76.0,240
johnsvi01w,1,NYL,0,G-F,0,1,0,31,31,1023,380,137,77,22,5,57,48,12.258064516129032,4.419354838709677,2.4838709677419355,0.7096774193548387,0.16129032258064516,33.0,1.8387096774193548,143,324,0.44135802469135804,67,76,0.881578947368421,27,71,0.38028169014084506,0.40512218963831864,0.5315577439570277,1.3508771929824561,12.064516129032258,1.0,1,7,72,35,24,10.285714285714286,20,12,0.625,Y,1,EA,2148,2035,113,69.0,150
jonesas01w,3,WAS,0,F,0,1,0,32,5,612,208,89,28,13,17,39,88,6.5,2.78125,0.875,0.40625,0.53125,19.125,1.21875,93,233,0.39914163090128757,20,33,0.6060606060606061,2,10,0.2,0.46816993464052287,0.42016806722689076,0.717948717948718,5.09375,0.15625,1,5,18,8,3,3.6,17,15,0.53125,Y,3,EA,2135,2116,19,74.0,196
jonesch01w,5,DET,0,G-F,0,1,0,31,8,397,107,34,45,18,5,40,41,3.4516129032258065,1.096774193548387,1.4516129032258065,0.5806451612903226,0.16129032258064516,12.806451612903226,1.2903225806451613,37,103,0.3592233009708738,25,31,0.8064516129032258,8,32,0.25,0.39455919395465994,0.458676268861454,1.125,3.129032258064516,0.25806451612903225,1,2,2,0,1,1.0,17,17,0.5,Y,3,EA,2366,2381,-15,69.0,150
jonesja01w,1,MIA,0,G,0,1,0,21,0,233,68,22,10,8,0,25,40,3.238095238095238,1.0476190476190477,0.47619047619047616,0.38095238095238093,0.0,11.095238095238095,1.1904761904761905,25,95,0.2631578947368421,11,16,0.6875,7,35,0.2,0.5452360515021459,0.33320266562132494,0.4,0.38095238095238093,0.0,0,0,0,0,0,0.0,13,19,0.40625,N,6,EA,1831,2001,-170,69.0,158
jonesla01w,1,CHA,0,G,0,1,0,9,0,54,19,5,2,0,1,4,5,2.111111111111111,0.5555555555555556,0.2222222222222222,0.0,0.1111111111111111,6.0,0.4444444444444444,8,19,0.42105263157894735,1,2,0.5,2,6,0.3333333333333333,0.4422222222222222,0.4778672032193159,0.5,1.2222222222222223,0.0,0,0,0,0,0,0.0,8,24,0.25,N,8,EA,2186,2429,-243,73.0,180
jonesme01w,1,CLE,0,G,0,1,0,32,32,948,352,139,63,29,2,60,86,11.0,4.34375,1.96875,0.90625,0.0625,29.625,1.875,153,323,0.47368421052631576,32,47,0.6808510638297872,14,45,0.3111111111111111,0.4258227848101266,0.5121042830540037,1.05,10.625,1.0,1,6,83,43,11,13.833333333333334,17,15,0.53125,Y,2,EA,2185,2122,63,69.0,147
kellycr01w,9,SAC,0,F,0,1,0,33,4,551,243,109,15,18,5,41,61,7.363636363636363,3.303030303030303,0.45454545454545453,0.5454545454545454,0.15151515151515152,16.696969696969695,1.2424242424242424,62,138,0.4492753623188406,119,140,0.85,0,1,0.0,0.4366606170598911,0.6087174348697395,0.36585365853658536,7.636363636363637,0.12121212121212122,1,3,37,10,4,12.333333333333334,18,16,0.5294117647058824,Y,4,WE,2545,2571,-26,74.0,190
kingbsu01w,6,MIN,0,G,0,1,0,3,0,17,3,1,1,0,1,0,2,1.0,0.3333333333333333,0.3333333333333333,0.0,0.3333333333333333,5.666666666666667,0.0,0,1,0.0,3,4,0.75,0,0,0.0,0.1623529411764706,0.5434782608695653,1.0,1.3333333333333333,0.0,0,0,0,0,0,0.0,14,20,0.4117647058823529,N,6,WE,2211,2288,-77,67.0,135
kingija01w,2,DET,0,G,0,1,0,29,17,625,169,63,74,31,8,53,42,5.827586206896552,2.1724137931034484,2.5517241379310347,1.0689655172413792,0.27586206896551724,21.551724137931036,1.8275862068965518,55,142,0.3873239436619718,26,36,0.7222222222222222,33,88,0.375,0.33734400000000003,0.5353522554485555,1.3962264150943395,6.724137931034483,0.5862068965517241,0,0,0,0,0,0.0,10,22,0.3125,N,7,EA,2103,2269,-166,68.0,150
klimezu01w,3,IND,0,F,0,1,0,11,0,39,5,5,2,1,1,2,2,0.45454545454545453,0.45454545454545453,0.18181818181818182,0.09090909090909091,0.09090909090909091,3.5454545454545454,0.18181818181818182,2,12,0.16666666666666666,1,1,1.0,0,0,0.0,0.37025641025641026,0.2009646302250804,1.0,0.18181818181818182,0.0,0,0,0,0,0,0.0,16,16,0.5,Y,4,EA,2097,2129,-32,74.0,181
koehnla01w,6,WAS,0,G,0,1,0,30,0,230,113,11,10,2,0,6,15,3.7666666666666666,0.36666666666666664,0.3333333333333333,0.06666666666666667,0.0,7.666666666666667,0.2,37,79,0.46835443037974683,4,5,0.8,35,75,0.4666666666666667,0.3791304347826087,0.6958128078817734,1.6666666666666667,2.9,0.0,0,0,0,0,0,0.0,16,18,0.47058823529411764,N,5,EA,2263,2305,-42,68.0,145
korstil01w,2,PHO,0,G,0,1,0,12,0,75,21,11,5,3,0,9,4,1.75,0.9166666666666666,0.4166666666666667,0.25,0.0,6.25,0.75,7,25,0.28,6,7,0.8571428571428571,1,3,0.3333333333333333,0.49439999999999995,0.37393162393162394,0.5555555555555556,1.0,0.0,0,0,0,0,0,0.0,13,19,0.40625,N,5,WE,2064,2169,-105,70.0,160
kostaan01w,7,HOU,0,G,0,1,0,32,0,266,67,25,19,7,0,42,41,2.09375,0.78125,0.59375,0.21875,0.0,8.3125,1.3125,18,57,0.3157894736842105,25,35,0.7142857142857143,6,30,0.2,0.43007518796992483,0.46270718232044195,0.4523809523809524,0.84375,0.0,1,2,5,1,1,2.5,18,16,0.5294117647058824,Y,3,WE,2507,2449,58,67.0,137
kostita01w,1,MIA,0,F,0,1,0,5,0,46,7,5,4,2,0,7,6,1.4,1.0,0.8,0.4,0.0,9.2,1.4,3,9,0.3333333333333333,1,2,0.5,0,0,0.0,0.3669565217391305,0.35425101214574894,0.5714285714285714,0.8,0.0,0,0,0,0,0,0.0,13,19,0.40625,N,6,EA,1831,2001,-170,73.0,163
kraayca01w,6,NYL,0,F,0,1,0,17,0,196,69,27,5,4,8,17,21,4.0588235294117645,1.588235294117647,0.29411764705882354,0.23529411764705882,0.47058823529411764,11.529411764705882,1.0,23,55,0.41818181818181815,14,15,0.9333333333333333,9,24,0.375,0.4010204081632653,0.560064935064935,0.29411764705882354,3.7058823529411766,0.0,1,2,8,7,0,4.0,18,16,0.5294117647058824,Y,3,EA,2316,2285,31,76.0,180
kubikni01w,1,PHO,0,G,0,1,0,4,0,19,6,2,2,0,0,3,4,1.5,0.5,0.5,0.0,0.0,4.75,0.75,1,3,0.3333333333333333,4,4,1.0,0,1,0.0,0.40842105263157896,0.6302521008403361,0.6666666666666666,1.25,0.0,1,2,2,0,0,1.0,20,12,0.625,Y,4,WE,2243,2102,141,69.0,145
lacyje01w,7,PHO,0,F,0,1,0,33,3,504,162,102,14,12,12,45,102,4.909090909090909,3.090909090909091,0.42424242424242425,0.36363636363636365,0.36363636363636365,15.272727272727273,1.3636363636363635,61,128,0.4765625,40,58,0.6896551724137931,0,4,0.0,0.3938888888888889,0.5276185513288171,0.3111111111111111,5.212121212121212,0.09090909090909091,0,0,0,0,0,0.0,18,16,0.5294117647058824,N,5,WE,2960,2879,81,75.0,175
lacyve01w,1,NYL,0,C,0,1,0,2,2,18,6,5,0,0,0,2,0,3.0,2.5,0.0,0.0,0.0,9.0,1.0,2,5,0.4,2,4,0.5,0,0,0.0,0.48666666666666664,0.4437869822485207,0.0,2.0,1.0,0,0,0,0,0,0.0,20,12,0.625,Y,1,EA,2148,2035,113,76.0,234
lambesh01w,3,CHA,0,G,0,1,0,3,0,16,2,3,3,1,0,2,1,0.6666666666666666,1.0,1.0,0.3333333333333333,0.0,5.333333333333333,0.6666666666666666,1,3,0.3333333333333333,0,0,0.0,0,0,0.0,0.3125,0.3333333333333333,1.5,1.6666666666666667,0.0,0,0,0,0,0,0.0,18,14,0.5625,Y,2,EA,2241,2133,108,67.0,125
lambmo01w,1,HOU,0,C,0,1,0,13,2,140,26,26,3,2,4,4,23,2.0,2.0,0.23076923076923078,0.15384615384615385,0.3076923076923077,10.76923076923077,0.3076923076923077,10,20,0.5,6,12,0.5,0,0,0.0,0.20914285714285716,0.5142405063291139,0.75,3.1538461538461537,0.15384615384615385,0,0,0,0,0,0.0,27,5,0.84375,Y,2,WE,2475,2066,409,77.0,206
langhcr01w,9,WAS,0,F-C,0,1,0,34,6,529,164,136,15,15,6,36,54,4.823529411764706,4.0,0.4411764705882353,0.4411764705882353,0.17647058823529413,15.558823529411764,1.0588235294117647,68,109,0.6238532110091743,28,51,0.5490196078431373,0,0,0.0,0.3165217391304348,0.6238587948874011,0.4166666666666667,6.9411764705882355,0.17647058823529413,0,0,0,0,0,0.0,10,24,0.29411764705882354,N,6,EA,2368,2601,-233,74.0,184
larkier01w,9,NYL,0,F,0,1,0,27,0,335,129,73,18,10,7,35,54,4.777777777777778,2.7037037037037037,0.6666666666666666,0.37037037037037035,0.25925925925925924,12.407407407407407,1.2962962962962963,48,94,0.5106382978723404,33,56,0.5892857142857143,0,0,0.0,0.45862686567164174,0.5436614969656103,0.5142857142857142,4.925925925925926,0.0,1,6,26,29,1,4.333333333333333,19,15,0.5588235294117647,Y,3,EA,2573,2538,35,73.0,210
lassiam01w,2,HOU,0,F,0,1,0,32,18,613,138,110,34,16,21,35,66,4.3125,3.4375,1.0625,0.5,0.65625,19.15625,1.09375,51,139,0.3669064748201439,10,15,0.6666666666666666,26,67,0.3880597014925373,0.29461663947797717,0.47390109890109894,0.9714285714285714,5.96875,0.5625,1,2,19,9,0,9.5,19,13,0.59375,Y,4,WE,2047,1994,53,73.0,160
lattaiv01w,8,DET,0,G,0,1,0,31,1,221,93,19,20,8,2,16,24,3.0,0.6129032258064516,0.6451612903225806,0.25806451612903225,0.06451612903225806,7.129032258064516,0.5161290322580645,34,87,0.39080459770114945,3,7,0.42857142857142855,22,49,0.4489795918367347,0.48,0.5162078152753109,1.25,2.225806451612903,0.03225806451612903,1,10,19,3,3,1.9,24,10,0.7058823529411765,Y,1,EA,2697,2540,157,66.0,143
lawsoed01w,6,HOU,2,G,0,1,0,17,0,114,25,7,4,2,1,12,5,1.4705882352941178,0.4117647058823529,0.23529411764705882,0.11764705882352941,0.058823529411764705,6.705882352941177,0.7058823529411765,8,24,0.3333333333333333,4,4,1.0,5,13,0.38461538461538464,0.33122807017543865,0.4852484472049689,0.3333333333333333,0.6470588235294118,0.0,1,1,0,0,0,0.0,19,15,0.5588235294117647,Y,3,WE,2309,2263,46,66.0,130
lawsoka01w,4,SAC,0,G,0,1,0,34,0,769,263,107,56,15,5,42,45,7.735294117647059,3.1470588235294117,1.6470588235294117,0.4411764705882353,0.14705882352941177,22.61764705882353,1.2352941176470589,89,227,0.3920704845814978,31,40,0.775,54,135,0.4,0.3726918075422627,0.5376124284546198,1.3333333333333333,7.5588235294117645,0.0,1,6,32,23,16,5.333333333333333,19,15,0.5588235294117647,Y,3,WE,2299,2216,83,69.0,165
lazicka01w,2,NYL,0,F-C,0,1,0,8,0,55,17,6,3,3,0,10,9,2.125,0.75,0.375,0.375,0.0,6.875,1.25,8,20,0.4,1,2,0.5,0,2,0.0,0.5614545454545454,0.407088122605364,0.3,0.75,0.0,1,2,0,1,0,0.0,21,11,0.65625,Y,2,EA,2162,2082,80,70.0,147
lehnish01w,10,ATL,0,G,0,1,0,34,20,707,102,79,127,18,3,54,44,3.0,2.323529411764706,3.735294117647059,0.5294117647058824,0.08823529411764706,20.794117647058822,1.588235294117647,36,93,0.3870967741935484,24,31,0.7741935483870968,6,30,0.2,0.2272135785007072,0.4782445611402851,2.3518518518518516,6.205882352941177,0.5882352941176471,0,0,0,0,0,0.0,18,16,0.5294117647058824,Y,2,EA,2861,2797,64,69.0,147
lennobe01w,1,MIN,0,G,1,1,0,32,31,984,541,178,82,53,9,97,112,16.90625,5.5625,2.5625,1.65625,0.28125,30.75,3.03125,201,471,0.4267515923566879,84,105,0.8,55,139,0.39568345323741005,0.6241869918699188,0.5230085073472543,0.845360824742268,14.84375,0.96875,0,0,0,0,0,0.0,15,17,0.46875,N,6,WE,2193,2188,5,68.0,143
leslili01w,1,LAS,0,C,0,1,0,32,32,1028,570,306,60,31,74,103,134,17.8125,9.5625,1.875,0.96875,2.3125,32.125,3.21875,197,430,0.45813953488372094,169,205,0.824390243902439,7,32,0.21875,0.6062256809338522,0.5478662053056517,0.5825242718446602,20.90625,1.0,1,4,75,41,8,18.75,28,4,0.875,Y,1,WE,2417,2169,248,77.0,170
leuchye01w,7,CHA,0,C,0,1,0,4,0,38,12,5,3,0,1,1,5,3.0,1.25,0.75,0.0,0.25,9.5,0.25,5,10,0.5,2,4,0.5,0,0,0.0,0.3357894736842105,0.5102040816326531,3.0,3.25,0.0,0,0,0,0,0,0.0,11,23,0.3235294117647059,N,6,EA,2456,2571,-115,77.0,195
levanni01w,2,LAS,0,G,0,1,0,13,0,67,20,9,7,5,1,5,3,1.5384615384615385,0.6923076923076923,0.5384615384615384,0.38461538461538464,0.07692307692307693,5.153846153846154,0.38461538461538464,7,22,0.3181818181818182,1,1,1.0,5,17,0.29411764705882354,0.4095522388059702,0.44563279857397503,1.4,1.6923076923076923,0.0,1,3,0,0,0,0.0,28,4,0.875,Y,1,WE,2441,2166,275,68.0,163
lewista01w,3,SEA,0,F-C,0,1,0,14,0,57,18,24,3,2,0,7,12,1.2857142857142858,1.7142857142857142,0.21428571428571427,0.14285714285714285,0.0,4.071428571428571,0.5,4,10,0.4,10,18,0.5555555555555556,0,1,0.0,0.43719298245614036,0.5022321428571428,0.42857142857142855,1.8571428571428572,0.0,0,0,0,0,0,0.0,17,15,0.53125,Y,4,WE,2188,2103,85,74.0,212
lewisty01w,2,HOU,0,G,0,1,0,29,4,419,97,62,15,11,4,26,26,3.3448275862068964,2.1379310344827585,0.5172413793103449,0.3793103448275862,0.13793103448275862,14.448275862068966,0.896551724137931,39,92,0.42391304347826086,11,17,0.6470588235294118,8,20,0.4,0.2994749403341289,0.487535182951347,0.5769230769230769,3.586206896551724,0.13793103448275862,1,2,0,0,2,0.0,19,13,0.59375,Y,4,WE,2047,1994,53,70.0,152
liebena01w,9,DET,0,G,0,1,0,1,0,9,0,0,2,0,0,2,0,0.0,0.0,2.0,0.0,0.0,9.0,2.0,0,1,0.0,0,0,0.0,0,0,0.0,0.3333333333333333,0.0,1.0,-1.0,0.0,0,0,0,0,0,0.0,22,12,0.6470588235294118,Y,1,EA,2672,2522,150,70.0,150
littlca01w,8,SAS,0,F,0,1,0,34,7,711,132,152,23,30,11,40,70,3.8823529411764706,4.470588235294118,0.6764705882352942,0.8823529411764706,0.3235294117647059,20.91176470588235,1.1764705882352942,54,131,0.4122137404580153,21,40,0.525,3,11,0.2727272727272727,0.2652601969057665,0.44414535666218036,0.575,6.235294117647059,0.20588235294117646,1,5,18,11,4,3.6,20,14,0.5882352941176471,Y,2,WE,2517,2484,33,74.0,180
lloydan01w,1,MIN,0,F,0,1,0,14,2,333,75,43,22,12,2,24,32,5.357142857142857,3.0714285714285716,1.5714285714285714,0.8571428571428571,0.14285714285714285,23.785714285714285,1.7142857142857142,26,68,0.38235294117647056,12,17,0.7058823529411765,11,32,0.34375,0.29873873873873874,0.4968203497615262,0.9166666666666666,5.928571428571429,0.14285714285714285,0,0,0,0,0,0.0,15,17,0.46875,N,6,WE,2193,2188,5,74.0,175
lobore01w,2,NYL,0,F,0,1,0,16,0,85,17,14,1,2,0,7,16,1.0625,0.875,0.0625,0.125,0.0,5.3125,0.4375,7,22,0.3181818181818182,2,4,0.5,1,2,0.5,0.3618823529411765,0.3577441077441077,0.14285714285714285,0.625,0.0,0,0,0,0,0,0.0,21,11,0.65625,Y,2,EA,2162,2082,80,76.0,190
lovelst01w,1,SEA,0,F,0,1,0,23,1,324,99,57,16,13,2,35,42,4.304347826086956,2.4782608695652173,0.6956521739130435,0.5652173913043478,0.08695652173913043,14.08695652173913,1.5217391304347827,36,103,0.34951456310679613,25,31,0.8064516129032258,2,9,0.2222222222222222,0.46802469135802466,0.4243827160493827,0.45714285714285713,3.4347826086956523,0.043478260869565216,0,0,0,0,0,0.0,6,26,0.1875,N,8,WE,1822,2171,-349,76.0,170
luckepa01w,2,PHO,0,F,0,1,0,1,0,8,0,1,1,0,1,0,0,0.0,1.0,1.0,0.0,1.0,8.0,0.0,0,1,0.0,0,0,0.0,0,0,0.0,0.125,0.0,1.0,2.0,0.0,0,0,0,0,0,0.0,13,19,0.40625,N,5,WE,2064,2169,-105,73.0,165
luzhe01w,2,WAS,0,G,0,1,0,32,3,489,164,37,55,28,5,43,47,5.125,1.15625,1.71875,0.875,0.15625,15.28125,1.34375,55,136,0.40441176470588236,22,25,0.88,32,82,0.3902439024390244,0.3885480572597137,0.5578231292517006,1.2790697674418605,5.0625,0.09375,0,0,0,0,0,0.0,10,22,0.3125,N,8,EA,1928,2075,-147,68.0,144
lyttlsa01w,6,HOU,0,F,0,1,0,33,0,460,140,125,17,20,3,23,45,4.242424242424242,3.787878787878788,0.5151515151515151,0.6060606060606061,0.09090909090909091,13.93939393939394,0.696969696969697,59,101,0.5841584158415841,22,40,0.55,0,0,0.0,0.30782608695652175,0.5902192242833053,0.7391304347826086,6.7272727272727275,0.0,1,5,10,12,0,2.0,19,15,0.5588235294117647,Y,3,WE,2309,2263,46,76.0,175
mabikmw01w,1,LAS,0,G-F,0,1,0,32,32,940,394,179,98,58,18,51,117,12.3125,5.59375,3.0625,1.8125,0.5625,29.375,1.59375,130,335,0.3880597014925373,73,89,0.8202247191011236,61,159,0.3836477987421384,0.45229787234042557,0.526512721830233,1.9215686274509804,14.84375,1.0,1,4,70,21,4,17.5,28,4,0.875,Y,1,WE,2417,2169,248,71.0,165
macchla01w,5,LAS,0,F,0,1,0,25,15,410,152,61,14,21,6,29,56,6.08,2.44,0.56,0.84,0.24,16.4,1.16,52,106,0.49056603773584906,41,55,0.7454545454545455,7,26,0.2692307692307692,0.3882926829268292,0.5837173579109064,0.4827586206896552,6.28,0.6,1,1,2,4,1,2.0,25,9,0.7352941176470589,Y,1,WE,2495,2361,134,73.0,169
machacl01w,1,LAS,0,C-F,0,1,0,31,1,421,110,72,18,13,4,19,66,3.5483870967741935,2.3225806451612905,0.5806451612903226,0.41935483870967744,0.12903225806451613,13.580645161290322,0.6129032258064516,48,83,0.5783132530120482,14,25,0.56,0,1,0.0,0.2684085510688836,0.5851063829787234,0.9473684210526315,4.903225806451613,0.03225806451612903,1,4,12,11,0,3.0,28,4,0.875,Y,1,WE,2417,2169,248,77.0,180
mahonme01w,7,CON,0,F,0,1,0,31,1,351,76,66,24,7,1,25,38,2.4516129032258065,2.129032258064516,0.7741935483870968,0.22580645161290322,0.03225806451612903,11.32258064516129,0.8064516129032258,26,85,0.3058823529411765,17,19,0.8947368421052632,7,29,0.2413793103448276,0.3372079772079772,0.4070265638389032,0.96,2.838709677419355,0.03225806451612903,1,4,0,2,0,0.0,26,8,0.7647058823529411,Y,1,EA,2683,2417,266,72.0,160
mahonsh01w,1,NYL,0,F,0,1,0,15,3,158,27,30,4,2,1,5,14,1.8,2.0,0.26666666666666666,0.13333333333333333,0.06666666666666667,10.533333333333333,0.3333333333333333,11,38,0.2894736842105263,4,8,0.5,1,5,0.2,0.29443037974683545,0.3251445086705202,0.8,1.8666666666666667,0.2,0,0,0,0,0,0.0,20,12,0.625,Y,1,EA,2148,2035,113,76.0,178
maigaha01w,3,SAC,0,G-F,0,1,0,23,3,197,40,37,9,15,3,23,37,1.7391304347826086,1.608695652173913,0.391304347826087,0.6521739130434783,0.13043478260869565,8.565217391304348,1.0,13,53,0.24528301886792453,14,30,0.4666666666666667,0,0,0.0,0.45279187817258887,0.3021148036253776,0.391304347826087,1.0869565217391304,0.13043478260869565,0,0,0,0,0,0.0,14,18,0.4375,N,6,WE,2166,2294,-128,73.0,160
malcona01w,2,IND,0,F,0,1,0,31,23,705,257,91,26,13,3,48,75,8.290322580645162,2.935483870967742,0.8387096774193549,0.41935483870967744,0.0967741935483871,22.741935483870968,1.5483870967741935,90,212,0.42452830188679247,54,62,0.8709677419354839,23,56,0.4107142857142857,0.40748936170212763,0.5370277499164159,0.5416666666666666,6.838709677419355,0.7419354838709677,0,0,0,0,0,0.0,10,22,0.3125,N,6,EA,2153,2249,-96,73.0,170
malloso01w,4,PHO,0,C,0,1,0,6,0,44,10,10,0,1,4,6,7,1.6666666666666667,1.6666666666666667,0.0,0.16666666666666666,0.6666666666666666,7.333333333333333,1.0,4,9,0.4444444444444444,2,2,1.0,0,0,0.0,0.3609090909090909,0.5060728744939271,0.0,2.3333333333333335,0.0,0,0,0,0,0,0.0,8,26,0.23529411764705882,N,7,WE,2097,2270,-173,77.0,210
maltsev01w,8,CON,0,G,0,1,0,26,7,482,147,66,39,20,2,26,39,5.653846153846154,2.5384615384615383,1.5,0.7692307692307693,0.07692307692307693,18.53846153846154,1.0,53,140,0.37857142857142856,9,12,0.75,32,77,0.4155844155844156,0.3553526970954357,0.505919603524229,1.5,6.076923076923077,0.2692307692307692,1,3,0,4,1,0.0,18,16,0.5294117647058824,Y,3,EA,2675,2593,82,71.0,165
mannish01w,1,MIA,0,F-C,0,1,0,24,9,403,103,100,17,23,4,39,59,4.291666666666667,4.166666666666667,0.7083333333333334,0.9583333333333334,0.16666666666666666,16.791666666666668,1.625,44,92,0.4782608695652174,14,26,0.5384615384615384,1,2,0.5,0.35344913151364765,0.49787316318638825,0.4358974358974359,6.166666666666667,0.375,0,0,0,0,0,0.0,13,19,0.40625,N,6,EA,1831,2001,-170,75.0,186
mannkr01w,6,MIN,0,F,0,1,0,24,0,185,71,35,11,8,1,7,16,2.9583333333333335,1.4583333333333333,0.4583333333333333,0.3333333333333333,0.041666666666666664,7.708333333333333,0.2916666666666667,30,60,0.5,11,16,0.6875,0,9,0.0,0.4002162162162162,0.5295346062052505,1.5714285714285714,3.5,0.0,0,0,0,0,0,0.0,14,20,0.4117647058823529,N,6,WE,2211,2288,-77,73.0,185
mapprh01w,1,CHA,0,C,0,1,0,30,30,856,357,205,64,30,24,59,112,11.9,6.833333333333333,2.1333333333333333,1.0,0.8,28.533333333333335,1.9666666666666666,138,300,0.46,73,88,0.8295454545454546,8,22,0.36363636363636365,0.4646261682242991,0.5269839395370808,1.0847457627118644,14.8,1.0,0,0,0,0,0,0.0,8,24,0.25,N,8,EA,2186,2429,-243,74.0,190
marcimi01w,1,POR,0,G,0,1,0,32,0,537,177,59,73,37,6,67,79,5.53125,1.84375,2.28125,1.15625,0.1875,16.78125,2.09375,58,154,0.37662337662337664,43,75,0.5733333333333334,18,54,0.3333333333333333,0.4729981378026071,0.4732620320855615,1.0895522388059702,4.90625,0.0,0,0,0,0,0,0.0,10,22,0.3125,N,7,WE,2155,2303,-148,70.0,154
martima01w,1,MIN,0,F,0,1,0,30,13,456,132,67,21,17,13,29,81,4.4,2.2333333333333334,0.7,0.5666666666666667,0.43333333333333335,15.2,0.9666666666666667,54,118,0.4576271186440678,19,32,0.59375,5,19,0.2631578947368421,0.35324561403508775,0.49969715324046027,0.7241379310344828,4.8,0.43333333333333335,0,0,0,0,0,0.0,15,17,0.46875,N,6,WE,2193,2188,5,76.0,172
martinu01w,6,MIN,0,G,0,1,0,1,0,2,0,0,0,0,0,0,0,0.0,0.0,0.0,0.0,0.0,2.0,0.0,0,1,0.0,0,0,0.0,0,1,0.0,0.5,0.0,0.0,-1.0,0.0,0,0,0,0,0,0.0,14,20,0.4117647058823529,N,6,WE,2211,2288,-77,69.0,167
mascira01w,5,LAS,0,F,0,1,0,17,0,116,28,5,8,1,0,5,23,1.6470588235294117,0.29411764705882354,0.47058823529411764,0.058823529411764705,0.0,6.823529411764706,0.29411764705882354,10,25,0.4,4,10,0.4,4,11,0.36363636363636365,0.296551724137931,0.4761904761904762,1.6,0.9411764705882353,0.0,1,1,0,0,0,0.0,25,9,0.7352941176470589,Y,1,WE,2495,2361,134,72.0,169
matteca01w,6,CHA,0,G,0,1,0,10,0,56,9,3,6,1,0,2,4,0.9,0.3,0.6,0.1,0.0,5.6,0.2,3,13,0.23076923076923078,2,2,1.0,1,7,0.14285714285714285,0.2835714285714286,0.324207492795389,3.0,0.7,0.0,0,0,0,0,0,0.0,6,28,0.17647058823529413,N,6,EA,2095,2335,-240,69.0,167
maxwemo01w,1,IND,0,F,0,1,0,32,32,1029,332,160,63,49,16,64,92,10.375,5.0,1.96875,1.53125,0.5,32.15625,2.0,110,285,0.38596491228070173,50,58,0.8620689655172413,62,156,0.3974358974358974,0.36396501457725944,0.5345871441453047,0.984375,11.65625,1.0,0,0,0,0,0,0.0,9,23,0.28125,N,7,EA,2213,2290,-77,69.0,162
mazzake01w,5,CHA,0,G,0,1,0,34,0,339,79,33,9,7,2,20,22,2.323529411764706,0.9705882352941176,0.2647058823529412,0.20588235294117646,0.058823529411764705,9.970588235294118,0.5882352941176471,31,92,0.33695652173913043,4,6,0.6666666666666666,13,52,0.25,0.33817109144542773,0.4173710904480135,0.45,1.3823529411764706,0.0,0,0,0,0,0,0.0,16,18,0.47058823529411764,N,5,EA,2092,2168,-76,72.0,155
mccaibr01w,3,CLE,0,G,0,1,0,31,2,392,83,26,41,11,3,34,29,2.6774193548387095,0.8387096774193549,1.3225806451612903,0.3548387096774194,0.0967741935483871,12.64516129032258,1.096774193548387,25,86,0.29069767441860467,12,16,0.75,21,58,0.3620689655172414,0.3240816326530612,0.44604471195184864,1.2058823529411764,2.096774193548387,0.06451612903225806,0,0,0,0,0,0.0,10,22,0.3125,N,7,EA,2071,2140,-69,63.0,135
mccaiti01w,1,ORL,0,G-F,0,1,0,25,0,214,51,11,5,3,1,9,18,2.04,0.44,0.2,0.12,0.04,8.56,0.36,15,49,0.30612244897959184,16,18,0.8888888888888888,5,22,0.22727272727272727,0.3080373831775701,0.4479971890372452,0.5555555555555556,1.04,0.0,1,2,6,1,1,3.0,16,16,0.5,Y,3,EA,2208,2233,-25,70.0,167
mccanra01w,10,MIN,0,F,0,1,0,34,1,482,145,68,26,15,10,36,74,4.264705882352941,2.0,0.7647058823529411,0.4411764705882353,0.29411764705882354,14.176470588235293,1.0588235294117647,56,150,0.37333333333333335,22,39,0.5641025641025641,11,38,0.2894736842105263,0.4214937759336099,0.4337162000478583,0.7222222222222222,3.4411764705882355,0.029411764705882353,0,0,0,0,0,0.0,14,20,0.4117647058823529,N,5,WE,2731,2827,-96,73.0,161
mccarja01w,6,CHA,0,C,0,1,0,28,3,311,50,76,11,12,7,22,39,1.7857142857142858,2.7142857142857144,0.39285714285714285,0.42857142857142855,0.25,11.107142857142858,0.7857142857142857,17,50,0.34,16,25,0.64,0,0,0.0,0.26688102893890675,0.4098360655737705,0.5,3.2857142857142856,0.10714285714285714,0,0,0,0,0,0.0,6,28,0.17647058823529413,N,6,EA,2095,2335,-240,74.0,205
mccarst01w,1,IND,0,G-F,0,1,0,32,12,635,230,60,57,31,6,47,49,7.1875,1.875,1.78125,0.96875,0.1875,19.84375,1.46875,66,166,0.39759036144578314,71,86,0.8255813953488372,27,70,0.38571428571428573,0.3950236220472441,0.5641679748822606,1.2127659574468086,6.9375,0.375,0,0,0,0,0,0.0,9,23,0.28125,N,7,EA,2213,2290,-77,69.0,155
mcconsu01w,1,CLE,0,G,0,1,0,32,32,705,173,50,119,15,1,69,30,5.40625,1.5625,3.71875,0.46875,0.03125,22.03125,2.15625,58,140,0.4142857142857143,19,25,0.76,38,97,0.3917525773195876,0.3120567375886525,0.5728476821192053,1.7246376811594204,6.28125,1.0,1,6,39,14,25,6.5,17,15,0.53125,Y,2,EA,2185,2122,63,65.0,125
mccouan01w,10,ATL,0,F,1,1,0,34,10,735,435,105,71,74,12,72,92,12.794117647058824,3.088235294117647,2.088235294117647,2.176470588235294,0.35294117647058826,21.61764705882353,2.1176470588235294,160,336,0.47619047619047616,100,135,0.7407407407407407,15,51,0.29411764705882354,0.6359183673469387,0.5500758725341427,0.9861111111111112,12.176470588235293,0.29411764705882354,1,2,38,11,6,19.0,18,16,0.5294117647058824,Y,2,EA,2861,2797,64,73.0,160
mccrani01w,1,WAS,0,G,0,1,0,32,32,1046,497,56,85,45,5,89,79,15.53125,1.75,2.65625,1.40625,0.15625,32.6875,2.78125,167,385,0.43376623376623374,113,147,0.7687074829931972,50,151,0.33112582781456956,0.5149904397705546,0.5526151930261519,0.9550561797752809,10.84375,1.0,1,2,15,6,13,7.5,14,18,0.4375,Y,4,EA,2176,2221,-45,71.0,158
mccrini01w,1,LAS,0,G,0,1,0,32,0,488,101,32,65,29,8,48,41,3.15625,1.0,2.03125,0.90625,0.25,15.25,1.5,39,77,0.5064935064935064,7,14,0.5,16,33,0.48484848484848486,0.26877049180327867,0.6072631072631073,1.3541666666666667,4.4375,0.0,1,4,10,7,10,2.5,28,4,0.875,Y,1,WE,2417,2169,248,68.0,125
mcculda01w,1,IND,0,F-C,0,1,0,29,2,456,175,82,19,16,22,37,63,6.0344827586206895,2.8275862068965516,0.6551724137931034,0.5517241379310345,0.7586206896551724,15.724137931034482,1.2758620689655173,63,153,0.4117647058823529,46,63,0.7301587301587301,3,17,0.17647058823529413,0.4774561403508772,0.48417441345728196,0.5135135135135135,5.862068965517241,0.06896551724137931,0,0,0,0,0,0.0,9,23,0.28125,N,7,EA,2213,2290,-77,75.0,180
mcgheca01w,1,ORL,0,F-C,0,1,0,32,0,408,87,64,23,21,5,31,58,2.71875,2.0,0.71875,0.65625,0.15625,12.75,0.96875,30,83,0.3614457831325301,27,39,0.6923076923076923,0,3,0.0,0.3214705882352941,0.4343051118210863,0.7419354838709677,3.25,0.0,1,3,5,5,1,1.6666666666666667,16,16,0.5,Y,3,EA,2208,2233,-25,73.0,179
mckivte01w,4,CHA,0,C-F,0,1,0,31,1,341,105,91,6,14,24,27,58,3.3870967741935485,2.935483870967742,0.1935483870967742,0.45161290322580644,0.7741935483870968,11.0,0.8709677419354839,41,78,0.5256410256410257,23,31,0.7419354838709677,0,1,0.0,0.34791788856304984,0.5728939327804452,0.2222222222222222,5.419354838709677,0.03225806451612903,1,2,0,2,0,0.0,18,16,0.5294117647058824,Y,2,EA,2217,2195,22,75.0,220
mcwilta01w,1,ORL,0,F-C,0,1,0,32,32,1098,438,244,54,59,31,83,86,13.6875,7.625,1.6875,1.84375,0.96875,34.3125,2.59375,173,330,0.5242424242424243,87,122,0.7131147540983607,5,17,0.29411764705882354,0.4250273224043716,0.5707881567973311,0.6506024096385542,17.21875,1.0,1,3,43,23,5,14.333333333333334,16,16,0.5,Y,3,EA,2208,2233,-25,74.0,188
melvich01w,1,CLE,0,C-F,0,1,0,32,32,904,373,172,61,29,18,62,113,11.65625,5.375,1.90625,0.90625,0.5625,28.25,1.9375,136,289,0.47058823529411764,100,137,0.7299270072992701,1,7,0.14285714285714285,0.4549557522123894,0.5339555657352268,0.9838709677419355,12.53125,1.0,1,6,53,40,11,8.833333333333334,17,15,0.53125,Y,2,EA,2185,2122,63,75.0,185
mendigi01w,5,SAC,0,G,0,1,0,6,0,39,10,5,3,0,0,3,2,1.6666666666666667,0.8333333333333334,0.5,0.0,0.0,6.5,0.5,4,8,0.5,0,0,0.0,2,5,0.4,0.28205128205128205,0.625,1.0,1.8333333333333333,0.0,0,0,0,0,0,0.0,18,16,0.5294117647058824,Y,4,WE,2312,2241,71,71.0,174
miaomi01w,6,SAC,0,G,0,1,0,18,0,135,31,4,13,5,1,15,13,1.7222222222222223,0.2222222222222222,0.7222222222222222,0.2777777777777778,0.05555555555555555,7.5,0.8333333333333334,9,30,0.3,7,7,1.0,6,20,0.3,0.35614814814814816,0.4685610640870617,0.8666666666666667,1.0,0.0,0,0,0,0,0,0.0,25,9,0.7352941176470589,Y,1,WE,2329,2093,236,71.0,153
millebr01w,10,DET,0,C,0,1,0,1,0,8,0,0,0,1,0,0,1,0.0,0.0,0.0,1.0,0.0,8.0,0.0,0,1,0.0,0,0,0.0,0,0,0.0,0.125,0.0,0.0,0.0,0.0,0,0,0,0,0,0.0,18,16,0.5294117647058824,Y,3,EA,2652,2644,8,76.0,0
milleco01w,2,WAS,0,G,0,1,0,20,0,137,34,9,8,6,0,13,10,1.7,0.45,0.4,0.3,0.0,6.85,0.65,13,40,0.325,6,11,0.5454545454545454,2,6,0.3333333333333333,0.42218978102189786,0.3791257805530776,0.6153846153846154,0.6,0.0,0,0,0,0,0,0.0,10,22,0.3125,N,8,EA,1928,2075,-147,69.0,140
milleke01w,2,CHA,0,G,0,1,0,26,0,225,55,28,14,9,0,9,14,2.1153846153846154,1.0769230769230769,0.5384615384615384,0.34615384615384615,0.0,8.653846153846153,0.34615384615384615,22,57,0.38596491228070173,4,5,0.8,7,19,0.3684210526315789,0.3031111111111111,0.46452702702702703,1.5555555555555556,2.3461538461538463,0.0,1,2,0,0,0,0.0,18,14,0.5625,Y,4,EA,2055,2009,46,70.0,140
millsta01w,1,WAS,0,C,0,1,0,31,0,295,130,80,9,10,8,37,71,4.193548387096774,2.5806451612903225,0.2903225806451613,0.3225806451612903,0.25806451612903225,9.516129032258064,1.1935483870967742,46,105,0.4380952380952381,38,51,0.7450980392156863,0,0,0.0,0.5574237288135593,0.5100439422473321,0.24324324324324326,4.129032258064516,0.0,1,2,11,3,0,5.5,14,18,0.4375,Y,4,EA,2176,2221,-45,75.0,232
miltode01w,1,LAS,0,F,0,1,0,32,32,983,378,194,68,44,29,67,124,11.8125,6.0625,2.125,1.375,0.90625,30.71875,2.09375,150,293,0.5119453924914675,76,102,0.7450980392156863,2,8,0.25,0.41188199389623603,0.5593701906002131,1.0149253731343284,14.90625,1.0,1,4,50,22,12,12.5,28,4,0.875,Y,1,WE,2417,2169,248,73.0,185
mitchle01w,9,NYL,0,G,0,1,0,34,5,518,131,57,97,17,3,39,43,3.8529411764705883,1.6764705882352942,2.8529411764705883,0.5,0.08823529411764706,15.235294117647058,1.1470588235294117,39,105,0.37142857142857144,34,42,0.8095238095238095,19,47,0.40425531914893614,0.3136679536679537,0.5304502753482345,2.4871794871794872,5.647058823529412,0.14705882352941177,1,6,29,2,8,4.833333333333333,19,15,0.5588235294117647,Y,3,EA,2573,2538,35,65.0,130
moeggli01w,7,CHI,0,F,0,1,0,27,1,277,58,46,17,10,6,15,14,2.1481481481481484,1.7037037037037037,0.6296296296296297,0.37037037037037035,0.2222222222222222,10.25925925925926,0.5555555555555556,20,63,0.31746031746031744,14,30,0.4666666666666667,4,12,0.3333333333333333,0.3292418772563177,0.3805774278215223,1.1333333333333333,2.3333333333333335,0.037037037037037035,0,0,0,0,0,0.0,5,29,0.14705882352941177,N,7,EA,2322,2687,-365,73.0,195
moisead01w,2,PHO,0,G,0,1,0,7,0,123,41,16,17,6,0,16,11,5.857142857142857,2.2857142857142856,2.4285714285714284,0.8571428571428571,0.0,17.571428571428573,2.2857142857142856,14,36,0.3888888888888889,9,12,0.75,4,12,0.3333333333333333,0.4656910569105691,0.49660852713178294,1.0625,5.571428571428571,0.0,0,0,0,0,0,0.0,13,19,0.40625,N,5,WE,2064,2169,-105,66.0,140
montaan01w,10,MIN,0,F,0,1,0,16,1,169,35,26,19,9,0,12,17,2.1875,1.625,1.1875,0.5625,0.0,10.5625,0.75,14,36,0.3888888888888889,2,2,1.0,5,15,0.3333333333333333,0.28923076923076924,0.47451193058568325,1.5833333333333333,3.4375,0.0625,0,0,0,0,0,0.0,14,20,0.4117647058823529,N,5,WE,2731,2827,-96,73.0,190
montgre01w,10,MIN,0,G,0,1,0,34,9,764,306,66,72,25,9,66,37,9.0,1.9411764705882353,2.1176470588235294,0.7352941176470589,0.2647058823529412,22.470588235294116,1.9411764705882353,102,250,0.408,60,72,0.8333333333333334,42,121,0.34710743801652894,0.45507853403141363,0.5431695541039477,1.0909090909090908,7.411764705882353,0.2647058823529412,0,0,0,0,0,0.0,14,20,0.4117647058823529,N,5,WE,2731,2827,-96,67.0,139
mooreja01w,3,IND,0,C,0,1,0,18,2,128,42,29,3,5,1,14,16,2.3333333333333335,1.6111111111111112,0.16666666666666666,0.2777777777777778,0.05555555555555555,7.111111111111111,0.7777777777777778,16,38,0.42105263157894735,10,14,0.7142857142857143,0,1,0.0,0.454375,0.4755434782608696,0.21428571428571427,2.2222222222222223,0.1111111111111111,1,2,0,1,0,0.0,16,16,0.5,Y,4,EA,2097,2129,-32,73.0,207
mooreje01w,6,CHA,1,F-C,0,1,0,6,0,49,3,5,2,0,0,4,9,0.5,0.8333333333333334,0.3333333333333333,0.0,0.0,8.166666666666666,0.6666666666666666,1,3,0.3333333333333333,1,2,0.5,0,0,0.0,0.16081632653061223,0.3865979381443299,0.5,0.5,0.0,0,0,0,0,0,0.0,6,28,0.17647058823529413,N,6,EA,2095,2335,-240,75.0,175
moorelo01w,6,NYL,0,G,0,1,0,24,0,182,22,27,19,10,0,25,12,0.9166666666666666,1.125,0.7916666666666666,0.4166666666666667,0.0,7.583333333333333,1.0416666666666667,9,23,0.391304347826087,4,9,0.4444444444444444,0,2,0.0,0.2854945054945055,0.40801186943620177,0.76,1.4166666666666667,0.0,1,1,0,0,0,0.0,18,16,0.5294117647058824,Y,3,EA,2316,2285,31,69.0,165
moorena01w,8,MIN,0,G,0,1,0,19,0,87,21,15,4,3,0,7,21,1.105263157894737,0.7894736842105263,0.21052631578947367,0.15789473684210525,0.0,4.578947368421052,0.3684210526315789,7,26,0.2692307692307692,6,8,0.75,1,8,0.125,0.4197701149425287,0.3556910569105691,0.5714285714285714,0.7894736842105263,0.0,0,0,0,0,0,0.0,10,24,0.29411764705882354,N,6,WE,2636,2752,-116,70.0,145
mooreta01w,3,MIA,1,G-F,0,1,0,5,3,83,28,7,10,7,0,11,16,5.6,1.4,2.0,1.4,0.0,16.6,2.2,8,25,0.32,10,10,1.0,2,9,0.2222222222222222,0.4867469879518072,0.4761904761904762,0.9090909090909091,4.8,0.6,0,0,0,0,0,0.0,15,17,0.46875,N,6,EA,2046,2088,-42,71.0,167
moosca01w,3,MIA,0,F-C,0,1,0,2,0,6,0,0,0,0,1,0,2,0.0,0.0,0.0,0.0,0.5,3.0,0.0,0,1,0.0,0,0,0.0,0,0,0.0,0.16666666666666666,0.0,0.0,0.0,0.0,0,0,0,0,0,0.0,15,17,0.46875,N,6,EA,2046,2088,-42,78.0,182
mosbybe01w,8,WAS,0,F,0,1,0,28,0,279,83,78,10,8,6,19,22,2.9642857142857144,2.7857142857142856,0.35714285714285715,0.2857142857142857,0.21428571428571427,9.964285714285714,0.6785714285714286,30,62,0.4838709677419355,23,28,0.8214285714285714,0,1,0.0,0.33448028673835123,0.5583961248654468,0.5263157894736842,4.607142857142857,0.0,0,0,0,0,0,0.0,16,18,0.47058823529411764,N,5,EA,2585,2639,-54,73.0,172
moweje01w,2,POR,0,C,0,1,0,5,0,17,6,3,0,0,1,2,5,1.2,0.6,0.0,0.0,0.2,3.4,0.4,3,3,1.0,0,0,0.0,0,0,0.0,0.29411764705882354,1.0,0.0,1.6,0.0,0,0,0,0,0,0.0,11,21,0.34375,N,7,WE,2088,2202,-114,77.0,236
mulitna01w,1,UTA,0,C,0,1,0,22,3,291,99,34,6,4,6,30,37,4.5,1.5454545454545454,0.2727272727272727,0.18181818181818182,0.2727272727272727,13.227272727272727,1.3636363636363635,41,69,0.5942028985507246,15,20,0.75,2,3,0.6666666666666666,0.370446735395189,0.6362467866323908,0.2,3.909090909090909,0.13636363636363635,0,0,0,0,0,0.0,18,14,0.5625,N,5,WE,2413,2407,6,75.0,207
murphsh01w,8,MIN,0,G,0,1,0,32,0,436,165,104,17,19,8,20,48,5.15625,3.25,0.53125,0.59375,0.25,13.625,0.625,54,145,0.3724137931034483,39,46,0.8478260869565217,18,66,0.2727272727272727,0.42486238532110093,0.49927378358750907,0.85,6.09375,0.0,0,0,0,0,0,0.0,10,24,0.29411764705882354,N,6,WE,2636,2752,-116,71.0,164
nagyan01w,1,WAS,0,G,0,1,0,23,23,694,97,63,118,17,8,55,55,4.217391304347826,2.739130434782609,5.130434782608695,0.7391304347826086,0.34782608695652173,30.17391304347826,2.391304347826087,31,79,0.3924050632911392,21,26,0.8076923076923077,14,39,0.358974358974359,0.20956772334293947,0.5362671384343211,2.1454545454545455,8.478260869565217,1.0,0,0,0,0,0,0.0,14,18,0.4375,Y,4,EA,2176,2221,-45,67.0,147
nanch01w,10,CHI,0,C,0,1,0,26,5,320,97,55,6,8,9,29,38,3.730769230769231,2.1153846153846154,0.23076923076923078,0.3076923076923077,0.34615384615384615,12.307692307692308,1.1153846153846154,46,95,0.4842105263157895,5,8,0.625,0,0,0.0,0.39849999999999997,0.49228583028826634,0.20689655172413793,3.6153846153846154,0.19230769230769232,0,0,0,0,0,0.0,16,18,0.47058823529411764,N,5,EA,2573,2693,-120,78.0,204
ndiayas01w,1,DET,0,F-C,0,1,0,32,32,868,346,187,40,23,22,64,87,10.8125,5.84375,1.25,0.71875,0.6875,27.125,2.0,158,333,0.4744744744744745,29,51,0.5686274509803921,1,6,0.16666666666666666,0.4832258064516129,0.4867206842223723,0.625,11.15625,1.0,0,0,0,0,0,0.0,14,18,0.4375,N,5,EA,2331,2426,-95,75.0,182
ndongem01w,7,LAS,0,C,0,1,0,17,0,111,20,26,3,7,8,6,23,1.1764705882352942,1.5294117647058822,0.17647058823529413,0.4117647058823529,0.47058823529411764,6.529411764705882,0.35294117647058826,7,27,0.25925925925925924,6,13,0.46153846153846156,0,0,0.0,0.3488288288288288,0.3056234718826406,0.5,1.8235294117647058,0.0,0,0,0,0,0,0.0,25,9,0.7352941176470589,Y,1,WE,2575,2476,99,74.0,170
nemcoev01w,1,CLE,0,F,0,1,0,14,14,443,185,41,23,15,8,27,29,13.214285714285714,2.9285714285714284,1.6428571428571428,1.0714285714285714,0.5714285714285714,31.642857142857142,1.9285714285714286,67,164,0.40853658536585363,22,24,0.9166666666666666,29,71,0.4084507042253521,0.45498871331828444,0.529903758020165,0.8518518518518519,10.428571428571429,1.0,0,0,0,0,0,0.0,17,15,0.53125,Y,2,EA,2185,2122,63,74.0,178
nevescl01w,1,DET,0,G,0,1,0,30,20,636,179,35,59,31,1,55,30,5.966666666666667,1.1666666666666667,1.9666666666666666,1.0333333333333334,0.03333333333333333,21.2,1.8333333333333333,63,166,0.3795180722891566,25,30,0.8333333333333334,28,92,0.30434782608695654,0.3682389937106918,0.4994419642857143,1.0727272727272728,4.733333333333333,0.6666666666666666,0,0,0,0,0,0.0,14,18,0.4375,N,5,EA,2331,2426,-95,68.0,136
newtoch01w,6,SAC,0,G,0,1,0,34,34,715,148,66,55,24,9,37,102,4.352941176470588,1.9411764705882353,1.6176470588235294,0.7058823529411765,0.2647058823529412,21.029411764705884,1.088235294117647,60,149,0.40268456375838924,22,36,0.6111111111111112,6,25,0.24,0.2822937062937063,0.4489201650084931,1.4864864864864864,4.764705882352941,1.0,1,8,46,14,8,5.75,25,9,0.7352941176470589,Y,1,WE,2329,2093,236,71.0,154
ngarsch01w,7,NYL,0,C,0,1,0,15,0,92,27,18,5,5,2,8,10,1.8,1.2,0.3333333333333333,0.3333333333333333,0.13333333333333333,6.133333333333334,0.5333333333333333,8,29,0.27586206896551724,11,25,0.44,0,2,0.0,0.5217391304347826,0.3375,0.625,0.9333333333333333,0.0,0,0,0,0,0,0.0,11,23,0.3235294117647059,N,5,EA,2372,2656,-284,75.0,168
ngoyibe01w,3,NYL,0,C,0,1,0,7,0,12,6,5,0,0,2,0,2,0.8571428571428571,0.7142857142857143,0.0,0.0,0.2857142857142857,1.7142857142857142,0.0,3,5,0.6,0,0,0.0,0,0,0.0,0.4166666666666667,0.6,0.0,1.5714285714285714,0.0,1,3,8,3,0,2.6666666666666665,18,14,0.5625,Y,1,EA,2089,2015,74,76.0,195
nieuwma01w,6,LAS,0,C,0,1,0,7,0,16,4,2,0,0,0,2,5,0.5714285714285714,0.2857142857142857,0.0,0.0,0.0,2.2857142857142856,0.2857142857142857,2,3,0.6666666666666666,0,0,0.0,0,0,0.0,0.3125,0.6666666666666666,0.0,0.42857142857142855,0.0,0,0,0,0,0,0.0,17,17,0.5,Y,4,WE,2326,2345,-19,77.0,180
nnamach01w,9,ATL,0,G,0,1,0,12,0,84,16,12,2,5,0,4,11,1.3333333333333333,1.0,0.16666666666666666,0.4166666666666667,0.0,7.0,0.3333333333333333,6,26,0.23076923076923078,2,3,0.6666666666666666,2,11,0.18181818181818182,0.3728571428571429,0.29282576866764276,0.5,0.8333333333333334,0.0,0,0,0,0,0,0.0,4,30,0.11764705882352941,N,7,EA,2534,2879,-345,72.0,156
nolande01w,2,DET,0,G-F,0,1,0,27,0,545,192,53,30,17,6,35,43,7.111111111111111,1.962962962962963,1.1111111111111112,0.6296296296296297,0.2222222222222222,20.185185185185187,1.2962962962962963,64,194,0.32989690721649484,43,53,0.8113207547169812,21,73,0.2876712328767123,0.4629724770642202,0.4417448923246825,0.8571428571428571,4.555555555555555,0.0,0,0,0,0,0,0.0,10,22,0.3125,N,7,EA,2103,2269,-166,69.0,147
nygaava01w,1,POR,0,F,0,1,0,32,28,843,253,121,30,17,5,38,98,7.90625,3.78125,0.9375,0.53125,0.15625,26.34375,1.1875,91,209,0.4354066985645933,41,54,0.7592592592592593,30,90,0.3333333333333333,0.3211862396204033,0.5434782608695652,0.7894736842105263,8.03125,0.875,0,0,0,0,0,0.0,10,22,0.3125,N,7,WE,2155,2303,-148,73.0,166
ogayu01w,9,PHO,0,G,0,1,0,23,0,180,56,17,14,7,0,22,13,2.4347826086956523,0.7391304347826086,0.6086956521739131,0.30434782608695654,0.0,7.826086956521739,0.9565217391304348,20,57,0.3508771929824561,16,17,0.9411764705882353,0,10,0.0,0.48044444444444445,0.43424317617866004,0.6363636363636364,1.4782608695652173,0.0,0,0,0,0,0,0.0,16,18,0.47058823529411764,N,6,WE,3010,3009,1,66.0,140
ohldeni01w,5,MIN,0,F-C,0,1,0,34,34,1018,397,194,60,16,45,74,103,11.676470588235293,5.705882352941177,1.7647058823529411,0.47058823529411764,1.3235294117647058,29.941176470588236,2.176470588235294,136,308,0.44155844155844154,125,177,0.7062146892655368,0,2,0.0,0.45174852652259334,0.514408624442832,0.8108108108108109,12.176470588235293,1.0,1,2,28,10,9,14.0,18,16,0.5294117647058824,Y,3,WE,2165,2190,-25,77.0,190
oneilkr01w,9,SEA,0,G-F,0,1,0,11,0,31,0,3,1,0,0,1,4,0.0,0.2727272727272727,0.09090909090909091,0.0,0.0,2.8181818181818183,0.09090909090909091,0,4,0.0,0,0,0.0,0,2,0.0,0.16129032258064516,0.0,1.0,-0.09090909090909091,0.0,0,0,0,0,0,0.0,22,12,0.6470588235294118,Y,2,WE,2493,2406,87,73.0,158
osipoir01w,7,DET,0,C,0,1,0,2,0,12,2,1,0,0,0,1,1,1.0,0.5,0.0,0.0,0.0,6.0,0.5,0,0,0.0,2,2,1.0,0,0,0.0,0.15666666666666665,1.1363636363636365,0.0,1.0,0.0,1,9,21,9,11,2.3333333333333335,23,11,0.6764705882352942,Y,2,EA,2527,2384,143,77.0,190
owenhe01w,1,WAS,0,F,0,1,0,11,0,60,2,9,2,0,0,3,12,0.18181818181818182,0.8181818181818182,0.18181818181818182,0.0,0.0,5.454545454545454,0.2727272727272727,1,4,0.25,0,0,0.0,0,0,0.0,0.11666666666666667,0.25,0.6666666666666666,0.6363636363636364,0.0,0,0,0,0,0,0.0,14,18,0.4375,Y,4,EA,2176,2221,-45,77.0,212
owenssh01w,1,MIA,0,C,0,1,0,31,16,605,131,97,21,11,26,54,95,4.225806451612903,3.129032258064516,0.6774193548387096,0.3548387096774194,0.8387096774193549,19.516129032258064,1.7419354838709677,51,131,0.3893129770992366,29,54,0.5370370370370371,0,0,0.0,0.3450578512396694,0.4232359782889636,0.3888888888888889,4.096774193548387,0.5161290322580645,0,0,0,0,0,0.0,13,19,0.40625,N,6,EA,1831,2001,-170,74.0,175
pageda01w,9,CON,0,F,0,1,0,3,0,12,6,6,0,0,0,2,3,2.0,2.0,0.0,0.0,0.0,4.0,0.6666666666666666,3,5,0.6,0,0,0.0,0,0,0.0,0.5833333333333334,0.6,0.0,2.6666666666666665,0.0,0,0,0,0,0,0.0,21,13,0.6176470588235294,Y,2,EA,2690,2541,149,74.0,179
pagemu01w,1,WAS,0,F,0,1,0,32,32,1046,314,208,64,23,32,63,103,9.8125,6.5,2.0,0.71875,1.0,32.6875,1.96875,131,222,0.5900900900900901,52,92,0.5652173913043478,0,0,0.0,0.3111663479923518,0.5981408107284364,1.0158730158730158,13.96875,1.0,1,2,11,6,1,5.5,14,18,0.4375,Y,4,EA,2176,2221,-45,74.0,160
paigeyo01w,6,IND,0,G,0,1,0,13,0,78,16,9,13,2,0,6,1,1.2307692307692308,0.6923076923076923,1.0,0.15384615384615385,0.0,6.0,0.46153846153846156,6,22,0.2727272727272727,3,4,0.75,1,5,0.2,0.38153846153846155,0.33670033670033667,2.1666666666666665,1.3076923076923077,0.0,0,0,0,0,0,0.0,21,13,0.6176470588235294,Y,2,EA,2170,2133,37,66.0,147
paliesa01w,7,DET,0,G,0,1,0,11,0,51,12,4,6,1,1,10,9,1.0909090909090908,0.36363636363636365,0.5454545454545454,0.09090909090909091,0.09090909090909091,4.636363636363637,0.9090909090909091,5,25,0.2,0,0,0.0,2,5,0.4,0.6862745098039216,0.24,0.6,-0.5454545454545454,0.0,0,0,0,0,0,0.0,23,11,0.6764705882352942,Y,2,EA,2527,2384,143,67.0,159
palmewe01w,1,DET,0,F,0,1,0,32,30,914,441,219,39,20,10,65,112,13.78125,6.84375,1.21875,0.625,0.3125,28.5625,2.03125,167,373,0.4477211796246649,95,135,0.7037037037037037,12,48,0.25,0.5442013129102844,0.5099444958371878,0.6,13.0625,0.9375,0,0,0,0,0,0.0,14,18,0.4375,N,5,EA,2331,2426,-95,74.0,165
parisco01w,10,SAC,0,C,0,1,0,33,6,442,160,134,22,11,10,20,48,4.848484848484849,4.0606060606060606,0.6666666666666666,0.3333333333333333,0.30303030303030304,13.393939393939394,0.6060606060606061,68,132,0.5151515151515151,24,33,0.7272727272727273,0,1,0.0,0.37674208144796384,0.5460005460005459,1.1,7.393939393939394,0.18181818181818182,0,0,0,0,0,0.0,12,22,0.35294117647058826,N,6,WE,2610,2690,-80,76.0,250
parkeca01w,9,LAS,0,F,1,1,0,33,33,1109,610,313,113,42,75,93,91,18.484848484848484,9.484848484848484,3.4242424242424243,1.2727272727272727,2.272727272727273,33.60606060606061,2.8181818181818183,231,442,0.5226244343891403,137,187,0.732620320855615,11,26,0.4230769230769231,0.556609558160505,0.5817502098115511,1.2150537634408602,24.21212121212121,1.0,1,6,90,59,23,15.0,20,14,0.5882352941176471,Y,3,WE,2598,2523,75,76.0,175
pascafl01w,9,SEA,0,C,0,1,0,3,0,9,0,1,0,0,0,1,1,0.0,0.3333333333333333,0.0,0.0,0.0,3.0,0.3333333333333333,0,1,0.0,0,0,0.0,0,0,0.0,0.2222222222222222,0.0,0.0,-0.3333333333333333,0.0,0,0,0,0,0,0.0,22,12,0.6470588235294118,Y,2,WE,2493,2406,87,76.0,187
pavlimi01w,2,UTA,0,F-C,0,1,0,10,0,21,1,6,1,0,2,1,0,0.1,0.6,0.1,0.0,0.2,2.1,0.1,0,2,0.0,1,2,0.5,0,0,0.0,0.18476190476190477,0.1736111111111111,1.0,0.6,0.0,1,1,0,0,0,0.0,19,13,0.59375,Y,3,WE,2207,2192,15,75.0,175
payeka01w,1,MIN,0,G,0,1,0,28,12,408,56,30,38,8,6,28,49,2.0,1.0714285714285714,1.3571428571428572,0.2857142857142857,0.21428571428571427,14.571428571428571,1.0,19,58,0.3275862068965517,6,9,0.6666666666666666,12,41,0.2926829268292683,0.2204901960784314,0.45190445448676564,1.3571428571428572,2.4285714285714284,0.42857142857142855,0,0,0,0,0,0.0,15,17,0.46875,N,6,WE,2193,2188,5,68.0,150
penicti01w,1,SAC,0,G,0,1,0,30,30,936,208,89,236,70,6,71,71,6.933333333333334,2.966666666666667,7.866666666666666,2.3333333333333335,0.2,31.2,2.3666666666666667,68,185,0.3675675675675676,62,107,0.5794392523364486,10,50,0.2,0.3238034188034188,0.448121337469838,3.323943661971831,12.533333333333333,1.0,1,2,16,7,14,8.0,21,11,0.65625,Y,3,WE,2343,2176,167,71.0,145
pennjo01w,4,WAS,0,F,0,1,0,30,0,288,86,52,16,15,1,20,28,2.8666666666666667,1.7333333333333334,0.5333333333333333,0.5,0.03333333333333333,9.6,0.6666666666666666,31,78,0.3974358974358974,22,33,0.6666666666666666,2,13,0.15384615384615385,0.39069444444444446,0.46476437527021186,0.8,3.066666666666667,0.0,0,0,0,0,0,0.0,9,25,0.2647058823529412,N,7,EA,2330,2498,-168,72.0,160
perkiji01w,5,CHA,0,G,0,1,0,4,0,17,3,3,1,3,0,1,2,0.75,0.75,0.25,0.75,0.0,4.25,0.25,0,5,0.0,3,4,0.75,0,0,0.0,0.45647058823529413,0.22189349112426035,1.0,0.75,0.0,0,0,0,0,0,0.0,16,18,0.47058823529411764,N,5,EA,2092,2168,-76,68.0,155
pettibr01w,1,PHO,0,G,0,1,0,32,6,583,189,60,46,31,4,39,62,5.90625,1.875,1.4375,0.96875,0.125,18.21875,1.21875,60,168,0.35714285714285715,49,61,0.8032786885245902,20,75,0.26666666666666666,0.4010977701543739,0.4850133442824882,1.1794871794871795,5.34375,0.1875,1,2,21,5,6,10.5,20,12,0.625,Y,4,WE,2243,2102,141,69.0,150
philler01w,7,CON,0,G,0,1,0,34,13,615,182,73,80,29,2,38,38,5.352941176470588,2.1470588235294117,2.3529411764705883,0.8529411764705882,0.058823529411764705,18.08823529411765,1.1176470588235294,57,145,0.3931034482758621,44,50,0.88,24,70,0.34285714285714286,0.3333333333333333,0.5449101796407185,2.1052631578947367,6.882352941176471,0.38235294117647056,1,5,33,7,7,6.6,26,8,0.7647058823529411,Y,1,EA,2683,2417,266,67.0,162
phillta01w,1,NYL,0,F-C,0,1,0,31,30,978,427,247,28,59,21,85,110,13.774193548387096,7.967741935483871,0.9032258064516129,1.903225806451613,0.6774193548387096,31.548387096774192,2.7419354838709675,170,364,0.46703296703296704,85,130,0.6538461538461539,2,8,0.25,0.5175869120654396,0.5068850902184235,0.32941176470588235,14.774193548387096,0.967741935483871,1,7,114,53,8,16.285714285714285,20,12,0.625,Y,1,EA,2148,2035,113,74.0,200
pierspl01w,4,PHO,0,F-C,0,1,0,33,5,602,198,80,22,19,13,42,87,6.0,2.4242424242424243,0.6666666666666666,0.5757575757575758,0.3939393939393939,18.242424242424242,1.2727272727272727,67,177,0.3785310734463277,64,101,0.6336633663366337,0,2,0.0,0.4376079734219269,0.44707369942196534,0.5238095238095238,4.333333333333333,0.15151515151515152,0,0,0,0,0,0.0,8,26,0.23529411764705882,N,7,WE,2097,2270,-173,74.0,181
pondeca01w,7,PHO,0,G,0,1,0,32,32,1067,624,107,98,37,4,45,84,19.5,3.34375,3.0625,1.15625,0.125,33.34375,1.40625,219,495,0.44242424242424244,139,163,0.852760736196319,47,126,0.373015873015873,0.5733083411433927,0.5505364201016375,2.1777777777777776,16.40625,1.0,0,0,0,0,0,0.0,18,16,0.5294117647058824,N,5,WE,2960,2879,81,69.0,160
potthan01w,1,MIN,0,F,0,1,0,3,0,8,0,2,1,0,0,0,3,0.0,0.6666666666666666,0.3333333333333333,0.0,0.0,2.6666666666666665,0.0,0,2,0.0,0,0,0.0,0,1,0.0,0.25,0.0,1.0,0.3333333333333333,0.0,0,0,0,0,0,0.0,15,17,0.46875,N,6,WE,2193,2188,5,73.0,191
powelel01w,1,ORL,0,G,0,1,0,20,1,347,72,50,42,12,1,30,21,3.6,2.5,2.1,0.6,0.05,17.35,1.5,26,66,0.3939393939393939,17,22,0.7727272727272727,3,9,0.3333333333333333,0.3045533141210375,0.4756871035940803,1.4,5.1,0.05,0,0,0,0,0,0.0,16,16,0.5,Y,3,EA,2208,2233,-25,68.0,150
powelni01w,5,CHA,0,F,0,1,0,31,0,384,132,71,16,15,4,22,37,4.258064516129032,2.2903225806451615,0.5161290322580645,0.4838709677419355,0.12903225806451613,12.387096774193548,0.7096774193548387,50,121,0.4132231404958678,8,10,0.8,24,58,0.41379310344827586,0.38385416666666666,0.5263157894736842,0.7272727272727273,4.612903225806452,0.0,0,0,0,0,0,0.0,16,18,0.47058823529411764,N,5,EA,2092,2168,-76,74.0,175
pricear01w,8,CHI,0,G-F,1,1,0,34,34,893,269,204,99,40,7,59,67,7.911764705882353,6.0,2.911764705882353,1.1764705882352942,0.20588235294117646,26.264705882352942,1.7352941176470589,95,232,0.40948275862068967,78,151,0.5165562913907285,1,3,0.3333333333333333,0.4002687569988802,0.45067685296877097,1.6779661016949152,10.294117647058824,1.0,0,0,0,0,0,0.0,14,20,0.4117647058823529,N,6,EA,2525,2611,-86,69.0,133
pridely01w,1,POR,0,F-G,0,1,0,32,1,462,114,61,40,16,9,33,59,3.5625,1.90625,1.25,0.5,0.28125,14.4375,1.03125,41,118,0.3474576271186441,29,42,0.6904761904761905,3,9,0.3333333333333333,0.3668398268398268,0.4176436107854631,1.2121212121212122,3.65625,0.03125,0,0,0,0,0,0.0,10,22,0.3125,N,7,WE,2155,2303,-148,74.0,180
pringla01w,9,PHO,0,F-C,0,1,0,29,7,377,128,102,9,10,44,27,71,4.413793103448276,3.5172413793103448,0.3103448275862069,0.3448275862068966,1.5172413793103448,13.0,0.9310344827586207,43,96,0.4479166666666667,42,51,0.8235294117647058,0,0,0.0,0.38578249336870024,0.5403579871664979,0.3333333333333333,7.0344827586206895,0.2413793103448276,0,0,0,0,0,0.0,16,18,0.47058823529411764,N,6,WE,3010,3009,1,75.0,162
queenbr01w,7,CON,0,F,0,1,0,4,0,10,2,0,0,0,0,1,0,0.5,0.0,0.0,0.0,0.0,2.5,0.25,0,1,0.0,2,2,1.0,0,0,0.0,0.288,0.5319148936170213,0.0,0.0,0.0,0,0,0,0,0,0.0,26,8,0.7647058823529411,Y,1,EA,2683,2417,266,74.0,185
quiglal01w,9,PHO,0,G,0,1,0,14,0,100,29,11,4,6,1,6,9,2.0714285714285716,0.7857142857142857,0.2857142857142857,0.42857142857142855,0.07142857142857142,7.142857142857143,0.42857142857142855,13,39,0.3333333333333333,1,2,0.5,2,11,0.18181818181818182,0.45880000000000004,0.3635907723169508,0.6666666666666666,1.2857142857142858,0.0,0,0,0,0,0,0.0,16,18,0.47058823529411764,N,6,WE,3010,3009,1,70.0,140
quinnno01w,8,MIN,0,G,0,1,0,34,19,670,96,89,148,29,13,67,40,2.823529411764706,2.6176470588235294,4.352941176470588,0.8529411764705882,0.38235294117647056,19.705882352941178,1.9705882352941178,37,124,0.29838709677419356,15,24,0.625,7,38,0.18421052631578946,0.3008358208955224,0.356718192627824,2.208955223880597,6.235294117647059,0.5588235294117647,0,0,0,0,0,0.0,10,24,0.29411764705882354,N,6,WE,2636,2752,-116,72.0,175
quinnte01w,1,IND,0,F,0,1,0,17,0,118,15,16,15,4,0,10,12,0.8823529411764706,0.9411764705882353,0.8823529411764706,0.23529411764705882,0.0,6.9411764705882355,0.5882352941176471,6,14,0.42857142857142855,3,5,0.6,0,0,0.0,0.22203389830508474,0.46296296296296297,1.5,1.7647058823529411,0.0,0,0,0,0,0,0.0,9,23,0.28125,N,7,EA,2213,2290,-77,76.0,165
radunha01w,2,NYL,0,C,0,1,0,4,0,9,4,4,0,0,1,2,3,1.0,1.0,0.0,0.0,0.25,2.25,0.5,1,2,0.5,2,2,1.0,0,0,0.0,0.5422222222222222,0.6944444444444444,0.0,1.5,0.0,0,0,0,0,0,0.0,21,11,0.65625,Y,2,EA,2162,2082,80,75.0,187
raglafe01w,3,SEA,0,G,0,1,0,31,3,432,141,48,23,27,1,29,44,4.548387096774194,1.5483870967741935,0.7419354838709677,0.8709677419354839,0.03225806451612903,13.935483870967742,0.9354838709677419,48,125,0.384,23,28,0.8214285714285714,22,55,0.4,0.385,0.5133993591610836,0.7931034482758621,4.161290322580645,0.0967741935483871,1,2,7,6,1,3.5,17,15,0.53125,Y,4,WE,2188,2103,85,67.0,133
randase01w,2,SEA,0,G,0,1,0,32,30,884,300,105,44,29,4,73,45,9.375,3.28125,1.375,0.90625,0.125,27.625,2.28125,117,315,0.37142857142857144,66,100,0.66,0,4,0.0,0.48868778280542985,0.4178272980501393,0.6027397260273972,5.53125,0.9375,0,0,0,0,0,0.0,10,22,0.3125,N,8,WE,1921,2048,-127,69.0,164
rasmukr01w,1,MIA,2,F,0,1,0,25,7,454,126,96,27,24,14,29,47,5.04,3.84,1.08,0.96,0.56,18.16,1.16,35,100,0.35,54,64,0.84375,2,7,0.2857142857142857,0.34616740088105724,0.4915730337078652,0.9310344827586207,7.32,0.28,0,0,0,0,0,0.0,13,19,0.40625,N,6,EA,1831,2001,-170,76.0,174
raymost01w,8,CHI,0,G,0,1,0,20,0,180,61,14,27,4,0,18,11,3.05,0.7,1.35,0.2,0.0,9.0,0.9,20,61,0.32786885245901637,7,13,0.5384615384615384,14,44,0.3181818181818182,0.4706666666666667,0.45713429256594723,1.5,2.05,0.0,0,0,0,0,0,0.0,14,20,0.4117647058823529,N,6,EA,2525,2611,-86,65.0,139
reddja01w,1,SEA,0,F,0,1,0,26,8,387,140,45,16,19,1,35,53,5.384615384615385,1.7307692307692308,0.6153846153846154,0.7307692307692307,0.038461538461538464,14.884615384615385,1.3461538461538463,49,125,0.392,24,34,0.7058823529411765,18,52,0.34615384615384615,0.45209302325581396,0.5001428979708488,0.45714285714285713,3.8461538461538463,0.3076923076923077,0,0,0,0,0,0.0,6,26,0.1875,N,8,WE,1822,2171,-349,73.0,164
reedbr01w,1,PHO,0,F,0,1,0,32,30,1090,608,187,86,66,21,90,52,19.0,5.84375,2.6875,2.0625,0.65625,34.0625,2.8125,231,456,0.506578947368421,128,142,0.9014084507042254,18,43,0.4186046511627907,0.5582385321100918,0.5863292701743558,0.9555555555555556,19.96875,0.9375,1,2,28,7,8,14.0,20,12,0.625,Y,4,WE,2243,2102,141,73.0,168
reidtr01w,1,CHA,0,F,0,1,0,29,17,620,211,100,29,14,9,51,47,7.275862068965517,3.4482758620689653,1.0,0.4827586206896552,0.3103448275862069,21.379310344827587,1.7586206896551724,86,180,0.4777777777777778,39,72,0.5416666666666666,0,2,0.0,0.4236774193548387,0.49839380196523053,0.5686274509803921,6.379310344827586,0.5862068965517241,0,0,0,0,0,0.0,8,24,0.25,N,8,EA,2186,2429,-243,71.0,150
rileyru01w,2,MIA,0,C,0,1,0,32,20,799,218,130,26,25,46,63,107,6.8125,4.0625,0.8125,0.78125,1.4375,24.96875,1.96875,77,162,0.47530864197530864,64,83,0.7710843373493976,0,0,0.0,0.3273091364205256,0.5490630666935321,0.4126984126984127,8.6875,0.625,1,3,24,16,3,8.0,20,12,0.625,Y,3,EA,1957,1898,59,77.0,198
rizzoje01w,1,HOU,0,G,0,1,0,32,2,437,60,36,44,15,2,26,38,1.875,1.125,1.375,0.46875,0.0625,13.65625,0.8125,21,55,0.38181818181818183,6,9,0.6666666666666666,12,39,0.3076923076923077,0.19441647597254005,0.508819538670285,1.6923076923076923,2.9375,0.0625,1,1,0,0,0,0.0,27,5,0.84375,Y,2,WE,2475,2066,409,66.0,146
robinas01w,5,PHO,0,C,0,1,0,19,0,130,17,13,2,8,10,4,22,0.8947368421052632,0.6842105263157895,0.10526315789473684,0.42105263157894735,0.5263157894736842,6.842105263157895,0.21052631578947367,7,14,0.5,3,7,0.42857142857142855,0,1,0.0,0.16215384615384615,0.4976580796252928,0.5,1.8421052631578947,0.0,0,0,0,0,0,0.0,17,17,0.5,N,5,WE,2300,2235,65,76.0,180
robincr01w,1,NYL,0,F-G,0,1,0,27,14,722,238,68,48,23,10,33,74,8.814814814814815,2.5185185185185186,1.7777777777777777,0.8518518518518519,0.37037037037037035,26.74074074074074,1.2222222222222223,86,201,0.42786069651741293,30,33,0.9090909090909091,36,102,0.35294117647058826,0.34421052631578947,0.5521529324424647,1.4545454545454546,8.74074074074074,0.5185185185185185,1,7,46,20,5,6.571428571428571,20,12,0.625,Y,1,EA,2148,2035,113,71.0,155
robinre01w,1,WAS,0,G,0,1,0,2,0,5,4,0,0,1,0,1,3,2.0,0.0,0.0,0.5,0.0,2.5,0.5,0,1,0.0,4,4,1.0,0,1,0.0,0.752,0.7246376811594204,0.0,1.5,0.0,0,0,0,0,0,0.0,14,18,0.4375,Y,4,EA,2176,2221,-45,71.0,166
rolanja01w,1,ORL,0,G-F,0,1,0,21,0,173,33,17,8,6,0,19,16,1.5714285714285714,0.8095238095238095,0.38095238095238093,0.2857142857142857,0.0,8.238095238095237,0.9047619047619048,13,37,0.35135135135135137,4,8,0.5,3,10,0.3,0.34404624277456647,0.4072063178677196,0.42105263157894735,0.8095238095238095,0.0,1,3,2,4,1,0.6666666666666666,16,16,0.5,Y,3,EA,2208,2233,-25,73.0,167
rossad01w,9,SAS,0,G,0,1,0,4,0,7,2,1,0,0,0,0,2,0.5,0.25,0.0,0.0,0.0,1.75,0.0,0,2,0.0,2,2,1.0,0,0,0.0,0.4114285714285714,0.3472222222222222,0.0,0.25,0.0,1,2,0,0,1,0.0,24,10,0.7058823529411765,Y,1,WE,2546,2418,128,68.0,142
rushle01w,9,CHI,0,F,0,1,0,2,0,12,3,0,0,0,0,2,4,1.5,0.0,0.0,0.0,0.0,6.0,1.0,0,2,0.0,3,4,0.75,0,1,0.0,0.48,0.398936170212766,0.0,-1.0,0.0,0,0,0,0,0,0.0,12,22,0.35294117647058826,N,5,EA,2472,2510,-38,73.0,175
salesny01w,1,ORL,0,G-F,0,1,0,32,32,995,430,139,69,47,12,67,92,13.4375,4.34375,2.15625,1.46875,0.375,31.09375,2.09375,170,383,0.44386422976501305,43,62,0.6935483870967742,47,119,0.3949579831932773,0.47967839195979894,0.524032368138832,1.0298507462686568,12.4375,1.0,1,3,33,9,4,11.0,16,16,0.5,Y,3,EA,2208,2233,-25,72.0,184
sampsch01w,1,SEA,0,G,0,1,0,21,6,280,76,40,11,18,6,14,37,3.619047619047619,1.9047619047619047,0.5238095238095238,0.8571428571428571,0.2857142857142857,13.333333333333334,0.6666666666666666,21,46,0.45652173913043476,25,28,0.8928571428571429,9,23,0.391304347826087,0.2582857142857143,0.6515775034293553,0.7857142857142857,5.190476190476191,0.2857142857142857,0,0,0,0,0,0.0,6,26,0.1875,N,8,WE,1822,2171,-349,71.0,175
samsh01w,1,MIA,0,F-G,0,1,0,31,27,904,396,132,66,35,5,74,67,12.774193548387096,4.258064516129032,2.129032258064516,1.1290322580645162,0.16129032258064516,29.161290322580644,2.3870967741935485,147,380,0.3868421052631579,67,100,0.67,35,120,0.2916666666666667,0.5508849557522124,0.4669811320754717,0.8918918918918919,9.483870967741936,0.8709677419354839,0,0,0,0,0,0.0,13,19,0.40625,N,6,EA,1831,2001,-170,72.0,160
sanchis01w,5,DET,0,G,0,1,0,10,0,62,22,5,3,2,0,11,6,2.2,0.5,0.3,0.2,0.0,6.2,1.1,6,14,0.42857142857142855,8,11,0.7272727272727273,2,5,0.4,0.48129032258064514,0.583864118895966,0.2727272727272727,1.0,0.0,0,0,0,0,0,0.0,17,17,0.5,Y,3,EA,2366,2381,-15,70.0,152
sandeam01w,8,DET,0,G,0,1,0,6,0,9,2,2,0,0,0,2,3,0.3333333333333333,0.3333333333333333,0.0,0.0,0.0,1.5,0.3333333333333333,0,2,0.0,2,4,0.5,0,0,0.0,0.64,0.26595744680851063,0.0,-0.3333333333333333,0.0,0,0,0,0,0,0.0,24,10,0.7058823529411765,Y,1,EA,2697,2540,157,71.0,156
sanfona01w,4,WAS,0,F-C,0,1,0,17,0,134,49,26,1,3,2,14,35,2.8823529411764706,1.5294117647058822,0.058823529411764705,0.17647058823529413,0.11764705882352941,7.882352941176471,0.8235294117647058,20,40,0.5,9,20,0.45,0,0,0.0,0.4686567164179104,0.5020491803278688,0.07142857142857142,2.1176470588235294,0.0,0,0,0,0,0,0.0,9,25,0.2647058823529412,N,7,EA,2330,2498,-168,76.0,200
sanniol01w,9,DET,0,C,0,1,0,31,9,325,106,64,6,11,7,40,59,3.4193548387096775,2.064516129032258,0.1935483870967742,0.3548387096774194,0.22580645161290322,10.483870967741936,1.2903225806451613,41,82,0.5,24,37,0.6486486486486487,0,1,0.0,0.4254769230769231,0.5392755392755393,0.15,3.225806451612903,0.2903225806451613,1,9,16,16,3,1.7777777777777777,22,12,0.6470588235294118,Y,1,EA,2672,2522,150,74.0,0
santoal01w,1,IND,0,C,0,1,0,3,0,11,3,3,0,0,0,2,3,1.0,1.0,0.0,0.0,0.0,3.6666666666666665,0.6666666666666666,1,1,1.0,1,6,0.16666666666666666,0,0,0.0,0.5127272727272728,0.41208791208791207,0.0,-0.3333333333333333,0.0,0,0,0,0,0,0.0,9,23,0.28125,N,7,EA,2213,2290,-77,77.0,181
santoke01w,2,DET,0,F,0,1,0,14,0,153,52,27,5,3,3,12,23,3.7142857142857144,1.9285714285714286,0.35714285714285715,0.21428571428571427,0.21428571428571427,10.928571428571429,0.8571428571428571,20,42,0.47619047619047616,12,18,0.6666666666666666,0,1,0.0,0.4047058823529412,0.5208333333333334,0.4166666666666667,3.5714285714285716,0.0,0,0,0,0,0,0.0,10,22,0.3125,N,7,EA,2103,2269,-166,75.0,188
sarenra01w,1,PHO,0,C,0,1,0,20,0,142,64,30,8,0,1,17,30,3.2,1.5,0.4,0.0,0.05,7.1,0.85,23,44,0.5227272727272727,17,27,0.6296296296296297,1,1,1.0,0.5132394366197183,0.5726556907659269,0.47058823529411764,2.75,0.0,0,0,0,0,0,0.0,20,12,0.625,Y,4,WE,2243,2102,141,78.0,222
sauerpa01w,1,LAS,0,C,0,1,0,12,0,66,20,16,3,2,1,6,10,1.6666666666666667,1.3333333333333333,0.25,0.16666666666666666,0.08333333333333333,5.5,0.5,8,14,0.5714285714285714,4,5,0.8,0,0,0.0,0.33636363636363636,0.617283950617284,0.5,2.4166666666666665,0.0,1,1,0,1,0,0.0,28,4,0.875,Y,1,WE,2417,2169,248,76.0,203
saundja01w,2,PHO,0,F,0,1,0,28,6,253,68,40,7,10,8,14,28,2.4285714285714284,1.4285714285714286,0.25,0.35714285714285715,0.2857142857142857,9.035714285714286,0.5,25,77,0.3246753246753247,17,25,0.68,1,3,0.3333333333333333,0.4031620553359684,0.38636363636363635,0.5,2.107142857142857,0.21428571428571427,0,0,0,0,0,0.0,13,19,0.40625,N,5,WE,2064,2169,-105,71.0,145
saureau01w,2,WAS,0,G,0,1,0,25,3,455,76,42,43,24,4,41,39,3.04,1.68,1.72,0.96,0.16,18.2,1.64,33,111,0.2972972972972973,7,24,0.2916666666666667,3,26,0.11538461538461539,0.35727472527472526,0.31260282987824944,1.048780487804878,2.12,0.12,0,0,0,0,0,0.0,10,22,0.3125,N,8,EA,1928,2075,-147,70.0,163
schumke01w,2,IND,0,C,0,1,0,28,5,380,112,70,10,5,29,21,41,4.0,2.5,0.35714285714285715,0.17857142857142858,1.0357142857142858,13.571428571428571,0.75,46,93,0.4946236559139785,17,20,0.85,3,5,0.6,0.3231578947368421,0.550098231827112,0.47619047619047616,5.535714285714286,0.17857142857142858,0,0,0,0,0,0.0,10,22,0.3125,N,6,EA,2153,2249,-96,77.0,183
schwege01w,2,MIN,0,G-F,0,1,0,24,8,423,87,50,34,11,6,17,34,3.625,2.0833333333333335,1.4166666666666667,0.4583333333333333,0.25,17.625,0.7083333333333334,33,103,0.32038834951456313,13,17,0.7647058823529411,8,43,0.18604651162790697,0.301371158392435,0.3937364228819696,2.0,4.041666666666667,0.3333333333333333,0,0,0,0,0,0.0,12,20,0.375,N,6,WE,2077,2156,-79,72.0,160
scottol01w,1,DET,0,C,0,1,0,28,0,369,100,80,28,12,10,45,83,3.5714285714285716,2.857142857142857,1.0,0.42857142857142855,0.35714285714285715,13.178571428571429,1.6071428571428572,37,89,0.4157303370786517,26,40,0.65,0,2,0.0,0.410840108401084,0.46904315196998125,0.6222222222222222,4.25,0.0,0,0,0,0,0,0.0,14,18,0.4375,N,5,EA,2331,2426,-95,74.0,175
shakiel01w,1,HOU,0,F-C,0,1,0,14,0,150,57,31,4,5,2,7,12,4.071428571428571,2.2142857142857144,0.2857142857142857,0.35714285714285715,0.14285714285714285,10.714285714285714,0.5,13,30,0.43333333333333335,29,33,0.8787878787878788,2,12,0.16666666666666666,0.34346666666666664,0.6401617250673856,0.5714285714285714,5.071428571428571,0.0,0,0,0,0,0,0.0,27,5,0.84375,Y,2,WE,2475,2066,409,75.0,190
sharpkb01w,4,NYL,0,G,0,1,0,30,0,398,94,32,37,14,0,26,15,3.1333333333333333,1.0666666666666667,1.2333333333333334,0.4666666666666667,0.0,13.266666666666667,0.8666666666666667,28,71,0.39436619718309857,31,39,0.7948717948717948,7,24,0.2916666666666667,0.2868341708542714,0.5331215970961888,1.4230769230769231,3.3333333333333335,0.0,0,0,0,0,0,0.0,16,18,0.47058823529411764,N,6,EA,2243,2256,-13,69.0,145
shielas01w,8,HOU,0,G,0,1,0,26,0,304,137,33,20,10,1,44,25,5.269230769230769,1.2692307692307692,0.7692307692307693,0.38461538461538464,0.038461538461538464,11.692307692307692,1.6923076923076923,38,138,0.2753623188405797,54,73,0.7397260273972602,7,18,0.3888888888888889,0.7043421052631579,0.40265694803668,0.45454545454545453,1.4615384615384615,0.0,0,0,0,0,0,0.0,13,21,0.38235294117647056,N,5,WE,2510,2628,-118,70.0,155
slaisma01w,1,DET,0,G,0,1,0,3,0,7,4,1,0,1,0,0,0,1.3333333333333333,0.3333333333333333,0.0,0.3333333333333333,0.0,2.3333333333333335,0.0,0,2,0.0,4,4,1.0,0,1,0.0,0.5371428571428571,0.5319148936170213,0.0,1.3333333333333333,0.0,0,0,0,0,0,0.0,14,18,0.4375,N,5,EA,2331,2426,-95,68.0,173
slauggw01w,5,MIN,0,F,0,1,0,3,0,7,2,1,0,0,1,0,0,0.6666666666666666,0.3333333333333333,0.0,0.0,0.3333333333333333,2.3333333333333335,0.0,0,1,0.0,2,2,1.0,0,0,0.0,0.26857142857142857,0.5319148936170213,0.0,1.0,0.0,0,0,0,0,0,0.0,18,16,0.5294117647058824,Y,3,WE,2165,2190,-25,75.0,181
slavtge01w,4,PHO,0,G,0,1,0,2,0,12,0,0,1,0,0,1,2,0.0,0.0,0.5,0.0,0.0,6.0,0.5,0,2,0.0,0,0,0.0,0,2,0.0,0.25,0.0,1.0,-1.0,0.0,0,0,0,0,0,0.0,8,26,0.23529411764705882,N,7,WE,2097,2270,-173,73.0,160
smithai01w,4,WAS,0,F,0,1,0,31,2,422,104,65,10,11,9,26,44,3.3548387096774195,2.096774193548387,0.3225806451612903,0.3548387096774194,0.2903225806451613,13.612903225806452,0.8387096774193549,41,120,0.3416666666666667,17,34,0.5,5,34,0.14705882352941177,0.3814218009478673,0.3852993479549496,0.38461538461538464,2.4838709677419355,0.06451612903225806,0,0,0,0,0,0.0,9,25,0.2647058823529412,N,7,EA,2330,2498,-168,74.0,173
smithbr01w,9,PHO,0,F-C,0,1,0,10,0,134,41,36,9,2,3,9,29,4.1,3.6,0.9,0.2,0.3,13.4,0.9,16,28,0.5714285714285714,9,13,0.6923076923076923,0,0,0.0,0.3188059701492537,0.6079478054567022,1.0,6.6,0.0,0,0,0,0,0,0.0,16,18,0.47058823529411764,N,6,WE,3010,3009,1,75.0,195
smithch02w,1,CHA,0,F,0,1,0,30,7,659,156,106,55,15,17,48,88,5.2,3.533333333333333,1.8333333333333333,0.5,0.5666666666666667,21.966666666666665,1.6,56,159,0.3522012578616352,20,25,0.8,24,76,0.3157894736842105,0.330804248861912,0.4588235294117647,1.1458333333333333,6.433333333333334,0.23333333333333334,0,0,0,0,0,0.0,8,24,0.25,N,8,EA,2186,2429,-243,70.0,145
smithch03w,1,SEA,0,G,0,1,0,32,3,516,52,47,53,16,3,32,52,1.625,1.46875,1.65625,0.5,0.09375,16.125,1.0,16,56,0.2857142857142857,10,18,0.5555555555555556,10,32,0.3125,0.18589147286821706,0.4067584480600751,1.65625,2.84375,0.09375,0,0,0,0,0,0.0,6,26,0.1875,N,8,WE,1822,2171,-349,72.0,148
smithcr01w,7,PHO,0,G,0,1,0,23,0,197,60,22,22,17,0,18,24,2.608695652173913,0.9565217391304348,0.9565217391304348,0.7391304347826086,0.0,8.565217391304348,0.782608695652174,21,47,0.44680851063829785,11,12,0.9166666666666666,7,19,0.3684210526315789,0.356751269035533,0.5738332058148431,1.2222222222222223,3.3043478260869565,0.0,0,0,0,0,0,0.0,18,16,0.5294117647058824,N,5,WE,2960,2879,81,66.0,121
smithje01w,6,NYL,0,C,0,1,0,2,0,7,0,0,0,0,0,0,0,0.0,0.0,0.0,0.0,0.0,3.5,0.0,0,1,0.0,0,0,0.0,0,0,0.0,0.14285714285714285,0.0,0.0,-0.5,0.0,0,0,0,0,0,0.0,18,16,0.5294117647058824,Y,3,EA,2316,2285,31,75.0,198
smithka01w,1,MIN,0,G-F,0,1,0,32,32,1193,646,93,90,44,7,76,71,20.1875,2.90625,2.8125,1.375,0.21875,37.28125,2.375,203,482,0.4211618257261411,152,175,0.8685714285714285,88,232,0.3793103448275862,0.5322715842414082,0.5778175313059034,1.1842105263157894,15.6875,1.0,0,0,0,0,0,0.0,15,17,0.46875,N,6,WE,2193,2188,5,71.0,174
smithki01w,7,SAC,0,F,0,1,0,31,0,313,74,39,20,9,0,22,33,2.3870967741935485,1.2580645161290323,0.6451612903225806,0.2903225806451613,0.0,10.096774193548388,0.7096774193548387,28,84,0.3333333333333333,5,9,0.5555555555555556,13,32,0.40625,0.3513099041533546,0.42064574806730337,0.9090909090909091,1.935483870967742,0.0,1,5,4,2,0,0.8,21,13,0.6176470588235294,Y,2,WE,2537,2404,133,73.0,158
smithla01w,1,ORL,0,G,0,1,0,3,0,12,5,2,1,2,0,2,2,1.6666666666666667,0.6666666666666666,0.3333333333333333,0.6666666666666666,0.0,4.0,0.6666666666666666,2,3,0.6666666666666666,1,1,1.0,0,1,0.0,0.4533333333333333,0.7267441860465116,0.5,2.3333333333333335,0.0,1,1,0,0,0,0.0,16,16,0.5,Y,3,EA,2208,2233,-25,67.0,150
smithta01w,1,SAC,0,F-C,0,1,0,32,32,925,388,178,43,30,64,60,107,12.125,5.5625,1.34375,0.9375,2.0,28.90625,1.875,176,371,0.4743935309973046,36,46,0.782608695652174,0,0,0.0,0.487827027027027,0.4958593190880278,0.7166666666666667,13.6875,1.0,1,2,21,8,1,10.5,21,11,0.65625,Y,3,WE,2343,2176,167,76.0,160
smithty01w,8,DET,0,F,0,1,0,1,0,7,1,2,0,1,0,0,0,1.0,2.0,0.0,1.0,0.0,7.0,0.0,0,2,0.0,1,2,0.5,0,0,0.0,0.4114285714285714,0.1736111111111111,0.0,1.0,0.0,1,1,0,0,0,0.0,24,10,0.7058823529411765,Y,1,EA,2697,2540,157,72.0,0
smithwa01w,9,DET,0,G,0,1,0,1,0,0,0,0,0,0,0,0,0,0.0,0.0,0.0,0.0,0.0,0.0,0.0,0,0,0.0,0,0,0.0,0,0,0.0,0.0,0.0,0.0,0.0,0.0,0,0,0,0,0,0.0,22,12,0.6470588235294118,Y,1,EA,2672,2522,150,71.0,175
snellbe01w,6,PHO,0,G,0,1,0,20,0,226,65,36,18,7,1,11,31,3.25,1.8,0.9,0.35,0.05,11.3,0.55,19,55,0.34545454545454546,16,18,0.8888888888888888,11,37,0.2972972972972973,0.3270796460176991,0.5165289256198347,1.6363636363636365,3.9,0.0,0,0,0,0,0,0.0,16,18,0.47058823529411764,N,5,WE,2361,2354,7,69.0,170
snowmi01w,3,HOU,0,C,0,1,0,32,2,480,125,119,13,12,26,22,59,3.90625,3.71875,0.40625,0.375,0.8125,15.0,0.6875,45,96,0.46875,34,57,0.5964912280701754,1,2,0.5,0.2980833333333333,0.5161876445325405,0.5909090909090909,6.21875,0.0625,1,3,19,21,4,6.333333333333333,24,8,0.75,Y,2,WE,2072,1892,180,77.0,158
spencsi01w,8,LAS,0,G,0,1,0,34,22,828,327,138,42,27,11,35,86,9.617647058823529,4.0588235294117645,1.2352941176470589,0.7941176470588235,0.3235294117647059,24.352941176470587,1.0294117647058822,118,300,0.3933333333333333,37,42,0.8809523809523809,54,123,0.43902439024390244,0.42690821256038647,0.5133760361718162,1.2,9.5,0.6470588235294118,0,0,0,0,0,0.0,10,24,0.29411764705882354,N,7,WE,2533,2708,-175,75.0,183
spornra01w,2,DET,0,F,0,1,0,23,1,265,41,52,11,7,4,13,16,1.7826086956521738,2.260869565217391,0.4782608695652174,0.30434782608695654,0.17391304347826086,11.521739130434783,0.5652173913043478,19,47,0.40425531914893614,3,9,0.3333333333333333,0,0,0.0,0.24135849056603773,0.402276295133438,0.8461538461538461,2.9565217391304346,0.043478260869565216,0,0,0,0,0,0.0,10,22,0.3125,N,7,EA,2103,2269,-166,74.0,150
stafftr01w,2,HOU,0,F,0,1,0,30,4,365,113,85,16,12,2,26,42,3.7666666666666666,2.8333333333333335,0.5333333333333333,0.4,0.06666666666666667,12.166666666666666,0.8666666666666667,39,106,0.36792452830188677,35,52,0.6730769230769231,0,1,0.0,0.42432876712328765,0.4383923029174426,0.6153846153846154,3.933333333333333,0.13333333333333333,1,2,4,3,1,2.0,19,13,0.59375,Y,4,WE,2047,1994,53,73.0,180
staleda01w,1,CHA,0,G,0,1,0,32,32,1099,282,77,190,37,1,91,80,8.8125,2.40625,5.9375,1.15625,0.03125,34.34375,2.84375,94,253,0.3715415019762846,65,74,0.8783783783783784,29,88,0.32954545454545453,0.342638762511374,0.4937666339823505,2.087912087912088,10.25,1.0,0,0,0,0,0,0.0,8,24,0.25,N,8,EA,2186,2429,-243,66.0,134
stansti01w,7,LAS,0,F-C,0,1,0,4,0,23,6,7,2,1,2,2,4,1.5,1.75,0.5,0.25,0.5,5.75,0.5,3,8,0.375,0,0,0.0,0,0,0.0,0.43478260869565216,0.375,1.0,2.75,0.0,1,2,0,1,1,0.0,25,9,0.7352941176470589,Y,1,WE,2575,2476,99,75.0,183
starbka01w,1,UTA,0,G,0,1,0,29,0,340,117,33,30,13,11,29,32,4.0344827586206895,1.1379310344827587,1.0344827586206897,0.4482758620689655,0.3793103448275862,11.724137931034482,1.0,39,109,0.3577981651376147,34,42,0.8095238095238095,5,23,0.21739130434782608,0.46023529411764713,0.45889551302165044,1.0344827586206897,3.3448275862068964,0.0,0,0,0,0,0,0.0,18,14,0.5625,N,5,WE,2413,2407,6,73.0,153
stedika01w,1,SAC,0,F-G,0,1,0,29,0,309,91,39,14,11,10,17,22,3.1379310344827585,1.3448275862068966,0.4827586206896552,0.3793103448275862,0.3448275862068966,10.655172413793103,0.5862068965517241,36,95,0.37894736842105264,2,7,0.2857142857142857,17,53,0.32075471698113206,0.3724271844660194,0.4639070146818923,0.8235294117647058,2.896551724137931,0.0,1,2,0,1,1,0.0,21,11,0.65625,Y,3,WE,2343,2176,167,72.0,173
stepama01w,1,PHO,0,C,0,1,0,15,1,170,57,48,8,4,9,22,42,3.8,3.2,0.5333333333333333,0.26666666666666666,0.6,11.333333333333334,1.4666666666666666,24,54,0.4444444444444444,9,15,0.6,0,0,0.0,0.48588235294117643,0.47029702970297027,0.36363636363636365,4.533333333333333,0.06666666666666667,0,0,0,0,0,0.0,20,12,0.625,Y,4,WE,2243,2102,141,80.0,187
stephst01w,5,DET,0,C,0,1,0,7,1,36,4,9,3,0,0,2,7,0.5714285714285714,1.2857142857142858,0.42857142857142855,0.0,0.0,5.142857142857143,0.2857142857142857,2,6,0.3333333333333333,0,2,0.0,0,0,0.0,0.24666666666666665,0.29069767441860467,1.5,1.1428571428571428,0.14285714285714285,0,0,0,0,0,0.0,17,17,0.5,Y,3,EA,2366,2381,-15,76.0,205
stevema01w,5,SAS,0,F-C,0,1,0,29,0,259,38,35,5,6,4,11,32,1.3103448275862069,1.206896551724138,0.1724137931034483,0.20689655172413793,0.13793103448275862,8.931034482758621,0.3793103448275862,15,45,0.3333333333333333,7,8,0.875,1,1,1.0,0.22980694980694982,0.39159109645507006,0.45454545454545453,1.5862068965517242,0.0,0,0,0,0,0,0.0,9,25,0.2647058823529412,N,7,WE,2191,2364,-173,75.0,166
stileja01w,2,POR,0,G,1,1,0,32,32,1023,478,77,55,24,3,68,75,14.9375,2.40625,1.71875,0.75,0.09375,31.96875,2.125,156,385,0.4051948051948052,116,149,0.7785234899328859,50,116,0.43103448275862066,0.5069012707722385,0.5304509943181818,0.8088235294117647,9.59375,1.0,0,0,0,0,0,0.0,11,21,0.34375,N,7,WE,2088,2202,-114,68.0,144
stinsan01w,1,CHA,0,G,0,1,0,32,32,1123,565,136,121,55,23,86,77,17.65625,4.25,3.78125,1.71875,0.71875,35.09375,2.6875,214,463,0.46220302375809935,99,134,0.7388059701492538,38,106,0.3584905660377358,0.5413713268032058,0.5412292129665108,1.4069767441860466,16.5625,1.0,0,0,0,0,0,0.0,8,24,0.25,N,8,EA,2186,2429,-243,70.0,158
stiresh01w,1,MIN,0,F,0,1,0,21,0,117,35,14,7,6,0,14,22,1.6666666666666667,0.6666666666666666,0.3333333333333333,0.2857142857142857,0.0,5.571428571428571,0.6666666666666666,13,29,0.4482758620689655,4,6,0.6666666666666666,5,10,0.5,0.39008547008547007,0.5530973451327433,0.5,1.4285714285714286,0.0,0,0,0,0,0,0.0,15,17,0.46875,N,6,WE,2193,2188,5,71.0,208
stockta01w,2,WAS,0,F-C,0,1,0,3,0,11,3,2,0,0,0,0,3,1.0,0.6666666666666666,0.0,0.0,0.0,3.6666666666666665,0.0,1,3,0.3333333333333333,1,2,0.5,0,0,0.0,0.3527272727272727,0.3865979381443299,0.0,0.6666666666666666,0.0,0,0,0,0,0,0.0,10,22,0.3125,N,8,EA,1928,2075,-147,74.0,165
streiju01w,1,IND,0,F,0,1,0,27,6,424,121,71,44,16,23,32,67,4.481481481481482,2.6296296296296298,1.6296296296296295,0.5925925925925926,0.8518518518518519,15.703703703703704,1.1851851851851851,46,117,0.39316239316239315,27,35,0.7714285714285715,2,6,0.3333333333333333,0.3877358490566038,0.4569486404833837,1.375,6.074074074074074,0.2222222222222222,0,0,0,0,0,0.0,9,23,0.28125,N,7,EA,2213,2290,-77,74.0,165
strotan01w,7,PHO,0,G-F,0,1,0,8,0,39,16,5,2,1,2,0,3,2.0,0.625,0.25,0.125,0.25,4.875,0.0,6,14,0.42857142857142855,0,0,0.0,4,10,0.4,0.358974358974359,0.5714285714285714,2.0,2.25,0.0,0,0,0,0,0,0.0,18,16,0.5294117647058824,N,5,WE,2960,2879,81,75.0,166
summela01w,6,CON,0,C,0,1,0,11,0,43,10,10,3,2,0,4,11,0.9090909090909091,0.9090909090909091,0.2727272727272727,0.18181818181818182,0.0,3.909090909090909,0.36363636363636365,3,9,0.3333333333333333,4,5,0.8,0,0,0.0,0.35348837209302325,0.44642857142857145,0.75,1.2727272727272727,0.0,1,2,0,0,0,0.0,26,8,0.7647058823529411,Y,1,EA,2474,2244,230,74.0,167
sun-mju01w,4,SEA,0,C,0,1,0,17,0,118,30,10,1,5,0,5,13,1.7647058823529411,0.5882352941176471,0.058823529411764705,0.29411764705882354,0.0,6.9411764705882355,0.29411764705882354,13,32,0.40625,4,4,1.0,0,7,0.0,0.3284745762711864,0.4443127962085308,0.2,1.2941176470588236,0.0,0,0,0,0,0,0.0,18,16,0.5294117647058824,N,5,WE,2388,2274,114,73.0,168
suttota01w,2,CHA,0,C,0,1,0,29,21,602,196,129,11,21,39,40,84,6.758620689655173,4.448275862068965,0.3793103448275862,0.7241379310344828,1.3448275862068966,20.75862068965517,1.3793103448275863,72,147,0.4897959183673469,52,72,0.7222222222222222,0,0,0.0,0.3632558139534884,0.5484665323483322,0.275,9.0,0.7241379310344828,1,8,60,26,4,7.5,18,14,0.5625,Y,4,EA,2055,2009,46,76.0,199
swanike01w,9,CON,0,G,0,1,0,25,6,231,41,29,26,14,1,20,17,1.64,1.16,1.04,0.56,0.04,9.24,0.8,13,47,0.2765957446808511,8,10,0.8,7,30,0.23333333333333334,0.30909090909090914,0.39883268482490275,1.3,2.2,0.24,0,0,0,0,0,0.0,21,13,0.6176470588235294,Y,2,EA,2690,2541,149,67.0,144
swoopsh01w,1,HOU,0,F-G,0,1,0,31,31,1090,643,195,119,87,33,82,67,20.741935483870968,6.290322580645161,3.838709677419355,2.806451612903226,1.064516129032258,35.16129032258065,2.6451612903225805,245,484,0.506198347107438,119,145,0.8206896551724138,34,91,0.37362637362637363,0.5777981651376146,0.5868930266520629,1.451219512195122,23.548387096774192,1.0,1,6,113,34,19,18.833333333333332,27,5,0.84375,Y,2,WE,2475,2066,409,72.0,145
tateso01w,1,MIN,0,G,0,1,0,8,0,94,27,13,5,3,0,7,13,3.375,1.625,0.625,0.375,0.0,11.75,0.875,10,22,0.45454545454545453,1,2,0.5,6,11,0.5454545454545454,0.3178723404255319,0.5900349650349651,0.7142857142857143,3.5,0.0,0,0,0,0,0,0.0,15,17,0.46875,N,6,WE,2193,2188,5,66.0,157
tauradi01w,5,PHO,0,F-G,1,1,0,34,34,1130,578,149,132,43,25,90,117,17.0,4.382352941176471,3.8823529411764706,1.2647058823529411,0.7352941176470589,33.23529411764706,2.6470588235294117,209,503,0.415506958250497,98,129,0.7596899224806202,62,188,0.32978723404255317,0.5750088495575221,0.5162926968700872,1.4666666666666666,15.058823529411764,1.0,0,0,0,0,0,0.0,17,17,0.5,N,5,WE,2300,2235,65,72.0,172
tayloli01w,5,PHO,0,C,0,1,0,5,0,26,3,3,2,1,1,1,7,0.6,0.6,0.4,0.2,0.2,5.2,0.2,1,5,0.2,0,0,0.0,1,3,0.3333333333333333,0.23076923076923078,0.3,2.0,1.0,0.0,0,0,0,0,0,0.0,17,17,0.5,N,5,WE,2300,2235,65,80.0,200
taylope01w,2,CLE,0,F,0,1,0,32,0,561,230,112,44,35,11,38,46,7.1875,3.5,1.375,1.09375,0.34375,17.53125,1.1875,86,225,0.38222222222222224,36,46,0.782608695652174,22,73,0.3013698630136986,0.5048841354723708,0.4689283966726472,1.1578947368421053,7.65625,0.0,1,3,21,9,3,7.0,22,10,0.6875,Y,1,EA,2004,1788,216,73.0,168
teaslni01w,3,LAS,0,G,0,1,0,32,32,882,204,84,140,25,9,68,63,6.375,2.625,4.375,0.78125,0.28125,27.5625,2.125,67,166,0.4036144578313253,30,40,0.75,40,100,0.4,0.2852607709750567,0.5555555555555556,2.0588235294117645,8.90625,1.0,1,6,49,13,47,8.166666666666666,25,7,0.78125,Y,1,WE,2452,2235,217,72.0,169
teilaza01w,7,WAS,0,C,0,1,0,16,0,105,29,27,1,3,3,4,18,1.8125,1.6875,0.0625,0.1875,0.1875,6.5625,0.25,14,26,0.5384615384615384,1,2,0.5,0,0,0.0,0.2940952380952381,0.5394345238095238,0.25,2.875,0.0,1,2,0,0,0,0.0,18,16,0.5294117647058824,Y,4,EA,2747,2657,90,79.0,170
terryka01w,7,IND,0,C-F,0,1,0,10,0,53,23,14,0,0,3,8,14,2.3,1.4,0.0,0.0,0.3,5.3,0.8,11,19,0.5789473684210527,1,5,0.2,0,0,0.0,0.5509433962264151,0.5424528301886793,0.0,2.0,0.0,0,0,0,0,0,0.0,21,13,0.6176470588235294,Y,3,EA,2435,2316,119,75.0,183
thomaca01w,8,CHI,0,F,0,1,0,17,0,122,43,28,3,1,4,7,22,2.5294117647058822,1.6470588235294117,0.17647058823529413,0.058823529411764705,0.23529411764705882,7.176470588235294,0.4117647058823529,15,38,0.39473684210526316,13,14,0.9285714285714286,0,1,0.0,0.4193442622950819,0.48686594202898553,0.42857142857142855,2.823529411764706,0.0,0,0,0,0,0,0.0,14,20,0.4117647058823529,N,6,EA,2525,2611,-86,75.0,200
thomach01w,5,LAS,0,C,0,1,0,31,8,547,165,120,23,18,14,27,80,5.32258064516129,3.870967741935484,0.7419354838709677,0.5806451612903226,0.45161290322580644,17.64516129032258,0.8709677419354839,66,143,0.46153846153846156,28,41,0.6829268292682927,5,11,0.45454545454545453,0.34376599634369287,0.5122950819672132,0.8518518518518519,7.193548387096774,0.25806451612903225,1,3,24,23,2,8.0,25,9,0.7352941176470589,Y,1,WE,2495,2361,134,75.0,185
thomala01w,4,CLE,0,F,0,1,0,32,25,852,345,164,37,28,13,42,62,10.78125,5.125,1.15625,0.875,0.40625,26.625,1.3125,137,296,0.46283783783783783,71,90,0.7888888888888889,0,6,0.0,0.4431924882629108,0.5140047675804529,0.8809523809523809,11.46875,0.78125,1,3,41,23,4,13.666666666666666,17,17,0.5,Y,4,EA,2229,2210,19,74.0,165
thomast01w,1,POR,0,F,0,1,0,32,31,863,163,126,101,54,15,68,93,5.09375,3.9375,3.15625,1.6875,0.46875,26.96875,2.125,58,163,0.3558282208588957,44,74,0.5945945945945946,3,12,0.25,0.3053997682502897,0.4167518920024545,1.4852941176470589,8.0,0.96875,0,0,0,0,0,0.0,10,22,0.3125,N,7,WE,2155,2303,-148,70.0,154
thompal01w,1,IND,0,F,0,1,0,31,26,792,310,157,41,24,4,53,85,10.0,5.064516129032258,1.3225806451612903,0.7741935483870968,0.12903225806451613,25.548387096774192,1.7096774193548387,131,255,0.5137254901960784,30,42,0.7142857142857143,18,40,0.45,0.41222222222222227,0.5667690507532543,0.7735849056603774,11.193548387096774,0.8387096774193549,0,0,0,0,0,0.0,9,23,0.28125,N,7,EA,2213,2290,-77,73.0,180
thompti01w,1,HOU,0,F,0,1,0,32,32,1087,540,245,48,47,25,84,88,16.875,7.65625,1.5,1.46875,0.78125,33.96875,2.625,191,407,0.4692874692874693,103,123,0.8373983739837398,55,132,0.4166666666666667,0.5014903403863845,0.585530881332408,0.5714285714285714,18.28125,1.0,1,6,76,48,10,12.666666666666666,27,5,0.84375,Y,2,WE,2475,2066,409,74.0,178
thorbsh01w,7,MIN,0,G,0,1,0,22,0,141,16,18,19,4,2,14,11,0.7272727272727273,0.8181818181818182,0.8636363636363636,0.18181818181818182,0.09090909090909091,6.409090909090909,0.6363636363636364,5,27,0.18518518518518517,5,8,0.625,1,8,0.125,0.3157446808510638,0.2621231979030144,1.3571428571428572,0.9090909090909091,0.0,0,0,0,0,0,0.0,10,24,0.29411764705882354,N,7,WE,2523,2735,-212,69.0,149
thorner01w,4,NYL,0,G,0,1,0,23,0,181,44,11,16,4,1,13,8,1.9130434782608696,0.4782608695652174,0.6956521739130435,0.17391304347826086,0.043478260869565216,7.869565217391305,0.5652173913043478,13,42,0.30952380952380953,10,10,1.0,8,33,0.24242424242424243,0.3281767955801105,0.47413793103448276,1.2307692307692308,1.4782608695652173,0.0,0,0,0,0,0,0.0,16,18,0.47058823529411764,N,6,EA,2243,2256,-13,70.0,150
threaro01w,1,SEA,0,G,0,1,0,20,7,377,155,32,18,13,3,30,36,7.75,1.6,0.9,0.65,0.15,18.85,1.5,60,157,0.3821656050955414,23,35,0.6571428571428571,12,37,0.32432432432432434,0.536870026525199,0.4495359628770301,0.6,4.1,0.35,0,0,0,0,0,0.0,6,26,0.1875,N,8,WE,1822,2171,-349,67.0,150
tilliic01w,5,DET,0,C-F,0,1,0,31,1,287,83,39,13,9,8,23,23,2.6774193548387095,1.2580645161290323,0.41935483870967744,0.2903225806451613,0.25806451612903225,9.258064516129032,0.7419354838709677,35,74,0.47297297297297297,7,12,0.5833333333333334,6,18,0.3333333333333333,0.3563763066202091,0.5234611503531786,0.5652173913043478,2.7419354838709675,0.03225806451612903,1,3,2,1,1,0.6666666666666666,17,17,0.5,Y,3,EA,2366,2381,-15,77.0,165
timmsmi01w,1,PHO,0,G,0,1,0,8,8,176,30,16,18,15,2,18,22,3.75,2.0,2.25,1.875,0.25,22.0,2.25,11,30,0.36666666666666664,4,4,1.0,4,17,0.23529411764705882,0.28272727272727277,0.4722921914357682,1.0,5.5,1.0,0,0,0,0,0,0.0,20,12,0.625,Y,4,WE,2243,2102,141,67.0,132
tolivkr01w,10,CHI,0,G,0,1,0,27,0,386,205,37,51,10,3,44,33,7.592592592592593,1.3703703703703705,1.8888888888888888,0.37037037037037035,0.1111111111111111,14.296296296296296,1.6296296296296295,72,159,0.4528301886792453,21,23,0.9130434782608695,40,90,0.4444444444444444,0.5521243523316063,0.6060785241248817,1.1590909090909092,6.407407407407407,0.0,0,0,0,0,0,0.0,16,18,0.47058823529411764,N,5,EA,2573,2693,-120,67.0,130
torniel01w,1,DET,0,F,0,1,0,32,32,869,330,110,82,29,13,68,73,10.3125,3.4375,2.5625,0.90625,0.40625,27.15625,2.125,122,241,0.5062240663900415,85,93,0.9139784946236559,1,8,0.125,0.4026697353279632,0.5852724177071509,1.2058823529411764,11.53125,1.0,0,0,0,0,0,0.0,14,18,0.4375,N,5,EA,2331,2426,-95,73.0,160
torrele01w,2,MIA,0,C,0,1,0,2,0,8,0,0,0,0,0,2,0,0.0,0.0,0.0,0.0,0.0,4.0,1.0,0,0,0.0,0,0,0.0,0,0,0.0,0.25,0.0,0.0,-1.0,0.0,1,2,2,2,0,1.0,20,12,0.625,Y,3,EA,1957,1898,59,75.0,171
traviti01w,1,CHA,0,G-F,0,1,0,32,12,574,173,81,26,31,4,32,74,5.40625,2.53125,0.8125,0.96875,0.125,17.9375,1.0,70,158,0.4430379746835443,21,28,0.75,12,25,0.48,0.3524738675958188,0.507867543447628,0.8125,5.875,0.375,0,0,0,0,0,0.0,8,24,0.25,N,8,EA,2186,2429,-243,71.0,145
tremich01w,1,IND,0,G,0,1,0,25,3,318,50,31,51,10,1,30,30,2.0,1.24,2.04,0.4,0.04,12.72,1.2,18,51,0.35294117647058826,10,16,0.625,4,9,0.4444444444444444,0.27685534591194966,0.430737422467264,1.7,2.96,0.12,0,0,0,0,0,0.0,9,23,0.28125,N,7,EA,2213,2290,-77,66.0,142
turneba01w,7,SEA,0,G-F,0,1,0,34,9,622,216,86,48,13,6,47,56,6.352941176470588,2.5294117647058822,1.411764705882353,0.38235294117647056,0.17647058823529413,18.294117647058822,1.3823529411764706,71,159,0.44654088050314467,64,77,0.8311688311688312,10,40,0.25,0.38565916398713823,0.5599336374948154,1.0212765957446808,6.5,0.2647058823529412,1,3,7,8,5,2.3333333333333335,18,16,0.5294117647058824,Y,4,WE,2644,2575,69,72.0,172
tuvicsl01w,2,PHO,0,C,0,1,0,30,0,325,54,63,17,16,17,28,49,1.8,2.1,0.5666666666666667,0.5333333333333333,0.5666666666666667,10.833333333333334,0.9333333333333333,13,42,0.30952380952380953,28,59,0.4745762711864407,0,0,0.0,0.29526153846153846,0.3972925250147145,0.6071428571428571,2.6333333333333333,0.0,0,0,0,0,0,0.0,13,19,0.40625,N,5,WE,2064,2169,-105,76.0,194
udokamf01w,4,HOU,0,F,0,1,0,25,3,251,80,51,4,4,2,21,38,3.2,2.04,0.16,0.16,0.08,10.04,0.84,32,64,0.5,16,23,0.6956521739130435,0,1,0.0,0.37896414342629486,0.5396654074473826,0.19047619047619047,3.24,0.12,1,1,1,1,0,1.0,20,14,0.5882352941176471,Y,2,WE,2244,2142,102,72.0,187
ujhelpe01w,4,DET,0,F-C,0,1,0,14,0,68,4,12,3,0,1,10,8,0.2857142857142857,0.8571428571428571,0.21428571428571427,0.0,0.07142857142857142,4.857142857142857,0.7142857142857143,2,8,0.25,0,3,0.0,0,0,0.0,0.28411764705882353,0.2145922746781116,0.3,0.07142857142857142,0.0,0,0,0,0,0,0.0,25,9,0.7352941176470589,Y,1,EA,2553,2395,158,76.0,200
umoh-it01w,4,HOU,0,G,0,1,0,3,0,6,0,0,1,0,0,1,1,0.0,0.0,0.3333333333333333,0.0,0.0,2.0,0.3333333333333333,0,0,0.0,0,0,0.0,0,0,0.0,0.16666666666666666,0.0,1.0,0.0,0.0,0,0,0,0,0,0.0,20,14,0.5882352941176471,Y,2,WE,2244,2142,102,67.0,140
valdeam01w,1,HOU,0,F,0,1,0,22,0,171,57,21,13,8,4,13,21,2.590909090909091,0.9545454545454546,0.5909090909090909,0.36363636363636365,0.18181818181818182,7.7727272727272725,0.5909090909090909,20,60,0.3333333333333333,6,6,1.0,11,29,0.3793103448275862,0.4423391812865497,0.4549808429118774,1.0,2.272727272727273,0.0,1,3,9,4,0,3.0,27,5,0.84375,Y,2,WE,2475,2066,409,73.0,160
vangomi01w,1,POR,0,C,0,1,0,28,1,199,69,42,5,3,4,30,37,2.4642857142857144,1.5,0.17857142857142858,0.10714285714285714,0.14285714285714285,7.107142857142857,1.0714285714285714,25,50,0.5,19,35,0.5428571428571428,0,0,0.0,0.4793969849246231,0.5275229357798165,0.16666666666666666,1.8571428571428572,0.03571428571428571,0,0,0,0,0,0.0,10,22,0.3125,N,7,WE,2155,2303,-148,78.0,187
vaughki01w,10,NYL,0,C,0,1,0,34,1,396,163,88,8,6,3,32,57,4.794117647058823,2.588235294117647,0.23529411764705882,0.17647058823529413,0.08823529411764706,11.647058823529411,0.9411764705882353,73,148,0.49324324324324326,17,34,0.5,0,2,0.0,0.49232323232323233,0.5001227295041728,0.25,4.235294117647059,0.029411764705882353,0,0,0,0,0,0.0,13,21,0.38235294117647056,N,7,EA,2512,2535,-23,76.0,208
vaughkr01w,9,WAS,0,F,0,1,0,15,0,78,12,15,0,2,2,10,6,0.8,1.0,0.0,0.13333333333333333,0.13333333333333333,5.2,0.6666666666666666,3,19,0.15789473684210525,6,10,0.6,0,2,0.0,0.4282051282051282,0.25641025641025644,0.0,0.06666666666666667,0.0,0,0,0,0,0,0.0,10,24,0.29411764705882354,N,6,EA,2368,2601,-233,73.0,160
vealkr01w,2,PHO,0,G,0,1,0,29,14,658,116,60,125,33,4,82,58,4.0,2.0689655172413794,4.310344827586207,1.1379310344827587,0.13793103448275862,22.689655172413794,2.8275862068965516,35,125,0.28,32,42,0.7619047619047619,14,50,0.28,0.3426747720364742,0.40423752439364374,1.524390243902439,5.379310344827586,0.4827586206896552,0,0,0,0,0,0.0,13,19,0.40625,N,5,WE,2064,2169,-105,70.0,150
vilipda01w,7,LAS,0,F-C,0,1,0,2,0,12,0,2,0,0,1,1,2,0.0,1.0,0.0,0.0,0.5,6.0,0.5,0,2,0.0,0,0,0.0,0,0,0.0,0.25,0.0,0.0,0.0,0.0,0,0,0,0,0,0.0,25,9,0.7352941176470589,Y,1,WE,2575,2476,99,76.0,207
vodicka01w,1,SEA,0,F-C,0,1,0,23,19,489,200,97,22,13,12,57,63,8.695652173913043,4.217391304347826,0.9565217391304348,0.5652173913043478,0.5217391304347826,21.26086956521739,2.4782608695652173,68,171,0.39766081871345027,60,78,0.7692307692307693,4,20,0.2,0.536441717791411,0.48704461328657705,0.38596491228070173,7.217391304347826,0.8260869565217391,0,0,0,0,0,0.0,6,26,0.1875,N,8,WE,1822,2171,-349,76.0,190
vodopna01w,6,SEA,0,F,0,1,0,17,0,98,25,20,10,3,2,8,9,1.4705882352941178,1.1764705882352942,0.5882352941176471,0.17647058823529413,0.11764705882352941,5.764705882352941,0.47058823529411764,8,22,0.36363636363636365,8,12,0.6666666666666666,1,5,0.2,0.36,0.45821114369501464,1.25,2.0,0.0,1,1,0,0,0,0.0,20,14,0.5882352941176471,Y,2,WE,2498,2407,91,75.0,181
walkeas01w,10,SEA,0,F-C,0,1,0,13,0,90,23,23,4,2,2,7,20,1.7692307692307692,1.7692307692307692,0.3076923076923077,0.15384615384615385,0.15384615384615385,6.923076923076923,0.5384615384615384,7,28,0.25,8,10,0.8,1,6,0.16666666666666666,0.43777777777777777,0.3549382716049383,0.5714285714285714,1.8461538461538463,0.0,1,1,0,0,0,0.0,20,14,0.5882352941176471,Y,2,WE,2544,2476,68,73.0,200
walkeay01w,3,DET,0,F,0,1,0,32,0,548,162,118,17,12,34,29,56,5.0625,3.6875,0.53125,0.375,1.0625,17.125,0.90625,63,167,0.3772455089820359,34,49,0.6938775510204082,2,9,0.2222222222222222,0.397007299270073,0.4295714891811625,0.5862068965517241,6.09375,0.0,0,0,0,0,0,0.0,9,23,0.28125,N,8,EA,2114,2266,-152,75.0,142
walkede01w,1,POR,0,F,0,1,0,30,1,311,92,47,19,17,7,35,69,3.066666666666667,1.5666666666666667,0.6333333333333333,0.5666666666666667,0.23333333333333334,10.366666666666667,1.1666666666666667,35,88,0.3977272727272727,22,47,0.46808510638297873,0,2,0.0,0.4619935691318328,0.42326094957673904,0.5428571428571428,2.3,0.03333333333333333,0,0,0,0,0,0.0,10,22,0.3125,N,7,WE,2155,2303,-148,75.0,168
walkema01w,9,HOU,0,C,0,1,0,2,0,11,0,7,1,0,1,4,3,0.0,3.5,0.5,0.0,0.5,5.5,2.0,0,4,0.0,0,2,0.0,0,0,0.0,0.8072727272727271,0.0,0.25,-0.5,0.0,0,0,0,0,0,0.0,17,17,0.5,N,5,WE,2561,2606,-45,75.0,253
walsema01w,2,SAC,0,F,0,1,0,4,0,8,4,2,0,0,0,2,2,1.0,0.5,0.0,0.0,0.0,2.0,0.5,1,2,0.5,2,2,1.0,0,0,0.0,0.61,0.6944444444444444,0.0,0.75,0.0,0,0,0,0,0,0.0,20,12,0.625,Y,2,WE,2294,2139,155,74.0,184
washico01w,1,HOU,0,G,0,1,0,25,0,236,43,19,24,16,0,19,19,1.72,0.76,0.96,0.64,0.0,9.44,0.76,12,33,0.36363636363636365,16,20,0.8,3,15,0.2,0.2576271186440678,0.514354066985646,1.263157894736842,2.32,0.0,1,6,14,11,6,2.3333333333333335,27,5,0.84375,Y,2,WE,2475,2066,409,66.0,138
washito01w,1,WAS,0,F,0,1,0,19,0,103,26,14,5,2,0,4,4,1.368421052631579,0.7368421052631579,0.2631578947368421,0.10526315789473684,0.0,5.421052631578948,0.21052631578947367,8,29,0.27586206896551724,4,6,0.6666666666666666,6,14,0.42857142857142855,0.3460194174757282,0.4108723135271808,1.25,1.0526315789473684,0.0,1,1,0,0,0,0.0,14,18,0.4375,Y,4,EA,2176,2221,-45,71.0,160
wautean01w,1,CLE,0,C,0,1,0,32,0,598,199,129,37,21,24,63,75,6.21875,4.03125,1.15625,0.65625,0.75,18.6875,1.96875,78,149,0.5234899328859061,43,58,0.7413793103448276,0,2,0.0,0.397190635451505,0.5701352280540912,0.5873015873015873,8.15625,0.0,1,6,28,18,5,4.666666666666667,17,15,0.53125,Y,2,EA,2185,2122,63,76.0,193
weathte01w,1,NYL,0,G,0,1,0,32,32,1078,205,109,205,65,5,86,85,6.40625,3.40625,6.40625,2.03125,0.15625,33.6875,2.6875,67,153,0.43790849673202614,60,81,0.7407407407407407,11,44,0.25,0.2547680890538033,0.5433630195080578,2.383720930232558,12.375,1.0,1,7,32,19,49,4.571428571428571,20,12,0.625,Y,1,EA,2148,2035,113,68.0,161
webbum01w,1,MIA,0,G-F,0,1,0,13,5,195,43,14,14,7,4,23,29,3.3076923076923075,1.0769230769230769,1.0769230769230769,0.5384615384615384,0.3076923076923077,15.0,1.7692307692307692,10,40,0.25,21,25,0.84,2,8,0.25,0.37948717948717947,0.4215686274509804,0.6086956521739131,1.9230769230769231,0.38461538461538464,0,0,0,0,0,0.0,13,19,0.40625,N,6,EA,1831,2001,-170,70.0,162
weberma01w,8,NYL,0,C,0,1,0,2,0,4,0,1,0,0,0,1,0,0.0,0.5,0.0,0.0,0.0,2.0,0.5,0,1,0.0,0,0,0.0,0,0,0.0,0.5,0.0,0.0,-0.5,0.0,0,0,0,0,0,0.0,16,18,0.47058823529411764,Y,4,EA,2413,2501,-88,77.0,200
weckeke01w,6,SAS,0,F,0,1,0,1,0,11,4,0,2,1,0,1,0,4.0,0.0,2.0,1.0,0.0,11.0,1.0,2,6,0.3333333333333333,0,0,0.0,0,3,0.0,0.6363636363636364,0.3333333333333333,2.0,2.0,0.0,0,0,0,0,0,0.0,7,27,0.20588235294117646,N,7,WE,2141,2401,-260,73.0,172
whaleli01w,5,CON,0,G,0,1,0,31,30,946,275,90,148,39,0,94,72,8.870967741935484,2.903225806451613,4.774193548387097,1.2580645161290323,0.0,30.516129032258064,3.032258064516129,83,183,0.453551912568306,89,122,0.7295081967213115,20,57,0.3508771929824561,0.3495560253699789,0.5809531857360148,1.574468085106383,10.483870967741936,0.967741935483871,1,8,107,18,41,13.375,18,16,0.5294117647058824,Y,1,EA,2335,2304,31,68.0,150
whitede01w,5,NYL,0,F,0,1,0,31,2,420,82,118,9,8,10,36,37,2.6451612903225805,3.806451612903226,0.2903225806451613,0.25806451612903225,0.3225806451612903,13.548387096774194,1.1612903225806452,37,68,0.5441176470588235,8,17,0.47058823529411764,0,0,0.0,0.26542857142857146,0.5431902490726019,0.25,4.870967741935484,0.06451612903225806,1,5,2,6,1,0.4,18,16,0.5294117647058824,Y,2,EA,2252,2297,-45,71.0,180
whiteer01w,9,HOU,0,G,0,1,0,34,2,426,121,47,47,23,3,48,60,3.5588235294117645,1.3823529411764706,1.3823529411764706,0.6764705882352942,0.08823529411764706,12.529411764705882,1.411764705882353,25,88,0.2840909090909091,70,78,0.8974358974358975,1,7,0.14285714285714285,0.39981220657276995,0.4946043165467626,0.9791666666666666,3.588235294117647,0.058823529411764705,0,0,0,0,0,0.0,17,17,0.5,N,5,WE,2561,2606,-45,63.0,135
whiteta01w,6,IND,0,G,0,1,0,34,3,693,242,53,53,30,7,70,62,7.117647058823529,1.5588235294117647,1.5588235294117647,0.8823529411764706,0.20588235294117646,20.38235294117647,2.0588235294117645,85,254,0.3346456692913386,47,58,0.8103448275862069,25,81,0.30864197530864196,0.5043578643578643,0.4328849456210647,0.7571428571428571,3.9705882352941178,0.08823529411764706,1,4,0,2,1,0.0,21,13,0.6176470588235294,Y,2,EA,2170,2133,37,67.0,154
whitiva01w,2,MIN,0,C-F,0,1,0,26,15,462,88,83,16,15,14,34,62,3.3846153846153846,3.1923076923076925,0.6153846153846154,0.5769230769230769,0.5384615384615384,17.76923076923077,1.3076923076923077,24,90,0.26666666666666666,40,54,0.7407407407407407,0,1,0.0,0.3198268398268398,0.38677918424753865,0.47058823529411764,3.923076923076923,0.5769230769230769,0,0,0,0,0,0.0,12,20,0.375,N,6,WE,2077,2156,-79,74.0,199
whitmta01w,1,NYL,0,F,0,1,0,32,16,689,277,105,20,17,17,53,102,8.65625,3.28125,0.625,0.53125,0.53125,21.53125,1.65625,109,253,0.4308300395256917,59,84,0.7023809523809523,0,3,0.0,0.4977648766328011,0.4776520899434405,0.37735849056603776,6.6875,0.5,1,7,81,27,6,11.571428571428571,20,12,0.625,Y,1,EA,2148,2035,113,74.0,190
whittje01w,2,WAS,0,C,0,1,0,4,0,20,0,1,0,0,1,3,8,0.0,0.25,0.0,0.0,0.25,5.0,0.75,0,1,0.0,0,2,0.0,0,1,0.0,0.244,0.0,0.0,-1.0,0.0,0,0,0,0,0,0.0,10,22,0.3125,N,8,EA,1928,2075,-147,77.0,176
whittkh01w,9,IND,0,F,0,1,0,22,0,186,43,34,6,9,11,12,42,1.9545454545454546,1.5454545454545454,0.2727272727272727,0.4090909090909091,0.5,8.454545454545455,0.5454545454545454,17,44,0.38636363636363635,9,17,0.5294117647058824,0,0,0.0,0.3412903225806452,0.41763791763791763,0.5,2.5454545454545454,0.0,1,3,4,7,1,1.3333333333333333,17,17,0.5,Y,4,EA,2473,2457,16,73.0,185
wickssu01w,1,NYL,0,F,0,1,0,32,12,680,156,149,21,26,39,50,78,4.875,4.65625,0.65625,0.8125,1.21875,21.25,1.5625,55,143,0.38461538461538464,45,62,0.7258064516129032,1,5,0.2,0.32394117647058823,0.4580690627202255,0.42,7.375,0.375,1,7,23,27,3,3.2857142857142856,20,12,0.625,Y,1,EA,2148,2035,113,75.0,191
widemja01w,1,POR,0,G,0,1,0,5,0,35,0,4,2,2,0,6,3,0.0,0.8,0.4,0.4,0.0,7.0,1.2,0,2,0.0,0,0,0.0,0,0,0.0,0.22857142857142856,0.0,0.3333333333333333,0.0,0.0,0,0,0,0,0,0.0,10,22,0.3125,N,7,WE,2155,2303,-148,66.0,135
wiggica01w,9,MIN,0,G,0,1,0,30,1,824,472,97,90,54,7,57,113,15.733333333333333,3.2333333333333334,3.0,1.8,0.23333333333333334,27.466666666666665,1.9,137,340,0.40294117647058825,161,197,0.817258883248731,37,121,0.30578512396694213,0.586990291262136,0.5531077153838942,1.5789473684210527,14.133333333333333,0.03333333333333333,0,0,0,0,0,0.0,16,18,0.47058823529411764,N,7,WE,2767,2721,46,71.0,154
wilkibr01w,7,SAC,0,C,0,1,0,4,0,14,6,0,1,0,0,2,5,1.5,0.0,0.25,0.0,0.0,3.5,0.5,3,7,0.42857142857142855,0,0,0.0,0,0,0.0,0.6428571428571429,0.42857142857142855,0.5,0.25,0.0,0,0,0,0,0,0.0,21,13,0.6176470588235294,Y,2,WE,2537,2404,133,75.0,185
williad01w,1,PHO,0,F-C,0,1,0,28,2,351,78,71,16,14,4,29,42,2.7857142857142856,2.5357142857142856,0.5714285714285714,0.5,0.14285714285714285,12.535714285714286,1.0357142857142858,29,72,0.4027777777777778,20,38,0.5263157894736842,0,0,0.0,0.3353846153846154,0.43958521190261496,0.5517241379310345,3.3214285714285716,0.07142857142857142,1,2,5,4,1,2.5,20,12,0.625,Y,4,WE,2243,2102,141,77.0,170
willian01w,6,PHO,0,G,0,1,0,16,0,149,40,23,9,4,7,11,17,2.5,1.4375,0.5625,0.25,0.4375,9.3125,0.6875,15,50,0.3,6,7,0.8571428571428571,4,18,0.2222222222222222,0.4300671140939597,0.37678975131876413,0.8181818181818182,2.25,0.0,0,0,0,0,0,0.0,16,18,0.47058823529411764,N,5,WE,2361,2354,7,72.0,149
willibe01w,1,IND,0,G,0,1,0,1,0,3,0,0,0,0,0,0,2,0.0,0.0,0.0,0.0,0.0,3.0,0.0,0,0,0.0,0,0,0.0,0,0,0.0,0.0,0.0,0.0,0.0,0.0,0,0,0,0,0,0.0,9,23,0.28125,N,7,EA,2213,2290,-77,69.0,145
willile01w,5,CON,0,F,0,1,0,23,0,175,68,43,7,8,2,12,16,2.9565217391304346,1.8695652173913044,0.30434782608695654,0.34782608695652173,0.08695652173913043,7.608695652173913,0.5217391304347826,24,38,0.631578947368421,20,26,0.7692307692307693,0,1,0.0,0.3510857142857143,0.6877022653721683,0.5833333333333334,4.173913043478261,0.0,1,8,17,19,1,2.125,18,16,0.5294117647058824,Y,1,EA,2335,2304,31,72.0,200
willile02w,3,DET,0,G-F,0,1,0,27,0,177,73,19,4,4,0,14,15,2.7037037037037037,0.7037037037037037,0.14814814814814814,0.14814814814814814,0.0,6.555555555555555,0.5185185185185185,30,101,0.297029702970297,0,5,0.0,13,54,0.24074074074074073,0.6621468926553673,0.3536821705426357,0.2857142857142857,0.37037037037037035,0.0,0,0,0,0,0,0.0,9,23,0.28125,N,8,EA,2114,2266,-152,71.0,155
willili01w,7,LAS,0,G,0,1,0,24,0,320,111,43,10,26,0,17,25,4.625,1.7916666666666667,0.4166666666666667,1.0833333333333333,0.0,13.333333333333334,0.7083333333333334,35,91,0.38461538461538464,22,31,0.7096774193548387,19,52,0.36538461538461536,0.380125,0.5303899082568807,0.5882352941176471,4.5,0.0,1,5,16,13,7,3.2,25,9,0.7352941176470589,Y,1,WE,2575,2476,99,71.0,170
willina01w,1,UTA,0,F-C,0,1,0,29,29,1039,543,336,51,35,18,79,124,18.724137931034484,11.586206896551724,1.7586206896551724,1.206896551724138,0.6206896551724138,35.827586206896555,2.7241379310344827,179,365,0.4904109589041096,182,228,0.7982456140350878,3,5,0.6,0.523888354186718,0.5834694403851113,0.6455696202531646,23.17241379310345,1.0,0,0,0,0,0,0.0,18,14,0.5625,N,5,WE,2413,2407,6,74.0,210
williri01w,1,IND,0,G,0,1,0,32,29,1014,352,95,101,76,3,69,69,11.0,2.96875,3.15625,2.375,0.09375,31.6875,2.15625,112,274,0.40875912408759124,79,108,0.7314814814814815,49,131,0.37404580152671757,0.3851282051282051,0.5473998507091317,1.463768115942029,11.46875,0.90625,0,0,0,0,0,0.0,9,23,0.28125,N,7,EA,2213,2290,-77,66.0,135
willish01w,4,LAS,0,G,0,1,0,25,3,229,49,32,19,6,0,7,25,1.96,1.28,0.76,0.24,0.0,9.16,0.28,19,53,0.3584905660377358,10,14,0.7142857142857143,1,16,0.0625,0.28890829694323145,0.41413116970926306,2.7142857142857144,2.44,0.12,1,4,0,0,0,0.0,24,10,0.7058823529411765,Y,1,WE,2499,2432,67,66.0,135
willita01w,1,POR,0,G,0,1,0,26,0,174,80,17,13,8,2,10,26,3.076923076923077,0.6538461538461539,0.5,0.3076923076923077,0.07692307692307693,6.6923076923076925,0.38461538461538464,31,69,0.4492753623188406,4,8,0.5,14,41,0.34146341463414637,0.4742528735632184,0.5515719801434087,1.3,2.6153846153846154,0.0,0,0,0,0,0,0.0,10,22,0.3125,N,7,WE,2155,2303,-148,71.0,170
willito01w,5,SAS,0,G,0,1,0,26,4,417,55,39,43,35,5,31,36,2.1153846153846154,1.5,1.6538461538461537,1.3461538461538463,0.19230769230769232,16.03846153846154,1.1923076923076923,16,46,0.34782608695652173,22,29,0.7586206896551724,1,2,0.5,0.21525179856115106,0.4680054458815521,1.3870967741935485,4.1923076923076925,0.15384615384615385,0,0,0,0,0,0.0,9,25,0.2647058823529412,N,7,WE,2191,2364,-173,68.0,138
williwe01w,2,LAS,0,G,0,1,0,13,0,47,17,5,3,1,0,2,0,1.3076923076923077,0.38461538461538464,0.23076923076923078,0.07692307692307693,0.0,3.6153846153846154,0.15384615384615385,6,20,0.3,3,4,0.75,2,13,0.15384615384615385,0.505531914893617,0.39062499999999994,1.5,0.6923076923076923,0.0,1,4,0,1,1,0.0,28,4,0.875,Y,1,WE,2441,2166,275,67.0,141
wilsoam01w,1,PHO,0,F,0,1,0,3,0,9,2,1,1,0,0,0,2,0.6666666666666666,0.3333333333333333,0.3333333333333333,0.0,0.0,3.0,0.0,0,1,0.0,2,4,0.5,0,0,0.0,0.30666666666666664,0.3623188405797102,1.0,0.3333333333333333,0.0,0,0,0,0,0,0.0,20,12,0.625,Y,4,WE,2243,2102,141,71.0,176
wirthch01w,10,IND,0,F,0,1,0,21,0,120,22,15,13,3,1,3,12,1.0476190476190477,0.7142857142857143,0.6190476190476191,0.14285714285714285,0.047619047619047616,5.714285714285714,0.14285714285714285,8,29,0.27586206896551724,1,1,1.0,5,14,0.35714285714285715,0.2703333333333333,0.37364130434782605,4.333333333333333,1.4285714285714286,0.0,1,5,6,3,2,1.2,22,12,0.6470588235294118,Y,1,EA,2606,2501,105,73.0,185
wisdoli01w,10,LAS,0,F,0,1,0,29,0,197,69,41,8,3,8,15,12,2.3793103448275863,1.4137931034482758,0.27586206896551724,0.10344827586206896,0.27586206896551724,6.793103448275862,0.5172413793103449,28,61,0.45901639344262296,12,19,0.631578947368421,1,1,1.0,0.4282233502538071,0.49740484429065746,0.5333333333333333,2.5517241379310347,0.0,1,2,0,1,1,0.0,18,16,0.5294117647058824,Y,3,WE,2533,2498,35,74.0,186
witheso01w,1,POR,0,G,0,1,0,32,32,1061,538,105,68,38,8,88,72,16.8125,3.28125,2.125,1.1875,0.25,33.15625,2.75,175,456,0.38377192982456143,128,147,0.8707482993197279,60,163,0.36809815950920244,0.5736852026390199,0.5166320964892064,0.7727272727272727,11.53125,1.0,0,0,0,0,0,0.0,10,22,0.3125,N,7,WE,2155,2303,-148,70.0,145
wolteka01w,1,IND,0,C,0,1,0,31,30,793,370,164,39,12,49,73,99,11.935483870967742,5.290322580645161,1.2580645161290323,0.3870967741935484,1.5806451612903225,25.580645161290324,2.3548387096774195,148,264,0.5606060606060606,74,100,0.74,0,0,0.0,0.48045397225725095,0.6006493506493507,0.5342465753424658,13.516129032258064,0.967741935483871,0,0,0,0,0,0.0,9,23,0.28125,N,7,EA,2213,2290,-77,79.0,227
wolvean01w,2,CLE,0,F-C,0,1,0,1,0,5,2,1,0,0,0,0,1,2.0,1.0,0.0,0.0,0.0,5.0,0.0,1,3,0.3333333333333333,0,0,0.0,0,0,0.0,0.6,0.3333333333333333,0.0,1.0,0.0,0,0,0,0,0,0.0,22,10,0.6875,Y,1,EA,2004,1788,216,75.0,205
wrighsh01w,5,PHO,0,F,0,1,0,24,0,243,57,27,8,3,1,15,19,2.375,1.125,0.3333333333333333,0.125,0.041666666666666664,10.125,0.625,13,42,0.30952380952380953,25,32,0.78125,6,13,0.46153846153846156,0.2925102880658436,0.5082025677603423,0.5333333333333333,1.875,0.0,0,0,0,0,0,0.0,17,17,0.5,N,5,WE,2300,2235,65,70.0,155
wrighta01w,6,SEA,0,G,0,1,0,34,8,528,122,57,53,18,3,40,60,3.588235294117647,1.6764705882352942,1.5588235294117647,0.5294117647058824,0.08823529411764706,15.529411764705882,1.1764705882352942,49,106,0.46226415094339623,24,36,0.6666666666666666,0,1,0.0,0.3065151515151515,0.5006565988181221,1.325,4.235294117647059,0.23529411764705882,1,3,9,5,7,3.0,20,14,0.5882352941176471,Y,2,WE,2498,2407,91,71.0,165
wyckobr01w,2,ORL,0,F,0,1,0,32,27,648,108,122,37,26,15,50,91,3.375,3.8125,1.15625,0.8125,0.46875,20.25,1.5625,41,125,0.328,20,28,0.7142857142857143,6,37,0.16216216216216217,0.28907407407407404,0.39324206233614917,0.74,5.1875,0.84375,0,0,0,0,0,0.0,13,19,0.40625,N,5,EA,2140,2205,-65,73.0,183
wynneda01w,2,SAC,0,F,0,1,0,1,0,3,2,1,0,0,1,0,2,2.0,1.0,0.0,0.0,1.0,3.0,0.0,0,0,0.0,2,2,1.0,0,0,0.0,0.29333333333333333,1.1363636363636365,0.0,4.0,0.0,1,2,2,0,0,1.0,20,12,0.625,Y,2,WE,2294,2139,155,74.0,175
yamasli01w,3,MIA,0,G,0,1,0,15,0,147,52,15,9,4,1,10,20,3.466666666666667,1.0,0.6,0.26666666666666666,0.06666666666666667,9.8,0.6666666666666666,19,43,0.4418604651162791,5,10,0.5,9,17,0.5294117647058824,0.3904761904761905,0.5485232067510548,0.9,2.8,0.0,0,0,0,0,0,0.0,15,17,0.46875,N,6,EA,2046,2088,-42,73.0,190
yilmane01w,4,PHO,0,F-C,0,1,0,5,1,34,14,3,2,0,0,4,7,2.8,0.6,0.4,0.0,0.0,6.8,0.8,7,15,0.4666666666666667,0,2,0.0,0,0,0.0,0.5847058823529413,0.44080604534005036,0.5,1.0,0.2,0,0,0,0,0,0.0,8,26,0.23529411764705882,N,7,WE,2097,2270,-173,76.0,193
youngca01w,2,POR,0,G,0,1,0,23,1,279,111,34,15,14,1,27,27,4.826086956521739,1.4782608695652173,0.6521739130434783,0.6086956521739131,0.043478260869565216,12.130434782608695,1.173913043478261,37,99,0.37373737373737376,27,37,0.7297297297297297,10,34,0.29411764705882354,0.5099641577060932,0.4814365024288688,0.5555555555555556,3.3043478260869565,0.043478260869565216,0,0,0,0,0,0.0,11,21,0.34375,N,7,WE,2088,2202,-114,69.0,175
youngso01w,7,SAS,0,F,0,1,0,34,34,1057,408,257,50,57,13,45,70,12.0,7.5588235294117645,1.4705882352941178,1.6764705882352942,0.38235294117647056,31.08823529411765,1.3235294117647058,154,370,0.41621621621621624,100,137,0.7299270072992701,0,4,0.0,0.4496499526963103,0.47410988193734316,1.1111111111111112,14.323529411764707,1.0,0,0,0,0,0,0.0,13,21,0.38235294117647056,N,6,WE,2523,2603,-80,73.0,165
youngta01w,9,ATL,0,F,0,1,0,33,15,745,240,139,41,30,10,59,97,7.2727272727272725,4.212121212121212,1.2424242424242424,0.9090909090909091,0.30303030303030304,22.575757575757574,1.7878787878787878,80,240,0.3333333333333333,67,97,0.6907216494845361,13,40,0.325,0.4586308724832215,0.42450827791141926,0.6949152542372882,6.393939393939394,0.45454545454545453,0,0,0,0,0,0.0,4,30,0.11764705882352941,N,7,EA,2534,2879,-345,74.0,166
zakalok01w,1,DET,0,C,0,1,0,23,0,258,89,46,2,5,13,19,45,3.869565217391304,2.0,0.08695652173913043,0.21739130434782608,0.5652173913043478,11.217391304347826,0.8260869565217391,38,73,0.5205479452054794,10,11,0.9090909090909091,3,7,0.42857142857142855,0.37534883720930234,0.5716855087358684,0.10526315789473684,4.3478260869565215,0.0,0,0,0,0,0,0.0,14,18,0.4375,N,5,EA,2331,2426,-95,78.0,174
zarafr01w,6,SEA,0,G,0,1,0,34,4,413,90,39,51,16,1,41,29,2.6470588235294117,1.1470588235294117,1.5,0.47058823529411764,0.029411764705882353,12.147058823529411,1.2058823529411764,34,85,0.4,17,21,0.8095238095238095,5,22,0.22727272727272727,0.32745762711864407,0.4775042444821732,1.2439024390243902,2.9705882352941178,0.11764705882352941,1,3,11,0,2,3.6666666666666665,20,14,0.5882352941176471,Y,2,WE,2498,2407,91,70.0,146
zellosh01w,10,DET,0,G,0,1,0,34,4,802,406,106,62,27,17,77,111,11.941176470588236,3.1176470588235294,1.8235294117647058,0.7941176470588235,0.5,23.58823529411765,2.264705882352941,118,297,0.39730639730639733,155,181,0.856353591160221,15,49,0.30612244897959184,0.5656359102244389,0.5389762107051826,0.8051948051948052,9.882352941176471,0.11764705882352941,1,5,78,25,14,15.6,18,16,0.5294117647058824,Y,3,EA,2652,2644,8,70.0,155
zirkozu01w,4,WAS,0,G,0,1,0,6,0,30,11,2,1,0,0,2,3,1.8333333333333333,0.3333333333333333,0.16666666666666666,0.0,0.0,5.0,0.3333333333333333,2,4,0.5,6,6,1.0,1,2,0.5,0.28800000000000003,0.8283132530120482,0.5,1.6666666666666667,0.0,0,0,0,0,0,0.0,9,25,0.2647058823529412,N,7,EA,2330,2498,-168,69.0,145
zollsh01w,9,MIN,0,G,0,1,0,6,0,30,10,3,3,1,0,3,2,1.6666666666666667,0.5,0.5,0.16666666666666666,0.0,5.0,0.5,2,8,0.25,5,6,0.8333333333333334,1,3,0.3333333333333333,0.45466666666666666,0.4699248120300752,1.0,1.1666666666666667,0.0,0,0,0,0,0,0.0,16,18,0.47058823529411764,N,7,WE,2767,2721,46,67.0,148
